_id,name,description,image,__v,type
64292927021f17e13fbc1e46,"""Hyper"" Rod","In his specially-modified Seven Deuce Blaster, riot racer ""Hyper"" Rod is a reprogrammed protocol droid who now focuses on the uncivilized task of eliminating his opponents at the Safa Toma Speedway.",https://lumiere-a.akamaihd.net/v1/images/hyper-rod-main_a834e5e3.jpeg,0,characters
64292927021f17e13fbc20c1,Onaconda Farr,"The Senator from Rodia, Onaconda Farr had long been a friend and ally to Padmé Amidala. Farr disappointed many when he briefly allied his world to the Separatist cause, but he saw the error of his ways and returned to the Republic fold with Amidala's help. Nonetheless, the damage was done, and some in the Senate were not willing to forgive and forget.",https://lumiere-a.akamaihd.net/v1/images/onaconda_farr_5f82db19.jpeg,0,characters
64292927021f17e13fbc20c2,Onca,"Together with his brother Bulduga, Onca was part of a legendary bounty hunting team. While Bulduga fancied himself a fast-drawing gunslinger, Onca was slower, unable to overcome the bulk of his Ithorian build to snap off shots as quickly as his brother could. Instead, Onca favored firepower over flash or finesse. He often carried more than one blaster rifle at a time, including a sawed-off one.",https://lumiere-a.akamaihd.net/v1/images/acw_ia_94341_c17cd44b.jpeg,0,characters
64292927021f17e13fbc20c3,Oniho Zaya,"Oniho Zaya lives in the fathier stables of the Canto Casino, doing chores and trying to avoid Bargwill Tomder’s wrath. An imaginative boy, Oniho has a knack for storytelling, and entertains the other children with heroic tales set long ago and far away.",https://lumiere-a.akamaihd.net/v1/images/tlj-db-oniho-zaya-main-image_e8b0480f.jpeg,0,characters
64292927021f17e13fbc20c4,Oola,"A green-skinned Twi'lek, Oola was one of Jabba's slaves, forced to dance for the Hutt's pleasure. When Oola resisted Jabba's orders one time too many, the cruel Hutt dropped her into the rancor's cave beneath his throne room -- a one-way trip taken by many who no longer pleased the crimelord.",https://lumiere-a.akamaihd.net/v1/images/oola-main-image_5c15a693.jpeg,0,characters
64292927021f17e13fbc20c5,Oora,"When the Inquisitors were tasked with hunting down all Force-sensitive children, they made their way to Oora’s home -- the Ithorian’s baby, Pypey, was connected with the mystical energy field. Thanks to some quick thinking, Oora sent Pypey away with a family droid, and the Ghost crew later saved the child from the Empire.",https://lumiere-a.akamaihd.net/v1/images/oora_c7e43f47.jpeg,0,characters
64292927021f17e13fbc20c6,Opeepit,"The Colossus platform is home to many hardworking alien species, including a seemingly lone figure who can be found walking through the corridors with a trusty machine to keep the floors spotless.",https://lumiere-a.akamaihd.net/v1/images/resistance-db-opeepit-main-image_a622c1b9.jpeg,0,characters
64292927021f17e13fbc20c7,Oplock,"With a jubilant greeting in his native tongue, Oplock can be off-putting to those who don't speak Cracek, the language of the Esral'sa'Niktos, a Nikto subspecies more commonly referred to as the mountain Nikto. But Oplock is a trusted mechanic and loyal friend to Marcus Speedstar, perhaps one of the only friends or family members to stand by him despite past infractions that have cost others their lives. When Speedstar's past catches up to them on the Colossus, it's Oplock who must pay for the racer's misdeeds when he's taken hostage by the Guavian Death Gang until his boss has made good on his debt.",https://lumiere-a.akamaihd.net/v1/images/resistance-db-oplock-main-image_12c80f6a.jpeg,0,characters
64292927021f17e13fbc20c8,Oppo Rancisis,"A snakelike Thisspiasian, Oppo Rancisis's long life seeking to keep peace in the galaxy culminated in his appointment to the Jedi Council in the years before the Battle of Naboo.",https://lumiere-a.akamaihd.net/v1/images/oppo-rancisis-edited_c22ddc63.jpeg,0,characters
64292927021f17e13fbc20c9,Orka,"Orka and his partner Flix run the Office of Acquisitions on the Colossus. Orka is a smooth-talking and business-savvy Chadra-Fan shopkeeper who has a reputation for convincing bargain hunters to spend their credits for only the best. But he takes a liking to Kaz, and is willing to barter with the young pilot for some juicy grub.",https://lumiere-a.akamaihd.net/v1/images/resistance-db-orka-main_e07f2730.jpeg,0,characters
64292927021f17e13fbc20ca,Orla Jareni,"Orla Jareni is a Wayseeker Jedi. Where the Force leads her, Orla follows—she is not tethered to one location. Her caustic wit, sharp judgments, and general lack of tact often rub people the wrong way, and her independence has led her to operate independently of the dictates of the Jedi Council. Her appearance is as strikingly individual as her choices, with the stark pale skin and high cheekbones common to Umbarans. In addition, Orla wields a hinged, double-bladed lightsaber.",https://lumiere-a.akamaihd.net/v1/images/orla-jareni-main_8579287d.jpeg,0,characters
64292927021f17e13fbc20cb,Orn Free Taa,"A corpulent, corrupt Twi'lek Senator from Ryloth, Orn Free Taa was disliked on his homeworld for enriching himself on Coruscant and enmeshing himself in politics, becoming a leading power broker in the Senate. Free Taa was one of the Republic's leading Loyalists and a strong backer of the military, but his indulgences made him a symbol of everything the Separatists considered rotten about the Republic. At the dawn of the Empire, Free Taa continues to put his own ambitions ahead of the good of his people, but the Imperial elite are more interested in making him an example than an ally.",https://lumiere-a.akamaihd.net/v1/images/the-bad-batch-devil-s-deal-story-gallery-02_81b035fb.jpeg,0,characters
64292927021f17e13fbc20cc,Orphne,"Dwelling deep beneath the surface of Aleen is a strange being known as Orphne. Of reptilian descent with a quick tongue and a clever wit, Orphne knows of the delicate balance that must be maintained between the surface and subsurface worlds. The nymph was witness to the upsetting of this balance when a passage between both worlds was inadvertently breached, which resulted in tumultuous ground quakes shaking the planet.",https://lumiere-a.akamaihd.net/v1/images/screen_shot_2015-05-26_at_5_5b990416.png,0,characters
64292927021f17e13fbc20c0,Omera,"On the peaceful planet of Sorgan, the widow Omera makes a life for herself and her daughter, Winta, in a small village of krill farmers. With a keen eye for shooting and quick survival reflexes, Omera is poised, capable of defending herself, her family, and their home.",https://lumiere-a.akamaihd.net/v1/images/omera-main_5caeaea8.jpeg,0,characters
64292927021f17e13fbc20cd,Oruba the Hutt,"A ruling member of the Grand Hutt Council, Oruba was an ancient Hutt, taken to affectations like his rakish chapeau and expensive wrap. Oruba's pale skin -- a genetic defect that left him bereft of pigment -- was prone to cracking, meaning the gangster often pampered himself to keep from unsightly chafing. Oruba would regularly convene with his fellow Hutt councilors in the halls of the Great Hutt Council on Nal Hutta.",https://lumiere-a.akamaihd.net/v1/images/databank_orubathehutt_01_169_0d440129.jpeg,0,characters
64292927021f17e13fbc20cf,Otua Blank,"A disgustingly indulgent Belugan alien, Lord Otua Blank ruled the small planet of Quarzite with an iron fist. He marshaled an elite military force that protected his domain, but that weren't skilled enough to deal with the most elite of his enemies, the Kage warriors. Blank hired Boba Fett's crew of bounty hunters to protect a precious cargo delivery to his subterranean lair from the Kage marauders that prowled the underground.",https://lumiere-a.akamaihd.net/v1/images/otua_blank_c97ef986.jpeg,0,characters
64292927021f17e13fbc20d0,Owen Lars,"Owen Lars continued his father Cliegg’s efforts to build his homestead into a productive farm, working alongside his wife, Beru. Helping with the dreary chores required to keep the farm profitable, Owen relies on his nephew, Luke Skywalker, whom the couple raised since birth. Like most moisture farmers on Tatooine, Lars is fiercely protective of his land and his family. When there is an intrusion on the tranquility of the Lars Homestead, Owen defends his home.",https://lumiere-a.akamaihd.net/v1/images/owen-lars-main_08c717c8.jpeg,0,characters
64292927021f17e13fbc20d1,Pablo,"On a lawless world like Nal Hutta, every corner store might be the source of lethal munitions and untraceable weaponry. Pablo's pawnshop proudly boasted all sorts of deadly gear. Based out of the Bilbousa Bazaar, Pablo kept a well-stocked shop reputed to have everything a bounty hunter might need. The shifty Rodian spoke in a sycophantic whisper, always careful not to upset his potentially murderous clientele. His connection to the Hutts and his ability to keep his store well-stocked is what kept the slimy trader alive and intact. If threatened, the spineless Rodian always backed down, much to the consternation of his Twi'lek partner, who worried for his safety.",https://lumiere-a.akamaihd.net/v1/images/pablo_83f15a96.jpeg,0,characters
64292927021f17e13fbc20d2,Padmé Amidala,"Padmé Amidala was a courageous, hopeful leader, serving as Queen and then Senator of Naboo -- and was also handy with a blaster. Despite her ideals and all she did for the cause of peace, her secret, forbidden marriage to Jedi Anakin Skywalker would prove to have dire consequences for the galaxy.",https://lumiere-a.akamaihd.net/v1/images/Padme-Amidala_05d50c8a.jpeg,0,characters
64292927021f17e13fbc20d3,Paige Tico,"A talented pilot and gunner, Paige Tico operates the ventral guns on the Resistance bomber Cobalt Hammer. She fled the Otomok system and joined the Resistance with her younger sister Rose. Paige loves animals, particularly fathiers, and dreams of seeing one during some quiet period when the galaxy is at peace.",https://lumiere-a.akamaihd.net/v1/images/paige-tico-tlj_df2960c8.jpeg,0,characters
64292927021f17e13fbc20d4,Pammich Nerro Goode,"A young Resistance fighter, Pammich Nerro Goode serves as lead dispatcher for D’Qar’s starfighters during the attack on Starkiller Base. After the Resistance flees its base, Goode is pressed into duty as a transport pilot.",https://lumiere-a.akamaihd.net/v1/images/tlj-db-pammich-nerro-goode-main-image_fef55c87.jpeg,0,characters
64292927021f17e13fbc20d5,Pao,"An amphibious Drabata, the fierce commando Pao charges into battle with the Empire while shouting a full-throated battle cry of “Sa´kalla!” as is his custom. He joins the Rogue One team on its historic mission to secure the Death Star plans.",https://lumiere-a.akamaihd.net/v1/images/pao-main_1588acf7.jpeg,0,characters
64292927021f17e13fbc20d6,Paploo,"A skilled Ewok scout, Paploo joined his friends Wicket and Teebo to lead Han Solo’s team of rebel commandos to the site of the shield generator protecting the Death Star in orbit. As a diversion, Paploo stole an Imperial speeder bike, racing off into the forest with most of the bunker’s guards in frantic pursuit. That allowed Han’s team to attack the facility.",https://lumiere-a.akamaihd.net/v1/images/paploo_f063504f.jpeg,0,characters
64292927021f17e13fbc20d7,Passel Argente,"The leader of a collection of powerful galactic companies, Passel Argente was one of the chief backers of Count Dooku's Separatist movement, supplying funds, battle droids and warships for Dooku's cause.",https://lumiere-a.akamaihd.net/v1/images/passel-argente-main-image_f5e71c22.jpeg,0,characters
64292927021f17e13fbc20d8,Paz Vizsla,"Paz Vizsla is a brawny warrior encased in the strongest beskar armor. A descendant of the esteemed House Vizsla, he comes from a long line of leaders spanning the centuries.",https://lumiere-a.akamaihd.net/v1/images/paz-vizla-main_4d1071bc.jpeg,0,characters
64292927021f17e13fbc20d9,Pegla,"As the de facto head of security at Zorby's Western Shiplot on Ferrix, the scruffy and surly Pegla protects docked ships with a team of trained Corellian junkyard hounds. Together, they keep unwanted trespassers out, though Pegla himself occasionally looks the other way when Cassian Andor sneaks into the lot.",https://lumiere-a.akamaihd.net/v1/images/pelga-main_1a3e04d8.jpeg,0,characters
64292927021f17e13fbc20da,Peli Motto,"The scrappy proprietor of Hangar 3-5 in the Mos Eisley Spaceport, Peli Motto makes a living refueling and repairing battered ships. With the help of a team of hyperactive pit droids and other mechanical assistants, she can make quick work of the worst carbon scoring, but she's willing to tackle the job herself for an additional fee.",https://lumiere-a.akamaihd.net/v1/images/peli-motto-main_1298ab9e.jpeg,0,characters
64292927021f17e13fbc20ce,Osi Sobeck,"Fiery-tempered and cruel, Osi Sobeck was born to be the warden of so hope-draining an installation as the Citadel, an infamous prison designed to hold rogue Jedi. Commanded by the Separatists, Sobeck did what he could to please his new master, Count Dooku.",https://lumiere-a.akamaihd.net/v1/images/databank_osisobeck_01_169_074cb20b.jpeg,0,characters
64292927021f17e13fbc20db,Peli Motto's pit droids,"Cheap and expendable, pit droids are hyperactive repair units that spring into action when needed. Peli Motto keep a trio of eccentric pit droids busy in her hangar. When not needed, the droids can fold up into a compact package.",https://lumiere-a.akamaihd.net/v1/images/peli-motto-s-pit-droids_0135e573.jpeg,0,characters
64292927021f17e13fbc20bf,Omega,"Young Omega travels the galaxy with her brothers, Clone Force 99, as a formidable member of the team who has learned to use her trusty energy bow with great skill. Before the Empire came to power, Omega served as a medical assistant to Nala Se on the clone's homeworld of Kamino. After spending her life working in Tipoca City, the product of the Kaminoans cloning experimentation, Omega now puts her curious mind and intelligence to use for good in a rapidly changing galaxy.",https://lumiere-a.akamaihd.net/v1/images/omega-s2-a-main_0216f1de.jpeg,0,characters
64292927021f17e13fbc20bd,Oleg,"Nazhros Oleg was a caustic cadet at Lothal’s Imperial Academy who never missed a chance to undermine his comrades, seizing every advantage in assessment tests and behaving selfishly on training missions. After Jai Kell stunned Oleg while escaping the academy with an undercover Ezra Bridger, Oleg suspected Zare Leonis had played a role in their escape. Oleg tried to push Zare into revealing his secret while relishing training missions that let him bully and interrogate Lothal citizens. One mission revealed an operation transporting black-market goods on Lothal, but the cadet didn’t know his uncles were involved in this illegal trade. This revelation led to Oleg’s dismissal from the academy.",https://lumiere-a.akamaihd.net/v1/images/image_64afa8dc.jpeg,0,characters
64292927021f17e13fbc20a3,Nari,"A young Jedi at the time of Order 66, Nari is now a fugitive during the dark days of Imperial rule. He must keep his Jedi abilities a secret, to avoid the attention of the dangerous Inquisitors.",https://lumiere-a.akamaihd.net/v1/images/nari-main_a1eb51a0.jpeg,0,characters
64292927021f17e13fbc20a4,NED-B,"A towering loader droid, NED-B isn't programmed with the functionality to speak. Nevertheless, he finds other ways to express himself, and proves himself to be a loyal companion to those he deems worthy.",https://lumiere-a.akamaihd.net/v1/images/ned-b-main_8c02c882.jpeg,0,characters
64292927021f17e13fbc20a5,Neeku Vozo,"Bright and optimistic, Neeku is a trustworthy and kind-hearted member of the Colossus community. He speaks honestly and takes everyone quite literally, sometimes making what he has to say unintentionally hilarious. But despite his quirks, Neeku's logical way of thinking makes him one of the best mechanics on the platform.",https://lumiere-a.akamaihd.net/v1/images/resistance-db-neeku-main-image_36022e19.jpeg,0,characters
64292927021f17e13fbc20a6,Neepers Panpick,"A private investigator based in Canto Bight’s Old City, Neepers Panpick knows more than anyone about what the resort city’s power brokers are up to – and what they want to keep secret. While not a member of Canto Bight’s elite, Panpick dresses well to keep from attracting notice when his job forces him to rub elbows with the super-rich.",https://lumiere-a.akamaihd.net/v1/images/last-jedi-databank-neepers-panpick-main-image_273190de.jpeg,0,characters
64292927021f17e13fbc20a7,Neeva,"Neeva, born on a tranquil outer-rim world, displaced from her home planet by The Empire, and ended up on Nar Shaddaa. When she decides to clean up a little patch of land on her new home planet, she catches the wrong attention of the local crime boss, Boggs Triff.",https://lumiere-a.akamaihd.net/v1/images/neeva-main_c03ef648.jpeg,0,characters
64292927021f17e13fbc20a8,Nena,"Known as Nena to her friends, Nenavakasa Nalor is a survivor. Captured by pirates as a young girl, Nena was sold to the Hutts and worked as a slave for years before bravely making her escape. Now she prefers to work alone and has trouble trusting anyone, but finds a friend and willing listener in her fellow Nikto engineer, Neeku, after she's brought onboard the Colossus. Nena is a cunning engineer, but in other ways she isn't quite what she seems.",https://lumiere-a.akamaihd.net/v1/images/zro-ff-003183_8724884b.jpeg,0,characters
64292927021f17e13fbc20a9,Nhego Roolan,"It has recently come to light that Nhego Roolan's mysterious past intersected with that of Kada Jahr, and more interestingly, with that of her father Arann. While Arann's death remains a puzzle, some signs point to Nhego and Arran's past partnership in a large smuggling operation. Nhego is a dark and brooding individual, and often hard to track down. His interests lie mostly in personal acquisition of power and credits, but is sometimes found provoking small forces of the Rebel Alliance or the Empire into battle, or attempting to manipulate Kada into joining him.",https://lumiere-a.akamaihd.net/v1/images/nhego_background_cc63d235.png,0,characters
64292927021f17e13fbc20aa,Nien Nunb,"A native of Sullust, Nien Nunb was a smuggler who fought for both the Rebel Alliance and the Resistance during his long career. An expert pilot, he served as Lando Calrissian’s co-pilot aboard the Millennium Falcon during the Battle of Endor, flew an X-wing in the raid on Starkiller Base and survived the First Order’s assault on Crait. He was then killed fighting for freedom at Exegol.",https://lumiere-a.akamaihd.net/v1/images/nien-nunb-main_1dbef681.jpeg,0,characters
64292927021f17e13fbc20ab,Nils Tenant,"Nils Tenant was a human male who served the Galactic Republic during the Clone Wars, eventually raising to the rank of Rear Admiral in the Navy. His friendship with Wilhuff Tarkin led to his advancement to Admiral in the Imperial Navy after Palpatine declared himself Emperor. Sometime after that, he was chosen as one of the Joint Chiefs of the Imperial Military that served the Empire.",https://lumiere-a.akamaihd.net/v1/images/nils-tenant_5a249bfe.jpeg,0,characters
64292927021f17e13fbc20ac,Ninth Sister,"A hulking Dowutin who was trained by the
Jedi, the Ninth Sister is an imposing and
dangerous Inquisitor. Her mastery of the
Force is further enhanced by an extraordinary
empathic ability to read minds. While less
agile than other Inquisitors, during combat
she utilizes her massive size, brute strength,
and Jedi training to gain any advantage over
her opponents.",https://lumiere-a.akamaihd.net/v1/images/ninth_sister_-_bd_villainsscreenshots_ninth_sister_v04_ea712366.jpeg,0,characters
64292927021f17e13fbc20ad,Nix Card,"Nix Card was a Muun who served as the Galactic Senate’s representative from the Banking Clan during the Clone Wars. At one point, he worked closely with Count Dooku to manipulate the senate into deregulating the banks by any means necessary, including bombing plots.",https://lumiere-a.akamaihd.net/v1/images/nix-card_7d31dea4.jpeg,0,characters
64292927021f17e13fbc20ae,Nix Jerd,"The bombardier aboard Resistance bomber Cobalt Hammer, Nix Jerd hails from the Mid Rim world of Lantillies. His bomber flies into the teeth of the First Order’s defenses above D’Qar, targeting a massive Siege Dreadnought. As explosions rattle Cobalt Hammer, Nix keeps a firm grip on the remote trigger that will release the bomber’s payload.",https://lumiere-a.akamaihd.net/v1/images/ep8-018959_bg_40a476d8.jpeg,0,characters
64292927021f17e13fbc20be,Oma Tres,"As a bartender in Kijimi City’s infamous Spice Runners’ Den, Oma Tres has heard his share of discord – and on occupied Kijimi, the drums of war are part of the soundtrack of life. Tres can only hope the present strife will reach its crescendo and be followed by an era of harmony.",https://lumiere-a.akamaihd.net/v1/images/omas-tres-main_69fe6af3.jpeg,0,characters
64292927021f17e13fbc20af,Nooa,"A young Urodel, spunky, and unafraid to ask the tough questions. She has a sense of curiosity about the galaxy around her. After being identified as Force sensitive, she was brought into the Jedi Order and eventually rose to the rank of Padawan.",https://lumiere-a.akamaihd.net/v1/images/nooa-main_91e10d59.jpeg,0,characters
64292927021f17e13fbc20b1,Nossor Ri,"The chieftain of the Quarren people on Mon Cala, Nossor Ri was a friend to Mon Calamari King Yos Kolina, despite their clashing viewpoints. He was saddened by the shocking murder of the king, but could not support the rise of Prince Lee-Char, heir to the throne. Nossor believed Lee-Char was too young and inexperienced to lead the planet. Goaded by a Separatist ""adviser,"" Riff Tamson, Nossor Ri called for new leadership, and a chance for a Quarren to hold the throne. The Quarren chieftain would come to regret siding with Tamson and the Separatists.",https://lumiere-a.akamaihd.net/v1/images/databank_nossorri_01_169_5bad1ecb.jpeg,0,characters
64292927021f17e13fbc20b2,Numa,"A Twi'lek child who lived on the planet Ryloth during the Clone Wars, Numa escaped being captured by the Separatist droid army by hiding in tunnels beneath the town of Nabat.     Two clone troopers from Ghost Company -- Boil and Waxer -- discovered Numa while on a recon mission. She showed them the tunnels, which Obi-Wan Kenobi then used to free the Twi'lek prisoners and defeat the town's Separatist occupiers.",https://lumiere-a.akamaihd.net/v1/images/numa_b9d6a4c0.jpeg,0,characters
64292927021f17e13fbc20b3,Nute Gunray,"Neimoidians are known for their business skills, but Nute Gunray, Viceroy of the Trade Federation, was more cutthroat than most. It was Gunray who conspired with the Sith Lord Darth Sidious to launch the blockade and subsequent invasion of Naboo. Once the planet was under siege, Gunray attempted to force Queen Amidala to sign a treaty that would legitimize the occupation. Amidala escaped, and returned to infiltrate her own palace and blast through Gunray's protectors. Arrested by Republic officials, Gunray was carted off to answer for his crimes, but evaded imprisonment and kept his post.",https://lumiere-a.akamaihd.net/v1/images/databank_nutegunray_01_169_9d66ded2.jpeg,0,characters
64292927021f17e13fbc20b4,O-Mer,"A Cerean youngling who became a fugitive on the Trandoshan hunters' moon of Wasskah, O-Mer resigned himself to life on the run -- until Ahsoka Tano rallied him and his fellow Jedi to fight back against the cruel hunters.    Using his Jedi skills for something other than hiding and fleeing, O-Mer proved instrumental in the attack on the Trandoshan base, and won his way back to freedom.",https://lumiere-a.akamaihd.net/v1/images/databank_omer_01_169_527bc25d.jpeg,0,characters
64292927021f17e13fbc20b5,Obi-Wan Kenobi,"A legendary Jedi Master, Obi-Wan Kenobi was a noble man and gifted in the ways of the Force. He trained Anakin Skywalker, served as a general in the Republic Army during the Clone Wars, and guided Luke Skywalker as a mentor.",https://lumiere-a.akamaihd.net/v1/images/obi-wan-kenobi-main_3286c63c.jpeg,0,characters
64292927021f17e13fbc20b6,Ochi of Bestoon,"During his infamous career, Ochi of Bestoon was a hunter of Sith relics, a ruthless assassin, and a devotee of the dark side of the Force. After the fall of the Empire, Luke Skywalker sought Ochi with the help of Lando Calrissian, only to have the trail go cold on Pasaana. Years later, Rey would find Ochi’s remains – and discover the relic hunter’s story was the key to unlocking the mystery of her own origins.",https://lumiere-a.akamaihd.net/v1/images/ochi-of-bestoon-main_ad651ffa.jpeg,0,characters
64292927021f17e13fbc20b7,Ody Mandrell,"A Tatooine native, Ody Mandrell was a foolhardy thrill-seeker who entered the fateful Boonta Eve Classic that saw the liberation of Anakin Skywalker. During a pit stop in the heat of the race, Mandrell suffered career-shattering misfortune. One of his record-setting pit droids was sucked into his massive engine intakes, crippling his Podracer.",https://lumiere-a.akamaihd.net/v1/images/databank_odymandrell_01_169_39b1886d.jpeg,0,characters
64292927021f17e13fbc20b8,Officer Sharest,"Lead Transport Security Officer Falthina Sharest works at Coronet Spaceport, where she has seen her workday expand without a corresponding increase in pay. Sharest makes up the difference by seizing contraband from foolish or unlucky travelers for surreptitious resale. When offered a vial of valuable coaxium, Sharest sees the chance for a big payday.",https://lumiere-a.akamaihd.net/v1/images/solo-db-emigration-officer-main-image_d94c9e4b.jpeg,0,characters
64292927021f17e13fbc20b9,Oga Garra,"The elusive local crime boss of Black Spire Outpost on Batuu, few have seen Oga in the flesh and have lived to tell the tale. She has earned an infamous, almost mythical reputation among smugglers, criminals, and prominent figures of the underworld. Even the mere mention of her name sets the locals on edge. Many local Batuuans wonder whether she’ll finally make an appearance now that the First Order has arrived on Black Spire Outpost, but she remains hidden, preferring to run her cantina and the outpost in the shadows.",https://lumiere-a.akamaihd.net/v1/images/oga-garra-main_b003a39a.jpeg,0,characters
64292927021f17e13fbc20ba,Okalin,"Okalin, advisor to the throne of Onderon, carefully monitored the unrest on the divided planet. With a network of contacts spread throughout the walled city of Iziz, Okalin was able to stay abreast of the shifting tides of fears and sympathy that gripped the Onderonian citizens during the Clone Wars. Okalin warned King Sanjay Rash of terrorist strikes that threatened his life, but the even-tempered advisor was careful not to provoke the ire of the king or his war leaders.",https://lumiere-a.akamaihd.net/v1/images/databank_okalin_01_169_bb494304.jpeg,0,characters
64292927021f17e13fbc20bb,Old Daka,"The oldest and wisest of the Nightsisters clan, Old Daka's knowledge of the arcane magicks was unprecedented. When the Separatists launched a devastating attack on Dathomir, and the Nightsisters were outnumbered by General Grievous's droid forces, Mother Talzin retreated into the depths of the witches' lair and called upon Old Daka for help. Daka used an ancient incantation to summon the dead from the Nightsisters' graveyard, bolstering their number with zombie hordes.",https://lumiere-a.akamaihd.net/v1/images/databank_olddaka_01_169_ae6b143e.jpeg,0,characters
64292927021f17e13fbc20bc,Old Jho,"Old Jho is a longtime resident of Lothal who saw the planet go through many changes -- including its eventual descent into a center for Imperial administration. He owns Old Jho's Pit Stop saloon, a popular destination in a Lothal spaceport, and helps rebels looking to strike against the Empire.",https://lumiere-a.akamaihd.net/v1/images/image_68258531.jpeg,0,characters
64292927021f17e13fbc20b0,Norath,"Resistance spy Norath Kev is on a secret mission to gather valuable intel on the First Order, tracking the rising threat through black market activity at Vargo Spaceport on Varkana.",https://lumiere-a.akamaihd.net/v1/images/norath-mian_eb0c1296.jpeg,0,characters
64292927021f17e13fbc20a2,Namua,"With his short tentacles tucked pertly into a single tail at the nape of his neck, Namua keeps his large black eyes on events unfolding around him on the Colossus. Curious and inquisitive to the point of being invasive, he's never afraid to insert himself in a new situation even when it doesn't involve him.",https://lumiere-a.akamaihd.net/v1/images/namua_main_33949039.jpeg,0,characters
64292927021f17e13fbc20dc,Peli Motto's R5-D4,"A battered astromech droid, R5-D4 has had a long operational span bouncing around various owners on Tatooine for decades. He is now in Peli Motto's employ in Docking 3-5 of Mos Eisley Spaceport.",https://lumiere-a.akamaihd.net/v1/images/peli-motto-s-r5-d4-main_fba63543.jpeg,0,characters
64292927021f17e13fbc20de,Pendra Siliu,"Pendra Siliu is one of many children trapped in Jedha’s Holy City by the Imperial occupation. As her desperate parents try to arrange passage offworld, Pendra is caught in the middle of a pitched urban battle between stormtroopers and Saw Gerrera’s rebels. Fortunately, Jyn Erso sees her plight and rushes to her rescue.",https://lumiere-a.akamaihd.net/v1/images/pendra-siliu-main_d5f26793.jpeg,0,characters
64292927021f17e13fbc20fd,Qin,"A prisoner aboard one of the New Republic's most secure ships, the Twi'lek Qin once worked jobs with his sister, Xi'an.",https://lumiere-a.akamaihd.net/v1/images/qin-main_ed944590.jpeg,0,characters
64292927021f17e13fbc20fe,QT-KT,"A chipper astromech droid that served with Aayla Secura during the Clone Wars, QT-KT was called upon to serve the Republic as part of D-Squad, an all-droid special missions unit led by the gruff Colonel Meebur Gascon. To carry out the vital assignment of capturing a Separatist encryption module, Qutee was outfitted with a special remote-controlled magnet coil concealed in her upper dome.",https://lumiere-a.akamaihd.net/v1/images/qt-kt_1bfbb393.jpeg,0,characters
64292927021f17e13fbc20ff,Quarrie,"A short, prideful Mon Calamari, Quarrie was a master engineer who created the Blade Wing — commonly known as the B-wing. He enjoyed his work, and was eager to experiment in speed, agility, and weaponry, though he was no pilot himself. During the early days of the rebellion, Quarrie gifted his B-wing to Hera and Phoenix Squadron, helping turn the tide in one key battle and giving the fleet some much-needed firepower.",https://lumiere-a.akamaihd.net/v1/images/quarrie_ab09a492.jpeg,0,characters
64292927021f17e13fbc2100,Quay Tolsite,"Quay Tolsite is the director of the Pyke Syndicate’s operations on Kessel, which would be an enviable job except for the damaging effects of the planet’s noxious atmosphere on Pyke bodies. Tolsite carries a ring of code keys required to access key systems in the mining facilities.",https://lumiere-a.akamaihd.net/v1/images/solo-db-quay-tolsite-main-image_cd714bc5.jpeg,0,characters
64292927021f17e13fbc2101,Queen Apailana,Queen Apailana was the elected ruler of the Naboo by the end of the Clone Wars. She was the first ruler of the Emperor’s home planet of Naboo during the birth of the Galactic Empire. She was seen publicly mourning Senator Padme Amidala at her funeral.,https://lumiere-a.akamaihd.net/v1/images/queen_apailana_90cd9319.jpeg,0,characters
64292927021f17e13fbc2102,Queen Breha Organa,"Queen Breha Organa is the head of the Royal Family of Alderaan, the Minister of Education for her planet, and the adoptive mother of Princess Leia Organa. Together with her husband Bail, Queen Breha ensures her daughter is best prepared for the future as a leader in her own right. As her husband works to build the loose underground network of cells that would eventually become the Rebel Alliance, Breha mentors students on Alderaan, including the X-wing pilot Evaan Verlaine.",https://lumiere-a.akamaihd.net/v1/images/breha-organa-main_d3e4f1eb.jpeg,0,characters
64292927021f17e13fbc2103,Queen Jamillia,"Queen Jamillia served as the successor of Queen Amidala as the elected sovereign of Naboo. It was Jamillia that convinced Padme Amidala to serve as senator for the system, and spoke with Padme about the political realities of war as the Senator hid on Naboo just prior to the outbreak of the Clone Wars.",https://lumiere-a.akamaihd.net/v1/images/queen-jamillia_0cb29995.jpeg,0,characters
64292927021f17e13fbc2104,Queen Julia,"The queen of the neutral planet Bardotta, Julia appealed to the Republic for assistance after her world’s Dagoyan Masters began disappearing. To the Republic’s confusion, Julia asked specifically for assistance from Jar Jar Binks instead of a Senate delegation or Jedi Knights. Jar Jar answered the call of his beloved, but Mace Windu came with him – to Julia’s displeasure. The Gungan and the Jedi discovered the Frangrawl clan was kidnapping the Dagoyan Masters, but the cultists took Julia to Zardossa Stix to be sacrificed in a Force-draining ceremony. Jar Jar and Mace arrived just in time to rescue the Bardottan monarch.",https://lumiere-a.akamaihd.net/v1/images/image_2c489204.jpeg,0,characters
64292927021f17e13fbc2105,Queen Karina the Great,"The secret leader of the Geonosians, Karina dwelled in the catacombs beneath the Progate Temple, laying eggs, controlling an army of Geonosian drones, and giving orders to public Geonosian leaders such as Poggle the Lesser. When Poggle fled to the Temple, the Jedi followed and discovered Karina, who had captured Luminara Unduli—and now sought control of Jedi Knights.",https://lumiere-a.akamaihd.net/v1/images/acw_ia_36328_f1be4447.jpeg,0,characters
64292927021f17e13fbc2106,Queen Miraj Scintel,"The Queen of Zygerria, Miraj Scintel longs for a return to glory for her people. Ages ago, the Zygerrian Slave Empire stretched across many sectors, supplying luckless labor to unscrupulous masters in the galaxy. Scintel takes advantage of a Republic distracted by war to grow the slave trade, allied by the Separatist Alliance. When Anakin Skywalker goes undercover to infiltrate Scintel's court, and discover the whereabouts of a vanished colony of Togruta artisans, the wily Queen takes interest in him. She sees in Anakin a prize to own and overpower, and uses her seductive charms to her full advantage.",https://lumiere-a.akamaihd.net/v1/images/databank_queenmirajscintel_01_169_f63dcf70.jpeg,0,characters
64292927021f17e13fbc2107,Queen Neeyutnee,"Newly elected as the monarch of Naboo during the Clone Wars, Queen Neeyutnee was the successor to Queen Jamillia. She relied on the insight and experience offered by Padmé Amidala during this dark time of galactic conflict.",https://lumiere-a.akamaihd.net/v1/images/databank_queenneeyutnee_01_169_86d98fc9.jpeg,0,characters
64292927021f17e13fbc2108,Qui-Gon Jinn,"A venerable if maverick Jedi Master, Qui-Gon Jinn was a student of the living Force. Qui-Gon lived for the moment, espousing a philosophy of ""feel, don't think -- use your instincts."" On Tatooine, Qui-Gon discovered a young slave boy named Anakin Skywalker who was strong in the Force. Sensing the boy's potential, Qui-Gon liberated Anakin from slavery. The Jedi Master presented Anakin to the Jedi Council, but they deemed the boy too old to begin training and dangerously full of fear and anger. They refused to allow Qui-Gon to train Anakin, but rescinded their decision to fulfill Qui-Gon's dying wish.",https://lumiere-a.akamaihd.net/v1/images/qui-gon-jinn-main_3386f119.jpeg,0,characters
64292927021f17e13fbc20fc,Qi'ra,"Despite her youth, Qi’ra is Dryden Vos’s most trusted lieutenant, and an increasingly important Crimson Dawn operative. She has risen far above the bleak conditions of her youth on Corellia, where she lived in the sewers with the notorious White Worms gang.",https://lumiere-a.akamaihd.net/v1/images/qira-main_3bcd64ea.jpeg,0,characters
64292927021f17e13fbc2109,Quiggold,"The Gabordin first mate of the Meson Martinet, Quiggold is loquacious where his captain, Sidon Ithano, is typically silent. Quiggold is notable for his peg leg (made from a fuel funnel) and his ever-present prayer beads (made from hyperdrive plotter pins). Quiggold did the talking when Finn met with him and Ithano at Maz’s castle, seeking a place in the Martinet’s crew.",https://lumiere-a.akamaihd.net/v1/images/quiggold_4e4af50a.jpeg,0,characters
64292927021f17e13fbc210b,R2-BHD (Tooby),"A silver astromech with yellow accents, Tooby is typically assigned to “Dutch” Vander, who flies Gold Squadron’s lead Y-wing. A loyal and attentive droid, Tooby carefully follows the lengthy diagnostics checklists critical to keeping the Massassi base’s Y-wings ready for battle.",https://lumiere-a.akamaihd.net/v1/images/r2-bhd-tooby-main_d16da8b6.jpeg,0,characters
64292927021f17e13fbc210c,R2-D2,"A reliable and versatile astromech droid, R2-D2 has served Padmé Amidala, Anakin Skywalker, and Luke Skywalker in turn, showing great bravery in rescuing his masters and their friends from many perils. A skilled starship mechanic and fighter pilot's assistant, he has an unlikely but enduring friendship with the fussy protocol droid C-3PO.",https://lumiere-a.akamaihd.net/v1/images/r2-d2-main_f315b094.jpeg,0,characters
64292927021f17e13fbc210d,R23-X9,"Torra Doza's droid R23-X9 is the latest model in its series, a pristine culmination of cutting edge robotic tech customized to match her state-of-the-art ship.",https://lumiere-a.akamaihd.net/v1/images/r23-x9-main_355d19df.jpeg,0,characters
64292927021f17e13fbc210e,R3-A3,"Temperamental and territorial, R3-A3 served the Iron Squadron crew aboard Sato’s Hammer. The astromech droid maintained the ship, and while initially bristling at help from the Ghost, came to form a strong duo with Chopper. The two worked together to restore the Hammer’s hyperdrive, and later removed a magno-mine from the ship’s hull.",https://lumiere-a.akamaihd.net/v1/images/r3-a3_40511fd7.jpeg,0,characters
64292927021f17e13fbc210f,R3-S1,"Threece is the chief of the astromech pool at the Massassi base, where she ensures the Alliance’s technology is kept up to date and in prime condition. Threece has her programming quirks: she’s vain, argumentative and inordinately proud of her overclocked Intellex V processor. But her talent for organization is highly valued by the rebels.",https://lumiere-a.akamaihd.net/v1/images/r3-s1-threecee-main_77dee313.jpeg,0,characters
64292927021f17e13fbc2110,R3-S6,"A replacement droid assigned to Anakin Skywalker during the Clone Wars after the loss of R2-D2, R3-S6 was a newer model at the time, the latest in astromech technology. Anakin never warmed up to the little black and gold droid; in fact, he grew impatient with ""Goldie"" due to numerous malfunctions and slip ups in the thick of combat. In truth, R3-S6 was secretly a double-agent programmed by the Separatists.",https://lumiere-a.akamaihd.net/v1/images/databank_r3s6_01_169_9e67ecfc.jpeg,0,characters
64292927021f17e13fbc2111,R4-D12,"Marcus Speedstar may be a flashy celebrity to racing fans, but he takes care to surround himself with those he can trust. When it comes to a race where the stakes are life-and-death for his mechanic Oplock, only his old astromech, R4-D12, in the droid socket of his impressive craft, can help him navigate the course with finesse.",https://lumiere-a.akamaihd.net/v1/images/resistance-db-r4-d12-main-image_137ac448.jpeg,0,characters
64292927021f17e13fbc2112,R4-G77,"Every Ace pilot needs a trusty astromech, and as the Aces' top racer defending the Colossus platform, Hype Fazon counts on R4-G77 to keep him front and center and in the spotlight. The droid's uniquely oblong design is crafted for aerodynamic performance, with a bright green color scheme that matches Hype's ship.",https://lumiere-a.akamaihd.net/v1/images/r4-g77_d71cdfca.jpeg,0,characters
64292927021f17e13fbc2113,R4-P17,"R4-P17 was an astromech droid assigned to Obi-Wan Kenobi, and assisted the Jedi Master on many missions, from Kamino and Geonosis to Teth and Tatooine. She was destroyed during the Battle of Coruscant when buzz droids swarmed Obi-Wan’s fighter, ripping the faithful droid’s dome from her metal body.",https://lumiere-a.akamaihd.net/v1/images/r4-p17_19602f62.jpeg,0,characters
64292927021f17e13fbc2114,R5-D4,"A red astromech droid, R5-D4 thought he'd found a home when the Jawas sold him to Owen Lars, along with the protocol droid C-3PO. But R5's motivator blew as he rolled away from the sandcrawler, forcing the Jawas to take him back in exchange for R2-D2.",https://lumiere-a.akamaihd.net/v1/images/r5-d4_main_image_7d5f078e.jpeg,0,characters
64292927021f17e13fbc2115,R5-G9,"Like the Black Ace itself, Griff Halloran's astromech co-pilot R5-G9 has been cobbled together from Imperial-issue droids and other assorted parts, including an old R2 unit.",https://lumiere-a.akamaihd.net/v1/images/r5-g9-main_bbba3627.jpeg,0,characters
64292927021f17e13fbc2116,R7-A7,"Every pilot needs a trusty droid, and R7-A7 proved again and again to be Ahsoka Tano's faithful friend. In her most desperate hour, as Order 66 unfolded and the clones turned their blasters on her, R7-A7 patched into the central computer to help Ahsoka piece together the meaning of Rex's mutterings. After the war, the droid serves as the astromech and co-pilot aboard Trace and Rafa Martez's ship, the Silver Angel.",https://lumiere-a.akamaihd.net/v1/images/r7-a7-main_e2e3baa6.jpeg,0,characters
64292927021f17e13fbc210a,Quinlan Vos,"A Jedi with a sarcastic sense of humor and a reputation for not playing by the rules, Quinlan Vos was an expert tracker renowned for his ability to read memories from objects people handled. The Jedi Council sent him on a mission to assassinate Count Dooku, during which Vos fell in love with the assassin Asajj Ventress and was forced to learn the ways of the dark side of the Force.",https://lumiere-a.akamaihd.net/v1/images/databank_quinlanvos_01_169_77d70d48.jpeg,0,characters
64292927021f17e13fbc20dd,Pemmin Brunce,"The Canto Casino’s hard-eyed head of security, Pemmin Brunce is simultaneously scrupulously polite and effortlessly intimidating. He keeps an eye on the casino floor, alert for signs of trouble, and is quick to give undesirables the heave-ho. The Ongidae bouncer’s smartly tailored suit hides a stun baton for use if a situation escalates.",https://lumiere-a.akamaihd.net/v1/images/last-jedi-databank-premmin-brunce-main-image_1568148d.jpeg,0,characters
64292927021f17e13fbc20fb,Q9-0 (Zero),"A bug-eyed protocol droid with modified programming, Q9-0 — or ""Zero"" to his colleagues -- operates with precision timing.",https://lumiere-a.akamaihd.net/v1/images/zero-main_f2e822d5.jpeg,0,characters
64292927021f17e13fbc20f9,Pypey,"Pypey was one of several Force-sensitive babies hunted by the Empire’s Inquisitors. An Ithorian, Pypey was sent away with a family droid before the Fifth Brother and Seventh Sister could take him, and was later rescued by Zeb and the Ghost crew.",https://lumiere-a.akamaihd.net/v1/images/peypey_1f60b303.jpeg,0,characters
64292927021f17e13fbc20df,Peppi Bow,"A Gungan shaak herder on Naboo, Peppi Bow watched in horror as her animals fell sick after drinking river water contaminated by the Blue Shadow Virus. Peppi helped Padmé Amidala and Jar Jar Binks find Nuvo Vindi’s weapons lab in the Naboo swamps, and apprehended the Separatist researcher as he attempted to flee.",https://lumiere-a.akamaihd.net/v1/images/peppi-bow-1_2ab52e32.jpeg,0,characters
64292927021f17e13fbc20e0,Perrin Fertha,"Perrin Fertha, husband and consort to Senator Mon Mothma of Chandrila, is charming, but superficial, a far cry from his idealistically motivated and conscientious wife. Perrin rather enjoys the trapping of cosmopolitan Coruscant life afforded to him by their station, if not the work required to maintain it.",https://lumiere-a.akamaihd.net/v1/images/perrin-fertha-main_0638c3a9.jpeg,0,characters
64292927021f17e13fbc20e1,Peteen,"The high seneschal of the planet Bardotta, Peteen met Mace Windu and Jar Jar Binks when they arrived to investigate the disappearance of the neutral world’s Dagoyan Masters. Peteen was not pleased to see a Jedi on his homeworld, but reluctantly accepted Mace’s presence as Jar Jar’s companion. After Queen Julia’s abduction by the Frangrawl clan, Peteen explained the ancient Bardottan prophecy that warned the galaxy risked being plunged into an era of darkness.",https://lumiere-a.akamaihd.net/v1/images/image_ace19e3e.jpeg,0,characters
64292927021f17e13fbc20e2,Petro,"An impulsive Jedi youngling, Petro had a fiery competitive streak that sometimes rubbed his fellow students the wrong way. He was a young boy during the Clone Wars, when the Jedi Knights were overextended fighting in the galactic conflict to protect the Republic. Because the Jedi Order needed a new generation of Jedi Knights, it was important that he undergo a crucial Jedi ritual known as The Gathering. On the frozen world of Ilum, Petro had to seek out the crystal that would become the heart of his lightsaber. He longed to construct his Jedi weapon, and become a new legend in the history of Jedi warriors.",https://lumiere-a.akamaihd.net/v1/images/databank_petro_01_169_b0583a6e.jpeg,0,characters
64292927021f17e13fbc20e3,Petty Officer Thanisson,"A young member of the Finalizer’s command crew, Thanisson was present aboard the First Order flagship during the raid on Jakku, and reported the theft of a Special Forces TIE fighter by FN-2187 and the Resistance pilot Poe Dameron.",https://lumiere-a.akamaihd.net/v1/images/thanisson_8c496e84.png,0,characters
64292927021f17e13fbc20e4,Phee Genoa,"A treasure hunter and adventure-seeker with an eye for priceless artifacts, Phee Genoa prefers to be seen as a liberator of ancient wonders rather than a pirate. Although Clone Force 99 grows tired of her ever-evolving storytelling, young Omega is enthralled by a way of life that promises excitement and financial stability.",https://lumiere-a.akamaihd.net/v1/images/phee-genoa-main_aeda8960.jpeg,0,characters
64292927021f17e13fbc20e5,Pintu,"Pintu Son-El is no crime boss, but it's still unwise to cross the low-level thug. Late payments will earn you a visit from Pintu and his henchmen, who will spar with whoever happens to answer the door when they arrive.",https://lumiere-a.akamaihd.net/v1/images/pintu-main_59da7903.jpeg,0,characters
64292927021f17e13fbc20e6,Plo Koon,"A Kel Dor from Dorin, Plo Koon was among the wisest members of the Jedi Order, respected for his level-headed analysis of events and unflappable calm. Deeply concerned for life in all its myriad forms, Plo was especially devoted to protecting the clones under his command. He shared a special bond with Ahsoka Tano, whom he’d brought to the Jedi Order as a toddler. One of many victims of Order 66, Master Plo died at Cato Neimoidia when his wingmen shot down his starfighter.",https://lumiere-a.akamaihd.net/v1/images/databank_plokoon_01_169_92e6679c.jpeg,0,characters
64292927021f17e13fbc20e7,Pluma Sodi,"A young Kage girl at the time of the Clone Wars, Pluma Sodi was desired by the loathsome lord of her home planet Quarzite, Otua Blank. Blank wanted Pluma as his young bride, and had his soldiers capture her. To safely transport her to Blank's underground fortress via subtram, Blank hired a team of highly skilled bounty hunters as protection. Though Pluma was feisty and brave, she needed the help of her brother, Krismo, and the Kage warriors to escape.",https://lumiere-a.akamaihd.net/v1/images/databank_plumasodi_01_169_d1d7e0e8.jpeg,0,characters
64292927021f17e13fbc20e8,Po Nudo,"Po Nudo was a male Aqualish whose allegiances to the Galactic Republic shifted over the course of his tenure in politics. At the time the Trade Federation invaded Naboo, he served in the Galactic Senate representing his homeworld of Ando, but met with Count Dooku and other Separatists on Geonosis on the eve of the Clone Wars to join their confederate cause. His involvement with the Sith ended poorly, as he was executed unceremoniously by Darth Vader on Mustafar in the final days of the war.",https://lumiere-a.akamaihd.net/v1/images/po-nudo_fe655af2.jpeg,0,characters
64292927021f17e13fbc20e9,Poe Dameron,"A Resistance starfighter ace, Poe Dameron is one of Leia Organa’s most-trusted operatives. He can fly anything – which is fortunate given how often his headstrong nature leads him into trouble. Poe leads the attack that destroys Starkiller Base, but soon finds himself on the run from the First Order. Sidelined without his beloved X-wing, he learns tough lessons about leadership, heroism and sacrifice. Those lessons will prove essential in rebuilding the Resistance before a showdown with the forces of evil at Exegol.",https://lumiere-a.akamaihd.net/v1/images/poe-main_611e1021.jpeg,0,characters
64292927021f17e13fbc20ea,Poggle the Lesser,"Poggle the Lesser was the leader of the insect-like Geonosians throughout the era of the Clone Wars. Due to his control of the Geonosian battle droid factories, he was a powerful figure within the Confederacy of Independent Systems and commanded the droid armies that fought against the Republic in two battles for control of Geonosis. At the end of the war, Poggle lost his life to Darth Vader.",https://lumiere-a.akamaihd.net/v1/images/databank_pogglethelesser_01_169_7095ae3c.jpeg,0,characters
64292927021f17e13fbc20fa,PZ-4CO (Peazy-Fourseeo),"Built to resemble the long-necked Tofallid species, PZ-4CO is an invaluable intelligence droid based at the Resistance headquarters on D’Qar. Despite her hulking appearance, she speaks in a pleasant voice, offering tactical data and communications support during operations. “Peazy” and C-3PO often work together to monitor the Resistance’s galaxy-wide network of droid agents.",https://lumiere-a.akamaihd.net/v1/images/ep7_ia_65171_fff70308.jpeg,0,characters
64292927021f17e13fbc20eb,Ponda Baba,"A burly Aqualish thug, Ponda Baba smuggled spice for Jabba the Hutt alongside his friend Dr. Cornelius Evazan, a murderous former surgeon Ponda had rescued from a bounty hunter. Ponda was one of the alien barflies escaping the heat of Tatooine’s twin suns when Luke Skywalker and Obi-Wan Kenobi visited the Mos Eisley Cantina. Bored and looking for excitement, Ponda picked a fight with Luke, which Evazan quickly escalated. But the two bullies had picked the wrong target – Obi-Wan interceded, taking action when Ponda and Evazan refused to back down. The old Jedi’s lightsaber left Evazan dead and Ponda missing an arm, ending the quarrel rather decisively.",https://lumiere-a.akamaihd.net/v1/images/ponda-baba-main-image_5addfeb7.jpeg,0,characters
64292927021f17e13fbc20ed,Praster Ommlen,"The Ottegan Praster Ommlen once made a dishonest living running guns, but gave up this dangerous pastime when he became a devotee of the Sacred Ramulus, a sect found in his home star system. Rather than shun his fellow former criminals, Ommlen decided to offer them spiritual advice. At Maz’s castle on Takodana he found no shortage of beings in need of a new direction.",https://lumiere-a.akamaihd.net/v1/images/praster-ommlen_5ce7fa63.jpeg,0,characters
64292927021f17e13fbc20ee,Prauf,"A jovial and talkative native of the planet Abednedo, Prauf used to be a starship engineer but is now making ends meet working for the Scrapper Guild on Bracca. Making use of his engineering know-how and imposing physical size and strength, Prauf operates unwieldy heavy-duty cutters and welders in his work dismantling derelict starships. He’s also the closest thing Cal Kestis has to a friend or family. The older Abednedo looks out for Cal like a brother and gets him jobs through the Scrapper Guild. An odd couple, they work hard and don't cause trouble, which helps them remain largely ignored by guild overseers.",https://lumiere-a.akamaihd.net/v1/images/jfo_prauf_01_databank_26a61545.jpeg,0,characters
64292927021f17e13fbc20ef,Pre Vizsla,"During the Clone Wars, Pre Vizsla served as governor of Concordia, a moon of Mandalore, and appeared to be a close ally of Duchess Satine Kryze. But Vizsla had another, secret life: he was the leader of Death Watch, a hidden group of Mandalorian commandos seeking control of their planet. In truth, Vizsla despised Satine’s pacifist beliefs and longed to restore Mandalore’s warrior heritage. To accomplish this goal, he formed several alliances with nefarious parties that ultimately led to his end.",https://lumiere-a.akamaihd.net/v1/images/databank_previzsla_01_169_3e74112a.jpeg,0,characters
64292927021f17e13fbc20f0,Preigo,"Life on galactic frontier worlds can be harsh, with settlers welcoming any respite from the toil of eking out an existence on a remote world. This escapism is the stock and trade of showmen like Preigo, a Dug ringmaster of a nomadic troupe of entertainers.",https://lumiere-a.akamaihd.net/v1/images/databank_preigo_01_169_78e82a9e.jpeg,0,characters
64292927021f17e13fbc20f1,Priestess,"The history and lore of Mustafar live on in the Priestess. A leader to her people in difficult times, she proves to be an invaluable source of Information and guidance to natives and visitors alike.",https://lumiere-a.akamaihd.net/v1/images/priestess-main_7d2b71cc.jpeg,0,characters
64292927021f17e13fbc20f2,Prime Minister Almec,"As Prime Minister of Mandalore during the Clone Wars, Almec claimed loyalty to Duchess Satine Kryze and her controversial campaign of neutrality and pacifism. Almec saw Mandalore's violent past as shameful, and feared that the return of the armored warriors of Death Watch would be unstoppable. Though Almec loudly said that he valued the sanctity of Mandalorians above all else, his politician's grin and careful words concealed a different agenda. He helped establish a profitable black-market network that brought goods to Mandalore, looking the other way when tainted goods caused the deaths of Mandalorian children. When his smugglers’ ties were discovered, Almec tried to overthrow Satine, only to wind up in prison himself. He was freed by Darth Maul, who installed him as a puppet leader of the planet.",https://lumiere-a.akamaihd.net/v1/images/Almec-Main-Image_692a804a.jpeg,0,characters
64292927021f17e13fbc20f3,Prince Lee-Char,"The heir to the throne of Mon Calamari during the Clone Wars, Prince Lee-Char carried the burdens of his home world following the assassination of his father, King Yos Kolina. Separatist agitators began stirring up the undercurrents of hostility between the Mon Calamari and the Quarren, pushing the planet towards civil war. Despite his inexperience, Lee-Char longed to unite his people, but could not find the way. Surrounded by wise advisors, Lee-Char concentrated on survival as war erupted in the oceans of Mon Cala. But he did not give up hope in unifying the planet in resisting the Separatists.",https://lumiere-a.akamaihd.net/v1/images/databank_princeleechar_01_169_d98f0834.jpeg,0,characters
64292927021f17e13fbc20f4,Professor Huyang,"Huyang was an ancient droid, stooped with age yet still spry of mind. Huyang was a storied architect and professor, who oversaw the construction of lighstabers for centuries. Based out of the training vessel Crucible, Huyang guided younglings after they had successfully completed their task of securing a kyber crystal from the icy caverns of Ilum.  Huyang helped them visualize their lightsaber parts, and pulled the needed supplies from his vast trove. His ancient memory systems contained records of every lightsaber constructed.",https://lumiere-a.akamaihd.net/v1/images/databank_professorhuyang_01_169_3eb6aa3e.jpeg,0,characters
64292927021f17e13fbc20f5,Pru Sweevant,"A blue-faced Narquois, Pru Sweevant was a bandit who used his contacts within the Mining Guild to learn about routes taken by valuable convoys. Sweevant took particular delight in capturing Neimoidian-owned ships.",https://lumiere-a.akamaihd.net/v1/images/pru-sweevant_380f96ea.jpeg,0,characters
64292927021f17e13fbc20f6,Pyke Boss,"The esteemed boss of the Pyke Syndicate is pragmatic; when a potentially deadly situation arises, he tries to smooth out differences and find solutions that won't disrupt his criminal enterprise.",https://lumiere-a.akamaihd.net/v1/images/pyke-boss-main_3b514bf4.jpeg,0,characters
64292927021f17e13fbc20f7,Pyke Guard,"Standing at attention, the Pyke Guard wear ornate robes, armored masks, and brandish powered polearms to do battle should the need arise.",https://lumiere-a.akamaihd.net/v1/images/pyke-guard-main_844d622e.jpeg,0,characters
64292927021f17e13fbc20f8,Pyke torture droid,"In the Pyke Syndicate's prison on Oba Diah, specialized torture droids are equipped with ways to get prisoners talking.",https://lumiere-a.akamaihd.net/v1/images/pyke-torture-droid-main_3ebf0fae.jpeg,0,characters
64292927021f17e13fbc20ec,Prashee and Cratinus,"Notorious gamblers and swindlers, Prashee and Cratinus were mainstays at Maz’s castle, where they fleeced many an unwary traveler who sat down at the gaming tables. The Ubdurian brothers enjoyed taking advantage of their identical appearance to swap identities as part of meticulously engineered scams.",https://lumiere-a.akamaihd.net/v1/images/prashee-and-cratinus_a821b6c8.jpeg,0,characters
64292927021f17e13fbc20a1,Nambi Ghima,"A young Aki-Aki girl, Nambi Ghima greets Rey at the Festival of Ancestors on Pasaana, offering a husk necklace as a gesture of welcome and inviting Rey to share her family history. Such hospitality is a trademark of even the youngest Aki-Aki.",https://lumiere-a.akamaihd.net/v1/images/nambi-ghima-main_c13c3f6a.jpeg,0,characters
64292927021f17e13fbc20a0,Nala Se,"As Kamino’s chief medical scientist, Nala Se played a key role in engineering the Grand Army of the Republic — and worked to protect the army’s secrets. She cared for clones injured on the battlefield, supervising their rehabilitation even when Separatist attacks threatened her own life as well as the lives of soldiers, and kept the experimental clone called Omega as her medical assistant. But Nala Se had a ruthless side as well. Following the orders of Count Dooku — whom she knew as Lord Tyranus — she sought to conceal knowledge of the bio-chips implanted in the clones to ensure that they obeyed protocols such as Order 66.  After the dawn of the Empire, she was taken prisoner following the destruction of Tipoca City and stationed at the Imperial facility at Mount Tantiss. In her defeat, she was made to serve the Emperor in his quest for control over the cloning process.",https://lumiere-a.akamaihd.net/v1/images/the-bad-batch-story-gallery-plan-99-17_9cae6484.jpeg,0,characters
64292927021f17e13fbc209f,Nail,"A gruff alien woman, Nail is Jyn Erso’s cellmate in Wobani’s grim LEG-817 labor camp. The other prisoners have given her the derisive nickname “Kennel” for the parasites infesting her filthy jacket. Nail is with Jyn aboard a repurposed turbo tank when rebel forces raid Wobani to free Jyn.",https://lumiere-a.akamaihd.net/v1/images/nail-main_37f3e4a9.jpeg,0,characters
64292927021f17e13fbc2048,Lens Kamo,"A fervent student of history and professional treasure hunter formerly employed by the cybernetics mogul, Baron Attsmun. She went into treasure hunting with the sole purpose of getting artifacts out of sites without harming them, and keeping them out of reach of the destructive collectors -- by any means necessary.",https://lumiere-a.akamaihd.net/v1/images/lens-main_17eaf403.jpeg,0,characters
64292927021f17e13fbc2049,Leox,"Leox Gyasi is the charming, rogue pilot of the Vessel who may or may not have a fondness for spice. Despite his undeniable good looks, romantic and sexual encounters are not imperative to him; in fact, he identifies as asexual. His primary focus is piloting the Vessel with his navigator, Geode, or the Byne Guild.",https://lumiere-a.akamaihd.net/v1/images/leox-main_16fc1496.jpeg,0,characters
64292927021f17e13fbc204a,Leoz,"A member of Kragan Gorr's pirate gang, when he isn't pillaging and plundering Leoz spends his time gambling with his lucky pair of dice. A sore loser, he has been known to place a curse on his opponent after a bad match.",https://lumiere-a.akamaihd.net/v1/images/leoz-main_29ea6bdd.jpeg,0,characters
64292927021f17e13fbc204b,Letta Turmond,"Hardened by a life in the working class levels of Coruscant, Letta Turmond had a jaundiced view of the Jedi Order and the leadership of the Galactic Republic. Her husband, Jackar Bowmani, was a technician who worked in the Jedi Temple, and devoted his life to supporting the Order. With the outbreak of the Clone Wars, Bowmani's expertise was used to arm Republic gunships, and it galled Letta to see what was once an institution of peace and justice transformed into an instrument of war. She became an activist opposed to the Jedi involvement of the war, but her beliefs were so radical that they crossed the line into terrorism.",https://lumiere-a.akamaihd.net/v1/images/databank_lettaturmond_01_169_21b76a7a.jpeg,0,characters
64292927021f17e13fbc204c,Liana Kor,"Known as ""Iron"" Liana, her associates in the smuggling business often describe Kor as ""stubborn as a zakkeg, and twice as mean."" Liana Kor often finds herself entangled in conflicts between the Rebel Alliance and the Empire, as she often targets arms shipments for her pirating and smuggling operations. She has no love for either side, and will often attempt to play both sides to get what she wants. This hasn't earned her much respect, but is widely know not to be trifled with, as she lives up to her nickname.",https://lumiere-a.akamaihd.net/v1/images/liana_background_7990e77c.jpeg,0,characters
64292927021f17e13fbc204d,Lieutenant Bolandin,"A veteran Imperial, Bolandin has long regarded Corporal Han Solo as a troublemaker with a big mouth – and the mudtroopers battling on Mimban have trouble enough as it is. When Solo is turned over to Bolandin as a deserter, he orders stormtroopers to throw him in with “the Beast” – a Wookiee prisoner held in a makeshift prison.",https://lumiere-a.akamaihd.net/v1/images/solo-db-mimban-lieutenant-main-image_05361270.jpeg,0,characters
64292927021f17e13fbc204e,Lieutenant Dicer,"One of the rebellion's pilots, Lieutenant Dicer was among the first to try to set up a base on Atollon. Unfortunately for Dicer, the world was not as desolate as believed -- huge spider-like creatures called krykna lived below the surface. After the krykna attacked, all that was left of Dicer was her helmet.",https://lumiere-a.akamaihd.net/v1/images/lt-dicer_eefbfe94.jpeg,0,characters
64292927021f17e13fbc204f,Lieutenant Galek,"With an ever-present scowl to match the rest of her severe demeanor, First Order flight instructor Lieutenant Galek has little patience for the antics of cadets who fail to follow basic orders. Known for her harsh tactics, on the training field she believes strongly in survival of the fittest, utilizing live fire instead of stun blasts to most effectively approximate real battle situations and doling out firm but fair punishments. In Galek's view, the First Order thrives by culling the weak so only the strongest survive.",https://lumiere-a.akamaihd.net/v1/images/zro-ff-002960_copy_d15769b5.jpeg,0,characters
64292927021f17e13fbc2050,Lieutenant Mitaka,"A young officer in the First Order Navy, Dopheld Mitaka graduated at the top of his Academy class and received a coveted post aboard the Finalizer. It was a plum assignment Mitaka would sometimes regret, as his duties included telling Kylo Ren of the First Order’s failure to capture the fugitive Resistance droid BB-8.",https://lumiere-a.akamaihd.net/v1/images/lieutenant-mitaka_e941988f.jpeg,0,characters
64292927021f17e13fbc2051,Lieutenant Mytus Adema,"Mytus Adema is an ambitious young officer assigned to the Scarif Citadel. He disdains his senior officer, General Ramda, as lazy and overconfident, and hopes to supplant him in the eyes of Director Krennic. Adema sees the Death Star as a welcome symbol of Imperial glory and might.",https://lumiere-a.akamaihd.net/v1/images/lieutenant-mytus-adema-main_6a310f6a.jpeg,0,characters
64292927021f17e13fbc2052,Lindon Javes,"An experienced pilot and instructor, Lindon Javes rose through the ranks of the Rebellion after the destruction of Alderaan by hunting Imperial capital ships. Though he's still a combat pilot at heart, Lindon found he had a knack for command, coordinating several successful missions behind Imperial lines. Now, as the galactic war enters a new phase, Lindon has been given command of his own squadron, and a classified assignment for the New Republic.",https://lumiere-a.akamaihd.net/v1/images/lindon-javes-new-republic-main-39a7h1q8_2b052a20.jpeg,0,characters
64292927021f17e13fbc2053,Lobot,"Never far from Baron Administrator Lando Calrissian's side was Lobot, Calrissian's aide and Cloud City's computer liaison officer. Lobot is a human male with a shiny, brain-enhancing device wrapped around the back of his skull that allowed him to contact directly with the city's central computer.",https://lumiere-a.akamaihd.net/v1/images/databank_lobot_01_169_8a50d7ae.jpeg,0,characters
64292927021f17e13fbc2047,Leida Mothma,"At 13, Leida Mothma is already nursing a rebellious streak. The daughter of Senator Mon Mothma and her husband Perrin Fertha, Leida spends much of her time on Coruscant, but resents her mother's focus on her political career. Instead, Leida prefers the simplicity of Chandrilan customs, a surprise to her mother who regards many of the traditions as outdated in modern times.",https://lumiere-a.akamaihd.net/v1/images/leida-mothma-main_4eaba190.jpeg,0,characters
64292927021f17e13fbc2054,Loden Greatstorm,"Loden is a Twi'lek Jedi Master, and is considered to be one of the best teachers in the Jedi Order. Strong and wise, with a good sense of humor, Loden looks at every moment as a learning experience, always trying to better himself and those around him, especially his Padawans.",https://lumiere-a.akamaihd.net/v1/images/loden-greatstorm-main_de6c5134.jpeg,0,characters
64292927021f17e13fbc2056,Lok Durd,"Lok Durd was an obese Neimoidian general in the army of the Confederacy of Independent Systems. A flamboyant and heartless weapons developer, some say if Lok Durd could make half the noise on the battlefield that he does in the war room, then the Separatists would have won the war. Durd longed to impress Count Dooku with his battlefield inventions. The Neimoidian general unleashed the Defoliator on the planet Maridun during the Clone Wars.",https://lumiere-a.akamaihd.net/v1/images/databank_lokdrud_01_169_7a169264.jpeg,0,characters
64292927021f17e13fbc2057,Lola (L0-LA59),"A friendly droid that’s a perfect companion, L0-LA59, or Lola, is Princess Leia Organa's constant companion while exploring the grounds of the Royal Palace on Alderaan. Small enough to fit into the 10-year-old Leia's tiny hands or be stowed in a pocket or pouch, Lola can hover for short distances on her own or hop around on retractable legs. Contained in her diminutive shell are helpful tools and devices. However, even the most faithful droid can be reprogrammed to serve a new master.",https://lumiere-a.akamaihd.net/v1/images/lola-main_8a5a15f9.jpeg,0,characters
64292927021f17e13fbc2058,Lolo Purs,"As a Rodian representative in the Galactic Senate, Lolo Purs assisted her mentor, Senator Onaconda Farr. But Lolo felt betrayed by Farr's brief dealings with the Separatists, and hatched a scheme to do away with Uncle Ono.",https://lumiere-a.akamaihd.net/v1/images/lolo-purs-main-image_8277d4a2.jpeg,0,characters
64292927021f17e13fbc2059,Lom Pyke,"During the Clone Wars, Lom Pyke was the leader of a syndicate of spice dealers known as the Pykes. Operating out of Oba Diah, they controlled the lucrative trade that delivered spice to the ruling crime families of the lower levels of Coruscant. His spice-stained grin and hands suggested that he was more than just a dealer of the contraband substance. Sensing profit and opportunity to expand his operations, Lom allied his forces with Darth Maul's growing Shadow Collective.",https://lumiere-a.akamaihd.net/v1/images/lom_c6282f93.jpeg,0,characters
64292927021f17e13fbc205a,Lor San Tekka,"A legendary traveler and explorer, Lor San Tekka was a longtime ally of the New Republic and the Resistance. After the Battle of Endor, San Tekka helped Luke Skywalker recover secret Jedi lore that the Empire had tried to erase. He then retired to live simply on Jakku, where he followed the dictates of the once-forbidden Church of the Force. Leia Organa sent Poe Dameron in search of San Tekka, who gave him a portion of a map revealing Luke’s planet of exile. San Tekka was then killed by Kylo Ren, who sought the same information.",https://lumiere-a.akamaihd.net/v1/images/lor-san-tekka_3ebccd38.jpeg,0,characters
64292927021f17e13fbc205b,Lortha Peel,"In the Workers District of Mos Espa,  Lortha Peel makes a living as a water monger. But among the impoverished, his prices have inspired some of the most desperate citizens to resort to theft.",https://lumiere-a.akamaihd.net/v1/images/the-book-of-boba-fett-story-gallery-01_3f5dc441.jpeg,0,characters
64292927021f17e13fbc205c,Lott Dod,"To hear Lott Dod tell it, the actions of Nute Gunray did not reflect the true intents of the Trade Federation, which remained loyal to the Galactic Republic. Sure, the Separatist Alliance did use Trade Federation starships and battle droids as part of their fighting forces in the Clone Wars, but this was equipment legitimately purchased in the open market. The Trade Federation was committed to commerce across the entire galaxy, and had no interest in getting caught up in territorial wars, Dodd would say. In truth, the Senator received a healthy income to ensure both sides of the war stay well equipped.",https://lumiere-a.akamaihd.net/v1/images/databank_lottdod_01_169_7219a66c.jpeg,0,characters
64292927021f17e13fbc205d,Lovey,"A striking figure with a geometric red hairdo and a fitted lattice dress, “Lovey” is a familiar sight by the side of the Master Codebreaker at the gaming tables of the Canto Casino. “Lovey” has her own secrets -- including her true name, which she has yet to reveal to her companion.",https://lumiere-a.akamaihd.net/v1/images/last-jedi-databank-lovey-main-image_dbb1cbcd.jpeg,0,characters
64292927021f17e13fbc205e,LT-514,"LT-514 started life as Obon Yandro, a low-level clerk for a manufacturing corporation. A chance series of events saw him mistaken for an Imperial intelligence courier while carrying classified blueprints. Though the mistake was short-lived, Obon showed a knack for intelligence work, and joined the Imperial Information Office. Enhanced with Aj^6 cybernetic implants, and renamed LT-514, he became fascinated by the data patterns of war… always at a distance. After Endor, a shortage of intelligence officers finally let LT-514 be a part of the action he’d studied for so long.",https://lumiere-a.akamaihd.net/v1/images/lt-514-main_7454fead.jpeg,0,characters
64292927021f17e13fbc205f,Lt. Gauge,"The fervidly loyal and utterly ambitious commanding officer of the new First Order installation on Batuu. Lieutenant Gauge first thought his assignment to Batuu, which was so far from the eyes of his superiors, was a bad omen for his career....turns out there was no greater honor.",https://lumiere-a.akamaihd.net/v1/images/gauge-main_594aa1bb.jpeg,0,characters
64292927021f17e13fbc2060,Lt. Gorn,"Lieutenant Gorn wears the uniform of the Empire to conceal the heart of a rebel. A double agent working inside Imperial command at the outpost on Aldhani, Gorn has been stationed on the planet for seven years. In that time, he has come to understand and appreciate the native culture, something his colleagues often overlook.",https://lumiere-a.akamaihd.net/v1/images/lt-gorn-main_366d057e.jpeg,0,characters
64292927021f17e13fbc2061,Lt. Nolan,"A stickler for protocol and following the new Imperial rules, Lt. Nolan does not conceal his disdain for the clone troopers who still fall within his jurisdiction. If he has his way, his equipment will all be upgraded, including the clone soldiers who serve under his command, replaced with cutting-edge armor and conscripted soldiers.",https://lumiere-a.akamaihd.net/v1/images/the-bad-batch-story-gallery-the-outpost-15_29918bbe.jpeg,0,characters
64292927021f17e13fbc2055,Logray,"The shaman of the Ewok village, Logray's rituals ensured his tribe remained in harmony with Endor's forest spirits. When a golden god visited his planet, Logray ordered the sacrifice of offworlders in this deity's honor -- only to somehow incur the god's wrath. No one ever said faith was easy.",https://lumiere-a.akamaihd.net/v1/images/logray-main-image_05b9e023.jpeg,0,characters
64292927021f17e13fbc2062,Luke Skywalker,"Luke Skywalker was a Tatooine farmboy who rose from humble beginnings to become one of the greatest Jedi the galaxy has ever known. Along with his friends Princess Leia and Han Solo, Luke battled the evil Empire, discovered the truth of his parentage, and ended the tyranny of the Sith. A generation later, the location of the famed Jedi master was one of the galaxy’s greatest mysteries. Haunted by Ben Solo’s fall to evil and convinced the Jedi had to end, Luke sought exile on a distant world, ignoring the galaxy’s pleas for help. But his solitude would be interrupted – and Luke Skywalker had one final, momentous role to play in the struggle between good and evil.",https://lumiere-a.akamaihd.net/v1/images/luke-skywalker-main_fb34a1ff.jpeg,0,characters
64292927021f17e13fbc2046,Leia Organa,"Princess Leia Organa was one of the greatest leaders of the Rebel Alliance, fearless on the battlefield and dedicated to ending the Empire’s tyranny. Daughter of Padmé Amidala and Anakin Skywalker, sister of Luke Skywalker, and with a soft spot for scoundrels, Leia ranked among the galaxy’s great heroes. But life under the New Republic proved difficult for her. Sidelined by a new generation of political leaders, she struck out on her own to oppose the First Order as founder of the Resistance. These setbacks in her political career were accompanied by more personal losses, which she endured with her seemingly inexhaustible will.",https://lumiere-a.akamaihd.net/v1/images/leia-organa-feature-image_d0f5e9_056d9177.jpeg,0,characters
64292927021f17e13fbc2044,LE-12,"Meandering about the Colossus on two springy legs, this older model LE-series droid performs a variety of functions for various mechanics and salvagers on the platform, thanks to a trusty pair of clamps and a head unit that can spin around 360 degrees.",https://lumiere-a.akamaihd.net/v1/images/le-12-main_2e862e6f.jpeg,0,characters
64292927021f17e13fbc202a,King Manchucho,"The leader of the Aleena, King Manchucho was a fair and intelligent leader. He was gregarious and eager to please, always serving as a welcome host to any off-world guests. Manchucho wanted a peaceful coexistence with the beings that lived beneath the surface of his planet, even though their ways and culture remained alien to him.",https://lumiere-a.akamaihd.net/v1/images/acw_ia_77554_37f39ba8.jpeg,0,characters
64292927021f17e13fbc202b,King Ramsis Dendup,"As the galaxy began to split with the Separatist crisis that escalated into the Clone Wars, King Ramsis Dendup of Onderon looked on with disapproval and dread. The conflict would spill onto the borders of his home, and he would have to make a choice. But he saw no virtue in either the Republic or the Confederacy, recognizing the corruption that rotted within both governments. Dendup decided that the best course of action for his people would be to remain neutral in the conflict. For this, he was branded an indecisive coward and ousted from the throne by those who saw opportunity for change in power.",https://lumiere-a.akamaihd.net/v1/images/king_ramsis_dendu_e14063fe.jpeg,0,characters
64292927021f17e13fbc202c,King Sanjay Rash,"King Ramsis Dendup refused to commit Onderon to the Clone Wars, thinking that neutrality would spare the planet from the violent conflict. Sanjay Rash knew better. To ensure Onderon's prosperity and strength in the shifting galaxy would require a strong alliance -- and that meant striking an accord with the Separatists. Through methods cloaked in intrigue, Rash assumed the crown of Onderon, deposing Dendup and branding him a powerless old crone. Rash then allowed the Separatists to establish a firm foothold, cementing his rule of the planet.",https://lumiere-a.akamaihd.net/v1/images/king_sanjay_rash_bae847df.jpeg,0,characters
64292927021f17e13fbc202d,Kino Loy,"Kino Loy has adapted to life inside Imperial lock-up. As the floor manager inside the Narkina 5 facility, he maintains order among his fellow inmates, barking commands to ensure a quality performance that will benefit everyone on the cell block. Inside his cell on the off hours, Loy counts down the days until he will once again enjoy the life of a free man.",https://lumiere-a.akamaihd.net/v1/images/andor-108-quote-kino_8d7f1704.jpeg,0,characters
64292927021f17e13fbc202e,Kit Fisto,"Kit Fisto is a striking example of an alien Jedi, a Nautolan with large eyes, and a gathered tangle of flexible tentacle-tresses extending from his head. He is at home in the waters of aquatic planets, like his native Glee Anselm. As a Jedi Master, Fisto has an intense focus, particularly in combat. He is also much more laid back and capable of enjoying a hearty chuckle than some of his humorless colleagues.",https://lumiere-a.akamaihd.net/v1/images/databank_kitfisto_01_169_21517d01.jpeg,0,characters
64292927021f17e13fbc202f,Kitster,"Kitster was one of Anakin Skywalker's friends before the young podracing champ left Tatooine for the life of a Jedi. An optimistic human boy about the same age as Anakin, Kitster was part of Anakin's pit team in the fateful Boonta Eve Classic race that saw young Skywalker win his freedom.",https://lumiere-a.akamaihd.net/v1/images/kitster_1928585a.jpeg,0,characters
64292927021f17e13fbc2030,Kitwarr,"Kitwarr was a young Wookiee captured by Imperials and forced to work in the spice mines of Kessel. After a daring rescue by the crew of the Ghost, he and his father, Wulffwarro, were set free.",https://lumiere-a.akamaihd.net/v1/images/image_3e1a872c.jpeg,0,characters
64292927021f17e13fbc2031,Klaatu,"A Kadas’sa’Nikto from Kintan, Klaatu was a henchman of Jabba the Hutt, and spent his time at the Hutt’s palace repairing skiffs, eagerly awaiting executions and amassing ever-larger gambling debts. Klaatu confronted Luke Skywalker during the battle at the Great Pit of Carkoon, but fled after Luke disarmed him with a stroke of his lightsaber. He died when Jabba’s sail barge exploded.",https://lumiere-a.akamaihd.net/v1/images/klaatu-main-image_8074b83b.jpeg,0,characters
64292927021f17e13fbc2032,Klaud,"Klaud might have joined the Resistance as a result of mistaken identity, but he is welcomed as an ally by the freedom fighters.",https://lumiere-a.akamaihd.net/v1/images/klaud-main_80fe2839.jpeg,0,characters
64292927021f17e13fbc2033,Kleya Marki,"The concierge at Luthen Rael's Galactic Antiquities and Objects of Interest gallery, Kleya Marki is a master of disguise. At the shop, Kleya works out front assisting customers and restoring precious artifacts. But when called upon, she is the perfect emissary, messenger, and enforcer, for Luthen's spy operation, with a highly attenuated intuition and unflinching commitment to the rebel cause.",https://lumiere-a.akamaihd.net/v1/images/kleya-marki-main_faed83fe.jpeg,0,characters
64292927021f17e13fbc2034,Klik-Klak,"Klik-Klak was the lone Geonosian survivor following the Empire's eradication of his people. He hid in the Geonosis caves, fearful of outsiders, and used battle droids left over from the Clone Wars as a means of protection. But he wasn't just protecting himself; Klik-Klak was the keeper of a queen egg, which could be the key to rebuilding his kind.",https://lumiere-a.akamaihd.net/v1/images/klik-klak_1743e561.jpeg,0,characters
64292927021f17e13fbc2035,Korkie Kryze,"The nephew of Duchess Satine Kryze, Cadet Korkie attended the Royal Academy of Government on Mandalore, where he was being groomed for leadership. His keen insights and ambitious personality suggested that he would go far. Together with his friends Soniee, Amis, and Lagos, Korkie helped expose corruption in the highest levels of government, and later helped rescue his aunt from wrongful imprisonment during the rise of the Shadow Collective.",https://lumiere-a.akamaihd.net/v1/images/databank_korkiekryze_01_169_e397dcde.jpeg,0,characters
64292927021f17e13fbc2045,Lechee,"Like any slimy businessman, Lechee knows how to turn on the charm while trying to usher new customers into his shop in the Vargo marketplace. But once out of sight and earshot, his demeanor turns to something more sinister in the hopes of making a quick credit.",https://lumiere-a.akamaihd.net/v1/images/leechee-main_84a34936.jpeg,0,characters
64292927021f17e13fbc2036,Korr Sella,"The capable, no-nonsense Korr Sella assisted Leia Organa during her career in the New Republic’s Galactic Senate and remained in her service when Leia left politics to establish the Resistance. Sella served as Leia’s link to the Senate, bringing intelligence to allies and supporters who agreed with her warnings about the First Order. Sella was on Hosnian Prime as Leia’s envoy when the Starkiller superweapon destroyed the system, ending her life.",https://lumiere-a.akamaihd.net/v1/images/korr-sella_fba116a4.jpeg,0,characters
64292927021f17e13fbc2038,Krismo Sodi,"Krismo was the most skilled and deadly member of the Kage Warriors, serving as their leader at the time of the Clone Wars. From atop a galloping milodon, he led his warriors through the subterranean caverns of Quarzite against the Belugan forces of Lord Otua Blank.",https://lumiere-a.akamaihd.net/v1/images/databank_krismosodi_01_169_17f11e75.jpeg,0,characters
64292927021f17e13fbc2039,Krrsantan,"A former gladiator turned deadly bounty hunter, Krrsantan is a towering black-furred Wookiee. During the Empire's rule, he made a name for himself in the criminal underworld with his intimidating presence and unstoppable raw strength.",https://lumiere-a.akamaihd.net/v1/images/krrsantan-main_8b84c126.jpeg,0,characters
64292927021f17e13fbc203a,Kuiil,"A vapor farmer on Arvala-7, Kuiil came to seek peace in an out of the way world, which is now being trespassed upon by criminals and mercenaries. He has worked a lifetime to be free of servitude, and offers valuable skills for those willing to meet his price.",https://lumiere-a.akamaihd.net/v1/images/kuiil-main-2_45d75406.jpeg,0,characters
64292927021f17e13fbc203b,Kuruk,"A gifted sniper, Kuruk is the most solitary of the Knights of Ren, preferring to cover the group’s assaults from a carefully chosen vantage point above the battlefield. He also serves as pilot of the Night Buzzard.",https://lumiere-a.akamaihd.net/v1/images/kuruk-main_5aa550d3.jpeg,0,characters
64292927021f17e13fbc203c,L3-37,"A self-made droid built from astromech and protocol parts, L3-37 is an enlightened navigator who cares deeply about droid rights. Her ability to connect directly with the Millennium Falcon’s navicomputer lets the freighter plot faster routes than those traveled by more cautious ships. L3-37’s habit of speaking her mind and her relentless advocacy for mechanicals can alienate organic beings.",https://lumiere-a.akamaihd.net/v1/images/hs-ff-002814_b09d97b4.jpeg,0,characters
64292927021f17e13fbc203d,Lady Proxima,"The fearsome Grindalid matriarch of the White Worms, Lady Proxima rules Corellia’s black market from a tangle of sewer tunnels beneath Corellia’s Coronet City. A briny pool serves as a throne room where Proxima feeds her hatchlings and commands the urchins known as scrumrats, sending them out to pick pockets and barter stolen goods.",https://lumiere-a.akamaihd.net/v1/images/lady-proxima-main-b_b789bf62.jpeg,0,characters
64292927021f17e13fbc203e,Lagos,"During the Clone Wars, Lagos attended the prestigious Mandalorian Royal Academy of Government, an institution that grooms the best and brightest of Mandalorian youth to help steer the future of the planet. This future, however, was dominated by the influence of criminal interlopers. First, the unscrupulous Prime Minister Almec embroiled the planet in the black market. Lagos was one of the cadets led by Korkie Kryze who helped expose this plot. A cautious student, she sometimes found the adventure-seeking nature of her classmates overwhelming. She would find courage when circumstances demanded it, however, even piloting the escape speeder during a brash jail break that freed the wrongly imprisoned Duchess Satine Kryze.",https://lumiere-a.akamaihd.net/v1/images/databank_lagos_01_169_b89769a8.jpeg,0,characters
64292927021f17e13fbc203f,Lama Su,"An ancient creature accidentally unearthed on Malastare during an intense battle of the Clone Wars, the zillo beast was a monster of legend. The enormous animal proved to be nearly invulnerable to Republic weaponry, prompting intense interest from then-Chancellor Palpatine. At his order, the creature was incapacitated and transported to a secure research facility on Coruscant, before it broke free and terrorized the capital. In the era of the Empire, Emperor Palpatine's scientists continue to work on harnessing the species' natural gifts, with disastrous consequences. On one occasion, an Imperial craft carrying a modified version of the creature crash-landed on the world of Silla, leaving the modified zillo to blindly hunt for power sources, gulping at energy conduits to propel its rapid growth, and feasting on one of the planet's solar farms.",https://lumiere-a.akamaihd.net/v1/images/lama-su-main_63f653f9.jpeg,0,characters
64292927021f17e13fbc2040,Lando Calrissian,"Lando Calrissian may have come late to the fight against the Empire, but his role in destroying the second Death Star cemented his reputation as a hero. In his youth, Lando was a sportsman seeking a fortune at the sabacc tables. After he lost his beloved ship to Han Solo, Lando spent years living the high life and pursuing get-rich-quick schemes, with uneven results. He went semi-respectable as the baron administrator of Cloud City, only to be drawn into the fight against the Empire. After a personal tragedy, Lando sought solace in isolation on Pasaana, unaware that the galaxy would need him again.",https://lumiere-a.akamaihd.net/v1/images/lando-main_a207290e.jpeg,0,characters
64292927021f17e13fbc2041,Lanse Crowder,"A slick pirate who deals in rare antiquities and other exotic finds, Lanse Crowder is not above peddling knockoffs and poisoning his patrons if it means he can sell a single item more than once and reap the profits. In negotiations with the discerning Phee Genoa, Lanse discovers his henchmen are no match for her new crew — Omega, Wrecker, and Hunter.",https://lumiere-a.akamaihd.net/v1/images/lanse-crowder-main_c09a0558.jpeg,0,characters
64292927021f17e13fbc2042,"Lark and Jonk a.k.a. ""The Twins""","House rules dictate that Lark and Jonk must enter sabacc games as a single player, as their two heads would give them an unfair advantage. Although not truly twins, their nickname pays homage to their conjoined nature.",https://lumiere-a.akamaihd.net/v1/images/solo-db-lark-and-jonk-main-image_b1f7f283.jpeg,0,characters
64292927021f17e13fbc2043,Latts Razzi,"Beautiful and deadly, Latts Razzi was a Theelin bounty hunter who operated during the Clone Wars. Used to high style and first class comforts, Razzi charged exorbitant rates but had the skills to back them. Aside from her pinpoint accuracy with a blaster pistol, she was an expert unarmed fighter in several forms of exotic combat. Draped around her shoulders were triple rows of a scaled boa, which when snapped like a whip or lariat, proved to be much more than a fashion accessory.",https://lumiere-a.akamaihd.net/v1/images/databank_lattsrazzi_01_169_acdc19b1.jpeg,0,characters
64292927021f17e13fbc2037,Kragan Gorr,"The notorious pirate Kragan Gorr has a reputation for leading ruthless attacks under the cover of environmental threats. In addition to his pirate gang and associates feeding him important tactical intelligence, Kragan is secretly in league with the First Order.",https://lumiere-a.akamaihd.net/v1/images/resistance-db-kragan-gorr-main-image_aa96ff4c.jpeg,0,characters
64292927021f17e13fbc2063,Lula Talisola,"Lula Talisola can hardly wait to become a full-fledged Jedi Knight; it is her highest ambition to become the greatest Jedi that ever was. A student of Master Yoda, her incredible skills with a lightsaber puts her at the top of her class. Lula’s loyalty, compassion, and dexterity makes her a valuable member of the Star Hopper’s Padawan crew, and a cherished companion to her mischievous best friends Farzala and Qort.",https://lumiere-a.akamaihd.net/v1/images/lula-talisola-main_b29edca1.jpeg,0,characters
64292927021f17e13fbc2064,Luminara Unduli,"A green-skinned Mirialan, Luminara Unduli served the Jedi Order during the final years of the Galactic Republic, and trained the capable Padawan Barriss Offee. A no-nonsense Jedi Master, Luminara fought in Clone Wars battles such as Geonosis and Kashyyyk, and was thought to have perished during Order 66. In reality, she’d been taken into Imperial custody and executed, with holographic transmissions of her captivity used as bait to capture fugitive Jedi.",https://lumiere-a.akamaihd.net/v1/images/luminara_c05b2971.jpeg,0,characters
64292927021f17e13fbc2065,Luthen Rael,"A mysterious man with an eye for valuable finds, Luthen Rael will go to great lengths and traverse the galaxy to locate the pieces he needs to achieve his goals. A chameleon in dress and identity, Luthen capably hides behind countless faces and identities as the need arises. At his disposal he keeps all manner of exotic tools, including his cleverly modified Fondor haulcraft starship.",https://lumiere-a.akamaihd.net/v1/images/luthen-rael-main-b_2eeef63b.jpeg,0,characters
64292927021f17e13fbc2085,ME-8D9,"An ancient protocol droid of unknown manufacture, ME-8D9 has been a fixture at Maz’s castle on Takodana for many years. Pirates and smugglers often ask Emmie to serve as a translator for their shady negotiations. The droid has been reprogrammed numerous times, and her original purpose is unclear. She’s known to have served as an assassin, and some whisper that she began her long mechanical life with the Jedi Order.",https://lumiere-a.akamaihd.net/v1/images/me-8d9_d474afdc.jpeg,0,characters
64292927021f17e13fbc2086,Mee Deechi,"Mee Deechi served as the war-loving Senator from Umbara during the Clone Wars. His white hair, gaunt face, pale complexion, and black-rimmed eyes cut a striking and intimidating figure. He worked closely with the Senator from Kamino, Halle Burtoni, to increase Republic funding of clone troopers.",https://lumiere-a.akamaihd.net/v1/images/mee-deechi_e9e6a7a4.jpeg,0,characters
64292927021f17e13fbc2087,Meena Tills,"The watery world of Mon Cala was the site of a civil war during the Clone Wars, as the Mon Calamari people sided with the Republic, while the Quarren were backed by the Separatist Alliance. Senator Meena Tills was caught in the midst of this conflict, advising where she could while under the protection of the Jedi and clone troopers.     Later, Senator Tills was part of the Delegation of 2,000 -- Senatorial representatives concerned with the manner in which Chancellor Palpatine had waged the Clone Wars. The Petition of 2,000 identified Senators formally complaining on Palpatine's conduct, and requested that he return his emergency powers to the Senate following the resolution of the conflict.",https://lumiere-a.akamaihd.net/v1/images/databank_meenatills_01_169_34912fb1.jpeg,0,characters
64292927021f17e13fbc2088,MEL-221,"MEL-221 was more than a simple power droid. The brave counterpart of treasure hunter Phee Genoa, MEL accompanied the pirate on countless expeditions before a particularly dangerous expedition to Skara Nal ended their partnership.",https://lumiere-a.akamaihd.net/v1/images/mel-221-main_bd75b6a0.jpeg,0,characters
64292927021f17e13fbc2089,Melch,"Melch was one of several enslaved Ugnaughts forced to work at Reklam Station, an Imperial salvage yard. When the Ghost crew arrived, looking to steal 14 Y-wings, Melch made a deal with Hondo: he would disengage the furnace conveyer in exchange for liberation.",https://lumiere-a.akamaihd.net/v1/images/melch_63b0d6c8.jpeg,0,characters
64292927021f17e13fbc208a,Mich Matt,"Mich Matt is an Ishi Tib and gifted power technician. Once based on Coruscant, he was abducted by the Empire for a secret project, only to be rescued by the Ghost crew. He now proudly serves the Rebellion.",https://lumiere-a.akamaihd.net/v1/images/mitch-matt_4da2c9b9.jpeg,0,characters
64292927021f17e13fbc208b,Migs Mayfeld,"A hot-headed ex-Imperial sharpshooter, Migs Mayfeld was once the smart-mouthed leader of a gang of criminals. Even though he's run afoul of the law, Mayfeld's skills can still prove useful to the Mandalorian's objectives.",https://lumiere-a.akamaihd.net/v1/images/migs-mayfeld-main_16da5097.jpeg,0,characters
64292927021f17e13fbc208c,Mika Grey,"Fearless and inventive, Mika Grey is a rugged, old treasure hunter of sorts whose aim is less about riches and more about keeping destructive and powerful artifacts out of the hands of the First Order's Supreme Leader Kylo Ren. After one particular two-and-a-half-year search, the planet-hopping archaeologist discovers an ancient Sith relic that holds untold, life-ending power at its core, but she destroys it to shake the First Order operatives on her tail. This may be why she prefers to work alone.",https://lumiere-a.akamaihd.net/v1/images/zro-ff-003412_d04ee858.jpeg,0,characters
64292927021f17e13fbc208d,Mina Bonteri,"A Senator of the Confederacy of Independent Systems, Mina Bonteri had been a friend to Padmé Amidala, serving as her mentor on Naboo. Padmé missed her friend dearly, but contact between the Separatist and Republic governments was illegal during the Clone Wars. Nonetheless, Padmé secretly voyaged to Raxus, where she developed a peace accord with Mina. Bonteri proposed the peace overture to the Separatist government, finding support. The corporate barons secretly profiting the war did not agree, however. Mina died under mysterious circumstances, and her peace effort died as well.",https://lumiere-a.akamaihd.net/v1/images/databank_minabonteri_01_169_14df3969.jpeg,0,characters
64292927021f17e13fbc208e,Minister Maketh Tua,"Minister Maketh Tua was a proud member of the Empire. With the rise of the Lothal rebels, Minister Tua gained the ire of Grand Moff Tarkin. Darth Vader and Agent Kallus informed her that she would meet with the Imperial leader, and Tua knew her life was in danger. She secretly contacted the Ghost team, looking for safe passage off Lothal in return for the Empire’s secrets. While they were wary, the rebels agreed and set a rendezvous point. It was not to be, however; Darth Vader knew that Tua would try and escape, and used it to his advantage. After she boarded her shuttle and the rebels neared to escort the Minister, the ship exploded. It was all a setup meant to draw out and frame the rebels. Tua was killed, a tool used for Vader’s evil machinations.",https://lumiere-a.akamaihd.net/v1/images/image_c1bfbb83.jpeg,0,characters
64292927021f17e13fbc208f,Mira Bridger,"Mira Bridger lived on Lothal, a peaceful world, with her husband Ephraim and son Ezra…until the age of the Empire. Along with her husband, she would not bow to their tyranny. The Empire arrested the Bridgers, leaving Mira’s son an orphan and separating the family for years. Sadly, they would never reunite; she and Ephraim died leading a jailbreak, giving up their own lives to free their fellow prisoners.",https://lumiere-a.akamaihd.net/v1/images/mira-bridger_2b5ea7de.jpeg,0,characters
64292927021f17e13fbc2090,Mister Borkus,"A heavyset, barrel-chested Sullustan, Mister Borkus is the proprietor of a no-frills diner in Pons Ora, a small settlement on the mostly unknown world of Abafar. The opportunistic Borkus stumbled upon a clone commando suffering from amnesia. The soldier had escaped a devastating battle, and was stripped of his memory and his identity. Borkus callously took the clone -- Gregor -- under his care, never revealing his origin to the grateful survivor. Borkus ""generously"" offered to give Gregor room and board, at an expense, and also employed him as a dishwasher. But Gregor's meager wage wasn't enough to pay for his necessities, and thus the lowly dishwasher was little more than Borkus's slave.",https://lumiere-a.akamaihd.net/v1/images/databank_misterborkus_01_169_546f6523.jpeg,0,characters
64292927021f17e13fbc2084,MB-13,"After suffering damage in a scuffle on the Colossus, First Order droid MB-13 emerges from hiding to seek revenge on CB-23 and her friends, attacking and deactivating the small ball droid and tying up Neeku Vozo. The damage from the earlier skirmish makes it difficult for the First Order droid to get a clear view of Kaz and Torra for an effective attack, but the scrappy droid is able to bypass tower controls to try to get an encoded message to the First Order.",https://lumiere-a.akamaihd.net/v1/images/zro-ff-002829_88ed4a56.jpeg,0,characters
64292927021f17e13fbc2091,Moff Gideon,"Imperial Moff Gideon is fiercely determined to capture the Child, known as Grogu. Clever and formidable, Gideon values power and knowledge. He wields the ancient Darksaber, an artifact of great import to Mandalorians.",https://lumiere-a.akamaihd.net/v1/images/moff-gideon-main_fa8551f4.jpeg,0,characters
64292927021f17e13fbc2093,Mokko,"As the leader of ""Mokkotown,"" Mokko is the head of the mining facility and its crew, selling ipsium and using the profits to feed the workers and pay their wages. Cybernetic implants make him a fearsome sight, but his miners are loyal and eager to please. However, behind closed doors the exploitative Mokko enjoys a life of excess and extravagance, feasting while his workers battle over the scraps he deigns to share.",https://lumiere-a.akamaihd.net/v1/images/mokko-main_9b5719a5.jpeg,0,characters
64292927021f17e13fbc2094,Moloch,"A White Worm enforcer, Moloch ensures none of Lady Proxima’s scrumrats works against the Grindalid matriarch. He is one of the few Grindalids willing to venture out of the sewers into the damaging Corellian sunlight. These trips require Moloch to don customized protective armor.",https://lumiere-a.akamaihd.net/v1/images/moloch-main-b_11e9c874.jpeg,0,characters
64292927021f17e13fbc2095,Momaw Nadon,"An exile from Ithor, Momaw Nadon was a rebel sympathizer who cultivated a hidden garden in the mountains south of Mos Eisley. Nadon was in the Mos Eisley Cantina when Luke Skywalker and Obi-Wan Kenobi arrived in search of a pilot who could take them to Alderaan without attracting Imperial attention.",https://lumiere-a.akamaihd.net/v1/images/momaw-nadon-2_a6fae2f8.jpeg,0,characters
64292927021f17e13fbc2096,Mon Mothma,"Working in secret as one of the founders of the Rebel Alliance, Senator Mon Mothma of Chandrila carefully navigates the dangerous shadows of Coruscant politics in her efforts to build a viable rebellion. Once a leader of the Galactic Senate's Loyalist faction, Mon Mothma opposed Supreme Chancellor Palpatine's policies during the final days of the Republic. After the rise of the Empire, Mothma continues to serve her constituents on Coruscant while working on her ultimate goal: the Alliance to Restore the Republic.",https://lumiere-a.akamaihd.net/v1/images/mon-mothma-main_06f17008.jpeg,0,characters
64292927021f17e13fbc2097,Morad Sumar,"Morad Sumar was a farmer from Kothar, Lothal, who would often sell his produce in the local marketplace. The Empire, continually expanding its presence on Lothal, pressured Morad to sell his land. He refused, and in retaliation, Imperials destroyed Morad's homestead and arrested his family. When all hope seemed lost, Ezra Bridger and Zeb Orrelios came to the rescue...with the help of a stolen TIE fighter.",https://lumiere-a.akamaihd.net/v1/images/image_90e4a2d0.jpeg,0,characters
64292927021f17e13fbc2098,Morai,"A convor with a mysterious connection to the Daughter, an ancient god of Mortis, Morai has long followed and watched over Ahsoka Tano. In the world between worlds -- a mystical plain inside the Lothal Jedi Temple -- Morai encouraged the Padawan Ezra Bridger to save Ahsoka.",https://lumiere-a.akamaihd.net/v1/images/rebels-412-413-databank-mora-main-image_a92f08e0.jpeg,0,characters
64292927021f17e13fbc2099,Moralo Eval,"Conniving even for Phindian standards, Moralo Eval earned a loathsome reputation as a heartless murderer at a young age. As a boy, he killed his mother, telling authorities he did it because he was ""bored."" A lifetime spent as a criminal and a fugitive gave Eval a sharp survival instinct, and he had impressive technical and engineering skills. Life on the run may have also left him deranged; Moralo's odd mannerisms included talking about himself in the third person. During the Clone Wars, reports surfaced that Moralo was working with Count Dooku, possibly plotting to kidnap Chancellor Palpatine.",https://lumiere-a.akamaihd.net/v1/images/databank_moraloeval_01_169_8bffd942.jpeg,0,characters
64292927021f17e13fbc209a,Morley,"Morley believed in self-preservation. As a serpentine Anacondan eking out a life on the junk planet of Lotho Minor, Morley needed cunning to survive. He would do anything to survive, including cutting a deal with a devilish outcast. When Savage Opress arrived on Lotho Minor, Morley served as his slithering guide through the numerous dangers of the garbage planet, leading the dark warrior to his long-lost brother.",https://lumiere-a.akamaihd.net/v1/images/databank_morley_01_169_0611c9f7.jpeg,0,characters
64292927021f17e13fbc209b,Moroff,"Moroff seeks out combat zones in the galaxy to sell his brawn and firepower to anyone who might need it. Not interested in the details of the Empire versus rebels conflict, the mighty Gigoran mercenary figures there’s money to be made for a towering heavy gunner of great strength.",https://lumiere-a.akamaihd.net/v1/images/moroffb-main_48ab6946.jpeg,0,characters
64292927021f17e13fbc209c,Mother Talzin,"Mother Talzin, the spiritual guide of Dathomir's Nightsisters during the Clone Wars, held enormous power on her homeworld and wielded the strange magicks of the Nightsisters. She sold the services of the Nightsisters to the galaxy's wealthy and powerful, but wasn't above backstabbing any clients who treated her clan with disrespect. She sought revenge against Count Dooku and his master, Darth Sidious. Dooku had betrayed the Nightsister Asajj Ventress, but his crimes paled in comparison with Sidious’s. Long before the Clone Wars, Sidious had promised to make Talzin his right hand, only to renege on his promise and steal her son, Darth Maul, to train as his apprentice.",https://lumiere-a.akamaihd.net/v1/images/databank_mothertalzin_01_169_50fa6fd0.jpeg,0,characters
64292927021f17e13fbc209d,Mubo,"A sixth-generation droid builder and technological genius, Droid Depot owner Mubo loves tinkering at his bench, and talking to anyone that will listen. To keep his business booming, he relies on a handful of ships to keep parts moving steadily into Batuu.",https://lumiere-a.akamaihd.net/v1/images/mubo_4cd2859c.jpeg,0,characters
64292927021f17e13fbc209e,Muchi,"Standing at roughly 1.82 meters, Muchi is small for a rancor because she's in the adolescent stage of development. Still, after some help escaping from a Zygerrian cage, she's a formidable opponent for the slave traders -- and their loyal winged brezaks -- who tried to hold her captive. The only thing that can stop her from rampaging in the rubble of Old Ord Mantell City is a challenge from an equally strong opponent, leaving her exhausted and docile.",https://lumiere-a.akamaihd.net/v1/images/the-bad-batch-rampage-story-gallery-12_b7d4195f.jpeg,0,characters
64292927021f17e13fbc2092,Moff Jerjerrod,"A chilly technocrat, Tiaan Jerjerrod was responsible for overseeing construction of the second Death Star above the forest moon of Endor. The task was difficult, to say the least -- Jerjerrod desperately needed more time and more resources. What he got instead was a visit from Darth Vader.",https://lumiere-a.akamaihd.net/v1/images/databank_commanderjerjerrod_01_169_3e457b94.jpeg,0,characters
64292927021f17e13fbc2083,Maz Kanata,"Maz Kanata is more than a thousand years old, a diminutive being with vast experience at surviving in the underworld. From her castle on Takodana, Maz has seen galactic powers rise and fall and felt the Force ebb and flow, seeking an elusive balance between darkness and light. She has given many a young smuggler a start by offering credits, equipment or connections, and helped many an old friend rediscover a lost path.",https://lumiere-a.akamaihd.net/v1/images/tfa-db-maz-kanata-main-image_5022305c.jpeg,0,characters
64292927021f17e13fbc2082,Mayor Mok Shaiz,"The mayor of metropolitan Mos Espa, Mayor Mok Shaiz enjoys his seat of power and is wary of anyone who would challenge it.",https://lumiere-a.akamaihd.net/v1/images/the-book-of-boba-fett-chapter-2-story-gallery-02_a961c9de.jpeg,0,characters
64292927021f17e13fbc2081,Max Rebo,"Max Rebo was the heart (or at least the fluid sac) of the band that bore his name, and could be found onstage behind the pedals of his red ball jett organ. From there he kept an ear on his bandmates' playing and an eye on the sleazy clients who hired his ensemble for their entertainment. After playing a gig for Jabba the Hutt just before the gangster was killed, Rebo survived and now entertains the patrons of Garsa’s Sanctuary in Mos Espa.",https://lumiere-a.akamaihd.net/v1/images/max-rebo-main_df002ffc.jpeg,0,characters
64292927021f17e13fbc2066,Lux Bonteri,"The son of Separatist Senator Mina Bonteri, Lux was young, idealistic, and skeptical of the aims of the Republic and the Jedi Knights. His father was a fervent supporter of the Separatists, and was killed by clone troopers on Aargonar. Lux did not know what to make of Ahsoka Tano and her visit to Separatist space. After a failed peace overture begun by Mina extended to the Republic, Lux’s mother died, assassinated on Count Dooku’s orders. After making an ill-fated effort to avenge her by killing Dooku, Lux joined the anti-Separatist resistance on his homeworld of Onderon. After the rebels defeated the Separatists, Lux became Onderon’s Republic Senator.",https://lumiere-a.akamaihd.net/v1/images/lux_bonteri_13fdb7b3.jpeg,0,characters
64292927021f17e13fbc2067,Lyana,"Like Omega, Lyana Hazard is a young girl curious about the galaxy and enthralled by Phee Genoa, who is also her aunt. The daughter of the Mayor of Pabu, Lyana welcomes Omega and her own family of refugees to the humble island and shows her and the rest of the Bad Batch a simple way of life away from the frontlines of conflict.",https://lumiere-a.akamaihd.net/v1/images/lyana-main_82415529.jpeg,0,characters
64292927021f17e13fbc2068,Lyn Me,"A lithe Twi'lek dancer and singer, Lyn Me performed with the Max Rebo Band during the group's residence as Jabba the Hutt's house band. From the stage, Lyn Me got an up-close look at the depraved galactic underworld.",https://lumiere-a.akamaihd.net/v1/images/lyn-me-main-image_9c02fdc3.jpeg,0,characters
64292927021f17e13fbc2069,Lyra Erso,"A geologist with an extensive knowledge of crystals, Lyra Erso helped her husband Galen with his work before he became involved with Orson Krennic’s energy-enrichment project. Deeply suspicious of both Krennic and the Empire, Lyra believed in the Force and tried to share her faith with her daughter Jyn. When Krennic tracks the Ersos to Lah’mu, she risks everything to protect her family.",https://lumiere-a.akamaihd.net/v1/images/lyra-erso-main_41211399.jpeg,0,characters
64292927021f17e13fbc206a,M5-BZ,"Serving alongside the aged Jedi Master Tera Sinube with distinction that drew the attention of the Jedi Council, M5-BZ was called upon to serve the Republic as part of D-Squad, an all-droid special missions unit led by the gruff Colonel Meebur Gascon. To carry out the vital assignment of capturing a Separatist encryption module, Beezee had its cranial memory module gutted to allow room for a mobile command center that would house Gascon.",https://lumiere-a.akamaihd.net/v1/images/m5-bz_293053bd.jpeg,0,characters
64292927021f17e13fbc206b,Maarva Andor,"In her younger days, Maarva Andor and her husband, Clem, made salvage runs to scattered worlds, scavenging unclaimed technology to bring back to their home on Ferrix. Part of the hardworking cycle of mechanical salvage, refurbishment, and resale that keeps the planet's economy afloat, Maarva has long since retired from hard labor, but remains a beloved figure in the community. A member of the Daughters of Ferrix, Maarva is revered for the sharpness of her mind and firmness of her spirit. Despite the years and her failing health, she has a strong independent streak in her, something she shares with her adopted son, Cassian.",https://lumiere-a.akamaihd.net/v1/images/andor-ep-3-quote-maarva_cb5c33e5.jpeg,0,characters
64292927021f17e13fbc206c,Mace Windu,"A grim Jedi Master with an amethyst-bladed lightsaber, Mace Windu was the champion of the Jedi Order, with little tolerance for the failings of the Senate, the arguments of politicians, or the opinions of rebellious Jedi. As the Clone Wars intensified, Mace sensed the dark side of the Force at work, and knew the Jedi's enemies were plotting to destroy the Order and end its stewardship of the galaxy.",https://lumiere-a.akamaihd.net/v1/images/Mace-Windu_b35242e5.jpeg,0,characters
64292927021f17e13fbc206d,Magaloof,"A Leffingite from Almak, Magaloof was a speeder thief who crossed paths with Obi-Wan Kenobi while the Jedi clung to an assassin droid zipping across the busy skylanes of Coruscant. Magaloof had seen a lot of things since coming to Coruscant, but a Jedi clutching a droid kilometers above the ground was a new one even for him.",https://lumiere-a.akamaihd.net/v1/images/magaloof_aff3601f.jpeg,0,characters
64292927021f17e13fbc206e,Magistrate Morgan Elsbeth,"The coldhearted Magistrate of Calodan, Morgan Elsbeth clings to power with an iron fist and holds many secrets.",https://lumiere-a.akamaihd.net/v1/images/magistrate-morgan-elsbeth-main_d7b9d192.jpeg,0,characters
64292927021f17e13fbc206f,Major Brance,"A communications officer at the Resistance base on D’Qar, Taslin Brance brought word of the First Order’s raid on Jakku to Leia Organa. Brance feared BB-8 had been lost in the attack, but Leia told him never to underestimate a droid. Major Brance later had the grim duty of informing Leia of the destruction of Hosnian Prime.",https://lumiere-a.akamaihd.net/v1/images/major-brance_5b77fed7.jpeg,0,characters
64292927021f17e13fbc2070,Major Bren Derlin,"A mustachioed rebel officer, Bren Derlin hailed from Tiisheraan. He served with Alliance Intelligence and was named security chief at Hoth’s Echo Base. Derlin reluctantly gave the order to close the base’s shield doors while Han Solo was out searching for Luke Skywalker. He survived the Battle of Hoth and led a rebel ground unit during the Battle of Endor.",https://lumiere-a.akamaihd.net/v1/images/major-bren-derlin_9f3442b5.jpeg,0,characters
64292927021f17e13fbc2071,Major Capin Harinar,"Capin Harinar is part of General Draven’s Alliance Intelligence staff. But where officers such as Colonel Delto argue over the importance of information, Harinar concerns himself with physical objects. As a materials analyst, he scrutinizes captured Imperial technology to assess the Empire’s capabilities and figure out how to counter them.",https://lumiere-a.akamaihd.net/v1/images/major-captain-harinar-main_8696de7a.jpeg,0,characters
64292927021f17e13fbc2072,Major Partagaz,"A high-ranking official within the Imperial Security Bureau, Major Partagaz concerns himself with identifying unrest long before it escalates into becoming a threat to the safety of the Empire's magnificent order.",https://lumiere-a.akamaihd.net/v1/images/major-partagaz-main_5381eafd.jpeg,0,characters
64292927021f17e13fbc2073,Major Rigosso,"A military officer loyal to Otua Blank of Quarzite, Major Rigosso was tasked with overseeing the safe delivery of a precious cargo to his lordship during the Clone Wars. Due to the inhospitable atmospheric pressure on the surface of Quarzite, the Belugan and Kage people lived in subterranean passages beneath the planet's crust. Transit and transportation for Blank's people was provided by a series of subtram lines, which were frequently raided by Kage Warriors. To best protect Blank's delivery, Rigosso hired a team of elite bounty hunters to accompany him and the cargo.",https://lumiere-a.akamaihd.net/v1/images/major_rigosso_cb35cf35.jpeg,0,characters
64292927021f17e13fbc2074,Major Vonreg,"An elite First Order operative clad in distinct crimson armor and with a TIE fighter to match, Major Baron Elrik Vonreg reports directly to Captain Phasma. Part of a secret operation, he makes a personal visit to the Colossus with a shipment of fuel, all in an attempt to coerce Captain Doza into approving First Order protection on the platform.",https://lumiere-a.akamaihd.net/v1/images/resistance-db-major-baron-vonreg-main-image_9461c679.jpeg,0,characters
64292927021f17e13fbc2075,Mak Plain,This Muun banker called Coruscant home and came into conflict with Senators Padme Amidala and Bail Organa over interest rates for loans made to the Galactic Republic by the InterGalactic Banking Clan.,https://lumiere-a.akamaihd.net/v1/images/mak-plain_458aadb1.jpeg,0,characters
64292927021f17e13fbc2076,Malakili,"A burly human, Malakili tended to Jabba the Hutt’s menagerie, including the galactic gangster’s prized pet rancor. Despite the rancor’s vicious nature, Malakili cared about the beast. He was shocked when Luke Skywalker killed his monstrous charge, and wept at its demise.",https://lumiere-a.akamaihd.net/v1/images/malakili_9da71dc4.jpeg,0,characters
64292927021f17e13fbc2077,Mantu,"A squat, hunched being with cold, clammy skin and a murderous twinkle in his eye, Mantu was far from a typical Selkath. Historically, his people had been regarded as a peaceful, helpful culture devoted to the tending of the ill, or the care of their oceans. How far had the Selkath fallen that Mantu was one of their most well known modern legends, a deadly bounty hunter who relied on surprise to target his prey.",https://lumiere-a.akamaihd.net/v1/images/mantu_09633588.jpeg,0,characters
64292927021f17e13fbc2078,Mar Tuuk,The Neimodian Mar Tuuk was a brilliant military strategist who hailed from planet Neimoidia. Tuuk was Captain of a droid control ship in the Separatist Fleet and oversaw the blockade of Ryloth during the Clone Wars. He matched wits against Jedi General Anakin Skywalker and was outmatched enough that he was forced to abandon his ship.,https://lumiere-a.akamaihd.net/v1/images/mar-tuuk_f6186b0c.jpeg,0,characters
64292927021f17e13fbc2079,Marcus Speedstar,"A legendary racer in his own right, and three-time winner of the Five Sabers, Marcus Speedstar is also the estranged younger brother of Jarek Yeager. When he returns to race brother-versus-brother in the Platform Classic, he hopes to mend their fractured family, scarred by Speedstar's blind quest for glory at any cost. But in the years they've been apart, Marcus has run afoul of the Guavian Death gang, and a 20,0000-credit debt jeopardizes his mission and his friend's life.",https://lumiere-a.akamaihd.net/v1/images/resistance-db-marcus-speedstar-main-image_9195a2de.jpeg,0,characters
64292927021f17e13fbc207a,Marg Krim,"The leader of the Pyke Syndicate, Marg Krim is still weak-minded enough to be manipulated by a Jedi.",https://lumiere-a.akamaihd.net/v1/images/marg-krim-main_f4b1597f.jpeg,0,characters
64292927021f17e13fbc207b,Marrok,"A loyal and well-trained anooba, Marrok was the Kyuzo bounty hunter Embo’s faithful companion, assisting his master in a number of adventures. During a skirmish on Nal Hutta, the fearless Marrok saved the hunter Sugi from the clutches of Darth Maul. Embo waded into combat confident that Marrok would be at his side -- and would even retrieve the trusty hat the Kyuzo used as both weapon and shield.",https://lumiere-a.akamaihd.net/v1/images/image_a866ee0e.jpeg,0,characters
64292927021f17e13fbc207c,Mart Mattin,"Leader of Iron Squadron and captain of Sato’s Hammer, Mart Mattin was a creative, if somewhat reckless, young rebel. When the Empire invaded his homeworld, Mykapo, he initially refused to leave, even though his ship had a broken hyperdrive. Eventually, Mart and Iron Squadron joined forces with the Ghost crew, handing the Empire a defeat and escaping to fight another day. He was reunited with his uncle, the famed Commander Sato, and his friends.",https://lumiere-a.akamaihd.net/v1/images/mart-mattin_e487433b.jpeg,0,characters
64292927021f17e13fbc207d,Mas Amedda,"Mas Amedda was the Vice Chair of the Galactic Senate during Chancellor Valorum's term, a position he continued to hold as Chancellor Palpatine transformed the Republic into the Galactic Empire. Amedda's booming voice often called for order when the partisan nature of the Republic's government degenerated into pointless bickering. In an alien gesture of authority, he would often punctuate such calls with a flicker of his long, forked tongue.",https://lumiere-a.akamaihd.net/v1/images/mas-amedda-main_3e450a61.jpeg,0,characters
64292927021f17e13fbc207e,Master Codebreaker,"He’s a soldier, freedom fighter, ace pilot, top smuggler and a poet with a blaster – and a slicer capable of defeating the toughest security in the galaxy. So Maz Kanata describes the man known only as the Master Codebreaker. His favorite haunt is Canto Bight, where he’s recognizable by the red plom bloom adorning one immaculate lapel of his tuxedo.",https://lumiere-a.akamaihd.net/v1/images/last-jedi-databank-master-codebreaker-main-image_4387c376.jpeg,0,characters
64292927021f17e13fbc207f,Maul,"A deadly, agile Sith Lord trained by the evil Darth Sidious, Darth Maul was a formidable warrior and scheming mastermind. He wielded an intimidating double-bladed lightsaber and fought with a menacing ferocity. Though he fell in battle against Obi-Wan Kenobi, the Zabrak from Dathomir would prove to be much harder to destroy than originally believed.",https://lumiere-a.akamaihd.net/v1/images/Darth-Maul_632eb5af.jpeg,0,characters
64292927021f17e13fbc2080,Mawhonic,"A Gran podracer, Mawhonic competed in the Boonta Eve Classic. Knowledgable podracing fans regarded him as one of the more capable challengers to Sebulba, the favorite in the hard-fought race. Sebulba wasted no time eliminating his Gran rival from the competition and smashed into Mawhonic's podracer on the first lap, knocking him out of the race.",https://lumiere-a.akamaihd.net/v1/images/mawhonic-main-image_7962bb16.jpeg,0,characters
64292927021f17e13fbc2117,Rae Sloane,"With Emperor Palpatine dead, a new Imperial leader has emerged from the chaos after Endor -- Admiral Rae Sloane, a decorated veteran with a vision for the Empire’s future. Sloane believes that the Empire has purged itself of weakness and corruption, and that those who remain are worthy to uphold the Empire’s ideals. Uncompromising and tactically brilliant, Sloane holds the remaining Imperial loyalists together with an iron will.",https://lumiere-a.akamaihd.net/v1/images/rae-sloane-main_99d88b74.jpeg,0,characters
64292927021f17e13fbc2118,Rafa,"The eldest of two sisters, during the Clone Wars Rafa Martez ran a galactic laundry facility she won gambling, while making her real living through illegal jobs with the denizens of the Coruscant underworld. Trusting only her sister, Trace, the two siblings learned that they could only count on each other to survive. But with the Empire now in power, Rafa's faith in her sister remains, yet she finds herself choosing a side.",https://lumiere-a.akamaihd.net/v1/images/the-bad-batch-decommissioned-story-gallery-06_e32c2385.jpeg,0,characters
64292927021f17e13fbc2119,Rake Gahree,"Among the most promising cadets at the Empire’s Skystrike Academy was Rake Gahree. Secretly, however, Rake wished to leave his Imperial life behind and join the rebellion. But it was not meant to be; during an attempt to escape with undercover rebel Sabine Wren and two fellow trainees, Governor Pryce remotely disabled their ships. She ordered one of the fighters -- now defenseless and floating listlessly -- destroyed, and Rake was no more.",https://lumiere-a.akamaihd.net/v1/images/rake-gahree_1fe6da7a.jpeg,0,characters
64292927021f17e13fbc211a,Rako Hardeen,"Rako Hardeen had aspirations for greatness -- he wanted to stand shoulder-to-shoulder among the legendary bounty hunters of his era, hired guns like Cad Bane, Embo and Twazzi. A crack shot, he was reputed to be the best marksman from Concord Dawn, but he never gained the notoriety he desired. That is, until the day he killed Obi-Wan Kenobi...    Hardeen was hired by a mysterious client to target Kenobi. He succeeded, just barely outrunning Kenobi's vengeful former apprentice, Anakin Skywalker. Hiding out in the seamy depths of Coruscant, Rako was shocked to discover his client was the Jedi Council. it was part of a secret plot to replace Hardeen with a Jedi agent to infiltrate the criminal underworld.",https://lumiere-a.akamaihd.net/v1/images/acw_ia_95339_3238c10b.jpeg,0,characters
64292927021f17e13fbc21b2,Therm Scissorpunch,"With a sharpened shank implanted in one claw and an overall fearsome appearance, Therm is reputed for intimidating his opponents during games of sabacc. In reality, he’s a mediocre card player who insists on being addressed by his full name, although it’s unclear if it’s a nickname he’s been given or part of a prestige he’s hoping to create around himself.",https://lumiere-a.akamaihd.net/v1/images/solo-db-therm-scissorpunch-main-image_29a25254.jpeg,0,characters
64292927021f17e13fbc21b3,Thi-Sen,"Thi-Sen is the chieftan of a peaceful tribe of Talz on the planet Orto Plutonia. He tried to negotiate peace with the Pantorans and Galactic Republic, but Chi Cho, chairman of the Pantoran Assembly fought against the peace they found. With Chi Cho out of the way, Riyo Chuchi, with the aid of C-3P0 is able to make peace with Thi-Sen.",https://lumiere-a.akamaihd.net/v1/images/thi-sen_1e29789d.jpeg,0,characters
64292927021f17e13fbc21b4,Tiber Saxon,"Tiber Saxon is a Mandalorian warrior who aligned with the Empire following the occupation of his homeworld and the death of his predecessor, Gar Saxon. Having pledged allegiance to the Emperor, he is willing to go to any means to acquire power and enforce the Emperor's will.",https://lumiere-a.akamaihd.net/v1/images/tiber-saxon_7810b12f.jpeg,0,characters
64292927021f17e13fbc21b5,Timm Karlo,"A floor manager at the Caleen Salyard on Ferrix, Timm Karlo connects buyers with the salvage maintained by his partner, Bix Caleen. Bix trusts Timm, but while their business arrangement has turned into a romantic entanglement, Timm cannot shake his own paranoia that Caleen is keeping secrets from him.",https://lumiere-a.akamaihd.net/v1/images/timm-karlo-main_c34a8573.jpeg,0,characters
64292927021f17e13fbc21b6,Tion Medon,"Greeting Obi-Wan Kenobi during his search for General Grievous on windswept Utapau was Port Administrator Tion Medon. The tall, gaunt Utapaun initially feigned ignorance about Grievous' whereabouts, but then whispered a warning to Kenobi. Grievous was indeed on the planet, hiding on the tenth level of the sinkhole city with an army of thousands of battle droids.",https://lumiere-a.akamaihd.net/v1/images/databank_tionmedon_01_169_bf78864d.jpeg,0,characters
64292927021f17e13fbc21b7,Tiplar,"Jedi General Tiplar led clone troops during the Clone Wars, sometimes serving alongside her twin sister Tiplee. Clone trooper CT-5385, nicknamed Tup, shot and killed Tiplar during combat on a space station above the planet Ringo Vinda. Tup’s apparently treasonous action was the result of a malfunctioning bio-chip secretly implanted in all the clones to ensure their obedience.",https://lumiere-a.akamaihd.net/v1/images/ACW_IA_114418_8f751288.jpeg,0,characters
64292927021f17e13fbc21b8,Tiplee,"Tiplee served as a Jedi General during the Clone Wars, sometimes fighting alongside her twin sister Tiplar. She witnessed her sister’s death at the hands of clone trooper Tup at Ringo Vinda. Later, Tiplee joined Obi-Wan Kenobi on a mission to capture Darth Maul at Ord Mantell. She died in a lightsaber duel with Count Dooku.",https://lumiere-a.akamaihd.net/v1/images/image_1a89b564.jpeg,0,characters
64292927021f17e13fbc21b9,Tobias Beckett,"A native of Glee Anselm, Tobias Beckett is a professional thief who’s planned and carried out any number of heists with his crew. Beckett is always aware of the angles and uncertainties – and ready to unholster his blasters if something goes wrong. That’s always a possibility -- Beckett has learned the hard way that trust has its limits.",https://lumiere-a.akamaihd.net/v1/images/solo-tobias-beckett-main-image-2_68b30f62.jpeg,0,characters
64292927021f17e13fbc21ba,Todo 360,"Cad Bane's techno-service droid, known as Todo 360 for short, has many built-in gadgets that make him incredibly useful. Always willing to do his duty, Todo is a hard worker with an attitude to match, especially if you try to call him a butler droid.",https://lumiere-a.akamaihd.net/v1/images/todo-360-main_22f221eb.jpeg,0,characters
64292927021f17e13fbc21bb,Toht Ra,"Dryden Vos employs Toht Ra and his fellow Hylobon thugs to serve as security aboard the First Light. Ra is the yacht’s attendant, confiscating guests’ weapons as they board. The Hylobon has a percussive cannon and vibrocutlass at the ready in case of trouble.",https://lumiere-a.akamaihd.net/v1/images/solo-db-toht-ra-main-image_31d2d9e3.jpeg,0,characters
64292927021f17e13fbc21bc,Torch,"The older models of astromech droids are often overlooked as little more than scrap, but Torch's loyalty and abilities to mask all signs of functionality to play dead make this droid an indispensable ally. Whether breaking Venisa Doza out of a First Order prison cell, piloting a TIE as a clever diversion, or setting off a series of explosions to cover a hasty escape, this little droid is more than capable under fire.",https://lumiere-a.akamaihd.net/v1/images/torch-main_9138011f.jpeg,0,characters
64292927021f17e13fbc21bd,Toro Calican,"An inexperienced young bounty hunter, Toro Calican had ambitions to make a name for himself by partnering with the more experienced Mandalorian.",https://lumiere-a.akamaihd.net/v1/images/toro-calican-main_700e348b.jpeg,0,characters
64292927021f17e13fbc21b1,The Twins,"Cousins to the late, great Jabba the Hutt, a pair of fraternal Huttese siblings, referred to simply as the Twins, have designs for the criminal empire they see as their birthright. Overcoming their limited mobility and obvious avarice by being carried aloft on enormous litters, they are ferried along the streets by a legion of devoted servants, including a drummer who announces their arrival and a gladiator who stands guard.",https://lumiere-a.akamaihd.net/v1/images/the-book-of-boba-fett-chapter-2-story-gallery-04_00553a6a.jpeg,0,characters
64292927021f17e13fbc21be,Torra Doza,"A daring pilot at the Colossus station with a sense of flair and competitiveness, Torra Doza has the combined energy of a hotshot Ace and a fifteen-year old. She is the daughter of the station operator, Captain Imanuel Doza, and lives in the station’s upper levels.",https://lumiere-a.akamaihd.net/v1/images/resistance-db-torra-main-image_6e7e32d3.jpeg,0,characters
64292927021f17e13fbc21c0,Tristan Wren,"Tristan Wren, brother of rebel Sabine Wren, is a capable yet conflicted warrior. Along with his clan, he aligned with the Empire following the occupation of Mandalore, and blamed his sister for her role in its fall. But after a clash with Gar Saxon on Krownest, he now stands with his sister in defiance of Imperial tyranny.",https://lumiere-a.akamaihd.net/v1/images/tristan-wren_b94fec8f.jpeg,0,characters
64292927021f17e13fbc21c1,Trudgen,"A collector of grim trophies, Trudgen fights with a massive vibrocleaver made even more deadly by embedded ultrasonic conductors. His hodgepodge armor and helmet are a personalized record of enemies he has defeated.",https://lumiere-a.akamaihd.net/v1/images/trudgen-main_1146dbec.jpeg,0,characters
64292927021f17e13fbc21c2,Tryla,"When the nomadic Death Watch army arrived on the peaceful planet of Carlac, they intruded in the towns of the native Ming Po. Under Pre Vizsla's command, the Death Watch kidnapped many defenseless natives, forcing them to serve their needs as they set up a temporary base of operations. Not even Tryla, the grand-daughter of Chieftain Peiter was spared. Tryla befriended Ahsoka Tano, a Jedi hidden in their midst, but did not live long enough to see her town liberated.",https://lumiere-a.akamaihd.net/v1/images/databank_tryla_01_169_1d539cbb.jpeg,0,characters
64292927021f17e13fbc21c3,Tseebo,"Tseebo was a Rodian from Lothal who joined the Empire -- then became one of the most wanted beings in the galaxy. Outfitted with Lobot-tech headgear, Tseebo accessed and stole secret Imperial schematics and plans, resulting in a planet-wide manhunt. While the technological implants caused him to appear incoherent, Tseebo was eventually found by an old friend, Ezra Bridger, and his team of rebels. They protected him, and Tseebo and Ezra came to peace with past mistakes and questions.",https://lumiere-a.akamaihd.net/v1/images/image_70704ee1.jpeg,0,characters
64292927021f17e13fbc21c4,Twazzi,"A lithe, acrobatic Frenk, Twazzi's limber agility earned the praise of so vaunted a witness as Chancellor Valorum. As a bounty hunter, Twazzi used her flexibility and balance to good effect, outmaneuvering opponents and positioning herself in sniping positions that would be impossible for most humanoids.",https://lumiere-a.akamaihd.net/v1/images/databank_twazzi_01_169_1e3dd60c.jpeg,0,characters
64292927021f17e13fbc21c5,Twi’lek Majordomo,Mok Shaiz’s loyal majordomo is a richly attired Twi’lek who handles much of the Mos Espa mayor’s personal affairs.,https://lumiere-a.akamaihd.net/v1/images/twi-lek-majordomo-main_107452be.jpeg,0,characters
64292927021f17e13fbc21c6,U9-C4,"A somewhat timid astromech droid that served with Jedi Thongla Jur during the Clone Wars, U9-C4 was called upon to serve the Republic as part of D-Squad, an all-droid special missions unit led by the gruff Colonel Meebur Gascon. To carry out the vital assignment of capturing a Separatist encryption module, Ceefor was outfitted with an intense laser cutter capable of slicing through most materials. To fire the laser, Ceefor had to anchor itself firmly since the modification packed quite the recoil.",https://lumiere-a.akamaihd.net/v1/images/u9-c4_1f4f3177.jpeg,0,characters
64292927021f17e13fbc21c7,Ubbla Mollbro,"A boisterous Xi’Dec opera singer, Ubbla Mollbro braves the scorn of Canto Bight’s old-money elite while on a quest to find a suitable hatching partner. With her well-maintained egg sacs and inimitable sense of style, how can Ubbla fail?",https://lumiere-a.akamaihd.net/v1/images/tlj-db-ubbla-mollbro-main-image_07c72d10.jpeg,0,characters
64292927021f17e13fbc21c8,"Ubert ""Sticks"" Quaril","Ubert Quaril, known among his fellow musicians as Sticks, played some odd gigs in his time – but few were odder than entertaining the assorted lawbreakers and fortune-seekers drawn to Maz’s castle on Takodana. Appearing as part of a quartet, Sticks entertained the crowd with his xyloxan.",https://lumiere-a.akamaihd.net/v1/images/ubert-sticks-quaril_9e37fc57.jpeg,0,characters
64292927021f17e13fbc21c9,Ubialla Gheal,"Ubailla Gheal’s nightclub in Canto Bight is one of the resort city’s highlights. Tall and grand, Ubailla is determined to rise in Canto Bight’s social hierarchy, and seeks to do favors for the city’s power brokers so that she can become one herself.",https://lumiere-a.akamaihd.net/v1/images/ep8-085154_jw_c03f60e6.jpeg,0,characters
64292927021f17e13fbc21ca,Ulaf,"In his advanced age, Ulaf's physical strength has started to wane, due in part to a grueling schedule of 12-hour shifts at Table Five in the Imperial Narkina 5 facility. But Ulaf has not lost hope. As the longest serving inmate in the seven-level prison, he's eager to serve the last days of his sentence and taste freedom once more.",https://lumiere-a.akamaihd.net/v1/images/ulaf-main_e65f85bf.jpeg,0,characters
64292927021f17e13fbc21cb,Unkar Plutt,"A hulking Crolute, Unkar Plutt is the junkboss of Jakku, doling survival rations out to scavengers in return for salvage from the Graveyard of Ships. The ruthless Unkar uses hired muscle to enforce his stranglehold on barter, sending his thugs to punish any scavenger who dares dabble in unauthorized trades or negotiates too aggressively. The Blobfish – as scavengers call him behind his broad back -- has collected all matter of weapons, gears and ships over the years, including a battered Corellian freighter he keeps under a tarp on the outskirts of Niima Outpost.",https://lumiere-a.akamaihd.net/v1/images/unkar-plutt_4cd0610b.jpeg,0,characters
64292927021f17e13fbc21bf,Trace,"A no-nonsense mechanic and aspiring pilot on Level 1313 of the Coruscant underworld during the Clone Wars, Trace Martez dreamt of a life among the stars. With the ship she repaired, called The Silver Angel, she and her sister, Rafa, plotted to make a living far from the reach of the Jedi and their war. In the age of the Empire, the sisters remain a team using Trace's ship and her technical know-how for jobs including the retrieval of a Separatist tactical droid's memory banks in a bid to outwit the new regime.",https://lumiere-a.akamaihd.net/v1/images/the-bad-batch-decommissioned-story-gallery-11_6b108fbf.jpeg,0,characters
64292927021f17e13fbc21cc,Ursa Wren,"The commanding force of Clan Wren, Ursa Wren is an unflinching Mandalorian warrior and leader. Following the Imperial occupation of Mandalore, Ursa's relationship to her daughter Sabine became strained. But after a reconciliation on Krownest, they are now determined to restore Mandalore and fight the Empire's oppression.",https://lumiere-a.akamaihd.net/v1/images/ursa-wren_08122c8e.jpeg,0,characters
64292927021f17e13fbc21b0,The Mythrol,"Once the Mandalorian's bounty, the fledgling Mythrol is now trying to make a living in the office of the Magistrate of Nevarro.",https://lumiere-a.akamaihd.net/v1/images/the-myhrol-main_c763c088.jpeg,0,characters
64292927021f17e13fbc21ae,The Grand Inquisitor,"Not much is known about the Empire’s Grand Inquisitor. The Pau’an is the leader of an elite cadre of Force-sensitive interrogators and hunters tasked with tracking down Jedi survivors who escaped Order 66. He reports directly to Darth Vader. Like his superior, the Inquisitor is an intimidating figure, dressed in black and wielding a red, double-bladed lightsaber.",https://lumiere-a.akamaihd.net/v1/images/the-grand-inquisitor-main_aba95c9f.jpeg,0,characters
64292927021f17e13fbc2194,Tarfful,"A massive Wookiee general, Tarfful helped defend his native Kashyyyk during the Clone Wars. A distress signal brought Tarfful and his most trusted warriors rushing to Chewbacca's help against the hated Trandoshans on the hunting grounds of Wasskah. Later, Tarfful and Chewbacca fought side by side with General Yoda on the battlegrounds of Kashyyyk.",https://lumiere-a.akamaihd.net/v1/images/tarrful_f20d3412.jpeg,0,characters
64292927021f17e13fbc2195,Taskmaster Myles Grint,"Taskmaster Myles Grint was an Imperial officer serving on Lothal. Hulking and imposing, he bullyed the locals and helped establish the Empire's tyranny on the Outer Rim planet. Like his boss Commandant Aresko, the brutal Grint failed to stop Lothal’s rebels. He too paid a steep price: The Inquisitor executed Grint on orders from Grand Moff Tarkin.",https://lumiere-a.akamaihd.net/v1/images/image_1ad665b3.jpeg,0,characters
64292927021f17e13fbc2196,Tasu Leech,"The leader of the Kanjiklub, Tasu Leech is a brutal street fighter. Leech grew up on the Hutt colony world of Nar Kanji and refuses to speak Basic, dismissing it as a “soft language for soft people” and preferring to let his Huttsplitter blaster rifle do the talking. Leech and his fighters confront Han Solo aboard his bulk freighter, angry that the Corellian has twice failed to deliver promised cargo.",https://lumiere-a.akamaihd.net/v1/images/tasu-leech_15b293df.jpeg,0,characters
64292927021f17e13fbc2197,Taun We,"A beautiful sylph-like Kaminoan, Taun We is the administrative aide to the Prime Minister of Kamino, Lama Su. When Obi-Wan Kenobi arrived at the rain-swept platforms of Tipoca City, he was greeted by the gentle Taun We.    Taun We explained that the Kaminoans had long been expecting the arrival of a Jedi envoy, since a Jedi representative, Master Sifo-Dyas, commissioned a clone army a decade earlier. Kenobi bluffed his way into the heart of the cloning operation, and had the naive Taun We introduce him to the original source of the clones, Jango Fett.",https://lumiere-a.akamaihd.net/v1/images/the-bad-batch-bounty-lost-story-gallery-03_1878426f.jpeg,0,characters
64292927021f17e13fbc2198,Tawni Ames,"Governor Tawni Ames led the world of Desix before the fall of the Republic, a member of the Separatist enclave known as the Confederacy of Independent Systems. With the Empire now in control, Ames continues to resist Imperial rule with her battle droids ready to fight off insurgents.",https://lumiere-a.akamaihd.net/v1/images/the-bad-batch-season-2-ep-3-story-gallery-05_c820554c.jpeg,0,characters
64292927021f17e13fbc2199,Tay Kolma,"Tay Kolma's success in the world of banking has taken him from his homeworld of Chandrila to the capital of Coruscant. A polished example of refined social stature, he remains close with his childhood friend, Mon Mothma, and quietly shares her political ideologies.",https://lumiere-a.akamaihd.net/v1/images/tay-kolma-main_2919162d.jpeg,0,characters
64292927021f17e13fbc219a,TAY-0,"TAY-0 is self-assured and downright cocky, a droid quite literally built to be a champion Riot Racer at Safa Toma. As Cid's ringer, TAY-0 was a profitable gamble until the ""Steel Claw"" tore him and his racer to shreds.",https://lumiere-a.akamaihd.net/v1/images/the-bad-batch-season-2-ep-4-story-gallery-04_c4b0ccca.jpeg,0,characters
64292927021f17e13fbc219b,Taybin Ralorsa,"Taybin Ralorsa was a vocalist for a musical combo that braved Maz’s castle on Takodana, playing for an audience of pirates, smugglers, spies and random adventurers.",https://lumiere-a.akamaihd.net/v1/images/taybin-ralorsa_259e5cb6.jpeg,0,characters
64292927021f17e13fbc219c,TC-14,TC-14 was a protocol droid with feminine programming that was in the employ of the Trade Federation on their Profiteer-class droid control ship Saak’ak. She showed Obi-wan Kenobi and Qui-Gon Jinn to a conference room where she offered them refreshments as they waited for the Trade Federation to murder the Jedi with the toxic gas Dioxis.,https://lumiere-a.akamaihd.net/v1/images/tc-14_08341508.jpeg,0,characters
64292927021f17e13fbc219d,Tech,"In the unusual group of specialist clone commandos called Clone Force 99 (or the Bad Batch), Tech is the computer and weapons specialist and easily the most talkative of the group. With his data analysis skills, he can puzzle through technical issues at speeds even faster than some droids. But sometimes his matter-of-fact outlook on the situation fails to consider the emotions of  other members of his squad, like Omega.",https://lumiere-a.akamaihd.net/v1/images/tech-main_4c1adf1b.jpeg,0,characters
64292927021f17e13fbc219e,Teckla Minnau,"Teckla Minnau was a human female from Naboo who served as an aide to Senator Padme Amidala during the time just prior to the Clone Wars and through the war. She served in many capacities and was an important sounding board for the Senator. She accompanied Amidala on her mission to Scipio and took part in the ruse to expose the InterGalactic Banking Clan’s fraud, but was killed by the sniper shot of the bounty hunter Embo.",https://lumiere-a.akamaihd.net/v1/images/teckla-minnau_fdfa2fef.jpeg,0,characters
64292927021f17e13fbc219f,Tee Va,"Tee Va was a Moogan smuggler who operated during the Clone wars, at least in part, on Mandalore in the capital, Sundari. Part of his operation was diluting tea with Slabin in order to double the amount he could sell, thereby doubling his profit. His operation needed to move when he used a contaminated batch of Slabin that ended up poisoning a number of Mandalorian children. Later in the war, he ended up participating in slave auctions on Zygerria.",https://lumiere-a.akamaihd.net/v1/images/tee-va_10520f7c.jpeg,0,characters
64292927021f17e13fbc21af,The Modifier,"An artisan when it comes to cybernetic augmentation, the Modifier is a skilled craftsman who can expertly engineer customized additions and improvements for anyone with money.",https://lumiere-a.akamaihd.net/v1/images/the-modifier-main_94825cf8.jpeg,0,characters
64292927021f17e13fbc21a0,Tee Watt Kaa,"Tee Watt Kaa was a male Lurman from the world Maridun, deep in the Outer Rim. He was the leader of his village and stubbornly pacifist. His white beard and set him apart visually from the rest of the Lurmen in his village. When the Separatists invaded his world, he refused to allow Ahsoka Tano and Commander Rex to assemble a resistance from his people. Some rebelled and did fight, much to Tee Watt Kaa’s dismay. Even though it saved their village, it opened up their world for Republic control.",https://lumiere-a.akamaihd.net/v1/images/tee-watt-kaa_c06fecdc.jpeg,0,characters
64292927021f17e13fbc21a2,Teeka,"What Teeka lacks in height, she more than makes up for in attitude. She is a hustler, looking to sell her wares at a mark-up to those in need for scraps of technology and other junk.",https://lumiere-a.akamaihd.net/v1/images/teeka-main_6b215424.jpeg,0,characters
64292927021f17e13fbc21a3,Teemto Pagalies,"Teemto Pagalies was a flamboyant, hilarious, and handsome Veknoid podracer from Moonus Mandel. Though he was an outcast on his homeworld, he found fame racing pods. During the Boonta Eve Classic won by Anakin Skywalker, Teemto’s IPG-X1131 LongTail was sniped off the course by those pesky Tusken Raiders camped out on the Canyon Dune turn. Despite the horrible crash, he survived to race another day.",https://lumiere-a.akamaihd.net/v1/images/teemto-pagalies_140af421.jpeg,0,characters
64292927021f17e13fbc21a4,Temiri Blagg,"Temiri Blagg leads a forlorn existence in the shadows of Canto Bight’s wealth, caring for fathiers in stables ruled by the iron-fisted groom Bargwill Tomder. Temiri dreams of a better life somewhere among the stars. When two desperate Resistance fighters cross his path, he must make a crucial choice.",https://lumiere-a.akamaihd.net/v1/images/temiri-blagg-tlj-db_38d63f20.jpeg,0,characters
64292927021f17e13fbc21a5,Tera Sinube,"The wise old Jedi Master Tera Sinube was an expert on the Coruscant underworld, having studied the criminal activities of the lower levels of the city world for decades. A methodical investigator, Sinube was also a keen observer of people. Bolstered by his connection to the Force, Sinube's deductive skills could piece together evidence and solve a crime faster than seasoned detectives in Coruscant law enforcement. Though his body may have slowed in his advanced years, his mind remained quick and agile.",https://lumiere-a.akamaihd.net/v1/images/databank_terasinube_01_169_73b2bf3d.jpeg,0,characters
64292927021f17e13fbc21a6,Terba,"Terba, an Ugnaught male, was the cellmate of Hondo Ohnaka at an Imperial prison. Though rescued by the Ghost crew, his escape was short-lived. Terba ran, recklessly, toward an exit; instead of freedom he found an AT-DP, and was blasted high and far off the base.",https://lumiere-a.akamaihd.net/v1/images/terba_782ebf55.jpeg,0,characters
64292927021f17e13fbc21a7,Terisa Kerrill,"Terisa Kerrill lived as a starving orphan on the streets of Coruscant, until the Empire gave her a life of honor and purpose among the stars. From her beginnings as a gifted TIE pilot, Terisa has always seen Imperial military service as a path to a better life, and an opportunity to cleanse the last traces of the old Republic’s decadence and corruption. Though young, Terisa shows a natural talent for command, and her unshakeable loyalty means she will defend the Empire to the last.",https://lumiere-a.akamaihd.net/v1/images/terisa-kerrill-main-23a9q7s4_2860677a.jpeg,0,characters
64292927021f17e13fbc21a8,Teroj Kee,"Teroj Kee is a no-good swindler who claims to be with the Mining Guild and has been scheming to steal a rare and important part from Flix and Orka's shop. But through a series of impressive spy maneuvers, Kaz manages to follow the scoundrel and discovers that he's actually working with the First Order.",https://lumiere-a.akamaihd.net/v1/images/resistance-db-teroj-kee-main-image_1c99d7b3.jpeg,0,characters
64292927021f17e13fbc21a9,Thamm,"The tiny alien known as Thamm is a favorite croupier among the Canto Casino’s guests, boisterously encouraging gamblers who visit his table and collecting Cantocoins with a miniature croupier stick.",https://lumiere-a.akamaihd.net/v1/images/tlj-db-thamm-main-image_bd8e67e6.jpeg,0,characters
64292927021f17e13fbc21aa,The Armorer,The Armorer plays a vital role in keeping the culture of the Mandalorians alive. She forges beskar armor in the ancient tradition of her people.,https://lumiere-a.akamaihd.net/v1/images/emily-swallow-interview-c_23a33c08.jpeg,0,characters
64292927021f17e13fbc21ab,the Client,"A mysterious Imperial who keeps a low profile in a safehouse on Nevarro, the Client is the face behind an otherwise faceless bounty, an off-the-record assignment with a high value.",https://lumiere-a.akamaihd.net/v1/images/the-client-main_6fae992d.jpeg,0,characters
64292927021f17e13fbc21ac,The Countess,"Her full name and title are a mouthful: Contessa Alissyndrex delga Cantonica Provincion. Fortunately, she’s content with being addressed more simply as the Countess of Canto Bight. The Countess – whose husband is rarely seen in public -- sits atop the resort city’s social ranks and owns a sizable share of many of its business operations.",https://lumiere-a.akamaihd.net/v1/images/last-jedi-databank-the-countess-main-image_c6f57717.jpeg,0,characters
64292927021f17e13fbc21ad,The Grammus Sisters,"A pair of eccentric performance artists, Rhomby and Parallela Grammus have caused a stir in Canto Bight with their striking appearance and odd mannerisms. The sisters claim to be from another dimension, and sometimes speak in a seemingly unknown language. Among other oddities, they’re famous for being the only known source of a legendary vintage of wine.",https://lumiere-a.akamaihd.net/v1/images/tlj-db-rhomby-parallela-grammus-main-image_b924b111.jpeg,0,characters
64292927021f17e13fbc21a1,Teebo,"An Ewok scout, Teebo led the hunting party that captured Han Solo, Chewbacca, Luke Skywalker, C-3PO and R2-D2 in a net. Disliking the look of Solo, Teebo gave him several pokes with a spear. He then brought his captives back to Bright Tree Village to be cooked for a banquet in C-3PO’s honor. R2-D2, objecting to this treatment, shocked Teebo repeatedly once freed. Teebo sounded the horn summoning the Ewoks to fight the stormtroopers, and made amends with Artoo after the rebel victory.",https://lumiere-a.akamaihd.net/v1/images/teebo_48370833.jpeg,0,characters
64292927021f17e13fbc21cd,Ushar,"Ushar enjoys testing opponents’ mettle, giving those he deems worthy the honor of a quick death. His weapon of choice is a brutal war club enhanced with a concussion-field generator. While Ushar’s origins remain mysterious, his helmet’s breathing tubes suggest he comes from some species other than humanity.",https://lumiere-a.akamaihd.net/v1/images/ushar-main_b6b460c8.jpeg,0,characters
64292927021f17e13fbc21ce,Utooni,"These Jawa brothers have learned to live life following a few very important principles: 
A) the more entertaining you are, the more people want to be around you, increasing your access to their stuff; 
B) people love a winner – the more you win, the more famous you become; and 
C) If you're famous, sometimes people will just give you stuff.
So, they always fight to win and do whatever it takes to increase the visibility of their brand: they are always ready to showcase their best moves and arsenal of oversized weaponry hidden under that long cloak, which would come in handy if they could stop arguing about what weapon to use first.",https://lumiere-a.akamaihd.net/v1/images/utoonihs-main_14146203.jpeg,0,characters
64292927021f17e13fbc21cf,Val,"A no-nonsense and occasionally prickly woman who is a crack shot with a blaster rifle, Val may be the most even-headed and capable member of Tobias Beckett's ragtag crew of scoundrels.",https://lumiere-a.akamaihd.net/v1/images/solo-db-val-main-image2_b0c61f90.jpeg,0,characters
64292927021f17e13fbc21ef,Wrecker,"The boisterous bruiser of Clone Force 99, a group of elite soldiers known as the Bad Batch, Wrecker is a tower of a soldier, with powerful muscles that make him far stronger than the average clone. He earns his nickname well, as he has a flair for barreling through any obstacle thrown his way and serves as the resident demolitions expert -- a job he performs with much enthusiasm.",https://lumiere-a.akamaihd.net/v1/images/wrecker-s2-a-main_cd3412e7.jpeg,0,characters
64292927021f17e13fbc21f0,Wuher,"You didn’t survive in the Mos Eisley Cantina by being nice, and Wuher was a survivor. The gruff bartender dispensed drinks to the spacers, moisture farmers and barflies escaping the Tatooine heat; did his best to enforce the seedy bar’s handful of rules (no droids and no settling fights with blasters); and avoided trouble, whether it began with trigger-happy patrons or stormtroopers investigating the latest incident.",https://lumiere-a.akamaihd.net/v1/images/wuher-main-image_883bdea2.jpeg,0,characters
64292927021f17e13fbc21f1,Wullf Yularen,"An admiral in the Republic's service, Yularen served gallantly in the Clone Wars, commanding a Jedi Cruiser in many campaigns against Separatist forces. Yularen was assigned to serve with the Jedi General Anakin Skywalker, and the rigid officer and the impulsive Jedi made for an odd combination. Yularen admired Anakin's bravery and instincts in battle while deploring his recklessness and willingness to interpret orders creatively -- or ignore them altogether.",https://lumiere-a.akamaihd.net/v1/images/andor-107-quotes-wullf-yularen_c_3b8e6386.jpeg,0,characters
64292927021f17e13fbc21f2,Wullffwarro,"Wullffwarro was a Wookiee warrior that once fought for the Old Republic, and later forced into slavery by the Empire at the spice mines of Kessel. But with the arrival of the Ghost crew, he and his fellow captives fought back against their captors. Wullffwarro was reunited with his son, Kitwarr, and left the dreaded planet.",https://lumiere-a.akamaihd.net/v1/images/image_22d7fda0.jpeg,0,characters
64292927021f17e13fbc21f3,Xaul,"With a sour demeanor, Xaul completes his daily tasks at Table Five inside the Imperial Narkina 5 prison, sulkily working with his fellow inmates to make quota or suffer the consequences.",https://lumiere-a.akamaihd.net/v1/images/xaul-main_5bad07b9.jpeg,0,characters
64292927021f17e13fbc21f4,Xi'an,"An athletic and agile Twi'lek, Xi'an is the bladed weapons expert of a gang of criminals working with the Mandalorian.",https://lumiere-a.akamaihd.net/v1/images/xi_an-main_472d1b37.jpeg,0,characters
64292927021f17e13fbc21f5,Xomit Grunseit,"This Falleen male was the leader of the Black Sun underworld faction during the Clone Wars. He based his operations out of the volcanic world Mustafar. He’s paid a visit by Pre Viszla, Darth Maul, and Savage Opress as they’re recruiting for their Shadow Collective, but he quickly loses his head and is replaced by the captain of his guard, Ziton Moj.",https://lumiere-a.akamaihd.net/v1/images/xomit-grunseit_e4b02d50.jpeg,0,characters
64292927021f17e13fbc21f6,Yaddle,"The quiet Yaddle was a member of the same mysterious species as the revered Jedi Master Yoda. Yaddle sat on the Jedi Council with her fellow green-skinned diminutive Force-user. By the time of the Clone Wars, she was no longer on the Council.",https://lumiere-a.akamaihd.net/v1/images/databank_yaddle_01_169_3cfd7068.jpeg,0,characters
64292927021f17e13fbc21f7,Yanna,"Yanna is a Wookiee elder who leads a treetop sanctuary after the Clone Wars have brought destruction to her planet. With Imperial invaders and their allied opportunists burning through Kashyyyk's forests, Yanna and her assembled warriors strive to maintain a quiet peace on their world.",https://lumiere-a.akamaihd.net/v1/images/the-bad-batch-season-2-ep-6-story-gallery-12_8f061999.jpeg,0,characters
64292927021f17e13fbc21f8,Yarael Poof,"A gaunt, long-necked Quermian, Yarael Poof had two brains and four arms, which he kept hidden beneath his Jedi robes. Poof was a member of the Jedi Council during the final years of the Republic, and was in the Jedi Council Chamber when Qui-Gon Jinn returned from Tatooine with the extraordinary news that the ancient Sith had returned to challenge the Jedi once more.",https://lumiere-a.akamaihd.net/v1/images/screen_shot_2015-08-03_at_10_b0b47660.jpeg,0,characters
64292927021f17e13fbc21f9,Yarna d'al' Gargan,"One of Jabba's many possessions, the ample Yarna d'al' Gargan served the Hutt as a dancing girl. Yarna's slower, more deliberate moves across the throne room floor formed a contrast to those of the slimmer, younger Oola.",https://lumiere-a.akamaihd.net/v1/images/yarna-main-image_d95b36c6.jpeg,0,characters
64292927021f17e13fbc21fa,Yoda,"Yoda was a legendary Jedi Master and stronger than most in his connection with the Force. Small in size but wise and powerful, he trained Jedi for over 800 years, playing integral roles in the Clone Wars, the instruction of Luke Skywalker, and unlocking the path to immortality.",https://lumiere-a.akamaihd.net/v1/images/Yoda-Retina_2a7ecc26.jpeg,0,characters
64292927021f17e13fbc21ee,Wollivan,"A vac-suit-clad Blarina, Wollivan is an interstellar scout, blazing new hyperspace trails between the galaxy’s far-flung stars. A common sight in Maz’s castle, he could often be found selling navigational data and trinkets – or sometimes gambling them away -- to fellow castle guests.",https://lumiere-a.akamaihd.net/v1/images/wollivan_0c371500.jpeg,0,characters
64292927021f17e13fbc21fb,Yogar Lyste,"Yogar Lyste was an Imperial officer stationed on Lothal. He oversaw inventory and distribution of supplies and weapons for the Empire on the Outer Rim planet, and had an encounter with a small band of rebels that dared to steal Imperial cargo.",https://lumiere-a.akamaihd.net/v1/images/image_be200df2.jpeg,0,characters
64292927021f17e13fbc21fd,Zaina,"Zaina is a veteran of the Rebellion, acting as a symbol of honor and justice, with unimpeachable integrity and a never give up attitude. She's a born leader whose skills have been honed in the fires of countless battles. She rouses the crowd and her squadmates alike with an intense and infectious fighting spirit. Calling out old Rebellion edicts and slogans she speaks to the fans of the nascent New Republic and promises a bright galactic future.",https://lumiere-a.akamaihd.net/v1/images/zainahs-main_2cdcf76d.jpeg,0,characters
64292927021f17e13fbc21fe,Zam Wesell,"A shape-shifting Clawdite assassin from Zolan, Zam Wesell could assume any humanoid form. Jango Fett hired her to kill Padmé Amidala on Coruscant, but the Naboo Senator eluded an explosive that destroyed her starship, then escaped poisonous kouhuns let loose in her apartment. Anakin Skywalker and Obi-Wan Kenobi pursued Zam across Coruscant, catching her in the Outlander Club. Before she could talk, Jango shot her dead with a Kaminoan saberdart.",https://lumiere-a.akamaihd.net/v1/images/zam-wesell_bbaffe9f.jpeg,0,characters
64292927021f17e13fbc21ff,Zare Leonis,"Zare Leonis found a kindred spirit in Ezra Bridger, as both were undercover cadets at the Imperial Academy with no love of the Empire. Zare showed impressive skill as a cadet, but his true goal was to find out what happened to his sister, Dhara -- a star trainee at the Imperial Academy who mysteriously vanished. Zare helped Ezra uncover an Imperial decoder and escape the academy, but remained behind as a spy.",https://lumiere-a.akamaihd.net/v1/images/image_7e9fc014.jpeg,0,characters
64292927021f17e13fbc2201,Zerelda Sage,"Growing up on a world occupied by Separatists left Zerelda Sage with a deep-seated hatred and mistrust of droids. However, she also learned to sabotage Separatist ships. After the war, she took her mechanical skills to the podracing circuit, before being recruited to maintain Vanguard Squadron’s starfighters. Zerelda’s hangar is her domain - one where droids are barely tolerated - and she sees every pilot’s safety as her personal responsibility.",https://lumiere-a.akamaihd.net/v1/images/zerelda-sage-main_8460b1e8.jpeg,0,characters
64292927021f17e13fbc2202,Zett Jukassa,"A young Padawan, Zett Jukassa fought heroically after clone troopers marched on the Jedi Temple to carry out Order 66. He fell in battle as a horrified Bail Organa looked on.",https://lumiere-a.akamaihd.net/v1/images/zett-jukassa_0eb7f414.jpeg,0,characters
64292927021f17e13fbc2203,Zev Senesca,"Zev was a rebel pilot assigned to Echo Base on the frozen planet Hoth. Flying a snowspeeder as Rogue Two, he located Han Solo and Luke Skywalker after the two went missing during a perilous blizzard. Zev then flew with Rogue Squadron in the Battle of Hoth, but blasts from an AT-AT walker ripped through his snowspeeder, killing him.",https://lumiere-a.akamaihd.net/v1/images/e5s_key_105_6eda70be.jpeg,0,characters
64292927021f17e13fbc2204,Zillo Beast,"An ancient creature accidentally unearthed on Malastare during an intense battle of the Clone Wars, the zillo beast was a monster of legend. The enormous animal proved to be nearly invulnerable to Republic weaponry, prompting intense interest from then-Chancellor Palpatine. At his order, the creature was incapacitated and transported to a secure research facility on Coruscant, before it broke free and terrorized the capital. In the era of the Empire, Emperor Palpatine's scientists continue to work on harnessing the species' natural gifts, with disastrous consequences. On one occasion, an Imperial craft carrying a modified version of the creature crash-landed on the world of Silla, leaving the modified zillo to blindly hunt for power sources, gulping at energy conduits to propel its rapid growth, and feasting on one of the planet's solar farms.",https://lumiere-a.akamaihd.net/v1/images/modified-zillo-beast-main_32f7cc66.jpeg,0,characters
64292927021f17e13fbc2205,Ziro the Hutt,"Jabba the Hutt's Uncle Ziro conspired with Count Dooku to kidnap Jabba's son Rotta, reasoning that when the Jedi sent to retrieve Rotta died, the Republic would be forced to apprehend Jabba, leading to Ziro gaining control of their clan.    When the conspiracy unraveled, Ziro was imprisoned on Coruscant. Cad Bane freed him and turned him over to the Hutt Council, who feared that Ziro might tell the Republic of their many dirty dealings. Ziro escaped the Hutts, but could not outrun his past.",https://lumiere-a.akamaihd.net/v1/images/ziro_the_hutt_79826012.jpeg,0,characters
64292927021f17e13fbc2206,Ziton Moj,"His gruff demeanor and devilish grin indicated Ziton Moj relished how well-protected he was by the power of criminal influence. A bully to his very marrow, Moj was a leg-breaking lieutenant for the Black Sun criminal syndicate during the Clone Wars. Never one to be intimidated, he was also pragmatic enough to avoid fights he couldn't win. This level-headedness served him well when Darth Maul usurped control of Black Sun, and installed Ziton as leader, replacing the decapitated ruling council.",https://lumiere-a.akamaihd.net/v1/images/databank_zitonmoj_01_169_6cb70837.jpeg,0,characters
64292927021f17e13fbc2207,ZO-E3,"A wisecracking droid and trusted companion, ZO-E3 also serves as the co-pilot of the Windfall.",https://lumiere-a.akamaihd.net/v1/images/zoe-3-main_d61859b3.jpeg,0,characters
64292927021f17e13fbc2208,Zorii Bliss,"It is difficult for scoundrels to remain neutral in the war between First Order and Resistance, and Zorii Bliss and the Spice Runners of Kijimi must soon take a side.",https://lumiere-a.akamaihd.net/v1/images/zorii-bliss-main_77af69f5.jpeg,0,characters
64292927021f17e13fbc2209,Zuckuss,"A Gand bounty hunter, Zuckuss heeded the Empire's call for mercenaries to locate the Millennium Falcon and bring her fugitive crew to justice, receiving his orders on the bridge of Darth Vader's Super Star Destroyer.",https://lumiere-a.akamaihd.net/v1/images/zuckuss-main-image_af4f3e42.jpeg,0,characters
64292927021f17e13fbc21fc,Yushyn,"In league with the Empire, Yushyn operated a Mining Guild facility on a planetoid in the far reaches of space. He harvested a specific type of gas, which also attracted the massive purrgil creatures, and Yushyn coldly ordered his men to kill any beast that approached his refinery. Fate would bring the Ghost crew to his outpost, too, however. The rebels stole Yushyn’s fuel and saved the purrgil; in turn, one of the great animals grabbed Yushyn in its jaws and dragged him into the planetoid’s depths.",https://lumiere-a.akamaihd.net/v1/images/yushyn_1591ca15.jpeg,0,characters
64292927021f17e13fbc21ed,Winta,"Omera keeps a watchful eye on her daughter, Winta, while tending to the busy work of harvesting the land. Visitors are infrequent, so the arrival of a Mandalorian warrior and his large-eared charge stokes Winta's curiosity.",https://lumiere-a.akamaihd.net/v1/images/winta-main_911a65f9.jpeg,0,characters
64292927021f17e13fbc21ec,Wilmon Paak,"At just 16, Wilmon Paak already works long days at his family's Repaak Salyard on Ferrix alongside his father, Salman. Too young to remember a time before the Empire, Wilmon still yearns for freedom and nurtures a talent for modifying technology to meet his needs.",https://lumiere-a.akamaihd.net/v1/images/wilmon-paak-main_3d7178a1.jpeg,0,characters
64292927021f17e13fbc21eb,Willie (W1-LE),"W1-LE was Lando Calrissian’s personal attendant droid. Even with a laid-back personality, it handled all of Lando’s business, particularly in his absence. Lando owned W1-1E since the Clone Wars; the droid once had a different body type, but Lando transferred its logic unit to an RQ unit. When the Lothal rebels made a deal with Calrissian for safe passage off the planet, W1-LE completed the transaction in Lando’s stead.",https://lumiere-a.akamaihd.net/v1/images/willie-droid-main-image_fbc9d63c.jpeg,0,characters
64292927021f17e13fbc21d0,Valen Rudor,"After the Empire discovered that Old Jho -- owner of the popular Old Jho's Pit Stop cantina -- was aiding rebels, they arrested and executed him. The Empire assumed ownership of the watering hole, placing it under the stewardship of Valen Rudor. There, Rudor once again encountered the rebels. He led a hunt for Ezra Bridger and his friends through the city's underground tunnels, but was unable to apprehend them.",https://lumiere-a.akamaihd.net/v1/images/image_d2970dc9.jpeg,0,characters
64292927021f17e13fbc21d1,Valik,"With a mohawk-like line of black spikes protruding from her chalky skin, piercing red eyes, and long, bony fingers capped by claw-like nails, the pirate Valik strikes fear into the hearts of those who make her acquaintance.",https://lumiere-a.akamaihd.net/v1/images/resistance-db-valik-main-image_ba62eb68.jpeg,0,characters
64292927021f17e13fbc21d2,Valin Hess,"Valin Hess was a top general in the Imperial Army, and continues to be loyal to the Empire's ideals in this chaotic era of the New Republic.",https://lumiere-a.akamaihd.net/v1/images/valin-hess-main_36b0a141.jpeg,0,characters
64292927021f17e13fbc21d3,Vaneé,"A black-cloaked attendant to Darth Vader, Vaneé interrupts the Sith Lord’s meditation in his rejuvenation chamber on Mustafar to announce Orson Krennic’s arrival. After Krennic’s audience with Vader was over, Vaneé advises the director that it would be wise to say nothing of what he’s seen in the Sith sanctum.",https://lumiere-a.akamaihd.net/v1/images/vanee-main_2cb89446.jpeg,0,characters
64292927021f17e13fbc21d4,Varko Grey,"Varko Grey started his career as a police officer on Parkella, fighting to keep order in the face of corruption and injustice. In time he joined up as an Imperial TIE pilot, seeing the Empire as the only hope for a chaotic galaxy. Beating the odds to survive battle after battle — much to the relief of his husband Emory — Grey’s skills and experience eventually earned him a promotion to Titan Leader. Over the years, Grey has wrestled internally with the Empire's methods, but he's seen too many TIE pilots sacrifice their lives for Imperial ideals to reject them now.",https://lumiere-a.akamaihd.net/v1/images/varko-grey-main_483c4dd3.jpeg,0,characters
64292927021f17e13fbc21d5,Vel Sartha,"Above all else, Vel Sartha is a survivor. A rebel operative ever on the move, Vel is willing to sacrifice creature comforts, personal relationships, and even her life for her latest mission: to infiltrate the Empire on Aldhani.",https://lumiere-a.akamaihd.net/v1/images/vel-sartha-main_c1baec00.jpeg,0,characters
64292927021f17e13fbc21d6,Venisa Doza,"A fearless freedom fighter, Venisa Doza once fought with the Rebel Alliance to dismantle the Galactic Empire but fell in love with an Imperial officer in the process. While her family remains safe aboard the Colossus - after convincing Imanuel Doza to defect, the two married and had a child - Venisa has answered the call of the Resistance, insistent on fighting back against the threat of the First Order so that her daughter, Torra, might one day live in a galaxy at peace.",https://lumiere-a.akamaihd.net/v1/images/rendezvous-point-ep-main_34c03b89.jpeg,0,characters
64292927021f17e13fbc21d7,Veris Hydan,"An advisor to Emperor Palpatine, Minister Veris Hydan is not Force-sensitive but is a scholar of Jedi and Sith lore and history. Upon the discovery of the Lothal Jedi Temple, Hydan was charged with leading the excavation and deciphering its mysteries.",https://lumiere-a.akamaihd.net/v1/images/rebels-412-413-databank-veris-hydan-main-image_0b386a9e.jpeg,0,characters
64292927021f17e13fbc21d8,"Vernestra ""Vern"" Rwoh","Vern is a newly-minted Jedi Knight. Vernestra, Mirialan, was Padawan to Stellan Gios. She works hard and is devoted to the Jedi Order, more so than most others her age. At sixteen she is one of the youngest Knights in a generation. She struggles to fit in with the adults while also setting a good example for the younger Jedi.",https://lumiere-a.akamaihd.net/v1/images/vernestra-vern-rwoh-main_6aa5e264.jpeg,0,characters
64292927021f17e13fbc21d9,Vi Moradi,"Vi is a female spy who serves in the Resistance. Some time prior to the First Order’s attack on Hosnian Prime, she was captured and interrogated for information regarding the past of Captain Phasma by Phasma’s rival, Cardinal, in exchange for her release. Recognizing her talent, General Organa sent Vi and other spies to scout for a new Resistance command location. Vi traveled to Black Spire Outpost on Batuu, where she managed to secure a safe location for the Resistance to rendezvous.",https://lumiere-a.akamaihd.net/v1/images/vi-moradi-main_8f88b2a0.jpeg,0,characters
64292927021f17e13fbc21da,Vice Admiral Rampart,"After the fall of the Republic, Vice Admiral Rampart eagerly took on the role of overseeing the clone troopers on Kamino for the new Galactic Empire. In the early days of the regime, Rampart's loyalty to Governor Tarkin and the rest of the Imperials was unquestioned. But after damaging evidence of his order to destroy Tipoca City came to light on the floor of the Galactic Senate, Rampart was arrested, standing accused as a traitor to the Empire despite his protestations that he was simply following orders.",https://lumiere-a.akamaihd.net/v1/images/vice-admiral-rampart-main_68007ef8.jpeg,0,characters
64292927021f17e13fbc21db,Vicrul,"A powerful but untrained user of the dark side of the Force, Vicrul sees himself as a harvester, using his vicious ultrasonic scythe to cut down enemies and take their souls to augment his own power.",https://lumiere-a.akamaihd.net/v1/images/vicrul-main_3ae1a83a.jpeg,0,characters
64292927021f17e13fbc21dc,Vober Dand,"A grizzled Tarsunt, Vober Dand serves in the Resistance’s Ground Logistics Division, monitoring operations. He is known as a stickler for detail and proper procedure. During the Resistance’s attack on Starkiller Base, Dand monitored the squadrons’ losses with increasing worry. Dand continued his service to the Resistance after the evacuation of D’Qar.",https://lumiere-a.akamaihd.net/v1/images/vober-dand_1fbbfa39.jpeg,0,characters
64292927021f17e13fbc21dd,Volzang Li-Thrull,"A veteran fighter, Volzang Li-Thrull joined Tasu Leech and his fellow gang members on a mission to intercept the Eravana and confront Han Solo. Leech ordered Volzang to search the freighter – which became a dangerous assignment with rathtars on the loose.",https://lumiere-a.akamaihd.net/v1/images/kanjiklub_69f04fa9_9aa02da4.jpeg,0,characters
64292927021f17e13fbc21de,Vranki the Blue,"As proprietor, host, and promoter of Vranki's Hotel and Casino, Vranki the Blue's corpulent form glides around his resort, overseeing his massive empire of gambling and racing. Although he prides himself in being different than the rest of the Hutt clan, Vranki isn't above cheating to ensure the odds are in his favor, especially when a substantial prize is on the line.",https://lumiere-a.akamaihd.net/v1/images/vranki-main_e76224b5.jpeg,0,characters
64292927021f17e13fbc21df,Vult Skerris,"Vult Skerris is one of the Empire’s most gifted TIE pilots; his TIE interceptor features striking red markings that symbolize his combat prowess. He is an instructor at Skystrike Academy, demanding the best from his students -- and a strict adherence to orders.",https://lumiere-a.akamaihd.net/v1/images/vult-skerris_49dcdb57.jpeg,0,characters
64292927021f17e13fbc21e0,WA-7,"A sassy waitress droid, WA-7 kept plates coming and tables clean in Dexter's Diner, a comfy greasy spoon on Coruscant. Nicknamed FLO, she always had a friendly greeting for regulars -- provided they didn't overload her circuits with attitude or make her repeat the specials.",https://lumiere-a.akamaihd.net/v1/images/wa-7-main-image-2_7807ab42_e3896b48.jpeg,0,characters
64292927021f17e13fbc21e1,WAC-47,"A clever if flighty pit droid programmed in piloting, WAC-47 served as part of the 91st Recon Corps, reporting to Clone Commander Neyo. He was drafted into service as part of D-Squad, a special missions group of droids assigned by the Jedi Council to recover a vital Separatist encryption module. WAC-47 did not always see photoreceptor-to-eye with the mission's commander, Colonel Meebur Gascon, who treated the loyal droids as property. WAC-47, who seemingly had a program glitch that was unable to properly register the colonel's rank as anything other than ""corporal,"" insisted Gascon treat D-Squad with the respect they deserved.",https://lumiere-a.akamaihd.net/v1/images/databank_wac47_01_169_7dff4669.jpeg,0,characters
64292927021f17e13fbc21e2,Wald,"Wald was one of Anakin's playmates in the Mos Espa Slave Quarters. He and Kitster, along with the droids R2-D2 and C-3PO, formed Anakin's pit team at the Boonta Eve Classic Podrace. At the time, Wald was six years old.",https://lumiere-a.akamaihd.net/v1/images/databank_wald_01_169_d1cf2fdd.jpeg,0,characters
64292927021f17e13fbc21e3,Wat Tambor,"The foreman of the Techno Union, Wat Tambor was one of the original and most fervent Separatist leaders, pledging his loyalty and his battle droid armies to Count Dooku at a pivotal meeting on Geonosis. Later in the war, Tambor was appointed emir of Ryloth. His occupation was a cruel one, in which Tambor stripped the Twi'leks of whatever valuables he could find, then bombed their villages.",https://lumiere-a.akamaihd.net/v1/images/databank_emirwattambor_01_169_9528ba0f.jpeg,0,characters
64292927021f17e13fbc21e4,Watto,"Watto was a Toydarian junk dealer in Mos Espa who bought Shmi Skywalker and her son Anakin from Gardulla the Hutt. An inveterate gambler, he sponsored Anakin in several Podraces, but often bet against his own slave, who was talented but inexperienced.    Watto lost Anakin to Qui-Gon Jinn in a wager on the Boonta Eve race. Years later, he sold Shmi to the moisture farmer Cliegg Lars.",https://lumiere-a.akamaihd.net/v1/images/databank_watto_01_169_ecd563f1.jpeg,0,characters
64292927021f17e13fbc21e5,Wedge Antilles,"A talented young rebel pilot from Corellia, Wedge Antilles survived the attack on the first Death Star to become a respected veteran of Rogue Squadron. He piloted a snowspeeder in the defense of Echo Base on Hoth, and led Red Squadron in the rebel attack on the second Death Star above Endor.",https://lumiere-a.akamaihd.net/v1/images/databank_wedgeantilles_01_169_b8185dce.jpeg,0,characters
64292927021f17e13fbc21e6,Weeteef Cyu-Bee,"A diminutive Talpini, Weeteef is a valuable member of Saw’s band of partisans. His small size makes him ideal for infiltration missions in Jedha’s Holy City, and he’s both an expert sharpshooter and a clever builder of sticky bombs used to bring down Imperial scout walkers and assault tanks.",https://lumiere-a.akamaihd.net/v1/images/weeteef-cyu-bee-main_671488b4.jpeg,0,characters
64292927021f17e13fbc21e7,Wes Janson,"A native of Taanab, Wes Janson joined the Alliance and was assigned to Hoth’s Echo Base. During the Battle of Hoth, Lieutenant Janson served as tail gunner for Wedge Antilles under the call sign Rogue Three. After the AT-AT walkers’ armor proved too strong for blasters, Janson and Antilles were the first pilots to try Luke Skywalker’s risky strategy of using harpoons and tow cables to trip up the Imperial war machines.",https://lumiere-a.akamaihd.net/v1/images/wes-janson_e193b62f.jpeg,0,characters
64292927021f17e13fbc21e8,WG-22,"Inside Fort Ypso on Vandor, gladiator droid WG-22 is part of a band of modified droids made to battle to the point of destruction in Ralakili’s droid fighting pits. The droid’s mechanical limbs can puncture metal with a devastating might powered by electricity produced in his interior power cells. But when a fight is interuppted by the plaintive protests of another droid, L3-37, her cries for droid rights end up costing WG-22 dearly.",https://lumiere-a.akamaihd.net/v1/images/solo-db-wg-22-main-image-4_2eefb922.jpeg,0,characters
64292927021f17e13fbc21e9,Wicket W. Warrick,"Wicket W. Warrick was the brave young Ewok who willingly joined the Rebellion and aided in the battle against the Empire on the forest moon of Endor. Even before he encountered the Rebels, Wicket had devised methods for defeating the Imperial machines, plans which were implemented after the Ewok befriended Princess Leia and recruited his tribe to the Alliance's cause. During the Battle of Endor, Wicket fought valiantly alongside his new allies.",https://lumiere-a.akamaihd.net/v1/images/databank_wickettwwarrick_01_169_86d1210c.jpeg,0,characters
64292927021f17e13fbc21ea,Willard Waylin,"A graduate of the Arkanis Academy, Willard Waylin grew up with both a love of Imperial design and a knack for engineering. Though he liked nothing more than working on Imperial starships, he never wanted to fly, allowing him to bypass the competitive life of TIE pilot training to focus on becoming a mechanic. Recently assigned to the Star Destroyer Overseer, Waylin knows that Imperial strength sometimes comes down to the right wrench in the right hands.",https://lumiere-a.akamaihd.net/v1/images/willard-waylin-main_79ae9df5.jpeg,0,characters
64292927021f17e13fbc2193,Taramyn Barcona,"Once a stormtrooper serving the Empire, Taramyn Barcona defected and now acts as the chief of operations for the Aldhani rebel infiltration team. Barcona's knowledge of the Imperial machine is invaluable. Strategically, Barcona plans each step of the mission to ensure the success of a complex heist behind enemy lines.",https://lumiere-a.akamaihd.net/v1/images/taramyn-barcona-main_3b6871fd.jpeg,0,characters
64292927021f17e13fbc2029,King Katuunko,"The sovereign ruler of the Toydarians, King Katuunko valued honesty above all else. He was chiefly concerned with protecting his people from the ravages of the Clone Wars, and was hesitant to ally himself to either the Republic or Separatist factions. After Master Yoda impressed Katuunko with a display of Jedi character, Katuunko committed his world to support the Republic.",https://lumiere-a.akamaihd.net/v1/images/king_katuunko_62c6f114.jpeg,0,characters
64292927021f17e13fbc2192,Tara Rashin,"Tara started as a Guavian Death Gang foot soldier, and quickly worked her way up thanks to her savvy and brutality. After pledging her Death Gang oath she took control of her own cell and developed a cozy business relationship with the First Order.",https://lumiere-a.akamaihd.net/v1/images/tara-main_92d5805f.jpeg,0,characters
64292927021f17e13fbc2190,Tam Ryvora,"A tough and hardworking mechanic on the Colossus platform, Tam Ryvora is an inventive and skilled technician who is not afraid to stand up for what she believes in. She has big dreams of one day becoming a pilot and racer.",https://lumiere-a.akamaihd.net/v1/images/resistance-db-tam-ryvora-main-image_28054f6e.jpeg,0,characters
64292927021f17e13fbc2139,Rumi Paramita,"This female Frenk bounty hunter was a member of Sugi’s band of hunters, and was brought on to help defend the Felucian farming village that had come under attack by Hondo Ohnaka and his gang. As an expert sniper, she was positioned on a nearby roof, ready to snipe at the Weequay pirates as they launched their assault. She was killed at the hands of Hondo’s Kowokian Monkey Lizard Pikk Mukkmuk when he fired a cannon from Hondo’s tank.",https://lumiere-a.akamaihd.net/v1/images/rumi-parmati_b19aa5d0.jpeg,0,characters
64292927021f17e13fbc213a,Runai Sculdun,"The wife of the ambitious and unscrupulous Davo Sculdun, Runai plays the part of supportive spouse in her husband's pursuit of upholding Chandrilan custom and connecting their family to senator Mon Mothma and her clan through the arranged marriage of their children.",https://lumiere-a.akamaihd.net/v1/images/runai-sculdun-main_92a216b8.jpeg,0,characters
64292927021f17e13fbc213b,Rune Haako,"A cowardly Neimoidian official, Rune Haako had no shortage of despair during the Trade Federation blockade and invasion of Naboo. As lieutenant to Viceroy Nute Gunray, Haako was privy to his superior's plans and knew of the mysterious Sith patron who was the true mastermind behind their bold maneuvers. Haako, when beyond Sith earshot, openly questioned Gunray's judgment in striking this terrifying alliance. When Queen Amidala retook her capital of Theed, Haako and Gunray were captured and sent to Coruscant for trial and punishment.",https://lumiere-a.akamaihd.net/v1/images/ep1_ia_18349_a13003fd.jpeg,0,characters
64292927021f17e13fbc213c,Rush Clovis,"A Senator from Scipio and an influential representative of the InterGalactic Banking Clan, Clovis was romantically linked with his fellow Senator Padmé Amidala early in their careers. During the Clone Wars, Clovis dealt secretly with Separatist interests on behalf of the Banking Clan while posing as a Republic loyalist. Later in the war, Clovis became the organization’s leader and tried to restore its independence.",https://lumiere-a.akamaihd.net/v1/images/databank_rushclovis_01_169_715347df.jpeg,0,characters
64292927021f17e13fbc213d,Russo-ISC,"Jedi investigators relied on their intuition and connection to the Force to solve most mysteries, but during the waning days of the Republic, this proved alarmingly difficult as the pall of the dark side began to cloud their perceptions. Increasingly, they turned to technological resources available in the Jedi Temple. Russo-ISC was one of many analysis droids employed by the Jedi Temple on Coruscant. He led a team of analysis droids who were plugged into the sensor and security networks of the Temple. With keen perception, a detectable sense of pride, and a strong independent streak, Russo-ISC took on some of the hardest cases the Jedi faced.",https://lumiere-a.akamaihd.net/v1/images/databank_russoisc_01_169_063d9922.jpeg,0,characters
64292927021f17e13fbc213e,RX-24 Pilot Droid,"RX-24 was the pilot of the star commuter shuttle that traveled from Lothal to Garel. He was genial but proper; when a young passenger suggested it, he commanded all droids to remain in the rear of the ship as Imperial code dictated. Little did RX-24 know that this was all part of a rebel scheme to gain information from an on-board Imperial.",https://lumiere-a.akamaihd.net/v1/images/image_86e5b040.jpeg,0,characters
64292927021f17e13fbc213f,Ryder Azadi,"Ryder Azadi is the former governor of Lothal and now an active rebel. When the Empire came to his planet, he stood against Imperial tyranny with the Bridger family, and was accused of treason for doing so. He was later freed from an Imperial prison by the Bridgers and returned to Lothal, living in the city outskirts with just a white Loth-cat as his only companion. Ezra, son of the Bridgers, sought Ryder out to find out what became of his parents.",https://lumiere-a.akamaihd.net/v1/images/ryder-azadi_a3c999ab.jpeg,0,characters
64292927021f17e13fbc2140,Rystáll Sant,"Half-human, half-Theelin, the crimson-haired Rystáll Sant performed with the Max Rebo Band in the group's more elaborate gigs. A veteran singer and dancer, Rystáll's hooves had twirled across many a stage during her galaxy-spanning career.",https://lumiere-a.akamaihd.net/v1/images/rystall-sant-16-9_a7bfab45.jpeg,0,characters
64292927021f17e13fbc2141,Sabine Wren,"Sabine Wren was a Mandalorian warrior, explosives expert, and graffiti artist -- qualities that came in handy as one of the first rebels against the Empire. Part of the Ghost crew, Sabine used her gift for bomb-making to great effect against the Empire, and would often mark her work with spray-paint tags. Her classic Mandalorian armor was notable for incorporating her own custom stylings, reflecting her creative-meets-rebellious spirit.",https://lumiere-a.akamaihd.net/v1/images/sabine-wren-s3_b9553ce2.jpeg,0,characters
64292927021f17e13fbc2142,Sabé,"Sabé is the most important of Queen Amidala's royal retinue of handmaidens. During crisis situations, Sabé and Amidala switch roles. Sabé becomes a decoy, disguised as the Queen, while Amidala adopts a simple gown of a handmaiden, and goes by her less formal name of Padmé Naberrie. When in this role, Sabé and Padmé secretly communicate with subtle signals as to not divulge their true identities. During the Trade Federation invasion of Naboo, Sabé posed as the Queen on several occasions.",https://lumiere-a.akamaihd.net/v1/images/databank_sabe_01_169_45c104cd.jpeg,0,characters
64292927021f17e13fbc2143,Saesee Tiin,"The imposing Saesee Tiin was a member of the Jedi Council during the final years of the Republic. In addition to being a skilled, courageous master of the lightsaber, he was also a capable starfighter pilot.  Tiin voyaged to Naboo to attend the funeral of fallen Jedi Qui-Gon Jinn, and the jubilant celebration that marked the liberation of that outlying world. Ten years after this event, Tiin was still an active member of the Jedi order, and a vital battlefield general in the Clone Wars.",https://lumiere-a.akamaihd.net/v1/images/databank_saeseetiin_01_169_c9a8a41c.jpeg,0,characters
64292927021f17e13fbc2144,Sagwa,"Once a mighty Wookiee from the inland tree city of Rwookrrorro, Sagwa was imprisoned and enslaved on Kessel after a failed attempt to defend his people from Imperial occupation. Years of toil inside the spice mines have taken a devastating toll on Sagwa’s body. His fur coat is dotted with balding patches, an outward sign of malnourishment and the untreated illnesses he’s endured, but the struggle has not dampened his spirit. When the brave Chewbacca comes to the rescue, Sagwa is prepared to help guide their people to safety and charter a ship home.",https://lumiere-a.akamaihd.net/v1/images/solo-db-sagwa-main-image-2_c94ae475.jpeg,0,characters
64292927021f17e13fbc2138,Rukh,"A Noghri assassin, Rukh is an agile hand-to-hand fighter and exceptionally deadly. He loyally serves Grand Admiral Thrawn, handling missions that his master's Imperial subordinates have failed to complete.",https://lumiere-a.akamaihd.net/v1/images/rukh_511387d7.jpeg,0,characters
64292927021f17e13fbc2145,Salacious B. Crumb,"A Kowakian monkey-lizard with a shrill cackle, Salacious Crumb sat on Jabba's dais, stealing bits of food and mimicking the Hutt, his courtiers, and visitors. The Hutt's noxious pet was the palace's unofficial court jester, tolerated because his antics amused Jabba, and because of his unwavering support for his master.",https://lumiere-a.akamaihd.net/v1/images/image_da9047cc.jpeg,0,characters
64292927021f17e13fbc2147,San Hill,San Hill was a male Muun who was the chairman of the InterGalactic Banking Clan at the onset of the Clone Wars and signed Count Dooku’s treaty. He served as the IG representative on the Separatist Council until he was murdered unceremoniously by the Sith Lord Darth Vader shortly after the end of the war.,https://lumiere-a.akamaihd.net/v1/images/san-hill_852a226d.jpeg,0,characters
64292927021f17e13fbc2148,Sana Starros,"As captain of the Volt Cobra, the smuggler and swindler Sana Starros has a reputation for no-nonsense business dealings that make even Han Solo blush. But beneath the hardened shell is a scoundrel with a heart, willing to risk her life for credits that will benefit those in need or join a band of rebels to overthrow the Empire.",https://lumiere-a.akamaihd.net/v1/images/sana-starros-main_984456be.jpeg,0,characters
64292927021f17e13fbc2149,Saponza,"Saponza is a battle-hardened smuggler and mercenary, known for his smooth talking ways. After the Battle of Yavin, Saponza and his partner return to Tatooine to set up a business. Hoping to leave their lives as mercenaries behind, they nonetheless become involved in a conflict with Jabba the Hutt. Eventually they are caught up in the Galactic Civil War and forced to choose a side.",https://lumiere-a.akamaihd.net/v1/images/saponza_background_3fcc66ea.png,0,characters
64292927021f17e13fbc214a,Sarco Plank,"An eyeless insectoid member of the Melitto species, Sarco Plank is an amoral scavenger, bounty hunter and arms dealer who does business in Niima Outpost on Jakku. During the Galactic Civil War he made a living as a tomb raider, once serving as a guide for a young Luke Skywalker on Devaron. Sarco dueled Skywalker with his electrostaff, an encounter that left the scavenger with a near-fatal lightsaber wound and a healthy respect for Jedi abilities.",https://lumiere-a.akamaihd.net/v1/images/fullsizerender_0b0d8a33.jpeg,0,characters
64292927021f17e13fbc214b,Savage Opress,"Savage Opress was once a common Nightbrother whose fighting prowess impressed Asajj Ventress. Transformed into a monstrous warrior by Mother Talzin, Opress became Count Dooku's new assassin and secret Sith apprentice. His loyalty, however, remained to Talzin. The Nightsisters leader gave Savage a new quest: to find his brother, Darth Maul, who had somehow survived his apparent death and was living in exile in the Outer Rim. Savage located Maul and became his brother’s enforcer in the Shadow Collective, but died when Darth Sidious confronted the two Sith warriors on Mandalore.",https://lumiere-a.akamaihd.net/v1/images/databank_savageopress_01_169_02e79834.jpeg,0,characters
64292927021f17e13fbc214c,Saw Gerrera,"A battered veteran of the Clone Wars, at the dawn of the Empire Saw Gerrera continues to lead a band of insurgents and extremists, the first of what will become countless rebel cells locked in a civil war with the Empire. Saw loses much in his decades of combat, but occasional flashes of the charismatic and caring man he once was shine through his calloused exterior. Even in his later years, when Gerrera is bunkered on the ancient world of Jedha, coordinating a prolonged insurgency against the Imperial occupation, his ailing health does little to wither his resolve to fight.",https://lumiere-a.akamaihd.net/v1/images/the-bad-batch-story-gallery-the-summit-11_7d643c8e.jpeg,0,characters
64292927021f17e13fbc214d,SC-X2,"As the Yellow Ace reconfigures mid-air to perform a high-flying stunt, SC-X2 is at the controls, making calculations to help pilot Bo Keevil at the helm. The finicky tech can be volatile even in practiced hands, so the droid has been reinforced to withstand most crashes and ship malfunctions.",https://lumiere-a.akamaihd.net/v1/images/sc-x2-main_85f58d62.jpeg,0,characters
64292927021f17e13fbc214e,SE-2 (Essie),"A menial labor droid, SE-2 works on the Erso farm on Lah’mu, fixing the homestead’s purification vaporators and performing other chores as needed. Despite his utilitarian purpose, Essie’s loyalty subroutine is robust. He keeps an eye on the horizon, ready to alert the Ersos of any intruders.",https://lumiere-a.akamaihd.net/v1/images/se2-essie-main_472eddf0.jpeg,0,characters
64292927021f17e13fbc214f,Sebulba,"A crafty, vicious Dug, Sebulba became one of the Outer Rim's most successful Podracers. Whether roaming the streets of Mos Espa or piloting his massive orange Podracer, Sebulba was aggressive and arrogant. He was not above cheating to win a race, and would even resort to illegal weapons in an attempt to defeat his opponents. Sebulba was Mos Espa's reigning Podrace champion until he entered the Boonta Eve Classic, where he was defeated by young Anakin Skywalker, much to the Dug's frustration.",https://lumiere-a.akamaihd.net/v1/images/sebulba_1f3fe180.jpeg,0,characters
64292927021f17e13fbc2150,Second Sister,"Ambitious and cruel, the Second Sister is one of the deadliest members of the Imperial Inquisition. She relishes hunting down both Force-sensitives and political dissidents for the Empire. Although she is an expert lightsaber duelist and adept with the dark side of the Force, the Second Sister's greatest weapon is her brilliant ability to deduce and predict the behavior of her prey.",https://lumiere-a.akamaihd.net/v1/images/copy_of_second_sister_-_approved_bd_villainsscreenshots_b722756c.jpeg,0,characters
64292927021f17e13fbc2151,Seevor,"Seevor is an ore crawler captain, like his father before him. Fearlessly dedicated to the Mining Guild, he hates pirates and will stop at nothing to protect his vessel and family legacy.",https://lumiere-a.akamaihd.net/v1/images/seevor_b12fb8ad.jpeg,0,characters
64292927021f17e13fbc2152,Seezelslak,An Azumel and boisterous owner of his namesake cantina outside Black Spire Outpost. He’s the kind of barkeep that will spend an hour talking your ear off. And he really doesn’t like porgs.,https://lumiere-a.akamaihd.net/v1/images/seezel-main_4a5a7209.jpeg,0,characters
64292927021f17e13fbc2146,Salman Paak,"Salman Paak and his son, Wilmon, operate the Repaak Salyard on Ferrix. Behind bundles of cro-plex and no-tarn tubing, Salman maintains a secret communications rig to contact anonymous rebel agents looking to overthrow Imperial authority.",https://lumiere-a.akamaihd.net/v1/images/salman-paak-main_fa7843a1.jpeg,0,characters
64292927021f17e13fbc2153,Senator Avi Singh,"In the age of the Republic, Senator Avi Singh was an outspoken advocate of pulling away from the core government. As a political powerhouse based on Raxus, Singh and his like-minded senators turned the lush world into the capital of the Confederacy of Independent Systems. For a brief moment after the fall of the Republic, a defeated Singh considers bowing to the Imperial rule to protect the people of his planet. But in the end, his zest for freedom wins out over the Empire's nefarious means of persuasion.",https://lumiere-a.akamaihd.net/v1/images/the-bad-batch-common-ground-story-gallery-12_0000c142.jpeg,0,characters
64292927021f17e13fbc2137,Ruescott Melshi,"Imprisoned by the Empire, Ruescott Melshi first met Cassian Andor as the two worked elbow-to-elbow at Table Five in the Imperial Narkina 5 facility. Within five years, Melshi would ascend the ranks to become a sergeant in the Rebel Alliance, continuing to work alongside Andor in the quest for freedom for the galaxy.",https://lumiere-a.akamaihd.net/v1/images/ruescott-melshi-main_c250a25d.jpeg,0,characters
64292927021f17e13fbc2135,Rotta the Huttlet,"Heir apparent to the Hutt empire, Jabba's infant son was barely old enough to slither before his conniving and power-hungry great-uncle, Ziro, already had him marked for death at the time of the Clone Wars. Ziro arranged for Rotta to be Huttnapped as part of an elaborate scheme to discredit the Jedi Knights and prevent them from entering an alliance with the Hutts.",https://lumiere-a.akamaihd.net/v1/images/databank_rottathehuttlet_01_169_9d6f6e21.jpeg,0,characters
64292927021f17e13fbc211b,Ram Jomaram,"Padawan Ram Jomaram of the Valo Temple is a natural tinkerer; for him, mechanics are meditation. His favorite place to be is a dingy, dim garage full of rusty mechanical parts and tools, among some big eared long-tailed furballs: the Bonbraks. After mistaking his clunky, rusted droid V-18 for cargo, he painted it purple. Ram hates the idea of a fight and his lightsaber technique leaves much to be desired, but where he lacks in fighting finesse he makes up for in his mechanical prowess and big heart.",https://lumiere-a.akamaihd.net/v1/images/ram-jomaram-main_c9d934c3.jpeg,0,characters
64292927021f17e13fbc211c,Rancor,"Rancors are towering hulks of muscle and reptilian flesh that walk on two stubby legs and use their disproportionately long arms to capture prey. A salivating, tooth-filled maw dominates their flat faces, and their armored skin is so tough that they can shrug off blaster bolts as little more than annoyances. While not inherently vicious -- Felucia’s farmers co-existed relatively peaceably with spined, brightly colored jungle rancors -- these creatures were prized as trophies by crimelords and other wealthy, amoral individuals. Jabba the Hutt kept a rancor in a shadowy chamber beneath his Tatooine throne room. After Luke Skywalker killed the beast, an outraged Jabba ordered the public execution of the Jedi and his friends.",https://lumiere-a.akamaihd.net/v1/images/rancor-main_886815df.jpeg,0,characters
64292927021f17e13fbc211d,Rancor keeper,"Every rancor needs a rancor keeper. When the Hutt twins gift a bound beast to Boba Fett, the creature comes with a grizzled rancor keeper who keeps a close eye on the rancor's training and care.",https://lumiere-a.akamaihd.net/v1/images/rancor-keeper-main_4b404257.jpeg,0,characters
64292927021f17e13fbc211e,Raney,"The leader of an encampment of Zygerrian slave traders holed up on Ord Mantell, Raney and his soldiers take advantage of the end of the Republic by amassing human and Falleen slaves, among other captives. A scar bisecting his face and one milky, sightless eye suggest hardwon battles of his past, preparing him for a return to Kadavo to rebuild the Zygerrian empire.",https://lumiere-a.akamaihd.net/v1/images/raney-main_55f19a30.jpeg,0,characters
64292927021f17e13fbc211f,"Ranzar ""Ran"" Malk","Ranzar ""Ran"" Malk operates out of the Roost space station and is highly skilled at putting together just the right crew for the task at hand.",https://lumiere-a.akamaihd.net/v1/images/ranzar-ran-malk-main_da13dfd0.jpeg,0,characters
64292927021f17e13fbc2120,Rappertunie,"A green-skinned Shawda Ubb, Rappertunie played a peculiar instrument known as a Growdi Harmonique. He used his fingers, toes and mouth to supplement the wall of sound that was the Max Rebo Band at full strength.",https://lumiere-a.akamaihd.net/v1/images/rappertunie-main-image_63c323f9.jpeg,0,characters
64292927021f17e13fbc2121,Raspar Six,"As the manager of a rundown refueling depot at Ro Station, Raspar scrapes by through a mix of honest work, under-the-table bribes, and the occasional secret alliance with bounty hunters.",https://lumiere-a.akamaihd.net/v1/images/raspar-six-main_6e57e853.jpeg,0,characters
64292927021f17e13fbc2122,Ratts Tyerell,"Ratts Tyerell was the tiniest of the Podracer pilots in the Boonta Eve Classic, though size matters not in such a competition. The little scrapper piloted a Podracer with immense engines ... too big, it would seem, for the tight confines of the Laguna Caves. On the second lap of the race, Ratts' accelerator jammed, and he couldn't get clearance past the rocky stalactites. The resulting fireball killed the little guy. His family, who had traveled to Mos Espa to witness the race, was reportedly seen grieving shortly thereafter.",https://lumiere-a.akamaihd.net/v1/images/databank_rattstyerell_01_169_031aea6d.jpeg,0,characters
64292927021f17e13fbc2123,Razoo Qin-Fee,"A lieutenant of Kanjiklub leader Tasu Leech, Razoo Qin-Fee was a pyromaniac and tech expert, notable for having been banned from the underworld Zygerrian fighting circuit for cheating. That was quite an accomplishment in a sport without rules.",https://lumiere-a.akamaihd.net/v1/images/screen_shot_2016-05-09_at_2_e560d9f9.jpeg,0,characters
64292927021f17e13fbc2124,Reath Silas,"Reath Silas is a skillful Padawan who has had a somewhat privileged apprenticeship; his master, the great Jora Malli, is a member of the Jedi Council. Reath has spent a great deal of time on Coruscant in elevated diplomatic meetings, and prefers books and studying to the thrills and dangers of real adventure, which makes him reluctant to leave the familiar comforts of Coruscant for the frontier. Facing the great unknowns of the frontier will put Reath to the test, and he will learn what he is really made of.",https://lumiere-a.akamaihd.net/v1/images/reath-silas-main_6cb68199.jpeg,0,characters
64292927021f17e13fbc2125,Rebolt,"Rebolt is one of Moloch’s most-feared enforcers, threatening the other scrumrats with a savaging from his Corellian hounds and blows from his hand-crafted staff. Rebolt hoped to become Proxima’s Head Boy, but was passed over in favor of Qi’ra, a perceived slight he still resents.",https://lumiere-a.akamaihd.net/v1/images/solo-db-rebolt-main-image-2_81138d6a.jpeg,0,characters
64292927021f17e13fbc2126,Rella Sol,"The strategist of Titan Squadron, Rella Sol's parents both sat in the Imperial Senate before Emperor Palpatine consolidated power. Sol has inherited their political instincts and always keeps one eye on the bigger picture. While she's proud to serve, Sol's ambitions ultimately reach higher than piloting a TIE—perhaps even to a new senate. The renewed Empire will need not only strength but wisdom, and Sol is wise enough to bide her time.",https://lumiere-a.akamaihd.net/v1/images/rella-sol-main_1614dfa1.jpeg,0,characters
64292927021f17e13fbc2136,Ruby,"A scaly pelt and wide, curious eyes make Ruby a perfect pet. After she was smuggled to Ord Mantell by Clone Force 99, the mysterious and hungry lizard-like creature became the companion of the crime lord Roland Durand.",https://lumiere-a.akamaihd.net/v1/images/the-bad-batch-infested-story-gallery-08_ec418bcb.jpeg,0,characters
64292927021f17e13fbc2127,Reva (Third Sister),"Seething with ambition, Reva hunts down Jedi survivors of Order 66 as an Inquisitor. She wears the sleek armor of the secret order, and brandishes a unique lightsaber that can split in two to maximize her lethality. Having stared down her enemies, Reva’s talents as a survivor are tested to their limits.",https://lumiere-a.akamaihd.net/v1/images/obi-wan-kenobi-stills-18_b2d05cc0.jpeg,0,characters
64292927021f17e13fbc2129,Ric Olie,"A veteran of the Naboo Space Fighter Corps, Ric Olie was the leader of Bravo Flight and had the honor of flying Queen Amidala's Royal Starship to and from Naboo. Answerable directly to Captain Panaka, Olie was capable of flying any craft on Naboo.    During the Battle of Naboo, Olie's squadron of N-1 starfighters were successful in destroying the Trade Federation's Droid Control Ship with the help of Anakin Skywalker.",https://lumiere-a.akamaihd.net/v1/images/databank_ricolie_01_169_f175f81b.jpeg,0,characters
64292927021f17e13fbc212a,Rieve,"Malicious and feared, this dark side warrior channels the power of the Force to crush her opponents beneath her heel. Filled with a reckless but powerful rage, Rieve lashes out at the other Hunters with her lightsaber with a vicious joy. This young fighter radiates danger, always keeping her opponents off-balance, but there’s a dark charisma that simultaneously draws you in.",https://lumiere-a.akamaihd.net/v1/images/reive-main_5995ec3a.jpeg,0,characters
64292927021f17e13fbc212b,Riff Tamson,"A ravenous Karkarodon, Riff Tamson was a ruthless Separatist commander placed in charge of operations on the water world of Mon Cala. Count Dooku tasked him to disrupt the fragile peace between the Mon Calamari and the Quarren. Though present on the planet as a Separatist envoy, he secretly conspired with Quarren chieftain Nossor Ri to bring the Quarren into the war on the side of the Confederacy. Though Nossor believed he was doing what was best for his people, he had no idea of the true extent of Tamson's wicked plans.",https://lumiere-a.akamaihd.net/v1/images/databank_rifftamson_01_169_6d4a821f.jpeg,0,characters
64292927021f17e13fbc212c,Rig Nema,"A capable physician, Rig Nema served in the Jedi Temple on Coruscant during the last years of the Clone Wars, where her knowledge of biology and the Force helped her diagnose physical, mental and spiritual ailments. She examined Yoda after he reported hearing the voice of Qui-Gon Jinn, and supervised the Jedi Master’s participation in a dangerous procedure intended to induce meditation. The treatment was intended to discover the source of the voices Yoda had been hearing.",https://lumiere-a.akamaihd.net/v1/images/image_bb157b24.jpeg,0,characters
64292927021f17e13fbc212d,Rio Durant,"A diminutive, four-limbed Ardennian, Rio Durant is a longtime associate of Tobias Beckett and Val. Rio is a capable pilot, a skilled tactician, and a lover of good stories. He sees each new scam dreamed up by the Beckett gang’s as a chance to write a new tale.",https://lumiere-a.akamaihd.net/v1/images/rio-durant-main_67d6236d.jpeg,0,characters
64292927021f17e13fbc212e,Rish Loo,"The Gungans are a reverent people with a pantheon of gods looking over their lives. Priests can be extremely influential in Gungan society, though some have used such authority for their own gain. Minister Rish Loo is said to have many connections to ancient mystical powers, but where his true motives lie remain uncertain.",https://lumiere-a.akamaihd.net/v1/images/databank_rishloo_01_169_9ea5255b.jpeg,0,characters
64292927021f17e13fbc212f,Riyo Chuchi,"Once a young and idealistic representative to Pantora in the Republic's Galactic Senate, Riyo Chuchi overcame her timidity, growing into a strong leader who once forced the Trade Federation into lifting a blockade over her home planet. After the rise of the Empire, Chuchi continues to uphold her beliefs in a fair and just government, forming an alliance with Bail Organa of Alderaan. When she learns that the devastation on Kamino was caused by Imperial fire, she will risk everything to expose the traitorous Vice Admiral Rampart on the senate floor.",https://lumiere-a.akamaihd.net/v1/images/the-bad-batch-quotes-207-chuchi_f89071b1.jpeg,0,characters
64292927021f17e13fbc2130,Robonino,"A fish-like Patrolian, Robonino hired on with Cad Bane for a dangerous mission to infiltrate the Senate Building on Coruscant. The expert slicer proved up to the task, even ambushing and immobilizing a Jedi Knight.",https://lumiere-a.akamaihd.net/v1/images/robonino-main-image_fbfc6c31.jpeg,0,characters
64292927021f17e13fbc2131,Roland Durand,"The son of crime boss Isa Durand, Roland Durand hopes to make a name for himself in the galaxy by taking what he wants. Flanked by his hired goons, he joins forces with the Pyke Syndicate and sets up shop on Ord Mantell, using his powerful ties to usurp Cid's parlor for its prime location amid a web of hyperspace routes perfect for spice smuggling.",https://lumiere-a.akamaihd.net/v1/images/roland-durand-main_f705224a.jpeg,0,characters
64292927021f17e13fbc2132,Rolt,"A regular at Aunt Z's tavern, Rolt is initially welcoming of the new presence of the First Order security forces protecting the Colossus. But as the number of soldiers escalates, individual freedoms are sacrificed and even an innocent walk around the platform can end in arrest.",https://lumiere-a.akamaihd.net/v1/images/rolt-main_f1193622.jpeg,0,characters
64292927021f17e13fbc2133,Romar Adell,"Romar Adell is one of the few native Serennians who remains after Dooku's loss in the Clone Wars. Fleeing into the woods in the aftermath, Romar ekes out an existence in hiding from the Empire.",https://lumiere-a.akamaihd.net/v1/images/the-bad-batch-season-2-ep-2-story-gallery-04_442e3210.jpeg,0,characters
64292927021f17e13fbc2134,Rose Tico,"A maintenance tech with a talent for tinkering, Rose Tico joined the Resistance with her sister Paige after the First Order devastated her home system. A chance encounter with Finn pushed her onto the front lines of the new galactic civil war – and her sister’s death caused her to redouble her efforts for the Resistance cause.",https://lumiere-a.akamaihd.net/v1/images/rose-tico-main_cbac29b9.jpeg,0,characters
64292927021f17e13fbc2128,Rey,"Seemingly abandoned by her parents on Jakku, Rey grew up a scavenger amid the wreckage of war. Her life changed when she agreed to help a droid on an urgent mission for the Resistance. Rey discovered she was powerful in the Force, and sought out the vanished Jedi Master Luke Skywalker to train her. That ended in disappointment, as did her attempt to bring Kylo Ren back to the light. But the resilient Rey continued her training and learned the truth about her parentage and her mysterious connection with Kylo. She then faced her greatest test: a confrontation with fear and evil that would determine the galaxy’s fate.",https://lumiere-a.akamaihd.net/v1/images/rey-main_ca4bb0d7.jpeg,0,characters
64292927021f17e13fbc2154,Senator Gani Riduli,"An Imperial Senator representing the Banking Clan, Gani Riduli cares only for the protection of the galaxy's wealth. With Kamino's clone production facilities wiped out, he is among those in favor of the Defense Recruitment Bill, a key component in the creation of the Empire's conscripted stormtrooper soldiers.",https://lumiere-a.akamaihd.net/v1/images/senator-grani-riduli-main_e5f582e8.jpeg,0,characters
64292927021f17e13fbc2155,Senator Nower Jebel,"Nower Jebel speaks for the agricultural world of Uyter, and secretly serves as the Rebel Alliance’s Minister of Finance. Despite the Empire’s depredations, Jebel continues to believe in the Senate and the possibility of a negotiated settlement between the Emperor and his political foes. Senator Jebel finds the idea of open warfare appalling and is determined to avoid another galaxy-spanning conflict.",https://lumiere-a.akamaihd.net/v1/images/senator-jebel-main_552f90df.jpeg,0,characters
64292927021f17e13fbc2156,Senator Tynnra Pamlo,"A senator from the ancient world of Taris, Tynnra Pamlo serves as the Alliance’s Minister of Education. She works closely with Alliance Intelligence, and has seen evidence of Imperial atrocities on far too many worlds. While a determined opponent of Emperor Palpatine, Senator Pamlo is reluctant to expose her homeworld and people to Imperial reprisals.",https://lumiere-a.akamaihd.net/v1/images/senator-tynnra-pamlo-main_5380fea2.jpeg,0,characters
64292927021f17e13fbc2176,Sonsigo and Munduri,"Bravaisian podmates Sonsigo and Munduri were frequent sights at Maz’s castle, where they bought gems and precious metals from those passing through Takodana. Would-be sellers had to be patient during the podmates’ careful appraisal of their wares, a process that could involve delicate fingers, prehensile tongues and an electro refractometer.",https://lumiere-a.akamaihd.net/v1/images/sonsigo-and-munduri_7f2bd2cd.jpeg,0,characters
64292927021f17e13fbc2177,Sskeer,"A Jedi Master of the High Republic, Sskeer is a gruff, opinionated Trandoshan who has been around the block more times than he cares to remember. Sskeer is loyal, but brutally honest, and you can always be sure he will tell you exactly what’s on his mind…or so his fellow Jedi think; he hides a devastating secret that is tearing him apart.",https://lumiere-a.akamaihd.net/v1/images/sskeer-main_9faf9d90.jpeg,0,characters
64292927021f17e13fbc2178,Stass Allie,"A Tholothian member of the Jedi Council, Stass Allie served as a Jedi General during the Clone Wars, beginning with the Jedi mission to rescue Obi-Wan Kenobi and Anakin Skywalker from execution on Geonosis. Stass led clone troopers into battle on many worlds, culminating with the Outer Rim Sieges. She was piloting her BARC speeder on Saleucami when Darth Sidious issued Order 66 to her wingman, Commander Neyo. Obeying orders, Neyo and another clone trooper dropped behind Stass and blew her speeder bike out of the sky.",https://lumiere-a.akamaihd.net/v1/images/stass-allie_cbfbe9a1.jpeg,0,characters
64292927021f17e13fbc2179,Steela Gerrera,"A young native of Onderon, Steela and her brother Saw were members of the insurgency that opposed the rise of King Sanjay Rush, and Rush's alignment of the planet to the cause of the Separatists during the Clone Wars. Not as boisterous or as outspoken as her brother, Steela was nonetheless firmly dedicated to the cause of Onderonian independence. She was not one for impassioned speeches or political rhetoric. These were not her areas of expertise, and she felt far more comfortable peering through the macroscope of her blaster rifle. A crack shot, Steela racked up an impressive number of droid kills with precise headshots fired from the cover of canopy jungle.",https://lumiere-a.akamaihd.net/v1/images/databank_steelagerrera_01_169_ea721e06.jpeg,0,characters
64292927021f17e13fbc217a,Stekan Sculdun,"The 13-year old son of Davo and Runai Sculdun, young Stekan is of the age to formally begin Chandrilan courting tradition. On the sparkling world of Coruscant, Stekan first meets Leida Mothma, the daughter of Senator Mon Mothma and Perrin Fertha, in an arrangement that stands to benefit both families.",https://lumiere-a.akamaihd.net/v1/images/runai-sculdun-main_92a216b8.jpeg,0,characters
64292927021f17e13fbc217b,Stellan Gios,"Stellan is an optimistic and well-respected Jedi Master. Stellan came up through the Order with Avar Kriss, and although they are often on different assignments for the Jedi or the Republic, when the two work together they are a powerhouse team of two noble heroes in action. Strong in the Force and a natural teacher, Stellan is currently stationed at one of the Jedi Temple outposts on the distant planet of Caragon-Viner.",https://lumiere-a.akamaihd.net/v1/images/stellan-main_55328447.jpeg,0,characters
64292927021f17e13fbc217c,Stomeroni Starck,"Talented but headstrong, Stomeroni Starck flies an X-wing during the evacuation of D’Qar, protecting the Resistance bombers on their attack run against the First Order. While appreciative of Starck’s skills behind the control yoke, Tallie Lintra must work to keep the impulsive pilot in check.",https://lumiere-a.akamaihd.net/v1/images/tlj-databank-stomeroni-stark-main-image_ace66055.jpeg,0,characters
64292927021f17e13fbc217d,"Strono ""Cookie"" Tuggs","Former head chef at Maz’s castle on Takodana, Strono Tuggs is a disfigured Artiodac known as Cookie. Tuggs served in the castle kitchens for centuries, but since the First Order attack, he has left to pursue his lifelong dream of running his own food transport – Tuggs' Grub. He travels across the galaxy to collect exotic ingredients for his unique and delectable offerings.",https://lumiere-a.akamaihd.net/v1/images/strono-cookie-tuggs_0a785a77.jpeg,0,characters
64292927021f17e13fbc217e,Sudswater Dillifay Glon,"The musician Sudswater Dillifay Glon played as part of a quartet at Maz’s castle, using a bow to draw unique sounds out of his seven-string hallikset.",https://lumiere-a.akamaihd.net/v1/images/sudswater-dillifay-glon_25ca3f57.jpeg,0,characters
64292927021f17e13fbc217f,Sugi (Character),"The leader of a group of noble bounty hunters, this female Zabrak asks no quarter and gives no quarter. Tough and fair minded, she took jobs she believed in, contrary to what others may think. Among  the more heroic tasks she has undertaken were protecting a defenseless farming village from pirates on Felucia, and saving stranded younglings from Trandoshan hunting grounds.",https://lumiere-a.akamaihd.net/v1/images/databank_sugi_01_169_cce41af2.jpeg,0,characters
64292927021f17e13fbc2180,Sully Stark,"Sully Stark is an adept pilot, but she's no soldier. When the Empire forces her to make a choice, she rises to the occasion to fly in her first combat mission.",https://lumiere-a.akamaihd.net/v1/images/sully-stark-main_527ad949.jpeg,0,characters
64292927021f17e13fbc2181,Supervisor Blevin,"One of several high-ranking Imperial Security Bureau supervisors, Blevin reports on suspicious activity in the Morlana sector, including matters on Ferrix, Cassian Andor's home planet.",https://lumiere-a.akamaihd.net/v1/images/supervisor-blevin-main_b98addd7.jpeg,0,characters
64292927021f17e13fbc2175,Soniee,"A smart, technically-gifted young woman, Soniee studied at the Royal Academy of Government on Mandalore during the Clone Wars. She and her friends exposed corruption in the highest levels of government while investigating supply shortages on the planet. Soniee used her computer skills to get the cadets access to secure warehouses, where they discovered that Prime Minister Almec had enmeshed the planet in the criminal black market. But this caper was mere child's play compared to the dangers faced when Mandalore was subjected to the rise of the Shadow Collective.",https://lumiere-a.akamaihd.net/v1/images/databank_soniee_01_169_f856227e.jpeg,0,characters
64292927021f17e13fbc2182,Supreme Chancellor Valorum,"A well-meaning civil servant whose chancellorship was hampered by corruption in the Senate and bureaucratic snarls, Valorum secretly turned to the Jedi Knights for help breaking the Trade Federation's blockade of Naboo.    But Valorum was betrayed by Naboo's Senator Palpatine, who maneuvered Queen Amidala into asking the Senate for a no-confidence vote in the Supreme Chancellor's leadership. A stunned Valorum was removed from office in favor of Palpatine.",https://lumiere-a.akamaihd.net/v1/images/valorum_a31904f4.jpeg,0,characters
64292927021f17e13fbc2184,Supreme Leader Snoke,"The Supreme Leader of the First Order, the mysterious Snoke was powerful with the dark side of the Force, and seduced Ben Solo into abandoning the Jedi path to become his apprentice. He also commanded the technological war machine engineered to destroy the New Republic and the Resistance. Kylo Ren turned on his master and killed him, but would soon learn that Snoke had been a mere puppet, created and controlled by a more powerful master of the dark side.",https://lumiere-a.akamaihd.net/v1/images/ep8-ff-006360_c95dace6.jpeg,0,characters
64292927021f17e13fbc2185,Suu Lawquane,"A Twi'lek refugee, Suu Lawquane makes a life on Saleucami with her husband, the former clone Cut, and their children, Jek and Shaeeah. Although preferring to remain removed from the conflict, eking out a humble existence on their farm, Suu is trained for combat and welcoming of certain clone soldiers who wander to Saleucami having lost their way.",https://lumiere-a.akamaihd.net/v1/images/suu-lawquane-main_85c364b7.jpeg,0,characters
64292927021f17e13fbc2186,Sy Snootles,"Sy Snootles, a long-limbed Pa'lowick, was a popular singer and dancer whose patrons included Jabba the Hutt. Very few realized that she also worked as a spy for the Hutt criminal cartels, and that she betrayed her love, Ziro the Hutt, in exchange for a big payday.",https://lumiere-a.akamaihd.net/v1/images/Sy-Snootles_c524452d.jpeg,0,characters
64292927021f17e13fbc2187,Syke,"Syke competes with Rebolt for Moloch’s favor, with each seeking to impress the Grindalid enforcer by showing how tough and mean he can be. Syke is better than Rebolt at handling the White Worms’ pack of Corellian hounds, and genuinely fond of the beasts – a rare example of affection in the pitiless sewers of Coronet City.",https://lumiere-a.akamaihd.net/v1/images/solo-db-syke-main-image_b425a897.jpeg,0,characters
64292927021f17e13fbc2188,Synara San,"Thought to be the lone survivor of a deadly pirate raid, the scrappy scavenger Synara ends up on the Colossus after she's found hiding in a crate amid a Kowakian ape rampage. At first defensive toward her rescuer, Kaz, the mysterious Synara is actually harboring a secret identity of her own, acting as a spy for Kragan Gorr's pirate gang and a member of the crew that tried to lay waste to the Colossus during a Triple Dark Storm.",https://lumiere-a.akamaihd.net/v1/images/resistance-db-synara-san-main-image_76e198e9.jpeg,0,characters
64292927021f17e13fbc2189,Syril Karn,Syril Karn believes wholeheartedly in order and justice. The ambitious inspector hopes to make a name for himself within the ranks of the Empire by quelling signs of rebellious activity and exposing lawbreakers.,https://lumiere-a.akamaihd.net/v1/images/syril-karn-main-a_da01439f.jpeg,0,characters
64292927021f17e13fbc218a,T3-K10,"The picture of endurance and efficiency, T3-K10 is a compact droid that slides perfectly into the Red Ace to assist pilot Freya Fenris on daring missions.",https://lumiere-a.akamaihd.net/v1/images/t3-k10-main_fa853bf8.jpeg,0,characters
64292927021f17e13fbc218b,Taanti,"In the small mining community of Freetown, also known as Mos Pelgo, Taanti serves as bartender for the marshal and other denizens and visitors alike.",https://lumiere-a.akamaihd.net/v1/images/taanti-main_554f404b.jpeg,0,characters
64292927021f17e13fbc218c,Taga,"Of all the inmates stationed at Table Five inside the Imperial Narkina 5 prison, Taga is by far the most nervous of the lot. The production and manufacturing of mysterious Imperial widgets calls for teamwork if the prisoners hope to survive.",https://lumiere-a.akamaihd.net/v1/images/taga-main_158bfbb7.jpeg,0,characters
64292927021f17e13fbc218d,Tal Merrik,"A Senator from Duchess Satine's home planet of Kalevala, Tal Merrik is not the man he first appears to be.  Conniving and greedy, Senator Merrik will happily betray his closest ""friend"" if it helps him achieve his shady political goals. Merrik is secretly sympathetic to the Death Watch, and betrays Duchess Satine when she is most vulnerable -- en route from Mandalore to Coruscant aboard her starship Coronet. The slippery Merrik tries to outwit the Duchess and her protector, Obi-Wan Kenobi, but ends up running afoul of Anakin Skywalker's lightsaber.",https://lumiere-a.akamaihd.net/v1/images/databank_talmerrik_01_169_52ade153.jpeg,0,characters
64292927021f17e13fbc218e,Tala Durith,"Tala Durith lives a dangerous life in the time of the Empire, moving seamlessly between acting as an Imperial officer and working with a small band of resistance fighters who oppose the regime. Her compassionate nature leads her to help those in need.",https://lumiere-a.akamaihd.net/v1/images/tala-durith-main_fb094502.jpeg,0,characters
64292927021f17e13fbc218f,Tallie Lintra,"Hailing from Pippip 3, young Lieutenant Tallissan Lintra is one of the Resistance’s best pilots, impressing even Poe Dameron with her flying skills. Tallie leads a hastily assembled squadron of A-wings and X-wings above D’Qar, protecting the Resistance’s vulnerable bombers on their attack run against a First Order Siege Dreadnought. Tallie died when Kylo Ren blasted the main hangar of the Raddus with missiles.",https://lumiere-a.akamaihd.net/v1/images/ep8-ff-002619_d78fe932.jpeg,0,characters
64292927021f17e13fbc2183,Supreme Leader Kylo Ren,"The son of Han Solo and Leia Organa, Ben Solo was seduced by the dark side of the Force and renamed himself Kylo Ren: leader of the Knights of Ren, champion of the First Order, and apprentice to Supreme Leader Snoke. Driven to destroy the past, Kylo killed his father and his master, supplanting Snoke as Supreme Leader. But he remained haunted by his father’s death, his connection with the mysterious Rey, and the pull of the good in himself. In time, all three would help Ben Solo return to the light.",https://lumiere-a.akamaihd.net/v1/images/kylo-ren-main-tros-a_6d77fd1e.jpeg,0,characters
64292927021f17e13fbc2174,Son,"The Son was an embodiment of the dark side of the Force who dwelled on Mortis during the Clone Wars with his sister, the light-sider known as Daughter, and the powerful Force user known as Father, who tried to keep them in balance.    Son sought to escape Mortis and wreak havoc in the galaxy, trying repeatedly to lure Anakin Skywalker to the dark side by changing form, possessing Ahsoka Tano and finally by showing Anakin a vision of the terrible acts he would commit. His efforts ultimately failed, culminating in his death along with those of Daughter and Father.",https://lumiere-a.akamaihd.net/v1/images/databank_son_01_169_5c6b942c.jpeg,0,characters
64292927021f17e13fbc2173,Snarl,"As a member of Kragan Gorr's pirate gang, Snarl takes great pleasure in the most infamous past times the profession requires. On the Colossus, he and his cohorts can be found slugging back drinks and squabbling amongst themselves. But when duty calls, he has an unabashed fondness for plundering and pillaging.",https://lumiere-a.akamaihd.net/v1/images/snarl-2-resistance_c77cf302.jpeg,0,characters
64292927021f17e13fbc2172,Snap Wexley,"Temmin “Snap” Wexley is a pilot in Blue Squadron known as the best recon flier in the Resistance’s Starfighter Corps. Snap grew up on the Outer Rim world of Akiva, the son of a rebel Y-wing pilot who flew in the Battle of Endor. His recon flight of Starkiller Base helps the Resistance come up with a plan to destroy the First Order superweapon.",https://lumiere-a.akamaihd.net/v1/images/snap-wexley-main_41d2bba2.jpeg,0,characters
64292927021f17e13fbc2157,Senator Vasp Vaspar,"Vasp Vaspar represents the Taldot sector, an industrial powerhouse in the Mid Rim, and has brought his expertise to his secret position as the Alliance’s Minister of Industry. The Clone Wars devastated his sector’s planets, leaving Senator Vaspar eager to avoid warfare. But his reluctance is more practical than principled: he knows all too well the Alliance is badly strapped for credits.",https://lumiere-a.akamaihd.net/v1/images/senator-vaspar-main_02526bf3.jpeg,0,characters
64292927021f17e13fbc2158,Sentinel,"The strutting, crowing, laser-blasting proof that the Empire is eternal and will return. Sentinel is the Hunter who the audience loves to hate. An unambiguous villain, he luxuriates in the animosity of the crowd. The last survivor of several regiments, this invincible soldier honors his fallen comrades with his bandolier of badges, and has vowed to avenge them by destroying the Empire’s enemies.",https://lumiere-a.akamaihd.net/v1/images/sentinelhs-main_96d50d1c.jpeg,0,characters
64292927021f17e13fbc2159,Service Droid,"Inside Doza Tower, the top racers, their approved visitors, and elite guests are served by a droid programmed to deliver decadent food and specialty drinks at the snap of a finger. Elsewhere on the platform, the same type of droids can be seen shuffling around the Colossus on spindly legs, efficiently shuttling crates to and fro as long as their paths are clear of disruptions. Interference can cause them to lose their balance quite easily.",https://lumiere-a.akamaihd.net/v1/images/resistance-db-service-droid-main-image_ae807ea0.jpeg,0,characters
64292927021f17e13fbc215a,Seventh Sister Inquisitor,"Quick, agile, and deadly, the Seventh Sister Inquisitor was strong with the dark side and one of the Empire’s elite Jedi hunters — and was dispatched by Darth Vader to find Ahsoka Tano and her rebel friends. She often employed the use of ID9 seeker droids on her missions, and carried the same model double-bladed lightsaber wielded by the Grand Inquisitor. A green-skinned Mirialan, the Seventh Sister’s past — and how she came to enter the Inquisitorius — remains a mystery.",https://lumiere-a.akamaihd.net/v1/images/seventh-sister_f5c85134.jpeg,0,characters
64292927021f17e13fbc215b,Shaak Ti,"A wise and patient Jedi Master, the Togruta Shaak Ti fought at the Battle of Geonosis, and supervised the training of clone cadets on Kamino. There, she struggled to balance the necessity of producing capable troopers with compassion for the clones as living beings. Ti helped defend Kamino against Separatist attack, balancing assignments in the field with her duties on the Jedi Council.",https://lumiere-a.akamaihd.net/v1/images/shaak_ti_9523e7c7.jpeg,0,characters
64292927021f17e13fbc215c,Shaeeah Lawquane,"The eldest of two, Shaeeah Lawquane knows few playmates on the backwater world of Saleucami, but has a keen understanding of the dangers that lurk beyond the relative safety of the family farm. Aside from her brother, Jek, and their parents, the only family she knows are her many uncles who bear a striking resemblance to her father.",https://lumiere-a.akamaihd.net/v1/images/shaeeah-lawquane-main_503531bd.jpeg,0,characters
64292927021f17e13fbc215d,Shahan Alama,"A tough Weequay bounty hunter with a mechanical arm, Shahan Alama signed on with Cad Bane for a daring raid on the Senate Building. Alama relished the chance to hunt Anakin Skywalker through Coruscant's darkened corridors of power.",https://lumiere-a.akamaihd.net/v1/images/shahan-alama-main-image_c89452ab.jpeg,0,characters
64292927021f17e13fbc215e,Shen,"No one knows the true identity of the mysterious pilot known as ""Shen"". After being shot down and breaking his neck, Shen was reconstructed with Imperial cybernetics and never removes his helmet. Shen's enhancements allow him to survive battles and crash landings that would kill most TIE pilots, but at a cost each time. Though quiet and stoic, Shen nevertheless remains firmly loyal to the Empire that rebuilt him, and to his fellow Titan pilots.",https://lumiere-a.akamaihd.net/v1/images/shen-main_29de42c0.jpeg,0,characters
64292927021f17e13fbc215f,Shep Hazard,"The gregarious Mayor of Pabu, Shep Hazard welcomes refugees to the hidden island as if they're already his kin. With other family members, including Phee Genoa and his daughter, Lyana, Shep has carved out a peaceful existence in a tumultuous time for the galaxy.",https://lumiere-a.akamaihd.net/v1/images/shep-hazard-main_83dddc57.jpeg,0,characters
64292927021f17e13fbc2160,Shmi Skywalker Lars,"The mother of Anakin Skywalker was also a brave and resilient woman who survived life as a slave to become a Tatooine moisture farmer. Shmi surrendered her son to the Jedi Order, putting him on a path to become one of the greatest Jedi. Her death at the hands of Tusken Raiders became a critical step on Anakin's journey to the dark side.",https://lumiere-a.akamaihd.net/v1/images/databank_shmiskywalkerlars_01_169_7449f0a8.jpeg,0,characters
64292927021f17e13fbc2161,Shriv,"A misanthrope with a heart of gold, Shriv commands Danger Squadron in the Rebel Alliance. Shriv -- a longtime friend of Lando Calrissian and ally of Leia Organa -- is a reliable officer in the rebellion’s ranks, having assisted in the Liberation of Sullust, Battle of Endor, and other key victories.",https://lumiere-a.akamaihd.net/v1/images/shriv_c0787fc9.jpeg,0,characters
64292927021f17e13fbc2162,Shu Mai,"Shu Mai is a female Gossam from planet Castell who uses her influence as the Presidente of the Commerce Guild to gain a seat on the Separatist Council. She pledged her support for the Confederacy in secret meetings on Geonosis just prior to the start of the Clone War, but it was this allegiance that eventually led to her death on the planet Mustafar at the hands of Darth Vader.",https://lumiere-a.akamaihd.net/v1/images/shu-mai_9b9f994e.jpeg,0,characters
64292927021f17e13fbc2163,Shydopp Pirate,"The Shydopp pirate gangs have been a menace to the Imperial mining operation on Morak, being bold enough to attack even well-armored Imperial transports to steal valuable materials.",https://lumiere-a.akamaihd.net/v1/images/shydopp-pirate-main_52a97084.jpeg,0,characters
64292927021f17e13fbc2164,Sib Canay,"This officer of the Neimoidian Trade Federation led the blockade of Pantora. His goal was to bring the Pantorans into the fold of the Separatist Alliance by any means necessary. To Canay, he felt those means included hiring the bounty hunter Greedo and others to kidnap the daughters of Chairman Papanoida. Eventually, he was defeated by Jedi padawan Ahsoka Tano, surrendering to her and promising to end the blockade.",https://lumiere-a.akamaihd.net/v1/images/sib-canay_0da85059.jpeg,0,characters
64292927021f17e13fbc2165,Sidon Ithano,"Variously known as the Crimson Corsair, the Blood Buccaneer and the Red Raider, Sidon Ithano is the captain of the pirate ship Meson Martinet. A Delphidian, Ithano keeps his face concealed behind a red Kaleesh helmet. The Crimson Corsair rarely speaks, leaving the talking to his first mate, Quiggold. But his exploits speak for themselves: spacers whisper of his deeds in the Lost Clusters, at Adratharpe 7, and in Ponemah’s Sea of Sand, to name just a few adventures.",https://lumiere-a.akamaihd.net/v1/images/sidon-ithano_9da824fa.jpeg,0,characters
64292927021f17e13fbc2166,Sifo-Dyas,"A member of the Jedi Council before the blockade of Naboo, Sifo-Dyas believed the galaxy would soon be plunged into war, and agitated for the Republic to create an army for its defense. After the other Jedi rejected his ideas and removed him from the council, he secretly contacted the Kaminoans and commissioned them to create a clone army, which he led the Kaminoans to believe was for the Republic. In doing so, Sifo-Dyas became an unwitting pawn of the Sith, who took over the project and hired the Pyke Syndicate to murder Sifo-Dyas on Oba Diah’s moon. A decade after Sifo-Dyas’ death, Obi-Wan Kenobi discovered the army he had commissioned, now ready for duty. The Jedi took control of this army on Supreme Chancellor Palpatine’s orders, setting the Clone Wars in motion.",https://lumiere-a.akamaihd.net/v1/images/Sifo-Dyas_3f37cee4.jpeg,0,characters
64292927021f17e13fbc2167,Silman,"Silman, a human male from Coruscant, was the aide of Finis Valorum prior to the invasion of Naboo by the Trade Federation. He was sent on a secret mission by the Supreme Chancellor to accompany Jedi Master Sifo-Dyas to help negotiate a dispute with the Pyke Syndicate. They were ambushed by the Pykes and shot down over Oba Diah’s moon.  Silman was captured by the Syndicate and spent over a decade in Pyke captivity where he slowly went insane. Eventually he was able to let the Jedi know that someone wanted to assume Sifo-Dyas’s identity before he was murdered by Count Dooku.",https://lumiere-a.akamaihd.net/v1/images/silman_9810143d.jpeg,0,characters
64292927021f17e13fbc2168,Sim Aloo,"Sim Aloo was a skeletal looking human clad in flowing purple robes and wore an impressive hat. He served as one of Emperor Palpatine’s closest advisors during the time of the Galactic Empire. He traveled with the Emperor to the second Death Star to oversee the final stages of its construction over Endor. Presumably, he was still aboard when the Death Star was destroyed by the Rebellion.",https://lumiere-a.akamaihd.net/v1/images/sim-aloo_3f41aa36.jpeg,0,characters
64292927021f17e13fbc2169,Sinrich,"Though his snaggletoothed grin made him appear friendly, Sinrich was a master of deception. He invented the holographic disguise matrix, an advanced form of holographic projection that cloaked a user in a vivid projection recreating the visage of another person. It was more than just a mere mask -- the experimental holographic matrix compensated for the differences in sizes between disguise and disguised, allowing beings of distinct stature and build to convincingly pose as their physical opposites.",https://lumiere-a.akamaihd.net/v1/images/sinrich_b8147a86.jpeg,0,characters
64292927021f17e13fbc216a,Sio Bibble,"Sio Bibble was the outspoken governor of Naboo. When the Trade Federation brazenly blockaded the trade routes to the small pastoral world, Bibble was among the first to suspect invasion. His suspicions proved correct. Bibble, like the rest of the Naboo citizenry, was taken captive by the mechanized armies of the Trade Federation.    Queen Amidala fled to Coruscant with the help of Jedi ambassadors to secure aid from Senator Palpatine. Bibble stayed behind, to placate the Neimoidian invaders and to represent the besieged people. Nute Gunray delighted in toying with Bibble, taunting him about the dire state of the Naboo populace.    After Naboo was liberated, Bibble attended the parade celebrating the newfound freedom.",https://lumiere-a.akamaihd.net/v1/images/databank_siobibble_01_169_68afc1e9.jpeg,0,characters
64292927021f17e13fbc216b,Sionver Boll,"A brilliant scientist, Sionver Boll put her talents to work for the Republic war effort, developing the electro-proton bomb and investigating whether the Zillo Beast's armored scales could have military applications. But Boll discovered there was a dark side to pursuing such knowledge.",https://lumiere-a.akamaihd.net/v1/images/sionver-boll-main-image_cd0dbba3.jpeg,0,characters
64292927021f17e13fbc216c,Sixtat,"Sixtat's grim talent for slaying his targets in a gruesome manner earned him the colorful title of the Outlands Butcher. He was a Sakiyan, a species well-suited for hunting big game, thanks to their keen senses and quick reflexes. He translated such talents into bounty hunting, gaining him much notoriety as well as the arrogance to believe he was unstoppable.",https://lumiere-a.akamaihd.net/v1/images/sixtat_9d2a4ec4.jpeg,0,characters
64292927021f17e13fbc216d,Slavin,"An Imperial military commander, Slavin is mostly considered to be a clumsy strategist, but has seen success under Grand Admiral Thrawn's leadership.",https://lumiere-a.akamaihd.net/v1/images/captain-slavin_d0a4a2a7.jpeg,0,characters
64292927021f17e13fbc216e,Slingshot,"Slingshot is an uncorked literal ball of cackling mayhem – a truly joyful heel for the Arena, and one you can gladly cheer for instead of boo. Driver and vehicle are nearly inseparable: Dizzy doesn't feel right in the world without his droideka by his side. They both like what they've got going and as reckless and wild as Slingshot is in the Arena, they want nothing to change outside it and are very careful and thorough in their efforts to preserve their union.",https://lumiere-a.akamaihd.net/v1/images/slingshoths-main_58d5a111.jpeg,0,characters
64292927021f17e13fbc216f,Slip,"After witnessing another clone's murder, Slip is paranoid that his knowledge of the truth in the destruction of Tipoca City will lead to his own demise. Desperate to complete what Cade started and unmask Vice Admiral Rampart before the Imperial Senate, Slip confides in the one senator he can trust: Riyo Chuchi of Pantora.",https://lumiere-a.akamaihd.net/v1/images/the-bad-batch-season-2-ep-7-story-gallery-02_1ab902b0.jpeg,0,characters
64292927021f17e13fbc2170,Slowen Lo,"A proud citizen of Canto Bight, Abednedo entrepreneur Slowen Lo warns Rose and Finn that they can’t park their shuttle on the beach – it belongs in a proper berth at the spaceport. When they ignore his warning, Lo takes his case to the Canto Bight police. Justice will be served!",https://lumiere-a.akamaihd.net/v1/images/slowen-lo-tlj-db_d6146742.jpeg,0,characters
64292927021f17e13fbc2171,Sly Moore,"A pale Umbaran, Sly Moore served as Palpatine’s senior administrative aide during his chancellorship, attending to countless affairs of state. Moore’s enigmatic silence made her the object of considerable curiosity on Coruscant, with rumors abounding about her past and mysterious abilities she supposedly possessed.",https://lumiere-a.akamaihd.net/v1/images/sly-moore_6af90e66.jpeg,0,characters
64292927021f17e13fbc2191,Tan Divo,"As a police lieutenant in the Coruscant Security Force during the Clone Wars,  Lieutenant Tan Divo has a low-rate of success in his investigations, yet displays the pompousness and self-importance of someone who always gets his criminal in the end. Because of his arrogance, he often jumps to conclusions of guilt before a thorough investigation is conducted. Pride and his rigid by-the-book agenda get in the way of finding the truth, which in turn forces others to seek clues without his help.",https://lumiere-a.akamaihd.net/v1/images/tan_divo_d3a33bcd.jpeg,0,characters
64292927021f17e13fbc2028,Kinash Lock,"As the majordomo of King Yaruba of Kessel, Kinash Lock has been tasked with some of the royal trade dealings, including hiring and overseeing new ways of transporting the planet's valuable spice off-world without attracting the attention of pirates.",https://lumiere-a.akamaihd.net/v1/images/kinash-lock-main_ae974082.jpeg,0,characters
64292927021f17e13fbc2200,Zatt,"A bright Nautolan boy, Zatt was a Jedi youngling during the thick of the Clone Wars. With the Jedi Order spread thin during the galactic conflict, the training of the next generation of Jedi Knights was of priority, and Zatt underwent an important rite of passage supervised by Jedi Master Yoda and Padawan Ahsoka Tano. On the frozen world of Ilum, Zatt had to seek out his lightsaber crystal -- as per the tradition of The Gathering. Zatt had to learn to put aside his love of technology -- and the sensor unit he constantly fiddled with -- and rely on his own instincts to complete his quest.",https://lumiere-a.akamaihd.net/v1/images/databank_zatt_01_169_046bf55f.jpeg,0,characters
64292927021f17e13fbc2026,Kiera Swan,"Pirates and bounty hunters rarely mix well; the former group is devoted to breaking interstellar shipping laws and the latter are licensed to hunt criminals, they often wind up on the opposite ends of intense and destructive blaster-fights. But Kiera Swan was skilled enough to make the transition from notorious Weequay pirate, to legendary bounty hunter. With a price on her head from her ship-raiding past, Kiera tended to accept illegal bounties and avoided working closely with other hunters, since she didn't trust them.",https://lumiere-a.akamaihd.net/v1/images/acw_ia_94347_a7d2b0ac.jpeg,0,characters
64292927021f17e13fbc1ede,Cara Dune,"A veteran of the Galactic Civil War who fought under the banner of the Rebellion, Cara Dune is a seasoned warrior who hails from Alderaan. After the fall of the Empire, she reinvented herself first as a mercenary, and most recently as the Marshal of Nevarro.",https://lumiere-a.akamaihd.net/v1/images/cara-dune-main_a908bc80.jpeg,0,characters
64292927021f17e13fbc1edf,Cardo,"Cardo is a walking arsenal, using a powerful customized arm cannon to spray death and destruction at the Knights of Ren’s targets. His years of tinkering with weapons have made him a skilled armorer, and he repairs his fellow Knights’ gear after their missions.",https://lumiere-a.akamaihd.net/v1/images/cardo-main_9b42350a.jpeg,0,characters
64292927021f17e13fbc1ee0,Carson Teva,New Republic pilot Carson Teva leads patrols over distant worlds like Tatooine in an effort to maintain order.,https://lumiere-a.akamaihd.net/v1/images/carson-teva-main_ebeccbf4.jpeg,0,characters
64292927021f17e13fbc1ee1,Cassian Andor,"Cassian Andor has spent much of his life watching as the Empire lay waste to the galaxy. As part of his entry into the growing rebellion, he will undertake a dangerous mission to Aldhani and ultimately become an accomplished Alliance Intelligence officer, commanding respect from his rebel troops with his ability to keep a cool head under fire.",https://lumiere-a.akamaihd.net/v1/images/cassian-andor-main_d583d3b2.jpeg,0,characters
64292927021f17e13fbc1ee2,Cassie Cryar,"The female Terelian Jango Jumper has impressive acrobatics skills which came in handy as a thief in the Coruscant underworld. Cassie Cryar's main objective was to steal highly-sought after objects. By helping her partner Ione Marcy murder her boyfriend, the Trandoshan assassin Nack Movers, Cassie obtained one of the most valuable items in the galaxy -- a Jedi's lightsaber. Her desire to keep the lightsaber made her overconfident. She believed she could wield the same power as a Jedi.",https://lumiere-a.akamaihd.net/v1/images/cryar_2f0abcbf.jpeg,0,characters
64292927021f17e13fbc1ee3,Castas,"A burly Klatooinian, Castas signed on with Aurra Sing to help Boba Fett seek revenge against the Jedi Master Mace Windu. But when Sing's gang tangled with the Republic military, Castas decided the job was too risky -- he'd be better off working alone.",https://lumiere-a.akamaihd.net/v1/images/image_a10d19de.jpeg,0,characters
64292927021f17e13fbc1ee4,Cato Parasitti,"This Clawdite bounty hunter from the planet Zolan was one of the most lethal assassins in the galaxy. During the Clone Wars, she was involved in a plot with Cad Bane to steal a holocron from the Jedi Temple. Using holographic technology in addition to her shape changing abilities, she was able to infiltrate the Jedi Temple disguised as Ord Eniscence, a Jedi master murdered by Cad Bane. Eventually, Parasitti had to abandon that identity and assume the guise of Jedi Librarian Jocasta Nu. Eventually, padawan Ahsoka Tano saw through her disguise and defeated the Clawdite.",https://lumiere-a.akamaihd.net/v1/images/cato-parasitti_81435e84.jpeg,0,characters
64292927021f17e13fbc1ee5,CB-23,"A maroon and turquoise BB astromech unit, CB-23 serves as Poe Dameron's co-pilot while BB-8 keeps tabs on Kaz and his spying mission. At first considered stuck up and pushy, literally clashing with BB-8 when the two come together for a mission aboard a freighter, the two droids eventually come to an understanding.",https://lumiere-a.akamaihd.net/v1/images/resistance-db-cb-23-main-image_8806a891.jpeg,0,characters
64292927021f17e13fbc1ee6,Cere,"Among the scattered Jedi who survived Order 66, the purge that all-but wiped out the Jedi Order, Cere Junda has been living in seclusion for years. After saving Cal Kestis from the Imperial Inquisitorius, Cere begins to mentor the former Padawan. But along with Greez Dritus, the captain of the Stinger Mantis, Cere is on a secret mission of her own -- to rebuild the Jedi Order.",https://lumiere-a.akamaihd.net/v1/images/copy_of_cere_junda_-_approved_bd_villainsscreenshots_ce_90fcff43.jpeg,0,characters
64292927021f17e13fbc1ee7,CG-67,"A protocol droid whose primary functions are taking inventory and overseeing the astromechs and other mechanicals at a trader's post, CG-67 is a strict adherent to rule and order.",https://lumiere-a.akamaihd.net/v1/images/cg-67-main_c6fbf68a.jpeg,0,characters
64292927021f17e13fbc1ee8,Chairman Papanoida,"Papanoida became chairman of Pantora after the death of Chi Cho. When he refused to join the Separatists, they blockaded Pantora and hired the bounty hunter Greedo to kidnap Papanoida's daughters.    Unwilling to wait for Coruscant law enforcement or the Senate to help, Papanoida took it on himself to solve the kidnapping and rescue his children.",https://lumiere-a.akamaihd.net/v1/images/databank_chairmanpapanoida_01_169_aa41311a.jpeg,0,characters
64292927021f17e13fbc1ee9,Cham Syndulla,"The freedom fighter Cham Syndulla came to prominence on Ryloth during the Clone Wars, after the Separatists invaded his homeworld. A dedicated fighter with no tolerance for corruption or dishonesty, Syndulla forged an alliance with Mace Windu that brought liberty to his fellow Twi'leks. Syndulla resisted the Empire after its rise to power, hatching a plot to ambush Emperor Palpatine and Darth Vader on Ryloth. Although he hoped his sacrifices would mean his daughter, Hera, wouldn't have to spend her life fighting, the young woman would grow up to continue his campaign to undermine Imperial power through the time of the Galactic Civil War.",https://lumiere-a.akamaihd.net/v1/images/cham-syndulla-main_5bc690b3.jpeg,0,characters
64292927021f17e13fbc1edd,Captain Wilco,"Captain Wilco is a soldier with integrity. After a mission to Serenno unearths unequivocal proof that Clone Force 99 survived the destruction of Kamino, Wilco refuses to bow to Vice Admiral Rampart's pressure to falsify documents in service to Rampart's own lies.",https://lumiere-a.akamaihd.net/v1/images/captain-wilco-main_3b1440f8.jpeg,0,characters
64292927021f17e13fbc1eea,Chancellor Villecham,"A Tarsunt from the system of the same name, Lanever Villecham was elected chancellor of the New Republic two years before the First Order’s raid on Jakku. He focused his political efforts on such matters as improving trade relations with neutral systems. Despite Leia Organa’s warnings, Villecham didn’t consider the First Order to be a threat to galactic peace.",https://lumiere-a.akamaihd.net/v1/images/chancellor-villecham_8f267906.jpeg,0,characters
64292927021f17e13fbc1eec,Chava,"An elder Lasat mystic, Chava, or Chava the Wise, survived the Imperial purge of Lasan. Along with Gron, a fellow survivor, she was rescued by the Ghost crew. Chava believed in an ancient prophecy that would lead the Lasat to their original homeworld -- and the rebel Zeb was the key.",https://lumiere-a.akamaihd.net/v1/images/chava_7d8c7c10.jpeg,0,characters
64292927021f17e13fbc1eed,Che Amanwe Papanoida,"Che Amanwe found herself caught in the war of wills between the Separatists and her father, Chairman Papanoida, when bounty hunters hired by the Trade Federation kidnapped her and her sister. Imprisoned on Tatooine, Che Amanwe proved she could defend herself quite ably.",https://lumiere-a.akamaihd.net/v1/images/image_6d689f48.jpeg,0,characters
64292927021f17e13fbc1eee,Chewbacca,"A legendary Wookiee warrior and Han Solo’s longtime co-pilot, Chewbacca continues to serve as faithful first mate to carry out daring missions against the First Order behind the controls of the Millennium Falcon. Known as Chewie to his closest friends, he was part of a core group of rebels who restored freedom to the galaxy during the reign of the Galactic Empire. Known for his short temper and accuracy with a bowcaster, Chewie also has a big heart and unwavering loyalty to his friends.",https://lumiere-a.akamaihd.net/v1/images/chewie-main_e1968a8a.jpeg,0,characters
64292927021f17e13fbc1eef,Chi Cho,"As the chairman of the Pantoran Assembly, Chi Cho, was an arrogant and ruthless leader who had no interest in seeking peaceful solutions to his problems. Hoping to use the Jedi as an instrument of blunt force to take back the planet of Orto Plutonia back for the Pantorans, Cho and the Jedi accompanying him (including Obi-Wan Kenobi and Anakin Skywalker) find nothing more than a deserted Separatist base. When it was discovered that a primitive group of Talz had claimed the moon for themselves, Cho almost single-handedly declares war against them and charges into an ill-conceived battle. He met his death at the end of a Talz’ spear.",https://lumiere-a.akamaihd.net/v1/images/chi-cho_c54c72ac.jpeg,0,characters
64292927021f17e13fbc1ef0,Chi Eekway Papanoida,"The daughter of Pantora's Chairman Papanoida, Chi Eekway became a pawn in a high-stakes political game when bounty hunters hired by the Trade Federation kidnapped her and her sister. Ahsoka Tano and Riyo Chuchi freed Chi from captivity aboard a Trade Federation vessel.",https://lumiere-a.akamaihd.net/v1/images/chi-eekway-papanoida-main-image_e04d488e.jpeg,0,characters
64292927021f17e13fbc1ef1,Chief Chirpa,"The chief of the Ewoks dwelling in Endor's Ewok village, Chief Chirpa agreed to join the struggle against the Empire, organizing war bands to fight the stormtroopers. As a sign of this commitment, he ordered that Luke Skywalker and his friends be adopted into his tribe.",https://lumiere-a.akamaihd.net/v1/images/chief-chirpa_1176b0ea.jpeg,0,characters
64292927021f17e13fbc1ef2,Chief Petty Officer Unamo,"Chief Petty Officer Unamo served the First Order aboard the flagship Finalizer, supervising the massive Star Destroyer’s crew and reporting to higher-ranking members of the command crew such as Lieutenant Mitaka.",https://lumiere-a.akamaihd.net/v1/images/chief-petty-officer-unamo_b969cb85.jpeg,0,characters
64292927021f17e13fbc1ef3,Chieftain Pieter,"The elder leader of a town of Ming Po on Carlac, Chieftain Pieter hated the intruding Death Watch and their bullying ways. The marauding gang set up camp next to Pieter's town, and kidnapped many of the defenseless townspeople to toil as their servants. Pieter bravely confronted Vizsla, demanding the return of his people. Vizsla appeared to concede, but it was all a cruel ploy to teach Pieter a painful lesson.",https://lumiere-a.akamaihd.net/v1/images/databank_chieftainpieter_01_169_9b81139b.jpeg,0,characters
64292927021f17e13fbc1ef4,Chirrut Îmwe,"Deeply spiritual, Chirrut Îmwe believes all living things are connected through the Force. His sightless eyes do not prevent him from being a highly skilled warrior. Though he lacks Force abilities, this warrior monk has rigorously honed his body through intense physical and mental discipline.",https://lumiere-a.akamaihd.net/v1/images/chirrut-imwe_5ed7457a.jpeg,0,characters
64292927021f17e13fbc1ef5,Chopper (C1-10P),"Chopper was the resident droid of the Ghost, assisting the crew in everything from ship maintenance to combat -- even though he didn't always want to. Recovered from a crashed ship on Ryloth, the droid was pulled from the wreckage and became a loyal companion to Hera Syndulla when she was still just a child. After many years of repairs and patch jobs, Chopper had a beat-up, worn look that matched his sometimes cranky personality. Aesthetics aside, he was an essential part of this small rebel team, and ultimately, was loyal and heroic.",https://lumiere-a.akamaihd.net/v1/images/chopper-main_607bb2d9.jpeg,0,characters
64292927021f17e13fbc1ef6,"Ciddarin ""Cid"" Scaleback","A seasoned smuggler, Cid keeps the Bad Batch employed on a variety of high-stakes missions to help keep her parlor on Ord Mantell afloat. Her numerous contacts once made her a valuable informant for the Jedi, but since the rise of the Empire Cid has turned her attention toward more profitable assignments while keeping her past concealed.",https://lumiere-a.akamaihd.net/v1/images/ciddarian-cid-scaleback-main_a2a10774.jpeg,0,characters
64292927021f17e13fbc1ef7,Cikatro Vizago,"Once a leader of the Broken Horn crime syndicate on Lothal, Cikatro Vizago changed his ways (mostly) and now serves as captain of the Rebellion's stolen ore crawler.",https://lumiere-a.akamaihd.net/v1/images/image_9196be3d.jpeg,0,characters
64292927021f17e13fbc1eeb,Chata Hyoki,"As a Selkath from the aquatic planet of Manaan, Chata Hyoki wore highly specialized armor that helped keep his skin moist as he made a name for himself in the galaxy as a feared bounty hunter. On the other hand, he was a drunk who haunted Coruscant cantinas. During the Clone Wars, he worked with fellow bounty hunter Robonino to intimidate Senators into changing their votes in the Senate on behalf of Count Dooku. Dooku raised the stakes by instructing the pair to assassinate Senator Amidala, a scheme the Sith lord had tried numerous times before with little success. Hyoki and his compatriot failed in their assassination attempt and were arrested when they attacked Senator Bail Organa at the Senate building.",https://lumiere-a.akamaihd.net/v1/images/chata-hyoki_ff706fba.jpeg,0,characters
64292927021f17e13fbc1ef8,Cin Drallig,"An esteemed Jedi  Master and a swordsman of great skill, Cin Drallig was the head of security for the Jedi Temple on Coruscant. He is in command of the Temple Guard assignments, and also serves as a lightsaber instructor, as all veteran Jedi are encouraged to pass on what they have learned to a new generation of Padawan learners. Though it smacks of disrespect, Drallig has earned the unflattering nickname of ""the Troll"" among the Order.",https://lumiere-a.akamaihd.net/v1/images/databank_cindrallig_01_169_a0fb1ef6.jpeg,0,characters
64292927021f17e13fbc1edc,Captain Typho,"Gregar Typho succeeded Captain Panaka as head of Padmé Amidala’s security detail, protecting her as Naboo’s queen and then as its Senator. During the Separatist Crisis, Typho endorsed the plan for Padmé to evade assassins by secretly returning to Naboo with Anakin Skywalker. He loyally defended the Senator against a host of enemies in the Clone Wars.",https://lumiere-a.akamaihd.net/v1/images/captain-typho_f9e8d7bd.jpeg,0,characters
64292927021f17e13fbc1eda,Captain Peavey,"Edrison Peavey commands the Star Destroyer Finalizer, which requires him to take orders from General Hux. Peavey has little respect for Hux, whom he regards as an arrogant schemer with a poor grasp of tactics. But as a veteran of the Empire, Peavey respects the chain of command and keeps his opinions to himself.",https://lumiere-a.akamaihd.net/v1/images/ep8-170408_c9096720.jpeg,0,characters
64292927021f17e13fbc1ec0,Burg,"A hulking Devaronian, Burg is the muscle of a gang of criminals looking to spring a convict from a prison ship with the help of the Mandalorian.",https://lumiere-a.akamaihd.net/v1/images/burg-main_dd1bfe09.jpeg,0,characters
64292927021f17e13fbc1ec1,Burryaga,"Burryaga is one of the few Wookiees to travel from the lush forests of Kashyyyk to study in the ornate halls of the Jedi Temple on Coruscant. While he is skilled with his broadsword-like lightsaber, it is Burryaga’s natural, effortless ability to sense the emotions of others that sets him apart. The gifted Wookiee studies under Jedi Master Nib Assek, who learned Shryiiwook in order to more properly educate her student in the ways of the Force.",https://lumiere-a.akamaihd.net/v1/images/burryaga-main_56f13902.jpeg,0,characters
64292927021f17e13fbc1ec2,Byph,"A wide-eyed Ithorian boy, Byph was a Jedi youngling studying at the Jedi Temple during the time of the Clone Wars. At the height of the galactic conflict, he was selected as a top student to undergo The Gathering, an important Jedi rite of passage that tested students on the frozen world of Ilum. Byph had to overcome his fearful nature and find the Ilum crystal that would become the heart of his lightsaber.",https://lumiere-a.akamaihd.net/v1/images/databank_byph_01_169_739552bd.jpeg,0,characters
64292927021f17e13fbc1ec3,C'ai Threnalli,"A hotshot Abednedo pilot, C’ai Threnalli flies as Poe Dameron’s wingman during the D’Qar evacuation, although he is hard-pressed to keep up with Poe’s turbocharged starfighter. Assigned to the Raddus, C’ai is left grounded after the destruction of the cruiser’s starfighter hangar. Like Poe, he has doubts about Vice Admiral Holdo’s leadership.",https://lumiere-a.akamaihd.net/v1/images/cai-threnalli-main2_c0de7a50.jpeg,0,characters
64292927021f17e13fbc1ec4,C-21 Highsinger,"Little is known of C-21 Highsinger's origins -- it's clear he has had extensive modifications, and his combination of combat prowess and higher programming have blessedly made him one-of-a-kind. Rumors persist that he occasionally functions as hired protection for criminal families, and he is confirmed to be a self-sufficient bounty hunter. Highsinger's servomotors and manipulators are precision-engineered to offer unparalleled reflexes that give the large droid the skills of a martial artist. By unlocking a rotator assembly in his trunk, Highsinger can become a rapid-firing, spinning turret of destruction with terrifying accuracy.",https://lumiere-a.akamaihd.net/v1/images/databank_c21highsinger_01_169_82dccb3b.jpeg,0,characters
64292927021f17e13fbc1ec5,C-3PO (See-Threepio),"C-3PO longs for more peaceful times, but his continued service to the Resistance — and his knowledge of more than seven million forms of communication — keeps the worry-prone droid in the frontlines of galactic conflict. Programmed for etiquette and protocol, Threepio was built by a young Anakin Skywalker, and has been a constant companion to astromech R2-D2. Over the years, he was involved in some of the galaxy’s most defining moments and thrilling battles. Since the Empire’s defeat, C-3PO has served Leia Organa, head of a Resistance spy ring aimed at undermining the First Order.",https://lumiere-a.akamaihd.net/v1/images/c-3po-main_417a2902.jpeg,0,characters
64292927021f17e13fbc1ec6,C2-B5,"The Galactic Empire relies on astromech droids to maintain its machinery, but unlike the Rebel Alliance, Imperial technicians do not grant their droids independence and subject them to frequent memory wipes to keep them subservient.",https://lumiere-a.akamaihd.net/v1/images/c2-b5-main_b2481990.jpeg,0,characters
64292927021f17e13fbc1ec7,Cad Bane,"A ruthless bounty hunter from the planet Duro, Cad Bane was the preeminent blaster-for-hire in the galaxy at the time of the Clone Wars and after the conflict ended. Using an impressive arsenal of weapons and allies, the cold, cruel, and calculating Bane would literally track his prey to the ends of the galaxy if required. Bane carried custom twin blaster pistols, gauntlets studded with control devices, a concealed bola, explosives, integrated breathing apparatus, and rocket boots, ensuring that he was always well prepared for any situation that may arise.",https://lumiere-a.akamaihd.net/v1/images/cad-bane-main_1fbcbcd8.jpeg,0,characters
64292927021f17e13fbc1ec8,Cade,"A witness to the Imperial demolition of Tipoca City, Cade must wrestle with the guilt of protecting Vice Admiral Rampart's lies in the months that follow. Ultimately, Cade decides to press Rampart to tell the Imperial Senate the truth under threat of revealing what he knows, a brave yet foolish threat.",https://lumiere-a.akamaihd.net/v1/images/the-bad-batch-season-2-ep-7-story-gallery-01_c3fe774c.jpeg,0,characters
64292927021f17e13fbc1ec9,Cal Kestis,"Cal Kestis, a survivor of Order 66, was trained by Jedi Master Jaro Tapal. After years of living on the run and fighting the Empire, Cal has grown into a fierce Jedi warrior. Carrying the memories and expectations of the Jedi Order with him, his crusade against the Empire has only become more perilous.",https://lumiere-a.akamaihd.net/v1/images/cal-main_4829aec1.png,0,characters
64292927021f17e13fbc1eca,Caluan Ematt,"Like many Resistance officers, Caluan Ematt is a veteran of the Rebel Alliance. During the Galactic Civil War, he was a member of the Shrikes recon unit – and the sole survivor after an ambush on Tanaab. Promoted from major to general after the Battle of Starkiller Base, Ematt fled D’Qar with Leia Organa ahead of the First Order’s hunters.",https://lumiere-a.akamaihd.net/v1/images/ep8-184774_37d3861e.jpeg,0,characters
64292927021f17e13fbc1ecb,Camie,"A resident of Anchorhead, as a teen, Camie would hang out with her boyfriend Fixer at Tosche Station. In the last days of the Empire, not much had changed.",https://lumiere-a.akamaihd.net/v1/images/camie-main_c4bdef4f.jpeg,0,characters
64292927021f17e13fbc1edb,Captain Phasma,"Clad in distinctive armor of salvaged chromium, Captain Phasma commands the First Order’s legions of stormtroopers. A tough veteran commander, she has no use for fancy titles or complex war rooms, preferring to lead her troops in battle against the First Order’s enemies. A determined survivor, Phasma betrayed the First Order on Starkiller Base. She managed to conceal her treachery, but fell in battle against Finn, one of her former soldiers.",https://lumiere-a.akamaihd.net/v1/images/captain-phasma_8f4ea1d7.jpeg,0,characters
64292927021f17e13fbc1ecc,Captain Antilles,"A level-headed ship officer schooled in diplomacy, and a capable pilot entrusted to ferry about the royal family of Alderaan, Captain Antilles served in Bail Organa's command staff. He was part of the bridge crew of Organa's diplomatic cruiser, a role he would continue during the time Princess Leia served as Senator of Alderaan.",https://lumiere-a.akamaihd.net/v1/images/databank_captainantilles_01_169_75e05265.jpeg,0,characters
64292927021f17e13fbc1ece,Captain Bragg,"Imperial enforcer Captain Bragg takes great pride in bringing order to the galaxy in the early days of the Empire. On Raxus, Bragg is instrumental in securing local support for the Empire's occupation through any means necessary.",https://lumiere-a.akamaihd.net/v1/images/captain-bragg-main_766dcc97.jpeg,0,characters
64292927021f17e13fbc1ecf,Captain Brunson,"Earning a high rank at a young age, Captain Brunson was the gifted and ambitious commanding officer on an Imperial light cruiser. She battled the Ghost crew of rebels at Geonosis, and in a bold move, looked to bury their ship in the underground of the rocky planet. Brunson would suffer an embarrassment, however, when the Ghost escaped -- destroying her command ship in the process.",https://lumiere-a.akamaihd.net/v1/images/captain-brunson_7bae0723.jpeg,0,characters
64292927021f17e13fbc1ed0,Captain Canady,"A veteran officer, Moden Canady was captain of the Siege Dreadnought Fulminatrix, charged with annihilating D’Qar’s Resistance base from orbit. Canady commanded a Star Destroyer in the Imperial Starfleet, and was distressed to find himself surrounded by arrogant, inexperienced young First Order officers. He incinerated the base and was preparing to fire on Leia Organa’s flagship when his warship was destroyed by the Resistance’s last remaining bomber.",https://lumiere-a.akamaihd.net/v1/images/captain-canady-db_335c9e1a.jpeg,0,characters
64292927021f17e13fbc1ed1,Captain Doza,"Solemn and reserved, Captain Imanuel Doza runs the Colossus platform from a pristine office in his namesake tower. Although he has a soft spot for his daughter, Torra, he is seen as a stern man who will not be easily intimidated, even by the First Order.",https://lumiere-a.akamaihd.net/v1/images/resistance-db-captain-imanuel-doza-main-image_aa3aaa04.jpeg,0,characters
64292927021f17e13fbc1ed2,Captain Elk,"An officer in the Imperial Navy, Captain Elk is in command of a Cantwell-class Arrestor cruiser, patrolling space near Segra-Milo, forever on the lookout for suspicious activity.",https://lumiere-a.akamaihd.net/v1/images/captain-elk-main_a226514b.jpeg,0,characters
64292927021f17e13fbc1ed3,Captain Gawat,"Idrosen Gawat led the planetary defense forces safeguarding the Mykapo system before coming out of retirement to join the Resistance. A seasoned veteran, Gawat serves as executive officer aboard the Raddus, assisting Admiral Ackbar.",https://lumiere-a.akamaihd.net/v1/images/tlj-db-captain-gawat-main-image_33cfc639.jpeg,0,characters
64292927021f17e13fbc1ed4,Captain Hark,"Loyal to Tiber Saxon, Capatin Hark is a Mandalorian warrior who serves the Empire. He has misgivings, however, about the use of a superweapon that targets Mandalorian armor.",https://lumiere-a.akamaihd.net/v1/images/captain-hark_632ff050.jpeg,0,characters
64292927021f17e13fbc1ed5,Captain Kosh,Captain Kosh is the commander of an Imperial garrison on Tatooine. His forces are caught up in a conflict with the local rebellion led by Jennica Pierce. Kosh manipulates both allies and enemies as pawns to achieve the goals of the Empire. He also has an unusual interest in ancient artifacts.,https://lumiere-a.akamaihd.net/v1/images/kosh_background_f7a75531.png,0,characters
64292927021f17e13fbc1ed6,Captain Lang,"A mercenary with loyalty bought by the wealthy Magistrate Morgan Elsbeth, Lang is no ordinary hired gun. He serves as the Magistrate's Captain of the Guard, commanding the forces that defend her walled city.",https://lumiere-a.akamaihd.net/v1/images/captain-lang-main_dce2adfb.jpeg,0,characters
64292927021f17e13fbc1ed7,Captain Merumeru,"Captain Merumeru was a Wookiee chieftain that led a group of Wookiee warriors into battle against the Separatists on Kashyyyk. Leading the charge with a roar, he fought valiantly on the beaches at the battle of Kachirho City alongside his Wookiees and Clone Soldiers of the Republic in the hours leading up to Order 66.",https://lumiere-a.akamaihd.net/v1/images/captain-merumeru_87bf7c7d.jpeg,0,characters
64292927021f17e13fbc1ed8,Captain Needa,"Captain Needa commanded the Avenger, one of the Imperial Star Destroyers that fought for the Empire at the Battle of Hoth. His ship pursued the fleeing Millennium Falcon, but the freighter escaped under mysterious circumstances. Baffled but contrite, Needa decided it was his duty to apologize to Darth Vader for losing the ship.",https://lumiere-a.akamaihd.net/v1/images/needa_a045a7cd.jpeg,0,characters
64292927021f17e13fbc1ed9,Captain Panaka,"Queen Amidala's loyal protector during the Trade Federation invasion crisis was Captain Panaka. Panaka was often referred to as ""the quickest eyes on Naboo"" for his attention to detail and selfless dedication to the safety of the Queen.    Panaka commanded a team of Royal Palace Guards and Security Troopers stationed throughout Theed. During the Trade Federation invasion, Panaka stayed close to the Queen, ensuring her protection from the Neimoidians' plans. His loyalty was such that he would openly question the strategy of Jedi Knights if he thought it would somehow endanger Amidala.",https://lumiere-a.akamaihd.net/v1/images/databank_captainpanaka_01_169_6a3ccac5.jpeg,0,characters
64292927021f17e13fbc1ecd,Captain Argyus,"A member of the elite Senate Guard commandos, Captain Argyus was tasked with overseeing the transport of an important Republic prisoner: Separatist mastermind Nute Gunray. Gunray's wealth and the careful manipulation of Darth Sidious ensured that Argyus' loyalties wandered. Argyus betrayed the Republic, and ensured Gunray's escape from the cruiser Tranquility.",https://lumiere-a.akamaihd.net/v1/images/captain_arygyus_8885ae02.jpeg,0,characters
64292927021f17e13fbc1ebf,Bultar Swan,"The Jedi Knight Bultar Swan was one of the members of the Order selected to join a hastily assembled rescue party. Their target: Geonosis, where Anakin Skywalker and Obi-Wan Kenobi had fallen into Separatist hands.",https://lumiere-a.akamaihd.net/v1/images/Bultar-swan_7e78a9bc.jpeg,0,characters
64292927021f17e13fbc1ef9,Cinta Kaz,"Deceptively young and small in stature, Cinta Kaz is a cold, steely rebel warrior who effectively uses the overconfidence of her enemies to formulate her attacks. Easily overlooked, Cinta puts the cause first, sneaking into position aiming to inflict maximum damage to the Empire.",https://lumiere-a.akamaihd.net/v1/images/cinta-kaz-main_690b1173.jpeg,0,characters
64292927021f17e13fbc1efb,Clegg Holdfast,"An arrogant journalist for Podracing Quarterly, Clegg Holdfast considered himself an expert racer and loved showing off his chestful of medals. His fancy decorations did Holdfast no good during the Boonta Eve Classic: On the race’s second lap, Sebulba’s illegal flame-jets cooked Holdfast’s engines, causing him to crash into the desert.",https://lumiere-a.akamaihd.net/v1/images/clegg-holdfast_1633585d.jpeg,0,characters
64292927021f17e13fbc1f1a,Clone Veteran,"Nearly a decade after the last battle of the Clone Wars, the Empire's plan to replace clone soldiers with conscripted civilians has left some of the few survivors of the Grand Army of the Republic destitute. On the streets of Daiyu, a veteran whose genetically encoded age acceleration and grueling combat experiences has left him worse for wear has been forgotten  and must beg for credits to survive.",https://lumiere-a.akamaihd.net/v1/images/clone-veteran-main_cacc06c3.jpeg,0,characters
64292927021f17e13fbc1f1b,Clone X,"A mysterious and formidable assassin who is highly skilled and adept at stealth tactics, the commando known as Clone X is a conditioned warrior who takes on risky, top-secret missions.",https://lumiere-a.akamaihd.net/v1/images/the-bad-batch-season-2-ep-7-story-gallery-09_434ced0a.jpeg,0,characters
64292927021f17e13fbc1f1c,Clu Lesser,"Clu Lesser was a Muun banker. During the Clone Wars, he was leader of the Council of Five, which was the ruling body over the InterGalactic Banking Clan on Scipio. With as much money moving across the galaxy back and forth to bankroll the Clone Wars, naturally those in charge, Lesser included, did everything they could to skim money off the top for themselves. Senator Padme Amidala, with the help of former Senator Rush Clovis (and secretly, the Sith), leads a mission to uncover such corruption of the Core Five. Once his embezzlement is made public, Lesser is put on trial with the rest of his banking Council subordinates, found guilty, and imprisoned.",https://lumiere-a.akamaihd.net/v1/images/clu-lesser_ce89b8aa.jpeg,0,characters
64292927021f17e13fbc1f1d,Cobb Vanth,"The marshal of Mos Pelgo, a small town on Tatooine, Cobb Vanth has earned the trust of the townsfolk as a capable peacekeeper and leader. Vanth, at one time, was custodian of Boba Fett's Mandalorian armor, which he bought off of Jawa traders.",https://lumiere-a.akamaihd.net/v1/images/cobb-vanth-main_fa090bff.jpeg,0,characters
64292927021f17e13fbc1f1e,Coleman Trebor,"The towering Vurk Coleman Trebor served the Jedi faithfully, winning an appointment to the Jedi Council. At the Battle of Geonosis he came within seconds of ending the Clone Wars at the very beginning, only to fall to a bounty hunter's blaster.",https://lumiere-a.akamaihd.net/v1/images/Coleman-trebor_6ac2cde4.jpeg,0,characters
64292927021f17e13fbc1f1f,Colonel Bandwin Cor,"General Merrick may be the inspirational leader of Starfighter Command, but Bandwin Cor oversees day-to-day operations. The colonel works closely with General Dodonna to determine how best to utilize Yavin 4’s critically important fighter squadrons. His gift for cool, dispassionate analysis ably complements Merrick’s talent for leadership.",https://lumiere-a.akamaihd.net/v1/images/colonel-bandwin-cor-main_812b64d1.jpeg,0,characters
64292927021f17e13fbc1f20,Colonel Datoo,"Colonel Datoo supervised the primary fire control room of Starkiller Base. A methodical man and First Order true believer, Datoo was aghast when his fellow officers tried to flee the doomed base.",https://lumiere-a.akamaihd.net/v1/images/colonel-datoo_da714d5e.jpeg,0,characters
64292927021f17e13fbc1f21,Colonel Meebur Gascon,"Though the clone troopers embodied the war effort of the Galactic Republic against the Separatist Alliance, victory was reliant upon valiant patriots of all shapes and sizes. Meebur Gascon answered the call of duty at the very start of the conflict, and offered his keen analysis as part of Strategic Command since the Battle of Geonosis. The Jedi Council placed Gascon in command of D-Squad's mission to obtain a vital Separatist encryption module. No-nonsense and military-minded with an outsized personality and gruff voice, the diminutive Gascon balked at any suggestion that he was simply a map reader, or that his D-Squad assignment was a result of his tiny size.",https://lumiere-a.akamaihd.net/v1/images/databank_colonelmeeburgascon_01_169_afe9d03b.jpeg,0,characters
64292927021f17e13fbc1f22,Commandant Cumberlayne Aresko,"Arrogant and cruel, Commandant Cumberlayne Aresko was an uncompromising Imperial officer stationed on Lothal. He would charge citizens with treason for any kind of anti-Empire sentiment, and was quick to report the Ghost crew of rebels to the Imperial Security Bureau. Aresko supervised Lothal’s Imperial Academy, where cadets competed to become Imperial officers and stormtroopers. His repeated failures to apprehend Lothal’s rebels eventually cost him his life – the Inquisitor ignited his lightsaber and executed Aresko on orders from Grand Moff Tarkin.",https://lumiere-a.akamaihd.net/v1/images/image_69756b08.jpeg,0,characters
64292927021f17e13fbc1f23,Commander D'Acy,"Leia Organa personally recruited Larma D’Acy to join the Resistance after years of service defending the Warlentta system. With the support of her wife, Wrobie Tyce, who adapted her acumen as a courier ship pilot to fight the First Order by Larma’s side, D'Acy has stepped into a broader strategic command position, personally advising General Organa and rolling up her sleeves for the hands-on work of getting the Ajan Kloss outpost fully operational.",https://lumiere-a.akamaihd.net/v1/images/commander-d-acy-main_f239be90.jpeg,0,characters
64292927021f17e13fbc1f24,Commander Iden Versio,"As the commander of Inferno Squad, a special forces unit of elite Imperial soldiers, Iden protects the Empire from potential threats, erases its enemies, and buries its secrets. Her unconventional tactics test the limits of the Empire’s rigid protocol, but her success as a leader is undeniable. Daughter of Admiral Garrick Versio, Iden gained a mastery of combat and flight at the Future Imperial Leaders Military Preparatory School on her home world of Vardos.",https://lumiere-a.akamaihd.net/v1/images/iden-versio_945333fa.jpeg,0,characters
64292927021f17e13fbc1f25,Commander Jun Sato,"Jun Sato was the by-the-books leader of the Phoenix rebel cell. He was grateful for the assistance of the Ghost crew, who were highly recommended by Fulcrum and Bail Organa, though he hoped they would become more disciplined. After the destruction of his command frigate, he transferred his command to the blockade runner Liberator.",https://lumiere-a.akamaihd.net/v1/images/commander-jun-sato-main-image_afc16f9c.jpeg,0,characters
64292927021f17e13fbc1f19,Clone Trooper Waxer,"Waxer served as part of Ghost Company, under the command of Clone Commander Cody during the campaigns to retake Ryloth and Geonosis. Waxer and Boil were often an inseparable pair, and together formed a recon team scouting the abandoned Twi'lek village of Nabat. There, they found a young girl named Numa, the sole survivor of a Separatist assault. Though the hard-edged Boil at first didn't want anything to do with the little girl, Waxer was compassionate and decided to protect her well-being. Numa proved extremely resourceful, guiding Waxer and Boil through underground passages that allowed them to bypass Separatist forces.",https://lumiere-a.akamaihd.net/v1/images/waxer_ca041ec3.jpeg,0,characters
64292927021f17e13fbc1f26,Commander Pyre,"An ominous figure in gleaming gold stormtrooper armor, Commander Pyre leads the tenacious First Order forces on a mission to find a pair of refugee children on the Colossus platform.",https://lumiere-a.akamaihd.net/v1/images/resistance-db-commander-pyre-main-image_b0a9816a.jpeg,0,characters
64292927021f17e13fbc1f28,Controller LT-319,"Controller LT-319, outfitted with Lobot-tech headgear, was the lead intelligence officer aboard the Imperial listener ship near Killun Station. Ambitious and scheming, Controller LT-319 was eager to impress Grand Admiral Thrawn, and reprogrammed Chopper in an effort to discover the location of the rebel base. The plan would backfire, however, when Hera Syndulla restored her droid's original programming and reversed the feed, destroying the listener ship and Controller LT-319 in the process.",https://lumiere-a.akamaihd.net/v1/images/controller-lt-319_9910e259.jpeg,0,characters
64292927021f17e13fbc1f29,Count Dooku,"Count Dooku was a menacing Sith Lord and central figure in the Clone Wars. Once a Jedi -- trained by Yoda -- he became disillusioned with the Jedi Order and thirsted for greater power. Dooku voluntarily left the light side behind and became Darth Sidious’ dark side disciple, taking the secret name Darth Tyranus and leading the Separatist army. Dooku advanced Sidious’s secret plot to take over the galaxy, but forgot that betrayal is the nature of the Sith.",https://lumiere-a.akamaihd.net/v1/images/Count-Dooku_4f552149.jpeg,0,characters
64292927021f17e13fbc1f2a,Crokind Shand,"A hard-bitten member of Kanjiklub, Crokind Shand was missing an eye and his right leg, injuries suffered during his career as a pit-fighter. His eyepatch and cybernetic leg – rigged to deliver fierce kicks – offered ample evidence that messing with him would be a potentially fatal mistake.",https://lumiere-a.akamaihd.net/v1/images/kanjiklub_69f04fa9.jpeg,0,characters
64292927021f17e13fbc1f2b,Crosshair,"Cold, quick, and calculating, Crosshair was once a member of Clone Force 99. After Order 66, he is among the countless clone soldiers committed to the Empire.  A no-nonsense warrior who detested working with ""regs,"" or normal clones, Crosshair once served as the Bad Batch's sniper. His sharp vision gives him superior accuracy and, as a result, an air of superiority. His ability to neutralize a target at tremendous distance using his customized 773 Firepuncher rifle makes him an invaluable soldier to the Emperor and a threat to all those who fail to fall in line.",https://lumiere-a.akamaihd.net/v1/images/crosshair-main_92c9b4b8.jpeg,0,characters
64292927021f17e13fbc1f2c,Crusher Roodown,"A burly Abednedo, Crusher Roodown was once one of the best scavengers on Jakku, but ran afoul of Unkar Plutt, who sent his thugs to cut off Crusher’s arms. Roodown then obtained a pair of replacement limbs repurposed from a load-lifter, eking out a living in Niima Outpost by hauling scrap and doing odd jobs.",https://lumiere-a.akamaihd.net/v1/images/crusher-roodown_3d9da8d6.jpeg,0,characters
64292927021f17e13fbc1f2d,CS-515,"A stormtrooper stationed on the Colossus in the early days of the First Order's occupation, CS-515 was briefly knocked unconscious in an altercation with two orphans and awoke in the bowels of the platform's engineering department. While the real soldier was indisposed, secret spy Kazuda Xiono donned his armor and went undercover in disguise in an effort to gain valuable information for the Resistance. But the real CS-515 eventually returned to the First Order, disoriented and in need of a memory wipe.",https://lumiere-a.akamaihd.net/v1/images/cs-515_main_5de5a450.jpeg,0,characters
64292927021f17e13fbc1f2e,Cut Lawquane,"A disillusioned clone trooper who saw too many of his fellow brothers die in combat, Cut Lawquane left the service. The deserter attempted to carve a new life for himself as a simple farmer on Saleucami, wanting only to live in peace with his wife Suu and their children, Jek and Shaeeah. However, nowhere was safe from the Clone Wars and even after the last battle, the Empire's interest in his world forces Cut and his family to flee their home.",https://lumiere-a.akamaihd.net/v1/images/the-bad-batch-cut-and-run-story-gallery-03_c78e85b3.jpeg,0,characters
64292927021f17e13fbc1f2f,D-O,"Cobbled from odds and ends in the workshop of a droidsmith, little D-O is an impressionable little roller that becomes fixated upon BB-8.",https://lumiere-a.akamaihd.net/v1/images/d-o-main_9e3a2e61.jpeg,0,characters
64292927021f17e13fbc1f30,Dak Ralter,"An eager young rebel pilot assigned to Hoth’s Echo Base, Dak dreamed of winning glorious victories in the struggle against the Empire. He served as Luke Skywalker’s tailgunner during the Battle of Hoth, but things didn’t go the way Dak had imagined them: He struggled with a malfunction in fire control, and then was killed by Imperial fire that struck the back of the snowspeeder.",https://lumiere-a.akamaihd.net/v1/images/e5d_ia_1559_acf49910.jpeg,0,characters
64292927021f17e13fbc1f31,Darja,"Darja was the grandmother of Alora -- a Force-sensitive baby hunted by the Empire. She knew of the child’s gift, and tried desperately to protect Alora when Inquisitors boarded their ship. The dark warriors took the baby from Darja’s arms, though Ahsoka Tano and the Ghost crew eventually recovered the possible Jedi-to-be.",https://lumiere-a.akamaihd.net/v1/images/darja_8bb5497f.jpeg,0,characters
64292927021f17e13fbc1f32,Darth Bane,"An ancient and legendary Sith Lord, it was Darth Bane who saw that the Sith traditions of old were ultimately a dead end. All too often, squabbling Sith in their bid for power upended carefully laid plans. After the Sith were decimated by the Jedi Knights of a thousand years ago, Bane enacted the Sith rule of two: there would be only two active Sith at one time -- a Dark Lord to embody the power, and an apprentice to crave it. These Sith would operate in the shadows, favoring guile and conspiracy to bring down their opponents rather than brute force -- that is, until it was time to rise and subjugate the galaxy.",https://lumiere-a.akamaihd.net/v1/images/image_55f96135.jpeg,0,characters
64292927021f17e13fbc1f33,Darth Vader,"Once the heroic Jedi Knight named Anakin Skywalker, Darth Vader was seduced by the dark side of the Force. Forever scarred by his defeat on Mustafar, Vader was transformed into a cybernetically-enhanced Sith Lord. At the dawn of the Empire, Vader led the Empire’s eradication of the Jedi Order and the search for survivors. He remained in service of the Emperor -- the evil Darth Sidious -- for decades, enforcing his Master’s will and seeking to crush the Rebel Alliance and other detractors. But there was still good in him…",https://lumiere-a.akamaihd.net/v1/images/darth-vader-main_4560aff7.jpeg,0,characters
64292927021f17e13fbc1f27,Constable Zuvio,"What’s an honorable Kyuzo like Constable Zuvio doing on a lawless planet like Jakku? The tough, taciturn Zuvio is the leader of Niima Outpost’s small militia, and keeps a wary yellow eye out for cheats, thieves and others bent on trouble. He is often found guarding Niima’s landing field, glowering at any local who strays too close to a visitor’s starship.",https://lumiere-a.akamaihd.net/v1/images/constable-zuvio_2814b373.jpeg,0,characters
64292927021f17e13fbc1efa,Cleat,"Cleat is known as Phoenix Four in the Rebellion's vaunted Phoenix Squadron. A gifted pilot, Cleat is eager to serve the fight against the Empire.",https://lumiere-a.akamaihd.net/v1/images/cleat_741ee997.jpeg,0,characters
64292927021f17e13fbc1f18,Clone Trooper Tup,"A rookie clone trooper in the 501st Legion, Tup acclimated well within the ranks of seasoned veterans. Unlike some of the newer clones, like Dogma, who seemed wound a little too tight, Tup was far more willing to learn from his brothers' experiences. Tup could be distinguished by the teardrop shaped tattoo on his face, and the matching markings on his helmet. He served during the grueling campaign to retake the shadowy planet Umbara, under the command of the fierce General Pong Krell.",https://lumiere-a.akamaihd.net/v1/images/tup_1de373c2.jpeg,0,characters
64292927021f17e13fbc1f16,Clone Trooper Jesse,"The clone troopers of the 501st Legion are a tight-knit bunch, loyal to their Jedi General, Anakin Skywalker. Clone Commander Jesse is a hard-fighting patriot who proudly wears the cog-shaped symbol of the Galactic Republic on his helmet, and has a large tattoo that covers his face. After the execution of Order 66, however, Jesse and the rest of the clones are blindly loyal to the Emperor, and not even his brother, the clone known as Rex, can compete with the chip's programming.",https://lumiere-a.akamaihd.net/v1/images/victory-and-death-jesse_95acb3bc.jpeg,0,characters
64292927021f17e13fbc1efc,Clem Andor,"Clem Andor and his wife, Maarva, are salvagers who make their home on the planet Ferrix. Clem is a skilled mechanic, able to refurbish and maintain machinery that would have been long-abandoned by the less committed or skillful. Together, they traverse the galaxy in search of unclaimed tech.",https://lumiere-a.akamaihd.net/v1/images/clem-andor-main_e03b088b.jpeg,0,characters
64292927021f17e13fbc1efd,Cliegg Lars,"Cliegg Lars was a modest, good-hearted moisture farmer who lived on the Lars homestead, not far from the township of Anchorhead. During a trip to the bustling spaceport of Mos Espa, Cliegg fell in love with Shmi Skywalker, a slave owned by Toydarian junk trader Watto.    Cliegg purchased Shmi's freedom and, soon after, made her his bride. They lived a quiet existence for years on the homestead, surviving against the harsh desert elements. With Owen, Cliegg's son from a previous union, and Owen's girlfriend Beru Whitesun, the Lars homestead was a tiny island of familial warmth amidst the endless desert wastes. Until tragedy struck...",https://lumiere-a.akamaihd.net/v1/images/databank_cliegglars_01_169_c2f0b9cb.jpeg,0,characters
64292927021f17e13fbc1efe,Clink,"An astromech with no patience for impropriety, Clink does not suffer fools or the interruption of orderly function in the store room of a trader's post.",https://lumiere-a.akamaihd.net/v1/images/clink-main_102023d2.jpeg,0,characters
64292927021f17e13fbc1eff,Clone 99,"During the Clone Wars, Clone 99 was a malformed result of the cloning process. Due to his genetic defects and physical limitations, he was considered unfit for combat, and remained behind on Kamino to support the training efforts of his clone ""brothers."" Though his responsibilities were menial and his job consisted primarily of janitorial duties, he took pride in his work and in his connection to the Republic's noble heroes. Despite (or perhaps because of) his physical shortcomings, Clone 99 was gentle, thoughtful and wise, offering a unique perspective for cadets facing the rigors of military training. During the Separatist invasion of Tipoca City, he assisted a group of clone cadets in their defense of the cloning facility.",https://lumiere-a.akamaihd.net/v1/images/databank_clone99_01_169_5d50032c.jpeg,0,characters
64292927021f17e13fbc1f00,Clone Captain Grey,"Serving under Jedi General Depa Billaba throughout the Clone Wars, Captain Grey is a trusted soldier. He is stationed on Kaller during Order 66 and helps to bring about the end of the Clone Wars.",https://lumiere-a.akamaihd.net/v1/images/clone-captain-grey-main_5cb81e7d.jpeg,0,characters
64292927021f17e13fbc1f01,Clone Captain Howzer,"Having been deployed by the Republic to Ryloth during the Clone Wars, clone Captain Howzer now serves the Empire on the planet as it promises to protect and defend its people.",https://lumiere-a.akamaihd.net/v1/images/clone-captain-howzer-main_149c5805.jpeg,0,characters
64292927021f17e13fbc1f02,Clone Captain Rex,"Rex once served the Republic on the frontlines during the Clone Wars,  taking orders from Anakin Skywalker and Ahsoka Tano as first a captain and later a commander. He viewed military service as an honor, and his loyalty to the Republic and his Jedi Generals was absolute. But  when Order 66 was executed, it was Ahsoka who helped to free Rex from the programming of his inhibitor chip. At the dawn of the Empire, Rex has escaped with his life but is considered killed-in-action in the eyes of the new regime. That allows him to operate in the shadows and help any clone brothers who remain separate from the Imperial ranks.",https://lumiere-a.akamaihd.net/v1/images/the-bad-batch-battle-scars-story-gallery-05_d3235dee.jpeg,0,characters
64292927021f17e13fbc1f03,Clone Commander Bacara,"Clone Commander Bacara (clone designation CC-1138) was the leader of the Galactic Marines, a unit of clone troopers famous for their distinctive armor and relentlessness in combat. Known for his aggressive tactics, Bacara led Republic forces against the Separatists during the Outer Rim Sieges, culminating in the assault on Mygeeto.",https://lumiere-a.akamaihd.net/v1/images/databank_clonecommanderbacara_01_169_aa642060.jpeg,0,characters
64292927021f17e13fbc1f04,Clone Commander Bly,"A veteran of many Clone Wars battles, Clone Commander Bly (clone designation CC-5052) served in the 327th Star Corps on such worlds as Quell, Maridun, and Felucia. Bly developed a close working relationship with Jedi General Aayla Secura, who was always reassured to know the dependable clone trooper had her back.",https://lumiere-a.akamaihd.net/v1/images/databank_clonecommanderbly_01_169_7452adc7.jpeg,0,characters
64292927021f17e13fbc1f05,Clone Commander Cody,"A natural and practical leader in the clone army, Commander Cody's keen ability to strategize, combined with his fierce combat style in the heat of battle once earned him the respect of the Jedi and of his fellow clones. After years in service to General Obi-Wan Kenobi and working alongside his friend Captain Rex, when Darth Sidious executed Order 66, Cody's loyalty was eclipsed by his clone indoctrination, and he ordered his troops to fire on the Jedi. But after serving the Galactic Empire for a time, Cody began to realize that the Empire's idea of order called for brute force and bending the truth. And after leading a mission to secure the world of Desix in the name on the Emperor, Cody vanished.",https://lumiere-a.akamaihd.net/v1/images/commander-cody-main_5d0f8d14.jpeg,0,characters
64292927021f17e13fbc1f06,Clone Commander Doom,"A clone commander, Doom served alongside the twin Jedi Masters Tiplar and Tiplee. Doom led a flanking maneuver during the Battle of Ringo Vinda, supported by clone troopers including Fives and Tup. When a seemingly disoriented Tup suddenly shot Tiplar in the back, the momentum of the attack was lost and Anakin Skywalker ordered Doom and his men to retreat.",https://lumiere-a.akamaihd.net/v1/images/image_947960d1.jpeg,0,characters
64292927021f17e13fbc1f07,Clone Commander Fox,"Commander Fox led the Coruscant Guard, an elite clone trooper unit assigned to serve as peace-keepers on the Galactic Republic capital. Like every other clone trooper in the Guard, Fox was bound by honor and duty to protect and serve the Supreme Chancellor and the members of the Galactic Senate. Utterly fearless, he was always the first to lead the charge into battle, even in the most perilous combat situations. His exemplary performance has made him one of the most highly decorated soldiers in the Republic army.",https://lumiere-a.akamaihd.net/v1/images/databank_clonecommanderfox_01_169_703bfe09.jpeg,0,characters
64292927021f17e13fbc1f17,Clone Trooper Kix,"Kix served as a  medic in the 501st Legion of clone troopers. He is equipped with medpacs and other first aid equipment to help tend to his fellow squadmates in the thick of battle. Though Kix is dedicated to preserving the life of his fellow brothers, he has no qualms about fighting the enemy. Stencilled across his head is the phrase, ""a good droid is a dead one"" as testament to his mettle.",https://lumiere-a.akamaihd.net/v1/images/kix_fac440b1.jpeg,0,characters
64292927021f17e13fbc1f08,Clone Commander Gree,"Clone Commander Gree, designation 1004, led the Elite Corps of clone troopers during the Clone Wars. He saw deployments on such heated battlefronts as Kashyyyk. Gree himself wore camouflaged armor to better blend into jungle surroundings. Though a faithful commander who carried out the Jedi's orders, Gree was ultimately loyal to the Republic. When Chancellor Palpatine enacted Order 66, Gree understood it was a worst-case scenario contingency -- the Jedi had betrayed the Republic, and were therefore dangerous enemies of the state.",https://lumiere-a.akamaihd.net/v1/images/databank_clonecommandergree_01_169_ccbc3da4.jpeg,0,characters
64292927021f17e13fbc1f0a,Clone Commander Mayday,"Clone Commander Mayday was a dedicated soldier of the Galactic Republic who continued to serve the Empire protecting a seemingly insignificant depot dubbed 'The Outpost' on the barren world of Barton IV. A firm believer that respect had to be earned, Mayday chafes at the disdainful attitude of the new regime, especially those who treat clones as expendable, while he is forced to watch helplessly as his squad is cut down by raiders. But among the reinforcements, Mayday finds an unlikely ally in the elite clone, Crosshair.",https://lumiere-a.akamaihd.net/v1/images/clone-commander-mayday-main_e6411218.jpeg,0,characters
64292927021f17e13fbc1f0b,Clone Commander Neyo,"Clone Commander Neyo was stationed on Saleucami during the Outer Rim Sieges. While on speeder bike patrol with his Jedi general, Stass Allie, he received Order 66 directly from Supreme Chancellor Palpatine. The command identified Allie as an enemy of the Republic. Carrying out the order, he stopped his BARC speeder bike, falling in behind the Jedi. He and a wingman opened fire with their speeder-mounted laser cannons, killing Stass Allie and destroying her speeder bike.",https://lumiere-a.akamaihd.net/v1/images/databank_clonecommanderneyo_01_169_c4721166.jpeg,0,characters
64292927021f17e13fbc1f0c,Clone Commander Ponds,"CT-411, known as Clone Commander Ponds, served under Jedi Master Mace Windu during the Clone Wars. A veteran of such battlefields as Geonosis, Ryloth, and Malastare, Ponds had an Aurebesh phrase stenciled on the back of his helmet that read, ""some guys have all the luck."" Unfortunately, Ponds' luck ran out when his flagship, Endurance, was critically damaged by a saboteur and he was taken captive by merciless bounty hunters on Vanqor.",https://lumiere-a.akamaihd.net/v1/images/databank_clonecommanderponds_01_169_f0cc9515.jpeg,0,characters
64292927021f17e13fbc1f0d,Clone Commander Scorch,"Clone Commander Scorch understands the sensitive nature of the Empire's scientific studies. After one cloning experiment gets loose on the world of Silla, Scorch diligently assists his fellow soldiers in corralling the panicked villagers and escorting them off world to ensure that the Empire remains fully in control of the situation.",https://lumiere-a.akamaihd.net/v1/images/scorch-main_b23d43ae.jpeg,0,characters
64292927021f17e13fbc1f0e,Clone Commander Stone,"A member of the Coruscant Guard, Clone Commander Stone (clone designation CC-5869) spent long stretches of the Clone Wars far from the front on the Republic's capital world. He was able to make use of his combat skills when pirates attacked his shuttle during a diplomatic mission to Florrum -- though nothing in Stone's training prepared him for taking orders from a Gungan politician.",https://lumiere-a.akamaihd.net/v1/images/databank_clonecommanderstone_01_169_5f57c46d.jpeg,0,characters
64292927021f17e13fbc1f0f,Clone Commander Thorn,"Clone Commander Thorn was a Republic soldier during the Clone Wars who led an escort of Padmé Amidala to Scipio. After nightfall, Thorn detected a coming Separatist assault, and acted fast to warn the Senator. With his Z06 blaster cannon (nicknamed the “Hammer”), he and his troops did what they could to hold off the attack. Battle droids closing in around him, Thorn unleashed a torrent of blaster bolts and a “For the Republic!” battle cry before falling valiantly.",https://lumiere-a.akamaihd.net/v1/images/image_9edb7ee6.jpeg,0,characters
64292927021f17e13fbc1f10,Clone Commander Wolffe,"Clone Commander Wolffe (clone designation CC-3636) served under General Plo Koon in the Clone Wars, as commander of the tight-knit unit known as the Wolfpack. A seasoned and battered combatant, Wolffe has witnessed some of the worst the war has to offer. Early in the Clone Wars, he lost his entire command when Master Plo's flagship, Triumphant, was destroyed by the despicable General Grievous. Despite such tragedy, he fights on bravely, proudly brandishing his battle scars and instilling loyalty among his men.",https://lumiere-a.akamaihd.net/v1/images/ACW_IA_77349_2a55f9c8.jpeg,0,characters
64292927021f17e13fbc1f11,Clone Pilot Odd Ball,"A capable clone pilot with experience flying multiple starfighters and attack craft, Odd Ball fought at Teth, Umbara and Coruscant, sometimes flying alongside Obi-Wan Kenobi. He joined the hunt for the escaped Padawan Ahsoka Tano on Coruscant, and was engaged in battle above Utapau when Supreme Chancellor Palpatine issued Order 66, directing all clone forces to turn their weapons on their Jedi Generals.",https://lumiere-a.akamaihd.net/v1/images/oddball_9e5f9aa6.jpeg,0,characters
64292927021f17e13fbc1f12,Clone Pilot Warthog,"A veteran clone pilot of many starfighter engagements, Warthog was highly skilled in combat operations. He was comfortable behind the stick of a V-19 Torrent Interceptor, a Z-95 Headhunter, or a Republic attack gunship. He piloted in the thick of combat alongside commanding officer, General Plo Koon.",https://lumiere-a.akamaihd.net/v1/images/databank_warthog_01_169_3bc31322.jpeg,0,characters
64292927021f17e13fbc1f13,Clone Trooper Boil,"When trooper Waxer was en route to Ryloth on a mission to liberate its besieged population of Twi'leks, he was at first callously dismissive of their plight. ""If we're here to free the tail-heads, the least they can do is get out of our way,"" he said. But, time spent on the planet with a brave little survivor of a Nabat village opened Boil's eyes. The resourceful girl, Numa, guided Boil and his squadmate Waxer through hidden passageways beneath the village, which proved crucial in freeing hostages held by the Separatists. To honor Numa, Boil had a cartoon illustration of Numa added to his helmet.",https://lumiere-a.akamaihd.net/v1/images/acw_ia_20764_2243fe1c.jpeg,0,characters
64292927021f17e13fbc1f14,Clone Trooper Dogma,"Fervently loyal to the Galactic Republic, trooper Dogma was one of the newer generation of clone troopers fighting on the frontlines of the Clone Wars. Unlike seasoned veterans like Clone Captain Rex and ARC Trooper Fives, Dogma was more rigid in his thinking, easily -- and eagerly -- submitting to appropriate authority. When clones troopers of the 501st began grousing about General Krell's obstinate and dangerous command style, Dogma jumped to defend their commander. Dogma supported  the general -- and passionately believed in their duty to carry out his orders.",https://lumiere-a.akamaihd.net/v1/images/dogma_bcf07ef3.jpeg,0,characters
64292927021f17e13fbc1f15,Clone Trooper Hardcase,"""Let me at 'em!"" was Hardcase's typical reaction when presented with enemy forces, no matter how overwhelming the odds. Legend has it that his growth chamber sprung a leak during his formation on Kamino, resulting in his characteristic, somewhat aberrant, but nonetheless useful hyperactivity. When the blaster bolts fly, Hardcase loses all sense of self-preservation and returns fire with zeal, determined to wipe out the enemy with repeated sweeps of his rotary laser cannon.",https://lumiere-a.akamaihd.net/v1/images/hardcase_36c2eaea.jpeg,0,characters
64292927021f17e13fbc1f09,Clone Commander Jet,"Trained in heavy-weapons such as flamethrowers, Clone Commander Jet (clone designation CC-1993) survived a crash landing on Geonosis and pressed the attack on Poggle the Lesser's forces, leading his orange-armored flame troopers through the planet's caverns and helping recapture its droid factories.",https://lumiere-a.akamaihd.net/v1/images/databank_clonecommanderjet_01_169_e88dd6fb.jpeg,0,characters
64292927021f17e13fbc1ebe,Bulduga,"Most beings in the galaxy assume that Ithorians are peaceful keepers of gardens and contemplative philosophy. The ones who have stared down the barrels of the bounty hunting brothers Bulduga and Onca beg to differ -- if not busy begging for their lives. While Onca favored heavier rifles, Bulduga preferred the fast-draw blaster. Some who noticed Bulduga's low slung holster, red-lensed goggles and wide-brimmed hat wondered if perhaps Bulduga was a copy-cat, looking to imitate another well known gunslinger -- but not within earshot of the deadly Ithorian.",https://lumiere-a.akamaihd.net/v1/images/bulduga_53057af7.jpeg,0,characters
64292927021f17e13fbc1ebd,Buggles,"In her room high in Doza Tower, ace pilot Torra Doza enjoys the company of her beloved pet, Buggles, a fluffy-yet-not-quite housebroken voorpak. With wide cerulean eyes, a pug nose, and a lolling tongue, Buggles spends his days napping lazily in the shade, barking affectionately, and snuggling in Torra's lap.",https://lumiere-a.akamaihd.net/v1/images/resistance-db-buggles-main-image_eae05945.jpeg,0,characters
64292927021f17e13fbc1ebc,Bucket (R1-J5),"A battered, decrepit old droid addled by outdated, glitching programming, Bucket has been Jarek Yeager’s loyal astromech for years. Despite the droid’s eccentric behavior, Bucket is a capable mechanic.",https://lumiere-a.akamaihd.net/v1/images/resistance-db-bucket-main-image_73c7ce7d.jpeg,0,characters
64292927021f17e13fbc1e64,Agent Gideon Hask,"An orphan from Kuat, Gideon Hask found a family with the Empire. Having honed his combat skills from a young age, he was selected by Admiral Garrick Versio to join the special forces unit Inferno Squad. His bravery and dedication to the Empire are matched only by his disdain for those who would stand in its way.",https://lumiere-a.akamaihd.net/v1/images/agent-gideon-hask_de8ce7b3.jpeg,0,characters
64292927021f17e13fbc1e65,Agent Tierny,"A specially-trained member of the First Order Security Bureau with a mysterious scar on her jaw, Agent Tierny hopes to restore peace to the galaxy through absolute order. A master of manipulation, Tierny's tactics more often involve lulling her targets into a false sense of security rather than using more aggressive forms of interrogation. Her arrival at the Colossus platform, as part of a First Order security takeover, ushers in sheer chaos when the platform is plunged deep into the waters of Castilon, leaving only Doza Tower above sea level.",https://lumiere-a.akamaihd.net/v1/images/agent-tierny-main_64a6bbd2.jpeg,0,characters
64292927021f17e13fbc1e66,Ahsoka Tano,"Ahsoka Tano, a Togruta female, was the Padawan learner to Anakin Skywalker and a hero of the Clone Wars. Alongside Anakin, she grew from headstrong student into a mature leader. But her destiny laid along a different path than the Jedi.",https://lumiere-a.akamaihd.net/v1/images/ahsoka-main_47d8386d.jpeg,0,characters
64292927021f17e13fbc1e67,Albrekh,"An eccentric Sith alchemist and metalsmith known for a steady hand, Albrekh uses an ancient Sith forge to join the fragments of Kylo Ren’s shattered helmet with a glowing red lattice of Sarrassian iron.",https://lumiere-a.akamaihd.net/v1/images/albrekh-main_1cf0561c.jpeg,0,characters
64292927021f17e13fbc1e68,Alcida-Auka,"Alcida-Auka is the matron of the Caretakers on Ahch-To’s sacred island, and oversees their maintenance of the island’s structures, a religious duty that has fallen to them for eons. Alcida-Auka refers to the other Caretakers as her “daughters” and instructs them in their proper duties. While she has accepted Luke Skywalker as a seeker of truth, she has doubts about his reckless new apprentice.",https://lumiere-a.akamaihd.net/v1/images/last-jedi-databank-alcida-auka-main-image_c1b59357.jpeg,0,characters
64292927021f17e13fbc1e69,Alderaanian Royal guards,"Loyal sentinels sworn to the protection of the Royal House of Alderaan, Alderaanian guards can be found throughout the palace and much of its surrounding grounds, keeping watch over the first family.",https://lumiere-a.akamaihd.net/v1/images/alderaanian-royal-guards-main_8dd043c6.jpeg,0,characters
64292927021f17e13fbc1e6a,Alexsandr Kallus,"Formerly an officer of the Imperial Security Bureau, Alexsandr Kallus defected from the Empire and now serves the Rebellion. A smart strategist and able warrior, he fights to free the galaxy of tyranny alongside his friends on the Ghost crew.",https://lumiere-a.akamaihd.net/v1/images/agent-kallus-s3_46fb5ec2.jpeg,0,characters
64292927021f17e13fbc1e6b,Alora,"During his reign, the Emperor looked to destroy all opposition to his power. Any Jedi could be a threat to him, so the Inquisitors were tasked with hunting down all Force-sensitive children. Alora, just a baby and strong with the Force, was tracked by the Fifth Brother and Seventh Sister on a civilian ship. The two dark warriors took the baby from her grandmother’s arms, but the Inquisitors would not complete this mission. Ahsoka Tano and the Ghost crew intervened, eventually returning Alora to her family.",https://lumiere-a.akamaihd.net/v1/images/alora_ab370812.jpeg,0,characters
64292927021f17e13fbc1e6c,Alrich Wren,"Father of rebel Sabine and husband of Ursa, Alrich Wren is a proud Mandalorian. When Clan Wren broke from the Empire, he was held captive in retaliation, but was ultimately rescued by his daughter. Alrich, along with Clan Wren, now stands united with Mandalore under Bo-Katan Kryze. He is also knowledgable of the arts, both proud and critical of Sabine's work.",https://lumiere-a.akamaihd.net/v1/images/alrich-wren_37a8106b.jpeg,0,characters
64292927021f17e13fbc1e6d,Alton Kastle,"A journalist for HoloNet News, Alton Kastle was regarded by the Imperial citizens of Lothal as a trustworthy, even comforting source of information. Those in the know scoffed that Kastle's reports were Imperial propaganda -- their primary purpose was to maintain order in the name of the Empire, not to tell the truth or anything close to it.",https://lumiere-a.akamaihd.net/v1/images/alton-kastle_bf3196be.jpeg,0,characters
64292927021f17e13fbc1e6e,Amda Wabo,"Amda Wabo, a male Aqualish, was a weapons manufacturer on Garel during the age of the Empire. He had set in place a deal to sell banned T-7 ion disruptors to the Empire, but his plans fell through due to a slight language barrier...courtesy of a group of Lothal rebels.",https://lumiere-a.akamaihd.net/v1/images/image_86d08fa6.jpeg,0,characters
64292927021f17e13fbc1e6f,Amilyn Holdo,"An unconventional Resistance officer, Amilyn Holdo was one of Leia Organa’s oldest friends. She assumed command of the Resistance fleet after Leia was injured. As the peril to the Resistance grew, Holdo’s insistence on secrecy and her brusque manner led her into conflict with Poe Dameron. She sacrificed her life to save the Resistance transports during the desperate flight to Crait.",https://lumiere-a.akamaihd.net/v1/images/ep8-ff-004349_fd1e44fa.jpeg,0,characters
64292927021f17e13fbc1e63,Agent Del Meeko,"A versatile veteran of the Galactic Empire, Del Meeko witnessed the fall of the Jedi Order on Coruscant as a young boy. Del was so effective as a stormtrooper that he was chosen to serve as a shoretrooper on Scarif and eventually as chief engineer aboard a Star Destroyer. Del’s versatility was rewarded with recruitment into Inferno Squad, where he plays numerous roles: scout, sniper, pilot, intelligence officer, and whatever else Commander Iden Versio needs from him.",https://lumiere-a.akamaihd.net/v1/images/agent-del-meeko_8f173763.jpeg,0,characters
64292927021f17e13fbc1e70,Amis,"During the Clone Wars, Amis was one of the brightest students groomed for leadership for the next generation of Mandalore -- a plan complicated by the sudden turmoil that engulfed the neutral planet during the conflict. As a Royal Academy of Government cadet, Amis was the wise-cracker amongst his friends, a good-spirited student who often thought with his stomach. Together with his pals, he helped expose corruption at the highest level of Mandalorian politics, but thwarting a black market conspiracy was child's play compared to the rise of Death Watch.",https://lumiere-a.akamaihd.net/v1/images/databank_amis_01_169_0b76a948.jpeg,0,characters
64292927021f17e13fbc1e72,AP-5,"Proud and honorable, AP-5 was a droid that served as a navigator for the Republic military during the Clone Wars. Following the formation of the Empire, however, he was reassigned to inventory. While the position did not take advantage of his gifts, he performed his duties without complaint -- despite threats and disrespect from his Imperial commanders. It was only after a fateful meeting with the rebel astromech Chopper that AP-5 came to see he did not have to serve the Empire. He helped Chopper escape capture and defected to the rebels, helping find a safe haven away from Imperial forces.",https://lumiere-a.akamaihd.net/v1/images/ap-5_ab18c540.jpeg,0,characters
64292927021f17e13fbc1e73,Appo,"A clone trooper in Republic service, Appo took part in a number of critical battles during the fight against the Separatists. As a sergeant, he served under General Pong Krell on Umbara, and saw firsthand Krell’s willingness to throw away the lives of his troops. In the final days of the war Appo accompanied Anakin Skywalker to Coruscant’s Jedi Temple as part of Order 66. When Senator Bail Organa arrived during the aftermath of the Temple attack, Appo told him of the “Jedi rebellion” and ordered him to leave the area.",https://lumiere-a.akamaihd.net/v1/images/Appo-main-image_653bd25a.jpeg,0,characters
64292927021f17e13fbc1e74,Ap’Lek,"A cunning strategist, Ap’lek enjoys using trickery and stealth to outmaneuver his foes, before cornering them and finishing them off with a blow from his massive vibro-ax, once the weapon of a Mandalorian executioner.",https://lumiere-a.akamaihd.net/v1/images/apilek-main_ab19a1be.jpeg,0,characters
64292927021f17e13fbc1e75,Arashell Sar,"Arashell Sar is one of several abandoned children working in the Canto Casino’s fathier stables. She spends her days mucking stalls, feeding fathiers, cleaning saddles and gear and doing everything else Bargwill Tomder demands.",https://lumiere-a.akamaihd.net/v1/images/last-jedi-databank-arashell-sar-main-image_4645c61e.jpeg,0,characters
64292927021f17e13fbc1e76,ARC Trooper Fives,"Also known as CT-27-5555, Fives trained with Domino Squad on Kamino before being shipped out to the Rishi Moon listening outpost. He survived the Separatist attack on the station there, and was transferred to the 501st Legion alongside his squadmate and fellow survivor, Echo. Fives and Echo were promoted to ARC trooper status after the defense of Kamino from Separatist invaders. He and Echo were later assigned with the difficult mission of freeing Republic prisoners from the daunting Citadel prison installation on Lola Sayu. He and Echo were later part of a mission to free Republic prisoners from the Separatist prison called the Citadel. Echo fell in battle, leaving Fives as Domino Squad’s sole survivor. Fives accompanied the clone trooper Tup to Kamino for medical testing, where he discovered a terrifying secret about the clones’ origins and ultimate purpose.",https://lumiere-a.akamaihd.net/v1/images/databank_arctrooperfives_01_169_53db6e38.jpeg,0,characters
64292927021f17e13fbc1e77,Ardo Barodai,"Vanguard Squadron’s intelligence chief, Ardo Barodai, lived on Mon Cala during its Imperial occupation. He played the foolish alien - often as a bartender - to eavesdrop on careless Imperial officers and pass intelligence along to the Rebellion. Now serving the New Republic, Ardo keeps up his kindly, rumpled persona. Few suspect that underneath lies the mind of a skilled strategist and spymaster.",https://lumiere-a.akamaihd.net/v1/images/ardo-barodai-main_bf024031.jpeg,0,characters
64292927021f17e13fbc1e78,Argus “Six Eyes” Panox,"Argus’s multiple, flexible eyestalks give him a clear advantage at the sabacc table, but his reputation precedes him and other players are on the lookout for his wandering. Always watching the competition, Argus thoughtfully chews his cud before making his next move.",https://lumiere-a.akamaihd.net/v1/images/solo-db-argus-six-eyes-pannox-main-image_f97fd275.jpeg,0,characters
64292927021f17e13fbc1e79,Arvel Skeen,"A seasoned and jaded soldier, Arvel Skeen has spent hard time in tough Imperial prisons. Fueled by revenge, Skeen's interest in rebel activity stems from his desire to exact payback on the Imperial authority that put him in a cell.",https://lumiere-a.akamaihd.net/v1/images/arvel-skeen-main_e2d7849b.jpeg,0,characters
64292927021f17e13fbc1e7a,Asajj Ventress,"An assassin trained in the ways of the dark side by Count Dooku, Asajj Ventress yearned to be considered a true Sith, but such status wasn't allowed under the Sith's Rule of Two. Ventress fought with twin red-bladed lightsabers, and clashed with Obi-Wan Kenobi and Anakin Skywalker many times. But her destiny would not lie with the Sith. After Dooku rejected her as his apprentice and tried to kill her, Ventress returned to her roots as a Nightsister, made a living as a bounty hunter, and – in the strangest twist of all – rediscovered the way of the light that she’d rejected long ago as a Jedi Padawan.",https://lumiere-a.akamaihd.net/v1/images/Asajj-Ventress_d5ca9413.jpeg,0,characters
64292927021f17e13fbc1e7b,Ask Aak,"Ask Aak was the Gran senator representing Malastare during the crisis that led to the Clone Wars. As a member of Chancellor Palpatine’s inner-circle, he was privy to many of the meetings and decisions that allowed the Republic to take military action against the secessionists threatening to leave the Republic. He was a strong proponent of this action, but allowed Representative Binks to advance the military creation act.",https://lumiere-a.akamaihd.net/v1/images/ask-aak_cd1a237e.jpeg,0,characters
64292927021f17e13fbc1e7c,Atai Molec,"Atai Molec is the ruthless prime minister of Zygerria who will do whatever it takes to bring his homeworld back to its former majesty. He also serves as Captain of the Guard, leading the royal sentinels sworn to protect the Queen and enforce Zygerrian dominance over their slaves. Despite his rank, Molec often took a hands-on approach. He has been known to personally prowl the markets on foot, vigiliant for any inklings of rebellion, and he delights in breaking slaves himself, brandishing the Zygerrian electro-whip with unrivaled cruelty.",https://lumiere-a.akamaihd.net/v1/images/databank_ataimolec_01_169_9677f009.jpeg,0,characters
64292927021f17e13fbc1e7d,Athgar Heece,"A Dybrinthe bounty hunter, Athgar Heece was one of many beings seeking to make a living in and around Jakku’s bleak Niima Outpost. Dybrinthe are accustomed to higher atmospheric temperatures and pressures, meaning Heece was one of the few on Jakku to find its conditions pleasant.",https://lumiere-a.akamaihd.net/v1/images/jakku-scavengers_647f4197.jpeg,0,characters
64292927021f17e13fbc1e71,Anakin Skywalker,"Discovered as a slave on Tatooine by Qui-Gon Jinn and Obi-Wan Kenobi, Anakin Skywalker had the potential to become one of the most powerful Jedi ever. Some even believed he was the prophesied Chosen One who would bring balance to the Force. Always pushing the limits of his Jedi training, seeking to excel and live up to his reputation, Skywalker's passion often brought him into conflict with his mentor, Jedi Master Obi-Wan Kenobi. A hero of the Clone Wars, Anakin was caring and compassionate, but suffered from a deep fear of loss that would prove to be his downfall.",https://lumiere-a.akamaihd.net/v1/images/anakin-skywalker-main_0326586e.png,0,characters
64292927021f17e13fbc1e7e,Aunt Z,"Patrons at Aunt Z's Tavern, the most popular eatery on the Colossus platform, stop in for a quick drink or bite to eat... and the wise advice of the owner, Aunt Z'Vk'Thkrkza. Insightful to a fault, and sometimes brazenly blunt, Aunt Z's charismatic personality has been known to break up a bar fight, quash a robbery, and stoke friendly (and profitable) wagers on race days.",https://lumiere-a.akamaihd.net/v1/images/resistance-db-aunt-z-main_2b6e08d3.jpeg,0,characters
64292927021f17e13fbc1e62,Agen Kolar,"A Zabrak Jedi Master, Agen Kolar was part of the Jedi strike team assembled by Mace Windu to rescue Obi-Wan Kenobi and other hostages taken by the Separatists on Geonosis. Kolar displayed his renowned skill with a lightsaber during the battle in the Geonosian arena, though his young Padawan died during the fighting. In the final days of the Clone Wars, Windu turned to Kolar again, calling on him, Saesee Tiin and Kit Fisto to arrest Supreme Chancellor Palpatine. Confronted by the Jedi, Palpatine threw off his guise and revealed himself as Darth Sidious. He ignited his crimson-bladed lightsaber and struck down Kolar.",https://lumiere-a.akamaihd.net/v1/images/screen_shot_2015-05-26_at_5_9f577251.png,0,characters
64292927021f17e13fbc1e60,Aeosian Queen,"The regal Aeosian Queen rules her people with a firm hand. After her tribe's healers were lost in an attack by the First Order, she seeks retribution against the next wave of trespassers on her world.",https://lumiere-a.akamaihd.net/v1/images/aeosian-queen_af2376ae.jpeg,0,characters
64292927021f17e13fbc2027,Kin Robb,"The honorable Senator Kin Robb served in the Galactic Senate during the Clone Wars. She was present for many important happenings during this era, including the attack by the Zillo Beast, assassination attempts made by Death Watch, and her service as a juror in Ahsoka Tano’s trial for bombing the Jedi Temple.",https://lumiere-a.akamaihd.net/v1/images/kin-robb_768f9892.jpeg,0,characters
64292927021f17e13fbc1e47,"""Quick-Draw"" Quasar","An amalgamation of droid parts, riot racer ""Quick-Draw"" Quasar has the body of a protocol series droid and the head of a B1 battle bot. Painted with a splash of purple and yellow, he puts his strategic programming to work.",https://lumiere-a.akamaihd.net/v1/images/quick-draw-quasar-main_d5ef9990.jpeg,0,characters
64292927021f17e13fbc1e48,"""Steel Claw"" Kane","At the Safa Toma riot races, ""Steel Claw"" Kane routinely works with champion Jet Venim to grab hold of opponents who threaten Venim's pole position. His eponymous gadget is deployed in a maneuver called ""The Crunch,"" violently yanking a second-place racer out of the running.",https://lumiere-a.akamaihd.net/v1/images/steel-claw-kane-main_ede943f9.jpeg,0,characters
64292927021f17e13fbc1e49,"""The Trickster"" Flash Raktor","Perhaps riot racer Flash Raktor gets his nickname, ""The Trickster,"" from the dissonance of his programming and profession. Once a protocol droid, with databanks filled with languages and etiquette rules, Flash has been heavily modified to become a contender at the Safa Toma Speedway.",https://lumiere-a.akamaihd.net/v1/images/the-trickster-flash-raktor_b84df8a2.jpeg,0,characters
64292927021f17e13fbc1e4a,2BR-NTB,"Loyal to Norath Kev, the droid 2BR-NTB has a distinct green-and-red paint scheme and sensors attuned to impending danger.",https://lumiere-a.akamaihd.net/v1/images/2br-ntb-main_081ce1aa.jpeg,0,characters
64292927021f17e13fbc1e4b,4-LOM,"A rusty droid with insectile features, 4-LOM was originally a protocol droid, but logic glitches allowed him to escape his programming and become a bounty hunter. That proved a perfect occupation for the cold, calculating mechanical.",https://lumiere-a.akamaihd.net/v1/images/curve_4lom_a7640432.jpeg,0,characters
64292927021f17e13fbc1e4c,4D-M1N,"When Captain Doza needs guests escorted into Doza Tower or messages relayed to citizens of the Colossus platform, he calls upon his loyal droid 4D-M1N to act as liaison, rarely leaving the gleaming corridors surrounding his private office and living quarters.",https://lumiere-a.akamaihd.net/v1/images/resistance-db-4d-m1n-main-image_2a163064.jpeg,0,characters
64292927021f17e13fbc1e4d,5-L,"A mouse droid serving aboard a First Order Star Destroyer, 5-L is briefly reprogrammed to serve Tam Ryvora on a covert mission to return to her friends aboard the Colossus.",https://lumiere-a.akamaihd.net/v1/images/5-l-main_c6302f4f.jpeg,0,characters
64292927021f17e13fbc1e4e,8D8,"A lanky smelter droid, during the time of the Empire 8D8 assisted EV-9D9 in terrorizing Jabba the Hutt's droid operatives. But after the fall of the Empire, under Boba Fett's employ 8D8 was reassigned to assist with strategy and diplomacy.",https://lumiere-a.akamaihd.net/v1/images/astromech-jabba-s-palace-main_cdc9691a.jpeg,0,characters
64292927021f17e13fbc1e4f,Aayla Secura,"With an athletic build, an exotic beauty, and blue skin, Aayla Secura stood out among the many faces of the Jedi ranks. A cunning warrior and Jedi Knight during the rise of the Clone Wars, Aayla fought alongside Clone Commander Bly on many exotic battlefields. Having mastered the emotional detachment necessary in the Jedi Order, she always tried to pass on what she had learned to others. Aayla was killed, along with many other Jedi Generals, when her troops turned on her in reaction to Supreme Chancellor Palpatine’s broadcast of Order 66.",https://lumiere-a.akamaihd.net/v1/images/databank_aaylasecura_01_169_39a65af2.jpeg,0,characters
64292927021f17e13fbc1e50,Adi Gallia,"Jedi Master Adi Gallia was a member of the Order's High Council during the Clone Wars. She and the other members of that ruling body would convene in a temple high above the Coruscant landscape, deciding important matters of the Jedi. Stern and focused, she would remark upon the more outrageous tactics carried out by Anakin Skywalker or Obi-Wan Kenobi in the course of the war, but would rarely condemn their effective actions. Though not as brash as Anakin, Adi Gallia was known to be an aggressive warrior who had no problem bringing the fight to the enemy.",https://lumiere-a.akamaihd.net/v1/images/databank_adigallia_169_8b798f27.jpeg,0,characters
64292927021f17e13fbc1e51,Admiral Ackbar,"A veteran commander, Ackbar led the defense of his homeworld, Mon Cala, during the Clone Wars and then masterminded the rebel attack on the second Death Star at the Battle of Endor. Ackbar realized the rebels had been drawn into a trap at Endor, but adjusted, with his fleet buying valuable time for the attack to succeed. After the Battle of Endor, Ackbar became a Grand Admiral in the New Republic, winning many victories including the pivotal Battle of Jakku. He retired to Mon Cala, but was coaxed back into service with the Resistance by Leia Organa.",https://lumiere-a.akamaihd.net/v1/images/databank_ackbar_01_169_55137220.jpeg,0,characters
64292927021f17e13fbc1e61,Aftab Ackbar,"To uphold the legacy of his father, Admiral Gial Ackbar’s son, Aftab, now serves the Resistance as a Y-wing pilot. Beyond his family's close ties to rebel efforts, Aftab’s recruitment was part of a larger effort to bring more Mon Calamari aid to the cause.",https://lumiere-a.akamaihd.net/v1/images/aftab-ackbar-main_3d257fbb.jpeg,0,characters
64292927021f17e13fbc1e52,Admiral Coburn,"With a stern face, steely glare and unmistakable command presence, Admiral Coburn served at the side of General Plo Koon during the Clone Wars. The taciturn fleet officer measured his words precisely, offering clear commands in a clipped accent. Coburn's rigid military discipline served him well in executing some of the more daring missions under Jedi leadership. He commanded  a four-cruiser task force into the thick of a Separatist fleet cordon over Lola Sayu to facilitate the rescue of a strike team that invaded the Citadel installation. Coburn also led a Jedi light cruiser in extracting prisoners from the Zygerrian slave processing facility on Kadavo, steering the vessel dangerously close to the facility.",https://lumiere-a.akamaihd.net/v1/images/databank_admiralcoburn_01_169_8db29cff.jpeg,0,characters
64292927021f17e13fbc1e54,Admiral Griss,"A veteran First Order officer, Frantis Griss commands the Steadfast and its battlegroup and sits on the Supreme Council. He has an excellent relationship with Allegiant General Pryde, which proves useful when the First Order must coordinate its efforts with the Sith armada revealed at Exegol.",https://lumiere-a.akamaihd.net/v1/images/admiral-griss-main_d6144ea9.jpeg,0,characters
64292927021f17e13fbc1e55,Admiral Karius,"An intimidating mix of machine and man, Admiral Karius serves as Darth Vader’s second-in-command on Mustafar. Stern and unforgiving, he intends to see to it personally that the captain of the Windfall doesn’t survive their stay at Fortress Vader.",https://lumiere-a.akamaihd.net/v1/images/admiral-karius-main_d32a0001.jpeg,0,characters
64292927021f17e13fbc1e56,Admiral Kassius Konstantine,"Admiral Kassius Konstantine was a leading officer on an Imperial Star Destroyer. Konstantine, however, ultimately answered to the Inquisitor, and took his ship wherever the Jedi hunter ordered him to.",https://lumiere-a.akamaihd.net/v1/images/image_55c96977.jpeg,0,characters
64292927021f17e13fbc1e57,Admiral Kilian,"A by-the-manuals Republic officer, Admiral Kilian runs a tight ship. Nonetheless, a saboteur was able to slip into the clone cadet ranks during a training tour over Vanqor, and cripple the Jedi cruiser Endurance. Kilian, following naval tradition, refused to abandon ship. He became a hostage of notorious bounty hunters seeking revenge against the Jedi Order.",https://lumiere-a.akamaihd.net/v1/images/databank_admiralkillian_01_169_398fb91c.jpeg,0,characters
64292927021f17e13fbc1e58,Admiral Motti,"A young, ambitious Imperial officer from the Outer Rim world of Seswenna, Admiral Motti saw the Death Star as the ultimate power in the universe, and burned to use that power against any who dared challenge the Empire. The commander of the Star Destroyer Steel Talon, he served as one of the Imperial military’s Joint Chiefs, becoming an ally of Grand Moff Tarkin’s and head of naval operations aboard the Death Star. He died when the battle station was destroyed.",https://lumiere-a.akamaihd.net/v1/images/databank_admiralmotti_01_169_f01d2570.jpeg,0,characters
64292927021f17e13fbc1e59,Admiral Ozzel,"Admiral Ozzel commanded the Super Star Destroyer Executor, Darth Vader's mighty flagship and the linchpin of the squadron searching the galaxy for the Alliance's secret base. Ozzel led the initial attack on Hoth, but his choice of tactics infuriated Vader, leading to a sudden and permanent demotion.",https://lumiere-a.akamaihd.net/v1/images/e5d_ia_1189_6c16bed1.jpeg,0,characters
64292927021f17e13fbc1e5a,Admiral Piett,"An ambitious Imperial officer, Piett rose through the ranks to captain and was assigned to the Super Star Destroyer Executor, Darth Vader's flagship. There, he chafed at having to serve under the foolish, vainglorious Admiral Ozzel. When Vader strangled Ozzel, Piett was granted a battlefield promotion to admiral -- and given a grisly warning of the penalty for failure. Miraculously, he survived his time as Vader's underling, but died when a Rebel starfighter destroyed the Executor's command bridge.",https://lumiere-a.akamaihd.net/v1/images/databank_admiralpiett_01_169_18014135.jpeg,0,characters
64292927021f17e13fbc1e5b,Admiral Raddus,"A gruff Mon Calamari officer, Raddus commands the rebel starfleet before the Battle of Yavin, working to knit a hodgepodge of ships into a military force and arrange the delivery of new capital ships to the Alliance. Raddus has little patience for the rebel council’s endless committee meetings. As he sees it, military muscle is the key to defeating the Empire, not stirring speeches.",https://lumiere-a.akamaihd.net/v1/images/admiral-raddus-main_33194c80.jpeg,0,characters
64292927021f17e13fbc1e5c,Admiral Statura,"A veteran Resistance officer, Statura fought to liberate his homeworld of Garel from the Empire while he was just a teenager. Later, Leia Organa recruited him to handle ship procurement and logistics for the Resistance. The technically savvy Statura helped identify the thermal oscillator as the key target in the Resistance’s attack on Starkiller Base.",https://lumiere-a.akamaihd.net/v1/images/admiral-statura_42dcca12.jpeg,0,characters
64292927021f17e13fbc1e5d,Admiral Trench,"A Separatist admiral known for his cunning and ruthlessness, Trench commands the Separatist blockade of Christophsis, where Senator Bail Organa and his relief effort are pinned down and in danger of capture. Although Anakin Skywalker outwits him and Trench's flagship is destroyed, the skilled tactician survives to fight another day thanks to an array of cybernetic implants.",https://lumiere-a.akamaihd.net/v1/images/admiral-trench-main_8da89427.jpeg,0,characters
64292927021f17e13fbc1e5e,Ady Sun'Zee,"A headstrong Jedi Knight from the days of the High Republic. Highly skilled in combat, she was forced to face her own fears when her Master was struck down.",https://lumiere-a.akamaihd.net/v1/images/ady-main_173ed160.jpeg,0,characters
64292927021f17e13fbc1e5f,Aemon Gremm,"The captain of Dryden Vos’s security forces, Gremm is an intimidating Hylobon who insists all security inquiries are funneled through him. A scar across his snout hints at a violent past.",https://lumiere-a.akamaihd.net/v1/images/solo-db-aemon-gremm-main-image_0956f7f7.jpeg,0,characters
64292927021f17e13fbc1e53,Admiral Garrick Versio,"An accomplished naval officer who brought his home world of Vardos under Imperial control, Garrick Versio was reassigned and promoted to Admiral following the destruction of the Death Star over Yavin 4. Garrick formed Inferno Squad to ensure nothing of the sort would happen again. Loyalty to the Empire is Admiral Versio’s first priority.",https://lumiere-a.akamaihd.net/v1/images/admiral-versio_b06dd6c5.jpeg,0,characters
64292927021f17e13fbc1e7f,Aurodia Ventafoli,"Billed as the Chanteuse of the Stars, Aurodia Ventafoli usually headlines high-end concert halls, but has taken a booking she couldn’t refuse: an extended residency aboard Dryden Vos’s yacht. Ventafoli’s multi-vocoder boosts her already impressive voice so it attains nonhuman frequencies.",https://lumiere-a.akamaihd.net/v1/images/solo-db-aurodia-ventafoli-main-image_d40fe5f1.jpeg,0,characters
64292927021f17e13fbc1e80,Aurra Sing,"A feared bounty hunter known for her chalk-white skin and built-in comlink antenna, Aurra Sing was an expert sniper and trained assassin who would work for anyone who paid her. After the death of Jango Fett, Aurra trained Boba Fett as a bounty hunter, teaching him the skills -- and the ruthlessness -- that he would need in pursuing his deadly profession.",https://lumiere-a.akamaihd.net/v1/images/databank_aurrasing_01_169_dce3aa30.jpeg,0,characters
64292927021f17e13fbc1e81,Avar Kriss,"Avar is the brightest, most noble example of Jedi-hood. She always tries to see the good in people and situations, and never puts herself first. She is invigorated about life on the frontier and the challenges it brings, and is an inspiration for those who work with her. She is compassionate, not dogmatic, and always ready to sacrifice herself over others. Avar Kriss is the best of the best.",https://lumiere-a.akamaihd.net/v1/images/avar-kriss-main_019acd5b.jpeg,0,characters
64292927021f17e13fbc1ea2,Big Al,"A frequent stool warmer at Aunt Z's Tavern, Big Al spends most of his free time with his belly to the bar and a drink in his hand. Sometimes this unique perspective makes him question what he sees, especially when he witnesses a brief underwater chase with specialized SCUBA troopers on the heels of Kazuda Xiono, swimming in the depths while hanging onto a BB unit.",https://lumiere-a.akamaihd.net/v1/images/star-wars-resistance-big-al_c10cc070.jpeg,0,characters
64292927021f17e13fbc1ea3,Biggs Darklighter,"Biggs Darklighter grew up on Tatooine with Luke Skywalker, and shared his friend's dreams of escaping the dull desert world. After graduating from the Imperial Academy, he defected from the Empire's service to join the Rebellion. He and Luke were reunited at Yavin 4's Rebel base, and flew together against the Death Star. Luke returned from that mission as a hero, but Biggs did not survive.",https://lumiere-a.akamaihd.net/v1/images/image_606ff7f7.jpeg,0,characters
64292927021f17e13fbc1ea4,Birnok,"A prisoner in the Imperial Narkina 5 facility, Birnok toils to manufacture mysterious Imperial widgets among the collective of inmates stationed at Table Two. Birnok is adept at his work and attentive to detail, but eager for a change of scenery.",https://lumiere-a.akamaihd.net/v1/images/birnok-main_2f3a440d.jpeg,0,characters
64292927021f17e13fbc1ea5,Bistan,"The efforts of the Rebellion have drawn warriors from across the galaxy, fighting to liberate their homes and free their people from the oppression of the Empire. Though Bistan wants to ensure the freedom of fellow lakaru, truth is, he’d rather fight no matter what, relishing the thrill of action.",https://lumiere-a.akamaihd.net/v1/images/bistanb-main_e072ac36.jpeg,0,characters
64292927021f17e13fbc1ea6,Bitey,"Although a nice, juicy gorg makes for a hearty snack for some, other alien species prefer to keep the doe-eyed creatures as pets. Flix and Orka have been known to do both, allowing one Gorg named Bitey an extended stay in their shop. Bitey often lives up to his name, chomping on wriggling fingers, and has been known to take down entire ships by chowing down on the wiring.",https://lumiere-a.akamaihd.net/v1/images/resistance-db-bitey-main-image_b68e9f8c.jpeg,0,characters
64292927021f17e13fbc1ea7,Bix Caleen,"On the world of Ferrix, Bix Caleen gets by through her ingenuity, running a successful business pulling apart old tech scraps and selling the parts. Fearless and bold, Bix is a risk taker with no love for the Empire and a fierce loyalty for her friends, including Cassian Andor.",https://lumiere-a.akamaihd.net/v1/images/bix-caleen-main-b_1450fe71.jpeg,0,characters
64292927021f17e13fbc1ea8,BNI-393,"A wide-eyed LEP servant droid, BNI-393 was one of the survivors of a Separatist plot that saw the shipjacking of a Jedi cruiser and its transformation into an explosive weapon. In the conquering of the ship, Bunny's master was killed, leaving the shy yet helpful little droid alone. She connected with several other survivors, and avoided battle droid patrols that scoured the corridors of the cruiser. Bunny connected with R2-D2 and the droids of D-Squad, and was instrumental in helping defuse the Separatist plot.",https://lumiere-a.akamaihd.net/v1/images/databank_bni393_01_1699_b7f408e1.jpeg,0,characters
64292927021f17e13fbc1ea9,Bo Keevil,"A soft-spoken Kel Dor pilot, Bo Keevil prefers to let the daredevil maneuvers of his lightning-fast yellow racer do the talking for him. A superb and confident pilot, he is part of the Aces squadron that defends the Colossus platform.",https://lumiere-a.akamaihd.net/v1/images/resistance-db-bo-main-image_dd05ec65.jpeg,0,characters
64292927021f17e13fbc1eaa,Bo-Katan Kryze,"A gifted warrior, Bo-Katan Kryze is a legendary Mandalorian. She has been fighting for the future of Mandalore since the Clone Wars, wearing armor that has been in her family for generations. The last of her line, she once wielded the Darksaber as the leader of the Mandalorian resistance in the age of rebellion. At the dawn of the New Republic, she led a team of Clan Kryze Mandalorians striking back at the Imperial remnant.Though her mission to retake Mandalore has faltered with the loss of the Darksaber, Bo-Katan finds newfound purpose and focus with the help of the Mandalorian Din Djarin, who won the blade in battle with Moff Gideon.",https://lumiere-a.akamaihd.net/v1/images/bo-katan-main_45a1c0c4.jpeg,0,characters
64292927021f17e13fbc1eab,Boba Fett,"With his customized Mandalorian armor, deadly weaponry, Boba Fett was once regarded as one of the most fearsome and capable bounty hunters in the galaxy. An unaltered genetic clone of his father, bounty hunter Jango Fett, Boba learned combat and martial skills from a young age. Over the course of his career, which included contracts for the Empire and the criminal underworld, he became a legend. Although Fett seemingly met his demise in the Sarlacc pit on Tatooine after falling into the Great Pit of Carkoon, Boba survived the beast and lived to reclaim his armor, taking over the throne at Jabba's Palace.",https://lumiere-a.akamaihd.net/v1/images/boba-fett-main_a8fade4d.jpeg,0,characters
64292927021f17e13fbc1eac,Bobbajo,"Known as the Crittermonger, the Nu-Cosian Bobbajo was a common sight in Niima Outpost, bent beneath the caged animals he carried on his back. Bobbajo sold some of his animals as food to spacers, while considering others pets. He was a noted storyteller, regaling audiences with adventures he and his menagerie had pursued in long-gone days.",https://lumiere-a.akamaihd.net/v1/images/bobbajo-16-9_417e45ee.jpeg,0,characters
64292927021f17e13fbc1ead,Bode Akuna,"A freelance gunslinger with no love for the Empire, Bode Akuna is an ally of Jedi Knight Cal Kestis. Armed with a jetpack and his blasters, Bode is a versatile mercernary who is always ready for a fight.",https://lumiere-a.akamaihd.net/v1/images/bode-main_b65899ea.png,0,characters
64292927021f17e13fbc1ea0,Bib Fortuna,"As the former majordomo to the late Jabba the Hutt, the scheming Bib Fortuna seized power after his master's demise and attempted to control the criminal underworld on Tatooine. For decades, those attempting to do business with Jabba the Hutt first needed to maneuver past the Twi'lek, an ever-present attendant who often hovered near Jabba's ear, offering advice and feeding his boss information. Fortuna followed the rules of protocol in the Hutt's court (such as they were), and spoke only in Huttese, though he understood other tongues.",https://lumiere-a.akamaihd.net/v1/images/bib-fortuna-main_376ba1ba.jpeg,0,characters
64292927021f17e13fbc1eae,Bodhi Rook,"A former Imperial pilot, Bodhi has strong piloting and technical skills that he will put to use for the Rebellion. Ever practical, but highly anxious, Bodhi must gather his courage to bring the battle to the Empire.",https://lumiere-a.akamaihd.net/v1/images/bodhi-rook_1d3c1b58.jpeg,0,characters
64292927021f17e13fbc1eb0,Bollie Prindel,"A member of the ground crew assigned to the Resistance base on D’Qar, Bollie Prindel is one of many crewers keeping the Resistance’s starfighter squadrons ready for action on short notice.",https://lumiere-a.akamaihd.net/v1/images/ep7_ia_62761_7b583f55.jpeg,0,characters
64292927021f17e13fbc1eb1,Bolo,"A regular at Cid's parlor on Ord Mantell, Bolo prefers to sit in his favorite booth rather than warm a stool at the bar. With a translator device that turns his native tongue into basic, he can communicate with newcomers and distract them with his commentary.",https://lumiere-a.akamaihd.net/v1/images/the-bad-batch-battle-scars-story-gallery-04_1954b8a8.jpeg,0,characters
64292927021f17e13fbc1eb2,Bolza Grool,Racers who dodge their commitments are likely to encounter the lumbering Klatooinian muscle Bolza Grool as he's tossing them off the side of the Colossus platform head first. Grool makes his living selling gorgs in the marketplace and he does not appreciate being mistaken for a holo-dart board.,https://lumiere-a.akamaihd.net/v1/images/resistance-db-bolza-grool-main_3fe9765a.jpeg,0,characters
64292927021f17e13fbc1eb3,Boolio,"A mine overseer at the Sinta Glacier Colony, Boolio finds himself thrust into the galactic struggle after a mole within the First Order mysteriously supplies him with a file filled with critical intelligence. Acting swiftly, Boolio arranges to deliver this intel to the Resistance. His heroism soon leads to his arrest and execution.",https://lumiere-a.akamaihd.net/v1/images/boolio-main_bab306ba.jpeg,0,characters
64292927021f17e13fbc1eb4,"Bosco ""The Mad Bomber"" Brix","Bosco ""The Mad Bomber"" Brix lives up to his name on the Safa Toma riot racing circuit. A Nikto with a taste for explosives, Brix is known for leaving his opponents in a fiery blaze.",https://lumiere-a.akamaihd.net/v1/images/bosco-the-mad-bomber-brix-main_b9b56887.jpeg,0,characters
64292927021f17e13fbc1eb5,BoShek,"A Corellian smuggler and pilot-for-hire, BoShek was cooling his heels at the bar in Tatooine’s Mos Eisley cantina when Obi-Wan Kenobi introduced himself and said he was looking to hire a charter without attracting Imperial attention. BoShek didn’t take the job, but he knew two pilots who might be interested, and introduced Kenobi to Chewbacca the Wookiee.",https://lumiere-a.akamaihd.net/v1/images/boshek-main-image_f7900f5e.jpeg,0,characters
64292927021f17e13fbc1eb6,Boss Lyonie,"During the Clone Wars, Boss Lyonie served as the local leader of the Gungans of Naboo, chairing the Rep Council in Otoh Gunga. When the Republic needed reinforcements to prevent the Separatist takeover of Mon Cala, the Jedi Council asked Boss Lyonie to send in the Gungan Grand Army. Jar Jar Binks was quick to insist the Gungans help, especially since their loyal ally Senator Amidala was endangered.     

Though Lyonie proved a boon to the Republic during that campaign, a sudden tide of unrest among the Gungans against the Naboo caused many to fear that he would be siding with the Separatists.",https://lumiere-a.akamaihd.net/v1/images/databank_bosslyonie_01_169_3310c7e1.jpeg,0,characters
64292927021f17e13fbc1eb7,Boss Nass,"The stout and stern leader of the Gungans, Boss Nass was a proud keeper of his people's ways. His booming voice issued decrees on behalf of all the Gungans of Otoh Gunga. He kept a tight rein on Gungan affairs, continuing a longstanding custom of isolationism. Though Nass' temper is short, displays of courage and humility can pierce through his preconceptions. When Queen Amidala prostrated herself before the Gungan leader to request his aid in fighting off the Trade Federation invasion, he was impressed. Nass committed the Gungan Grand Army to wage war against invading battle droids.",https://lumiere-a.akamaihd.net/v1/images/databank_bossnass_01_169_ef11c0db.jpeg,0,characters
64292927021f17e13fbc1eb8,Bossk,"One of the most feared bounty hunters of the galaxy, Bossk used his natural Trandoshan hunting instincts to capture his prey. During the Clone Wars, the red-eyed reptilian partnered with Aurra Sing, Castas and young Boba Fett. Bossk didn't care much for vendettas or politics. He was in it to get paid. After a brief stint in a Republic prison, Bossk continued his partnership with Fett, becoming a bodyguard to the teen bounty hunter.  Decades later, Bossk answered Darth Vader's call to capture the Millennium Falcon after the Battle of Hoth, an assignment that put him in direct competition with Boba.",https://lumiere-a.akamaihd.net/v1/images/databank_bossk_01_169_c3c42fbe.jpeg,0,characters
64292927021f17e13fbc1eb9,Brasso,"A burly, hard-working Grappler in the proud, self-made Ferrixian tradition, Brasso toils in the salvage yard, working long days dismantling starships. A close friend to the Andor family, Brasso is willing to lie for Cassian and often looks after Maarva during her son's extended absences.",https://lumiere-a.akamaihd.net/v1/images/brasso-main_73967a5a.jpeg,0,characters
64292927021f17e13fbc1eba,Brom Titus,"Brom Titus is a cold, arrogant officer of the Empire. He continually proves inept, however, falling to the Ghost crew time after time.",https://lumiere-a.akamaihd.net/v1/images/admiral-brom-titus_1548e371.jpeg,0,characters
64292927021f17e13fbc1ebb,Brother Viscus,"A male Zabrak from Dathomir, Brother Viscus lived through the era of The Clone Wars as a leader of Nightbrother village. When Asajj Ventress sought out an instrument of her revenge, he supervised a tournament that chose Savage Opress as the new apprentice they would use to betray Dooku. Later, he would be sent by Mother Talzin to Ord Mantell to aid Darth Maul and the Shadow Collective as they fought to capture Count Dooku and General Grievous. He was badly wounded in the fight, but lived to fight another day.",https://lumiere-a.akamaihd.net/v1/images/brother-viscus_6f084148.jpeg,0,characters
64292927021f17e13fbc1eaf,Bolla Ropal,"Bolla Ropal was the keeper of the Kyber Crystal, which stored the identities of Force-sensitive children known to the Jedi. After stealing a Holocron from the Jedi Temple on Coruscant, the bounty hunter Cad Bane captured Ropal.    To access the information about Jedi children, Bane needed Ropal to open the Holocron, into which he'd insert the crystal. Ropal refused despite being tortured by Bane's battle droids, sacrificing his own life to thwart the bounty hunter's plans.",https://lumiere-a.akamaihd.net/v1/images/bolla_d1c186c5.jpeg,0,characters
64292927021f17e13fbc1e9f,BG-81,"BG-81 was an astromech droid in the service of Quarrie, a starfighter engineer on Shantipole. The droid assisted Quarrie in the construction of his experimental Blade Wing craft, and was present for both its test run and first field operation.",https://lumiere-a.akamaihd.net/v1/images/bg-81_283b6580.jpeg,0,characters
64292927021f17e13fbc1e9e,Beru Lars,"In her youth, Beru Whitesun's aspirations did not reach beyond Tatooine. The shy young woman was content to marry Owen Lars and lead the tough life of a moisture farmer. In time, she became a surrogate mother and guardian to their nephew, Luke Skywalker. Fiercely protective of the child, Beru would do anything to ensure Luke's safety and happiness.",https://lumiere-a.akamaihd.net/v1/images/beru-lars-main_fa680a4c.png,0,characters
64292927021f17e13fbc1e9d,Benthic Two Tubes,"A loyal soldier in Saw Gerrera's partisan fighters, the mysterious Benthic Two Tubes has been pushing against the Empire for years. Fighting alongside his eggmate, Edrio, they share a nickname that nods to the breathing apparatus that allows Tognath physiology to process oxygenic atmospheres.",https://lumiere-a.akamaihd.net/v1/images/benthic-two-tubes-main_2dc38388.jpeg,0,characters
64292927021f17e13fbc1e82,Ax Tagrin,"The bounty hunter Ax Tagrin offers his services and raw, brute strength to whichever side seems to be winning and has the credits to pay. During the rise of the First Order, a job from Commander Pyre takes him to the Varkana system to use his penchant for advanced double blaster rifles and energy axes to hunt wanted Resistance spies.",https://lumiere-a.akamaihd.net/v1/images/ax-tagrin-main_30953c2f.jpeg,0,characters
64292927021f17e13fbc1e83,AZI-3,"AZI-3, the much shorter form of his full designation of AZ-345211896246498721347, is a specialized medical droid programmed to assess injured clone soldiers and deliver even the most ditressing news to his patients on Kamino. His favorite assignments involve hands-on research.",https://lumiere-a.akamaihd.net/v1/images/azi-3-main_8e635a30.jpeg,0,characters
64292927021f17e13fbc1e84,Azmorigan,"Slovenly and greedy, Azmorigan was a gangster of unknown origin who dealt in the trade of rare, and often illegal, goods and services. His base of operations was his ship, the Merchant One, populated with servant droids and his own henchmen. While feared by many, Azmorigan suffered a major embarrassment when he was double-crossed by Lando Calrissian, resulting in the loss of the crime lord's hard-to-find puffer pig.",https://lumiere-a.akamaihd.net/v1/images/image_7516ccf7.jpeg,0,characters
64292927021f17e13fbc1e85,B-U4D (Buford),"A burly loading droid clad in yellow ceramic armor plate, B-U4D serves on D’Qar as part of the ground crew that keeps the Resistance’s starfighters ready to fly. Tough and hard-working, “Buford” is one of many Resistance droids granted independence and seen as partners in the cause rather than mere machines.",https://lumiere-a.akamaihd.net/v1/images/b-u4d_73f93ac6.jpeg,0,characters
64292927021f17e13fbc1e86,B1,"Shut away in a storage container with a battalion of super battle droids for many years, aboard the Colossus one battle droid simply nicknamed B1 got a fresh start. While the engineer Neeku was fixing the rest of the rare droids, he upgraded B1's systems for a more commanding and loyal droid than the typical battle bot.",https://lumiere-a.akamaihd.net/v1/images/b1-main_467a633c.jpeg,0,characters
64292927021f17e13fbc1e87,B2EMO,"Long ago, B2EMO -- often called Bee-two, or more simply, Bee -- was a cutting-edge groundmech salvage assist unit fresh off the assembly line. Now very old and quite weary for a droid, Bee continues to serve the Andor family, a dedicated member of the clan tasked with towing scrap and assisting in their communications.",https://lumiere-a.akamaihd.net/v1/images/b2emo-main_09e3aa1d.jpeg,0,characters
64292927021f17e13fbc1e88,Babu Frik,"A tiny droidsmith working among the Spice Runners of Kijimi, the well-regarded Babu Frik can reprogram or modify virtually any droid, regardless of the security measures protecting its systems.",https://lumiere-a.akamaihd.net/v1/images/babu-frik-main_4da7f430.jpeg,0,characters
64292927021f17e13fbc1e89,Babwa Venomor,"Trandoshan hunter Babwa Venomor cares only for trophies and bragging rights. Working in conjunction with the Empire's clone troopers, he burns through the lush forests of Kashyyyk to force the planet under Imperial rule. But the promise of a Jedi survivor intrigues Babwa, and he will risk everything to make the Wookiee Gungi his prize.",https://lumiere-a.akamaihd.net/v1/images/babwa-venomor-main_d6b841df.jpeg,0,characters
64292927021f17e13fbc1e8a,Bail Organa,"A member of Alderaan's royal family and the planet's representative to the Republic Senate since the time of the Clone Wars, Bail Organa earned respect on Coruscant for his honesty and his commitment to justice. Prior to the fall of the Republic, Bail served alongside Senator Padmé Amidala as a member of Chancellor Palpatine's Loyalist Committee. The two became close friends, and recruited like-minded allies to prevent Palpatine's alarming grabs for power. At the end of the war, Bail Organa adopted Padmé's daughter Leia and raised her as an Alderaanian princess. While representing Alderaan in the Imperial Senate, he continued to work secretly with allies such as Mon Mothma and Ahsoka Tano to assist rebel cells scattered across the galaxy, working towards the day that a unified Rebellion could emerge.",https://lumiere-a.akamaihd.net/v1/images/bail-organa-main_ad4b657d.jpeg,0,characters
64292927021f17e13fbc1e8b,Bala-Tik,"An agent of the feared Guavian Death Gang, Bala-Tik’s black leather coat and percussive cannon indicate his status within the galactic underworld. Bala-Tik negotiates business for the Guavians, backed by faceless, voiceless cybernetic soldiers awaiting the signal to take action. Bala-Tik considers Han Solo a capable smuggler and a valuable source of information, but his patience with the slippery Corellian and his endless excuses has all but run out.",https://lumiere-a.akamaihd.net/v1/images/bala-tik_7d2b0e4c.jpeg,0,characters
64292927021f17e13fbc1e8c,Barada,"Barada was a Klatoonian slave who served as muscle and a mechanic for Jabba the Hutt on Tatooine. As the man in charge of maintenance for all of Jabba’s repulsor-operated vehicles, he was sent to the Great Pit of Carkoon when Jabba tried executing Luke Skywalker and the rest of the Rebels working to free Han Solo from his debt. He was present on one of the skiffs escorting Jabba and his retinue to watch the execution, but when Skywalker set his plan into motion, Barada was cut down by the Jedi’s green-bladed lightsaber.",https://lumiere-a.akamaihd.net/v1/images/barada_cd0c628e.jpeg,0,characters
64292927021f17e13fbc1e8d,Bargwill Tomder,"A mangy Cloddogran groom, Bargwill Tomder rules the stables at the Canto Casino’s racetrack, constantly berating the urchins who take care of fathiers. Tomder is as crooked as he is ill-tempered, and for the right price he will doctor fathiers’ feed or take other measures to fix races.",https://lumiere-a.akamaihd.net/v1/images/tlj-db-bargwill-tomder-main-image_40c3eecb.jpeg,0,characters
64292927021f17e13fbc1e8e,Baron Yasto Attsmun,"A cybernetics magnate with a penchant for the occult. When the Baron's not gambling on Canto Bight, he's collecting dark and dangerous artifacts for a sinister purpose.",https://lumiere-a.akamaihd.net/v1/images/baron-main_e2a0c787.jpeg,0,characters
64292927021f17e13fbc1e8f,Barriss Offee,"The Mirialan Padawan to Luminara Unduli, Barriss Offee preferred learning and studying ancient Jedi texts in the Temple to war. This mindset, while noble, led her down a dark path that saw her betray friends and commit terrible acts.",https://lumiere-a.akamaihd.net/v1/images/Barriss-Offee-main-image_a4f0cc76.jpeg,0,characters
64292927021f17e13fbc1e90,Battle Droid 513,"The nomadic Death Watch terrorists from Mandalore kept up their fighting skills by blasting apart dwindling reserves of captured droids. The cruel warriors would delight in picking apart the writhing automatons. Death Watch would then rebuild the droids, without bothering to wipe their memories of their torturous demise. Battle droid 513 consisted of parts cobbled together from a Retail Caucus droid, a standard battle droid, and a crab droid. Its deep-voiced vocodor begged for pity or release from its merciless masters.",https://lumiere-a.akamaihd.net/v1/images/battle_droids_6e3506c0.jpeg,0,characters
64292927021f17e13fbc1e91,Baze Malbus,"The harsh reality of his Imperial-occupied home world has hardened Baze Malbus into a pragmatic soldier and a crack shot with his heavy repeater cannon. Baze has a bravado that provides a marked contrast to the spiritual centeredness of his best friend and moral compass, Chirrut Îmwe.",https://lumiere-a.akamaihd.net/v1/images/baze-malbus_467fe1ea.jpeg,0,characters
64292927021f17e13fbc1e92,Bazine Netal,"A feared bounty hunter, Bazine Netal grew up on Chaaktil, where she learned a range of deadly martial arts at Delphi Kloda’s combat school. Netal’s baffleweave dress jams sensors, while her black cowl hides burn damage inflicted by a flamethrower in her youth. Netal is a deadly opponent whose typical arsenal includes a snub-nosed blaster, poisoned dagger, throwing knives and concealed thermal detonators. She was at Maz’s castle in the company of Grummgar when Han Solo, Finn and Rey arrived, and slipped away to report their location to the First Order.",https://lumiere-a.akamaihd.net/v1/images/bazine-netal_7cc1f5c5.jpeg,0,characters
64292927021f17e13fbc1e93,BB-8,"A skittish but loyal astromech, BB-8 accompanied Poe Dameron on many missions for the Resistance, helping to keep his X-wing in working order. When Poe’s mission to Jakku ended with his capture by the First Order, BB-8 fled into the desert with a vital clue to the location of Luke Skywalker. He rejoined Poe in time for the attack on Starkiller Base, then helped Rey locate Skywalker’s planet of exile. As the Resistance rebuilt its forces after the Battle of Crait, BB-8 helped both Poe and Rey.",https://lumiere-a.akamaihd.net/v1/images/bb-8-main_72775463.jpeg,0,characters
64292927021f17e13fbc1e94,BB-9E,"The First Order benefits from the latest technology, and its warships rely on dark, gleaming BB astromech units to keep machinery operational and ensure procedures are followed. Assigned to the Supremacy, BB-9E keeps a sharp photoreceptor out – in every spectrum -- for infiltrators, saboteurs and other threats to Supreme Leader Snoke’s flagship.",https://lumiere-a.akamaihd.net/v1/images/bb-9e-tlj-db_2e928ac7.jpeg,0,characters
64292927021f17e13fbc1e95,BD-1,"A companion droid designed to assist operations in remote or dangerous locations across the galaxy, BD-1 has an almost disturbing enthusiasm for data collection and little regard for self-preservation. Like other BD units, this droid was programmed to be the ideal assistant to a researcher or explorer operating alone in the field with its ability to traverse all types of terrain.",https://lumiere-a.akamaihd.net/v1/images/bd-1_-_approved_bd_villainsscreenshots_meet_bd03_1_7ba16a9f.jpeg,0,characters
64292927021f17e13fbc1e96,Beaumont Kin,"A historian who once aspired to become an educator, after the destruction of the Hosnian system Beaumont Kin abandoned his academic career to become a captain in the Resistance’s intelligence division. He offers the cause broad knowledge on a variety of topics.",https://lumiere-a.akamaihd.net/v1/images/beaumont-kin-main_6f85612e.jpeg,0,characters
64292927021f17e13fbc1e97,Beezer Fortuna,"Notable for his desiccated lekku, Beezer Fortuna helps Saw Gerrera with operational planning. He is a cousin of Bib Fortuna, but has chosen to fight the Empire rather than seek profit in its shadows. Inspired by the Twi’lek guerrilla Cham Syndulla, Beezer fought the Imperial occupation of Ryloth and was freed from captivity by Saw Gerrera’s partisans.",https://lumiere-a.akamaihd.net/v1/images/beezer-fortuna-main_c14f6fa2.jpeg,0,characters
64292927021f17e13fbc1e98,Beilert Valance,"More machine than man now, the cybernetic parts that gave Beilert Valance a second chance at life have made him an unstoppable bounty hunter. Once dedicated to the Empire’s cause, after cheating death and observing the destruction of his homeworld, Valance struck out on his own but refused to answer to even the Bounty Hunters Code. Among his most high-profile quarries tracked aboard his ship, the Broken Wing, Valance has hunted Darth Vader himself.",https://lumiere-a.akamaihd.net/v1/images/beilert-valance-main_37568019.jpeg,0,characters
64292927021f17e13fbc1e99,Bell Zettifar,"Bell Zettifar is a Padawan apprenticed to the legendary Loden Greatstorm. Deep in the Outer Rim, Bell and his Master are stationed at a Jedi Outpost on the oreworld of Elphrona.  Though conditions are harsh, Bell is guided by the light and determined to keep the peace, and while he spends most of his time training, the Jedi Knight-to-be finds enjoyment wandering the iron hills of the planet with his faithful charhound named Ember.",https://lumiere-a.akamaihd.net/v1/images/bell-zettifar-main_3f22f9be.jpeg,0,characters
64292927021f17e13fbc1e9a,Ben Quadinaros,"The pudgy, comic-faced Ben Quadinaros was a rookie Podracer who claimed he came from the mysterious Tund system. He competed in the Boonta Eve Podrace that saw the liberation of Anakin Skywalker from slavery. Ben was largely inexperienced, and was quite terrified of the Boonta race. At the start of the race, his engines wouldn't even ignite. It was not until most of his competitors were already heading towards their second lap that his four engines did light -- just as his power couplings shorted, sending the rockets flying about the arena.",https://lumiere-a.akamaihd.net/v1/images/databank_benquadinaros_01_169_0c77b6a0.jpeg,0,characters
64292927021f17e13fbc1e9b,Bendu,"An ancient being, Bendu lived on Atollon, site of an early rebel base. He was massive in size and blended in with the planet’s coral-like landscape, remaining in a deep slumber until Kanan Jarrus’ imbalance awoke him. He called to the Jedi, recently blinded by Darth Maul, and began to train him in letting go of his fear and regret.",https://lumiere-a.akamaihd.net/v1/images/bendu_de66d86b.jpeg,0,characters
64292927021f17e13fbc1e9c,Benni Baro,"Benni Baro is an ambitious young man among the many aspiring thieves and miners in ""Mokkotown."" Eager to seize on any opportunity to gain favor with Mokko — and the additional rations that come with the title of top earner, — Baro is blind to the reality of his dire situation.",https://lumiere-a.akamaihd.net/v1/images/the-bad-batch-story-gallery-retrieval-02_520a0496.jpeg,0,characters
64292927021f17e13fbc1f34,Darts D'Nar,"A proud Zygerrian, Darts D'Nar longed for the days when Zygerria was once again an influential power in the galaxy. He believed that an alliance with Count Dooku and the Separatists was a step in the path towards rebuilding this former glory, though he was often impatient at the Count's indirect means. To D'Nar, power not flexed is power wasted. With relish, he supervised the conquest of Kiro, and the forced relocation of thousands of Togruta colonists.  A powerfully built Zygerrian, Darts D'Nar was a master of the electro-whip.",https://lumiere-a.akamaihd.net/v1/images/databank_dartsdnar_01_169_04b9d61c.jpeg,0,characters
64292927021f17e13fbc1f35,Daughter,"The Daughter of Mortis is a Force-wielder who aligns herself with the light side of the Force. An enigmatic being of tall stature who can transform into a griffin, she is the selfless counterpoint to her brother, the Son, who has allied himself with the dark side. Together they provide balance to the Force, a balance maintained and channeled through their Father.",https://lumiere-a.akamaihd.net/v1/images/databank_daughter_01_169_e42fc3ce.jpeg,0,characters
64292927021f17e13fbc1ea1,Bibo,"Despite his diminutive size, Bibo's pungent aroma and voracious appetite for everything from engine parts to even droids make the small creature a nuisance to the inhabitants of the Colossus. But Neeku takes an immediate liking to his smallest friend, taking a stand when Yeager and the rest of Team Fireball want the adorable blob-like troublemaker to leave. What they don't know is that something very big is on its way to claim Bibo, and its arrival will endanger the entire platform.",https://lumiere-a.akamaihd.net/v1/images/resistance-db-bibo-main-image_a1ef29fe.jpeg,0,characters
64292927021f17e13fbc1f37,Dava Cassamam,"Hulking in stature, wearing a protective pressure helmet to keep ammonia gas pumping through her lungs and with a stoic, unreadable sabacc-face, Dava is an intimidating presence at the card table. Preferring the feel of standard gravity worlds to ease her aching back in her off hours, the rest of the time Dava can be found toiling as a deep cloud-miner on gas giant planets.",https://lumiere-a.akamaihd.net/v1/images/screenshot-dava-cassamam_9c6d687f.jpeg,0,characters
64292927021f17e13fbc1fcf,Gungi,"Once a rare example of a Wookiee in the Jedi Order, Gungi is also among the few to survive Order 66. As a youngling, Gungi was temperamental and expressive. During the time of the Clone Wars, he needed to learn to slow down his impulsive ways to complete the ancient rite of passage known as The Gathering. Once the Empire took hold, Gungi survived in hiding until he was captured by members of the Axis Vanguard. Luckily, Omega and the rest of Clone Force 99 found him and returned Gungi to his homeworld of Kashyyyk.",https://lumiere-a.akamaihd.net/v1/images/gungi-main_117c5e95.jpeg,0,characters
64292927021f17e13fbc1fd0,Gunny,"Kierah “Gunny” Koovah is a veteran’s veteran, losing an arm during the Clone Wars, serving as a freedom fighter on Mimban, and surviving life as a prisoner of war. She’s continued the battle for galactic freedom ever since. Experienced, pragmatic, and gruff, Gunny has one goal left before retirement: train these youngsters in Vanguard Squadron so the galaxy finally has a chance at peace. As Vanguard Leader, she’s tough on the Empire, but even tougher on herself.",https://lumiere-a.akamaihd.net/v1/images/gunny-main_7a12c0f0.jpeg,0,characters
64292927021f17e13fbc1fd1,Gwarm,"A leathery-faced Weequay pirate with a scratchy voice and a mask of yellowed skin around his eyes, Gwarm served as a loyal lieutenant to the charismatic pirate chieftain Hondo Ohnaka during the Clone Wars. Like a true bully, Gwarm delighted in victimizing the weak who could not defend themselves -- like the nysillim spice farmers of Felucia or Jedi younglings on a training mission.",https://lumiere-a.akamaihd.net/v1/images/databank_gwarm_01_169_c11e93ee.jpeg,0,characters
64292927021f17e13fbc1fd2,Gwellis Bagnoro,"An Onodone with a mysterious past, Gwellis Bagnoro was an expert forger with a specialty in travel documents – which made him much in demand at Maz’s castle. He was rarely spotted without Izby, a pet barghest that defended him from harm.",https://lumiere-a.akamaihd.net/v1/images/gwellis-bagnoro_6dc2e5d3.jpeg,0,characters
64292927021f17e13fbc1fd3,Haja Estree,"Eking out a living on a chaotic world, Haja Estree is not without scruples. Although he is a master of illusion, a con-man posing as a Jedi to assist fugitives -- for a price -- despite his lies, in his heart he genuinely wants to help.",https://lumiere-a.akamaihd.net/v1/images/haja-estree-main_1f4ef582.jpeg,0,characters
64292927021f17e13fbc1fd4,Halle Burtoni,"A strong-willed female Kaminoan Senator, Halle Burtoni was once well-respected in both the Galactic Senate and on her own world of Kamino, known for its production of the Republic's clone troopers. At the height of the Clone Wars conflict, Burtoni bartered her clone production efforts into a seat in the Senate, and she longed for nothing more than to see Padmé's peace-promoting efforts fail. But Burtoni's aggressive and intrusive behavior led to her downfall, and after the dawn of the Empire, Burtoni was disgraced among top government officials, without a planet or a people to represent as the surviving Kaminoans were scattered among the stars.",https://lumiere-a.akamaihd.net/v1/images/halle-burtoni-main_db6b8f2b.jpeg,0,characters
64292927021f17e13fbc1fd5,Hallion Nark,"A nervous Neimoidian who brings his shuttle into Yeager's garage on the Colossus for repairs. Hallion escapes the platform before a dreaded ""triple dark"" storm and an ensuing pirate attack, confirming Kaz Xiono's suspicions that he knows more than he's letting on.",https://lumiere-a.akamaihd.net/v1/images/resistance-db-hallion-nark-main-image-2_058631f1.jpeg,0,characters
64292927021f17e13fbc1fd6,Ham,"While the other inmates chitter to each other, Ham has learned the power of staying quiet. Stationed at Table Five in the Imperial Narkina 5 facility, Ham works long hours putting together complex Imperial machines alongside his fellow inmates.",https://lumiere-a.akamaihd.net/v1/images/ham-main_9a5b7b9f.jpeg,0,characters
64292927021f17e13fbc1fd7,Hamato Xiono,"A senator from Hosnian Prime, Hamato Xiono is among the New Republic's most elite politicians. Although he must often use his standing to help his son, Kazuda, when the boy is recruited by the Resistance he rejects his father's help to take on the burden for himself. After the destruction of Hosnian Prime, Hamato reaches out to his son with a special coded message to tell him that the family has survived, but warns Kaz that he has been identified by the First Order as a spy, putting everyone he knows in danger.",https://lumiere-a.akamaihd.net/v1/images/hamato-xiono_5bed40e9.jpeg,0,characters
64292927021f17e13fbc1fd8,Han Solo,"Han Solo rose from an impoverished childhood on the mean streets of Corellia to become one of the heroes of the Rebel Alliance. As captain of the Millennium Falcon, Han and his co-pilot Chewbacca came to believe in the cause of galactic freedom, joining Luke Skywalker and Princess Leia Organa in the fight against the Empire. After the Battle of Endor, Han faced difficult times in a chaotic galaxy, leading to a shattering confrontation with his estranged son Ben.",https://lumiere-a.akamaihd.net/v1/images/han-solo-main_a4c8ff79.jpeg,0,characters
64292927021f17e13fbc1fd9,Havina Vonreg,"Havina Vonreg is fueled by rage. Her brothers were killed by a rebel attack, she lost trusted squadmates at Endor, and she has seen friends slink away to the Rebellion, betraying the Empire she fights for. No more. Now Vonreg is an unleashed fury in the cockpit, battling rebels with the fervor of a woman who has nothing left to lose.",https://lumiere-a.akamaihd.net/v1/images/havina-vonreg-main_ace57c86.jpeg,0,characters
64292927021f17e13fbc1fda,"Haxxon ""The War Gnome"" Trajanix","A reprogrammed and bloodthirsty battle droid, Haxxon ""The War Gnome"" Trajanix was built for battle and excels at riot racing. With split-second calculations that increase the odds of a victory and a ruthlessness devoid of all emotion, the red-hued Haxxon aims to annihilate the competition at Safa Toma Speedway.",https://lumiere-a.akamaihd.net/v1/images/haxxon-the-war-gnome-trajanix-main_83360320.jpeg,0,characters
64292927021f17e13fbc1fce,Guild Slave Master Proach,"Proach, a ruthless Trandoshan, oversees slaves working in the Mining Guild's ore crawlers on Lothal. Wielding an electro-whip, he is an imposing presence and deadly warrior.",https://lumiere-a.akamaihd.net/v1/images/guild-slave-master-proach_e52ba9ee.jpeg,0,characters
64292927021f17e13fbc1fdb,Hay-Zu,"The ruler of the Patitites, the Big Hay-Zu did not let his diminutive size contain his ego or sense of entitlement. Indeed, the portly Patitite was a giant among his kind, ruling with the tiniest iron fist. The Patitites did his every bidding, and should a trespasser wander into Patitite territories, watchful scouts like Jimba and Tagoo would lead a hunting party to subdue the interloper. R2-D2 and C-3PO were trussed up and dragged before the Big Hay-Zu during the Clone Wars, leading to a first contact experience that would flatten the hierarchy of power in Patitite society.",https://lumiere-a.akamaihd.net/v1/images/databank_hayzu_01_169_1b2c3b8f.jpeg,0,characters
64292927021f17e13fbc1fdd,Hermi Odle,"A burly thug with a shady past, Hermi Odle was one of Jabba the Hutt's resident gangsters on Tatooine. Wise members of the Hutt's court knew Odle was far more dangerous than his stooped posture, shuffling gait and drooping lip suggested.",https://lumiere-a.akamaihd.net/v1/images/hermie-odle-16-9_5bb4fd3a.jpeg,0,characters
64292927021f17e13fbc1fde,Hermione Bagwa,"Hermione Bagwa was a waitress at Dex's Diner in the Coco Town section of Coruscant, serving a never-ending parade of clients that included speeder drivers, maintenance techs, ambassadors and Senate aides -- and sometimes even a Jedi Knight or two.",https://lumiere-a.akamaihd.net/v1/images/hermione-bagwa-main-image_edc65dfa.jpeg,0,characters
64292927021f17e13fbc1fdf,Hondo Ohnaka,"A tough, pragmatic Weequay, Hondo Ohnaka led a notorious Outer Rim pirate gang from his headquarters on Florrum. A former colleague of Jango Fett and a former lover of Aurra Sing, Ohnaka won fame during the Clone Wars when he kidnapped Count Dooku, Obi-Wan Kenobi, and Anakin Skywalker and tried to ransom all three for a big payout. Since that incident, Ohnaka continues to serve himself, not being above robbing, blinding, or betraying his friends and foes. Decades later, he started Ohnaka Transport Solutions on Black Spire Outpost to run contraband throughout the galaxy. Chewbacca has reluctantly partnered with the charming pirate to fund refurbishment of the Millennium Falcon.",https://lumiere-a.akamaihd.net/v1/images/hondo-ohnaka_6ab3af8b.jpeg,0,characters
64292927021f17e13fbc1fe0,Hugh Sion,"A former pilot in the New Republic navy, Hugh Sion and Kazuda Xiono flew together until Kaz was thought lost in a battle with a red TIE fighter operated by Major Baron Vonreg. Like Kazuda, Hugh eventually found his way into the Resistance where the two old squadron mates were reunited once more.",https://lumiere-a.akamaihd.net/v1/images/hugh-sion-main_5b52561f.jpeg,0,characters
64292927021f17e13fbc1fe1,Hunter,"Hunter is a strong and stoic soldier with a special set of skills. As the leader of the Bad Batch,—technically known as Clone Force 99, a group formed as the result of Kaminoan experiments to create a specialist unit of clone commandos—Hunter has extraordinarily keen senses that give him an edge when tracking down his targets. But his allegiance has been tested in the aftermath of Order 66, and his duty is now to Clone Force 99 alone, including the newest member, young Omega.",https://lumiere-a.akamaihd.net/v1/images/hunter-s2-a-main_10953c10.jpeg,0,characters
64292927021f17e13fbc1fe2,Hurid-327,"A red-plated load-lifter droid with oddly jovial programming, HURID-327 spent time at Maz’s castle on Takodana, crossing paths with Han Solo, Rey and Finn on their way into the ancient edifice. The towering droid communicates via a binary acoustic signaler.",https://lumiere-a.akamaihd.net/v1/images/hurid-327_faf10990.png,0,characters
64292927021f17e13fbc1fe3,Hype Fazon,"The top racer of the Aces that defend the Colossus platform, Hype Fazon lives up to his flashy name with his exceptional piloting skills. Hype relishes being the center of attention, as it fuels his bravado and enormous ego.",https://lumiere-a.akamaihd.net/v1/images/resistance-db-hype-main-image_ac4561f1.jpeg,0,characters
64292927021f17e13fbc1fe4,IG-11,"One of a series of dangerous assassin droids largely outlawed in the galaxy, IG-11 is a hired gun programmed to follow Bounty Hunters Guild protocols to the letter. Reliable and durable, IG-11's thin body is built on an armored substrate that can withstand repeated assaults. It is against his programming to be captured, and he has built-in last-ditch fail-safes to prevent that from ever happening.",https://lumiere-a.akamaihd.net/v1/images/ig-11-databank_0f4bb5cc.jpeg,0,characters
64292927021f17e13fbc1fe5,IG-88,"Many people in the galaxy fear droids, what with the memories of the Clone Wars still fresh in their minds. Far more terrifying than battle droids were assassin droids, independently programmed mechanical killers that had no masters. IG-88 is a battered chrome war droid who has become a bounty hunter, and answered Darth Vader's call to capture the Millennium Falcon during the events surrounding the Battle of Hoth.",https://lumiere-a.akamaihd.net/v1/images/ig_88_cdd5cc52.jpeg,0,characters
64292927021f17e13fbc1fe6,IG-RM Thug Droids,"IG-RM thug droids proved popular with gangsters, including Lothal's Cikatro Vizago, as they were commonly used as enforcers. The intimidating robotic beings used BlasTech DLT-18 laser rifles, and were developed by Holowan Laboratories -- the manufacturer responsible for IG-86 sentinel droids and General Grievous' dreaded IG-100 MagnaGuards.",https://lumiere-a.akamaihd.net/v1/images/image_aaa2fda0.jpeg,0,characters
64292927021f17e13fbc1fe7,Ilco Munica,"An Abednedo adherent of the once-banned Church of the Force, Ilco Munica dwelled in Tuanul on Jakku alongside fellow members of his faith. When the First Order attacked the village, Ilco fought back with his blaster rifle, but could offer little resistance to professional soldiers.",https://lumiere-a.akamaihd.net/v1/images/ilco-munica_62fe2ee9.jpeg,0,characters
64292927021f17e13fbc1fe8,Ima-Gun Di,"Jedi Master Ima-Gun Di was a Nikto who participated in the Clone Wars with the rank of General. He served with honor on Ryloth, giving his own life to help Cham Syndulla and the Twi’lek Resistance stand against the Separatist occupation. He wielded his blue lightsaber until the very end…",https://lumiere-a.akamaihd.net/v1/images/ima-gun-di_45bbe38d.jpeg,0,characters
64292927021f17e13fbc1fdc,Hera Syndulla,"The captain and heart of the Ghost crew, Hera Syndulla was a gifted pilot and leader. While Hera was a strong commander -- and especially adept at dogfighting with TIE fighters -- she was also warm and nurturing. The Twi’lek could bring out the best in her team, which consisted of very different personalities, making them believe in themselves, each other, and their struggle against the Empire.",https://lumiere-a.akamaihd.net/v1/images/hera-syndulla-main_9a8a6181.jpeg,0,characters
64292927021f17e13fbc1fe9,Imara Vex,"Imara Vex’s reputation is already top-notch: she’s the real deal. This professional bounty hunter cuts a striking and intimidating figure in her signature mask. Using the show as a side gig to showcase her talents to prospective clients, Vex's personal and social life is a deliberately-woven mystery. She refuses to talk about herself and doesn't let people in. In her line of work, attachments can complicate things — you never know what or who your next job might be: the less you know about someone personally, the less objection you might have to doing what's necessary. And the less they know about you, the less they can use against you. That's Imara's strict and bold bottom line.",https://lumiere-a.akamaihd.net/v1/images/vexhs-main_663738a3.jpeg,0,characters
64292927021f17e13fbc1fcd,GS-8,"GS-8 is a loyal protocol droid in the service of Senator Avi Singh on the planet Raxus. Even after her master is arrested, GS-8 can be counted on to execute his instructions to the letter, as per her programming.",https://lumiere-a.akamaihd.net/v1/images/gs-8-main_a9132a5a.jpeg,0,characters
64292927021f17e13fbc1fcb,Grozz,"Grozz is a dual-wielding, furious engine of rampaging Wookiee power. A former professional huttballer from Kashyyyk who has become accustomed to the adulation of the masses. He’s a star, and he knows it. Large even for a Wookiee, with his two weapons - ripped from the shoulders of an unfortunate KX droid who got in his way - Grozz is a terrifying presence in the Arena. Stay on his good side and he’ll be your best friend, but get on his bad side and you can see what happens...",https://lumiere-a.akamaihd.net/v1/images/grozzhs-main_b4a01de9.jpeg,0,characters
64292927021f17e13fbc1fb1,Gobi Glie,"A freedom fighter on his homeworld of Ryloth, Gobi is a close friend of Cham Syndulla and his family. Although he treats Cham's young daughter, Hera, like a niece, his insistence on involving the child in spying, flying, and black market arms dealings endanger the girl and leave Gobi at odds with her parents in addition to political tensions as Cham turns weapons over to the Empire leaving Ryloth, in Gobi's estimation, defenseless.",https://lumiere-a.akamaihd.net/v1/images/the-bad-batch-devil-s-deal-story-gallery-05_25f28114.jpeg,0,characters
64292927021f17e13fbc1fb2,Gonky,"Aboard the Marauder shuttle, Clone Force 99 carries a GNK droid affectionately known as ""Gonky."" Although the droid's primary function is to serve as a power generator, Wrecker has been known to repurpose Gonky as part of his exercise routine.",https://lumiere-a.akamaihd.net/v1/images/gonky-main_0c6942e5.jpeg,0,characters
64292927021f17e13fbc1fb3,Gooti Terez,"A purple-hued Theelin, Gooti Terez was a spirited rebel. She served on the self-proclaimed Iron Squadron, alongside her friends Mart Mattin and Jonner Jin. Together, they fearlessly engaged Imperials, proving to be capable fighters.",https://lumiere-a.akamaihd.net/v1/images/gooti-terez_a997235c.jpeg,0,characters
64292927021f17e13fbc1fb4,Gor Koresh,"A low-life gangster on a lawless world, Gor Koresh is a gambler who profits from cruel underground gladiator matches.",https://lumiere-a.akamaihd.net/v1/images/gor-koresh-main_3811d644.jpeg,0,characters
64292927021f17e13fbc1fb5,Gorg,"Tiny creatures considered a delicacy on many planets, the bug-eyed gorgs that are native to Castilon have small, sharp teeth and are regarded as the ""womp rats of the sea.""",https://lumiere-a.akamaihd.net/v1/images/resistance-db-gorg-main_0e525f92.jpeg,0,characters
64292927021f17e13fbc1fb6,Gorga the Hutt,"One of the ruling members of the Hutt Council, Gorga the Hutt kept his sharp eye and pudgy fingers on the flow of credits into Hutt coffers. Knowing full well the scheming nature that the Hutts take deep pride in, Gorga ably accounted for skimming and outright theft while ensuring the criminal enterprise remained healthy enough to thrive. He would regularly meet with his fellow Hutt councilors in the halls of the Grand Hutt Council on Nal Hutta, where his voice was given equal measure, though it was not as weighty as that of the mighty Jabba.",https://lumiere-a.akamaihd.net/v1/images/databank_gorgathehutt_01_169_42df5405.jpeg,0,characters
64292927021f17e13fbc1fb7,Gorgara the Chirodactyl,"Local legends tell of a fearsome winged beast that scours the deepest crags for prey, latches onto its target with a fierce grip, and soars to dizzying heights on powerful wings. This apex predator is known as Gorgara ""the winged daemon of the canyon,"" and she will deceive her prey before attacking.",https://lumiere-a.akamaihd.net/v1/images/copy_of_gorgara_the_chirodactyl_-_approved_bd_villainss_24521578.jpeg,0,characters
64292927021f17e13fbc1fb8,Gork,"The muscle in Kragan Gorr's pirate gang, Gork is a fierce Gamorrean who doesn't take kindly to people getting in his way, disrupting his sleep, or spilling their drinks on him.",https://lumiere-a.akamaihd.net/v1/images/gork-main_9daf5ee2.jpeg,0,characters
64292927021f17e13fbc1fb9,Goss Toowers,"Goss Toowers, a member of the Shozer species, is one of the hard-working technicians who keep the Resistance base on D’Qar running. Toowers and his fellow ground crew members handle everything from monitoring the arrival and departure of ships to maintaining the Resistance’s X-wing squadrons – often the only line of defense for worlds targeted by the First Order.",https://lumiere-a.akamaihd.net/v1/images/ep7_ia_56067_copy_451033d2.jpeg,0,characters
64292927021f17e13fbc1fba,Governor Grotton,"Under the guise of a diplomatic envoy, Governor Grotton intends to take over the world of Desix in the name of the Empire. A staunch supporter of the new regime, Grotton finds the former Separatist stronghold resistant and himself a hostage of the existing government.",https://lumiere-a.akamaihd.net/v1/images/governor-grotton-main_3681656a.jpeg,0,characters
64292927021f17e13fbc1fbb,Governor Pryce,"Arihnda Pryce was governor of the Lothal Sector, a confident leader, and believer in the Empire. While Lothal was under control, Pryce still wanted to eradicate the rebel threat. To do so, she asked for the Empire’s seventh fleet, citing the need for a commander who “sees a bigger picture.”",https://lumiere-a.akamaihd.net/v1/images/governor-pryce_4cf3bde4.jpeg,0,characters
64292927021f17e13fbc1fbc,Governor Roshti,"An elder Togruta, Roshti governed the artisan colony of Kiros during the Clone Wars. A quiet and reserved man, Roshti only wanted peace for himself and his fellow Togruta. He tried to remain apart from the Clone Wars, taking no stance in the battle between Republic and Separatist forces. But when Count Dooku arrived on the planet, forcing his brand of ""protection"" onto Kiros, Roshti was compelled to obey. Dooku offered the Togruta sanctuary -- but an alliance with the Zygerrians meant that the entire colony of 50,000 Togruta were transported to the deplorable mining installation on Kadavo, a grueling facility fueled by the toil of slaves.",https://lumiere-a.akamaihd.net/v1/images/databank_governorroshti_01_169_ff36914b.jpeg,0,characters
64292927021f17e13fbc1fcc,Grummgar,"A hulking Dowutin, Grummgar was at Maz Kanata’s castle when Han Solo, Finn and Rey visited. Sitting beside the bounty hunter and First Order spy Bazine Netal, Grummgar was given a wide berth by the castle’s other guests. He makes his credits as a mercenary and big-game hunter, with his kills including the molsume, a predator native to Ithor.",https://lumiere-a.akamaihd.net/v1/images/grummgar_20545f02.jpeg,0,characters
64292927021f17e13fbc1fbd,Governor Torul Blom,"Torul Blom was the governor of Pau City on Utapau. During Obi-Wan Kenobi and Anakin Skywalker’s investigation of the city, Blom tells the Jedi that their presence has upset the citizens of his city and claims there is no Separatist presence on the planet.",https://lumiere-a.akamaihd.net/v1/images/image_2aa22fbb.jpeg,0,characters
64292927021f17e13fbc1fbf,Grand Admiral Thrawn,"When Governor Pryce of Lothal wanted a stronger commander to dismantle the rebellion, the Empire answered with Grand Admiral Thrawn. Thrawn was a male Chiss, with striking blue skin, red eyes, and an angular face, known for his brilliant strategic mind and ruthlessness. He was determined to “pull the rebels apart piece by piece.”",https://lumiere-a.akamaihd.net/v1/images/grand-admiral-thrawn2_bda317f3.jpeg,0,characters
64292927021f17e13fbc1fc0,Grand Moff Tarkin,"An ambitious, ruthless proponent of military power, Wilhuff Tarkin became a favorite of Supreme Chancellor Palpatine and rose rapidly through the Imperial ranks. Shortly after the Empire's creation, he was put in charge of the construction of the Death Star. Tarkin saw the Death Star as a way to crush all dissent to the Empire's rule -- fear of the station's planet-killing superlaser would keep the galaxy's star systems in line. He demonstrated the station's power by destroying Alderaan, but died soon afterwards when the Death Star itself was destroyed.",https://lumiere-a.akamaihd.net/v1/images/aftermath-the-bad-batch-story-gallery-14_d05778d2.jpeg,0,characters
64292927021f17e13fbc1fc2,Greedo,"Greedo was a Rodian bounty hunter with a tapir-like snout, bulbous eyes, pea-green skin, and a crest of spines atop his skull. He was overzealous and a bit slow on the take, not to mention a pretty poor shot with a blaster. Though he fancied himself a big time bounty hunter in the employ of no less an underworld figure than Jabba the Hutt, in truth, no one took him too seriously.",https://lumiere-a.akamaihd.net/v1/images/databank_greedo_01_169_3e4b96ef.jpeg,0,characters
64292927021f17e13fbc1fc3,Greef Karga,"Once an expeditor for the Bounty Hunters Guild, Greef Karga ran the trade on Nevarro, a middle-man, a connector between clients and bounty hunters. Now Magistrate of Nevarro, Greef is cleaning up the rough-and-tumble world with the help of Marshal Cara Dune.",https://lumiere-a.akamaihd.net/v1/images/greef-karga-main_d3deb9fb.jpeg,0,characters
64292927021f17e13fbc1fc4,Greez,"The captain of the Stinger Mantis, the four-armed Latero Greez Dritus is an adept pilot who works for Cere Junda. Known for his gruff nature and curmudgeonly demeanor, Cere is the only person in the galaxy who Greez appears to hold in high esteem.",https://lumiere-a.akamaihd.net/v1/images/copy_of_greez_dritus_-_approved_bd_villainsscreenshots_c95844e9.jpeg,0,characters
64292927021f17e13fbc1fc5,Gregor,"An elite clone commando thought lost at the grueling Battle of Sarrish, CC-5576-39 survived a shuttle crash that left him stranded on the distant world of Abafar, stripped of memory and identity. He was found and rehabilitated by Mr. Borkus, an unscrupulous diner owner in the dusty town of Pons Ora. When the Republic agents of D-Squad discovered Gregor, they rekindled his memories of duty, service, and honor, and the commando reclaimed his armor and fought to a spectacular finish to ensure D-Squad carried out its crucial mission. Although he returned to form, the birth of the Empire left Gregor in the unenviable position of training the soldiers due to replace his clone brothers.",https://lumiere-a.akamaihd.net/v1/images/the-bad-batch-story-gallery-tipping-point-04_f6b5d51a.jpeg,0,characters
64292927021f17e13fbc1fc6,Grevel,"A regular patron at Aunt Z's Tavern, Grevel is up for the challenge of a friendly and profitable game of holo-darts, but not above cheating to ensure his wager is sound.",https://lumiere-a.akamaihd.net/v1/images/resistance-db-grevel-main_5428f00f.jpeg,0,characters
64292927021f17e13fbc1fc7,Griff Halloran,"One of the Aces that flies defense for the Colossus platform, Griff Halloran flies an extensively modified TIE-based racer that emphasizes raw power. No one is quite certain whether or not Griff is a veteran of the Imperial Navy, or whether he just flies old Imperial colors to intimidate his opponents.",https://lumiere-a.akamaihd.net/v1/images/resistance-db-griff-main-image_a9d2d6cc.jpeg,0,characters
64292927021f17e13fbc1fc8,Grini Millegi,"Millegi is a shrewd gambler who will go to great lengths to ensure he emerges victorious. At the Safa Toma Speedway, his riot racers deploy counter maneuvers like the ""Steel Claw"" to aid in his winning streak, and his nemesis Cid and her droid racer won't stand in the way of his profiting from the dangerous sport.",https://lumiere-a.akamaihd.net/v1/images/the-bad-batch-season-2-ep-4-story-gallery-03_89cf5ca5.jpeg,0,characters
64292927021f17e13fbc1fc9,Grogu,"A mysterious child pursued by bounty hunters on behalf of Imperial interests, the foundling Grogu found protection with the Mandalorian Din Djarin. Through their adventures and journeys through the galaxy, young Grogu is honing remarkable abilities. Although he previously trained as a Jedi, Grogu has chosen to return to Din's side and continues to share his adventures as they take a stand against the Imperial remnant.",https://lumiere-a.akamaihd.net/v1/images/grogu-main_89c92eaa.jpeg,0,characters
64292927021f17e13fbc1fca,Gron,"Gron was a proud Lasat and survivor of the Empire’s purge of his homeworld. He served under Zeb in the Honor Guard, but came to reject violence in the wake of his people’s battles with the Imperials. Gron, along with Chava the Wise, were rescued from Imperial custody by the Ghost crew. Along with Zeb, the three Lasat completed an ancient ritual that led to Lirasan, the original homeworld of their people, and a place they could start anew.",https://lumiere-a.akamaihd.net/v1/images/gron_2c097f8e.jpeg,0,characters
64292927021f17e13fbc2025,Ki-Adi-Mundi,"Ki-Adi-Mundi was a Cerean alien who sat on the Jedi Council. A humanoid being, Ki's most distinguishing physical feature was an enlarged conical cranium that contained a binary brain. When Jedi Master Qui-Gon Jinn reported a Sith attack during the events surrounding the Battle of Naboo, Ki-Adi-Mundi expressed shock at the notion. ""Impossible,"" he remarked, ""the Sith have been extinct for a millennium."" He also failed to see how far Count Dooku had fallen from the Jedi ideals just prior to the Clone Wars, believing that Dooku was incapable of violence or murder.",https://lumiere-a.akamaihd.net/v1/images/databank_kiadimundi_01_169_0a8842d3.jpeg,0,characters
64292927021f17e13fbc1fbe,Grace Sienar,"Grace Sienar is a distant scion of the Sienar family, who are infamous for creating and manufacturing Imperial TIE fighters. Born into a secluded life of luxury, Grace would run away from home for a taste of freedom, only to learn how the people of the galaxy were suffering at the Empire’s hands. When she finally left for good, Grace spent years dodging family retainers and bounty hunters determined to bring her home, before joining the Rebellion. Refined and charming even under fire, Grace’s detailed knowledge of Imperial ships helps her blast them to atoms.",https://lumiere-a.akamaihd.net/v1/images/grace-sienar-main_b1322dce.jpeg,0,characters
64292927021f17e13fbc1fea,Imperial Combat Drivers,"Imperial combat drivers were the Empire's elite ground-vehicle pilots. Stationed on worlds such as Lothal, Imperial combat drivers manned everything from speeder bikes to AT-DP walkers. They were also imposing figures, with large helmets, masks, and armor, and proved to be formidable in their battles against rebels and insurgents.",https://lumiere-a.akamaihd.net/v1/images/Imperial-Combat-Drivers2_e5cf345b.jpeg,0,characters
64292927021f17e13fbc1feb,Imperial Juggernaut driver,"Imperial combat drivers operate the Empire's Ground Assault Vehicles (GAVs) -- everything from troop transports to heavily armored titans like the Juggernaut turbo tank. Combat drivers are lightly armored, relying on the thick skin of their vehicles to protect them in battle.",https://lumiere-a.akamaihd.net/v1/images/imperial-juggernaut-driver-main_4417fcc3.jpeg,0,characters
64292927021f17e13fbc1fec,Infrablue Zedbeddy Coggins,"Infrablue Zedbeddy Coggins took his talents to Maz’s castle on Takodana, playing his hypolliope horn cluster as part of a quartet. A poet and painter herself, Maz offered board to traveling musicians in return for entertaining her guests.",https://lumiere-a.akamaihd.net/v1/images/infrablue-zedbeddy-coggins_55df454b.jpeg,0,characters
64292927021f17e13fbc200c,Johhar Kessen,"Ex-senator Johhar Kessen, hails from the forested planet of Dandoran, in the Doran system. While not having been a very politically impactful planet, it's hub of gambling and smuggling offered Kessen the unique opportunity of creating a vast network of contacts and influence throughout the galaxy's seedy underground. Known to be quite over confident and even a bit of a chauvinist in his dealings with his associates, Johhar is often preoccupied with big game hunting. He owns a rifle that he's named ""Karina.""",https://lumiere-a.akamaihd.net/v1/images/johharcampaignart_b57d8a1b.jpeg,0,characters
64292927021f17e13fbc200d,"Jon ""Dutch"" Vander","Jon Vander, nicknamed “Dutch,” is a former Imperial pilot who defected when he was ordered to bomb rebel-friendly areas of his home planet. As Gold Leader in the rebellion, Vander flies a Y-wing and commands a squadron of gifted pilots.",https://lumiere-a.akamaihd.net/v1/images/jon-dutch-vander_ed24f84e.jpeg,0,characters
64292927021f17e13fbc200e,Jonner Jin,"Jonner Jin was the muscle of Iron Squadron, a trio of young rebels from Mykapo. But Jonner’s heart was his real strength, showing unending loyalty to his friends Mart Mattin and Gooti Terez.",https://lumiere-a.akamaihd.net/v1/images/jonner-jin_33ebe114.jpeg,0,characters
64292927021f17e13fbc200f,Jyn Erso,"Putting behind a checkered past by lending her skills to a greater cause, Jyn Erso is impetuous, defiant, and eager to bring the battle to the Empire. Used to operating alone, she finds higher purpose by taking on a desperate mission for the Rebel Alliance.",https://lumiere-a.akamaihd.net/v1/images/jyn-erso_ccf70c46.jpeg,0,characters
64292927021f17e13fbc2010,K-2SO (Kay-Tuesso),"A reprogrammed Imperial security droid now loyal to the Alliance, K-2SO is an alarming sight standing within a secret Rebel base. The pragmatic droid is an effective insertion agent, as he can blend in perfectly at Imperial installations and outposts.",https://lumiere-a.akamaihd.net/v1/images/k-2s0-main-b_73a8fed8.jpeg,0,characters
64292927021f17e13fbc2011,K0-5D,"K0-5D began as a general purpose ASP droid, but has been extensively modified for gladiatorial combat. Fighting aboard the sparring pits of the Weequay pirate ship Marauder, K0-5D usually emerges triumphant, thanks to its powerful, steel-shredding servos and his integrated flame thrower. For his fighting prowess, the Weequays have taken to calling it ""Maximo.""",https://lumiere-a.akamaihd.net/v1/images/databank_k05d_01_169_e33530da.jpeg,0,characters
64292927021f17e13fbc2012,Kada Jahr,"Kada is a young female Devaronian who has worked for Jabba the Hutt in recent years, in charge of “security.” Kada was hired by Jabba because of her extensive network of smugglers and mercenaries in the underground, as well as her reputation as the progeny of a well know and dangerous merc, Arann Jahr. Arann was mysteriously killed during a routine smuggling operation which has propelled Kada’s desire to embed herself in his world. In the relatively few years working as a merc liaison and security expert, Kada’s exemplary work did not go unnoticed by important smugglers throughout the galaxy. Kada is known to come off cold, but is not without humor, which is often relayed sarcastically. She’s shadowy and mysterious, and while appearing to be an unsavory and untrustworthy character on the surface, is in fact, extremely loyal and dependable.",https://lumiere-a.akamaihd.net/v1/images/kada_background_2e4e0257.jpeg,0,characters
64292927021f17e13fbc2013,Kalifa,"Long stranded on the jungle moon of Wasskah, Kalifa began to waver from the ideals of the Jedi Order. Though still strong in the Force, she became crippled by fear and despair. She tried to remain strong enough to look over her fellow castaways.",https://lumiere-a.akamaihd.net/v1/images/databank_kalifa_01_169_9916a1ca.jpeg,0,characters
64292927021f17e13fbc2014,Kalo’ne,"A long-lived merchant and treadable driver, Kalo’ne has seen many a Festival of the Ancestors come and go on Pasaana. She makes a living ferrying visitors and locals across Pasaana in her sturdy treadable, which is filled with wares collected during her travels.",https://lumiere-a.akamaihd.net/v1/images/kalo-ne-main_675bb3e8.jpeg,0,characters
64292927021f17e13fbc2015,Kanan Jarrus / Caleb Dume,"Not every Jedi perished in Order 66. Once known by the name Caleb Dume, Kanan Jarrus survived the Emperor’s purge, going underground for years and hiding the truth about who he really was. To keep his past a secret, Kanan carried a blaster -- an uncommon practice for a Jedi -- and used a lightsaber that had to be assembled. In the years leading up to the galactic civil war, he was a leader among the Ghost crew, a small group of rebels looking to strike back against the Empire, and with the emergence of the Force-sensitive Ezra, once again embraced his identity as a Jedi Knight.",https://lumiere-a.akamaihd.net/v1/images/kanan-jarrus-caleb-dume-main_f803f0ca.jpeg,0,characters
64292927021f17e13fbc2016,Karis Nemik,"The youngest member of a rebel infiltration team stationed on Aldhani, Karis Nemik's passion for the cause burns brightly. An intelligent young man who makes up for his lack of experience with his idealistic ideas and willingness to risk it all for his beliefs, Nemik is also a gifted astro-navigator.",https://lumiere-a.akamaihd.net/v1/images/karis-nemik-main_a5e87a12.jpeg,0,characters
64292927021f17e13fbc2017,Katooni,"A bright-eyed Tholothian girl, Katooni was a Jedi youngling during the time of the Clone Wars. During that conflict, she underwent the ancient Jedi ritual of The Gathering, where she explored the Crystal Cave of Ilum to seek out her lightsaber crystal. Inexperienced and timid, Katooni needed to find confidence in her abilities in order to succeed.",https://lumiere-a.akamaihd.net/v1/images/databank_katooni_01_169_9d10cbac.jpeg,0,characters
64292927021f17e13fbc200b,Joh Yowza,"A shaggy Yuzzum with a big stage presence and an even bigger voice, Joh Yowza sometimes sang with the Max Rebo Band. Even the most jaded music fans found it hard to ignore the vocal fireworks of his duets with Sy Snootles.",https://lumiere-a.akamaihd.net/v1/images/image_1cbf7376.jpeg,0,characters
64292927021f17e13fbc2018,Kawlan Roken,"Nearly a decade into the Empire's reign, Kawlan Roken emerges as a stern, no-nonsense leader who recognizes just how dangerous the galaxy can be.",https://lumiere-a.akamaihd.net/v1/images/kawlan-roken-main_b2402c7f.jpeg,0,characters
64292927021f17e13fbc201a,"Kazuda ""Kaz"" Xiono","Confident and skilled in the cockpit of a New Republic X-wing fighter, Kaz's new assignment as a spy for the Resistance leaves him feeling out of his element. Now living on the independent fueling station known as the Colossus, Kaz is doing his best to fit in as a mechanic so he can carry out his mission.",https://lumiere-a.akamaihd.net/v1/images/resistance-kazuda-xiono-main-image_4379b2da.jpeg,0,characters
64292927021f17e13fbc201b,Kedpin Shoklop,"A diminutive Wermal, Kedpin Shoklop – his friends call him Ked – is visiting Canto Bight for a two-week vacation, his reward for being named Vaportech’s Salesbeing of the Year. Ked has seen Canto Bight’s highs and lows, and now seeks to unwind with a soothing massage at Zord’s Spa.",https://lumiere-a.akamaihd.net/v1/images/ep8-076637_jw_9f26b27a.jpeg,0,characters
64292927021f17e13fbc201c,Keeper Agruss,"A Zygerrian slavemaster who led the slaving operation on Kadavo, Agruss delighted in his superiority over his pathetic charges. Agruss flaunted his power freely, punishing and executing slaves at a whim to ensure no one every questioned his authority. The overweight Zygerrian hovered aloft on a repulsorlift chair, exuding an air of decadence. Agruss particularly delighted in tormenting Obi-Wan Kenobi, the first ever Jedi to be interred at his grueling facility.",https://lumiere-a.akamaihd.net/v1/images/databank_keeperagruss_01_169_aae1c820.jpeg,0,characters
64292927021f17e13fbc201d,Keeve Trennis,"Keeve is a young firebrand Jedi, believed to have a great future ahead of her, if only she would believe it herself. Quick-witted and more impulsive than she should be, Keeve has only been a Jedi Knight for a few weeks and is a little starstruck around Avar, knowing many of the great things Kriss has done in the past. She is determined to prove herself to Avar and the other legendary Jedi stationed on Starlight Beacon, but first she must learn to trust in herself as much as she trusts the Force.",https://lumiere-a.akamaihd.net/v1/images/keeve-trennis-main_12a493a8.jpeg,0,characters
64292927021f17e13fbc201e,Kekit,"Kekit was the leader of a small Jawa clan being oppressed on Tatooine by a tribe of Tuskens. Jennica Pierce saw an opportunity to form a much needed alliance with the Jawas in order for Rebel forces to better navigate the sandy terrain of Tatooine, so she offered to help in their plight with the Tuskens. Saponza and his partner played an integral part in this campaign, earning Kekit's respect and a promise of future aid from his clan.",https://lumiere-a.akamaihd.net/v1/images/kekit_background_384e1185.jpeg,0,characters
64292927021f17e13fbc201f,Kel,"The only survivors of a First Order raid that wiped out their village on Tehar, Kel and his younger sister, Eila, find themselves on the run on the Colossus platform with a sizable bounty on their heads. Kel is fiercely protective of his sister, especially when she gets injured and needs medicine. But he quickly realizes they can't escape agents of the First Order without some help.",https://lumiere-a.akamaihd.net/v1/images/resistance-db-kel-main-image_ad6a3d42.jpeg,0,characters
64292927021f17e13fbc2020,Kelleran Beq,"A highly skilled Jedi Knight also known as the ""The Sabered Hand,"" Kelleran Beq was instrumental in saving young Grogu from the Jedi Temple on the terrible night of Order 66.",https://lumiere-a.akamaihd.net/v1/images/ahmed-best-kelleran-beq-featured_404adce1.jpeg,0,characters
64292927021f17e13fbc2021,Keo Venzee,"The young pilot Keo Venzee was born on Mirial, but felt driven to wander the galaxy. They found fame and fortune on the galactic racing circuit, earning championship trophies but running afoul of the criminal syndicates who control races in the Outer Rim. Keo was saved by a kind stranger who opened Keo’s eyes to the struggle between the New Republic and the Galactic Empire. Determined to help, Keo brought their racer’s talents, intuition, and integrity to Vanguard Squadron.",https://lumiere-a.akamaihd.net/v1/images/keo-venzee-main_fad5d80a.jpeg,0,characters
64292927021f17e13fbc2022,Kerri,"The younger sister of Kassa -- the boy who would one day grow up to be Cassian Andor -- Kerri looks up to her older brother as her protector. On their home world of Kenari, the two siblings survive among a tribe of youngsters. But after an exploratory mission to investigate a downed craft, Kassa vanishes, leaving 6-year-old Kerri behind.",https://lumiere-a.akamaihd.net/v1/images/kerr-main_5a7c7f62.jpeg,0,characters
64292927021f17e13fbc2023,Ketch,"Alongside his friend, Bolo, Ketch spends his down time at Cid's parlor on Ord Mantell.",https://lumiere-a.akamaihd.net/v1/images/ketch-main_9a6fcaeb.jpeg,0,characters
64292927021f17e13fbc2024,Ketsu Onyo,"Ketsu Onyo was an old friend of the rebel Sabine, with both attending and escaping the Imperial Academy together. But they eventually took different paths. Ketsu became a bounty hunter, contracting with the Black Sun syndicate. During one job to recover a droid courier, she once again encountered Sabine, who looked to bring the droid to the rebellion. Their meeting was tense, but they put their differences aside to survive an attack from the Empire. In the end, Ketsu rejected an offer to join the rebellion -- for the time being.",https://lumiere-a.akamaihd.net/v1/images/ketsu-onyo_65ed54ca.jpeg,0,characters
64292927021f17e13fbc1f36,Daultay Dofine,"The unctuous captain of the Neimoidian blockade over Naboo, Dofine was an officer in the Trade Federation. Greedy, deceitful and cowardly, Dofine nevertheless had the wherewithal to openly question Darth Sidious' machinations, for which he was verbally reprimanded by the Sith Lord. Despite his insubordination, Dofine remained in command of the blockade's forces. He gave the order to activate the droids on the surface of Naboo. Dofine perished aboard the Droid Control Ship when Naboo starfighter forces destroyed the vessel.",https://lumiere-a.akamaihd.net/v1/images/databank_daultaydofine_01_169_c94b9f38.jpeg,0,characters
64292927021f17e13fbc2019,Kaydel Connix,"A lieutenant at the D’Qar Resistance base, Kaydel Connix coordinated communications during the Starkiller Base raid. She then helped organize the evacuation of D’Qar and served aboard the Raddus. Connix shared Poe Dameron’s misgivings about Vice Admiral Holdo, conspiring with the starfighter ace against their new commander and joining his brief-lived mutiny. She survived the Battle of Crait, escaping with the remnants of the Resistance.",https://lumiere-a.akamaihd.net/v1/images/tlj-connix-main-image-2_b744059a.jpeg,0,characters
64292927021f17e13fbc200a,Jocasta Nu,"The Jedi Archives are the galaxy's greatest repository of knowledge, and Madame Jocasta Nu is their Chief Librarian. She helps other Jedi find information in the Archive using its data terminals, and she controls access to the restricted contents of its Holocron Vault. Jocasta Nu can sometimes be too confident in thinking that the Archives contain the correct answers to all questions.",https://lumiere-a.akamaihd.net/v1/images/jocasta-nu_a3b32f08.jpeg,0,characters
64292927021f17e13fbc2009,Jiro,"A pirate captain, Jiro attempted to salvage a transport that carried the Sith brothers Darth Maul and Savage Opress. Maul throttled Jiro with the Force, and made the attentive pirate an offer: his life spared as well as a trove of riches in exchange for his servitude. Jiro agreed to follow the commands of these new, impressive crime lords and offered to recruit more pirates. When Maul's bid to conquer Florrum failed, Hondo Ohnaka reminded his former pirates that their new Sith allies had no interest in helping them. Hondo called on all his pirates to pillage the now undefended cargo vessel used by the Sith, earning their loyalty once more by appealing to their boundless greed.",https://lumiere-a.akamaihd.net/v1/images/databank_jiro_01_169_502b82ce.jpeg,0,characters
64292927021f17e13fbc2008,Jira,"A poor yet jolly woman, the elderly Jira ran a small food stand in the Mos Espa marketplace. Among her wares were tasty fruits called pallies. Young Anakin Skywalker befriended Jira, and searched for a cooling unit that the old woman needed. Jira proclaimed Anakin ""the kindest boy in the galaxy.""",https://lumiere-a.akamaihd.net/v1/images/databank_jira_01_169_2cc4a696.jpeg,0,characters
64292927021f17e13fbc1fed,Inspector Jen June,"The police inspector of Pau City, primary spaceport on Utapau, Inspector Jen June greets Obi-Wan Kenobi and Anakin Skywalker upon their arrival on the planet while investigating the disappearance of Jedi Master Tu-Anh. She escorts the Jedi to the body of Master Tu-Anh and later reveals the presence of Amani on the planet.",https://lumiere-a.akamaihd.net/v1/images/image_8aaf5f5d.jpeg,0,characters
64292927021f17e13fbc1fee,Instructor Goran,"Instructor Goran was the overseer of Skystrike Academy, an elite Imperial Academy for TIE pilots. He was unforgiving with his students, but also blind as to what was truly going on under his watch; it took a surprise visit from Governor Pryce and Agent Kallus to root out an undercover rebel and three defectors, which was a great embarrassment for Goran.",https://lumiere-a.akamaihd.net/v1/images/commadant-argin-relik_2832e0f8.jpeg,0,characters
64292927021f17e13fbc1fef,Ion Papanoida,"The son of Pantora's Chairman Papanoida, Ion had to prove himself after thugs hired by the Trade Federation kidnapped his sisters. He accompanied his father on a dangerous mission into the Outer Rim in search of the missing women.",https://lumiere-a.akamaihd.net/v1/images/ion-papanoida-main-image_580897fa.jpeg,0,characters
64292927021f17e13fbc1ff0,Ione Marcy,"Ione's large eyes and small voice help her maintain her illusion of being an innocent witness to the crimes found in the deeper levels of Coruscant. Few would suspect her as a thief or accomplice to murder. Ione was a partner in crime to the nimble Cassie Cryar. When the two hoods managed to get a hold of a stolen Jedi lightsaber, they desperately tried to avoid the law.",https://lumiere-a.akamaihd.net/v1/images/ione_marcy_1b57b2aa.jpeg,0,characters
64292927021f17e13fbc1ff1,J-3DI,"A living, breathing Jedi! Well, not quite, but J-3DI is the closest we’ve got. A custom-built Jedi Knight in droid form, no expense has been spared to provide the authentic Jedi experience. J-3DI brings the legends to life for the delight of the crowd and he’s the full package with his iconic blue lightsaber, simulated Force powers and databank of Jedi wisdom.",https://lumiere-a.akamaihd.net/v1/images/j3dihs-main_193808b2.jpeg,0,characters
64292927021f17e13fbc1ff2,Jabba the Hutt,"Jabba the Hutt was one of the galaxy’s most powerful gangsters, with far-reaching influence in both politics and the criminal underworld. There were no second chances with Jabba, something Han Solo would find out -- though the slug-like alien would ultimately fall victim to his own hubris and vengeful ways.",https://lumiere-a.akamaihd.net/v1/images/Jabba-The-Hutt_b5a08a70.jpeg,0,characters
64292927021f17e13fbc1ff3,Jace Rucklin,"An aspiring young racer with piercing green eyes, Jace Rucklin befriends Kaz and seemingly saves his life from a malfunctioning speeder bike. His charisma and carefree attitude, the antithesis of strict Jerek Yeager, make Kaz eager to impress him. But Kaz soon discovers that Rucklin isn't quite what he seems and ultimately their short-lived friendship ends in a rivalry.",https://lumiere-a.akamaihd.net/v1/images/resistance-db-jace-rucklin-main-image_2e28c756.jpeg,0,characters
64292927021f17e13fbc1ff4,Jai Kell,"Jai Kell is a former Imperial cadet who now works secretly as a rebel on Lothal. He remains loyal to Ezra Bridger, the Padawan who helped him desert from the Empire.",https://lumiere-a.akamaihd.net/v1/images/image_8e2fc142.jpeg,0,characters
64292927021f17e13fbc1ff5,Jakoli,"The jungles of Rodia have fostered the idealization of hunters in Rodian culture. Many unqualified rookies attempt to secure respect and accolades by entering the bounty hunting profession, only to find their lives cut short by underestimated prey. Jakoli avoided such a fate by being as ruthless as possible, and never taking chances by bagging live acquisitions. To Jakoli, there was no ""dead or alive"" for his targets; only ""dead.""",https://lumiere-a.akamaihd.net/v1/images/acw_ia_94357_9d980bc5.jpeg,0,characters
64292927021f17e13fbc1ff6,Jan Dodonna,"General Jan Dodonna serves as the military leader of the rebel base on Yavin 4. His calm demeanor hides an incisive, strategic mind that serves the Rebellion well.",https://lumiere-a.akamaihd.net/v1/images/databank_generaldodonna_01_169_d3a64fe4.jpeg,0,characters
64292927021f17e13fbc1ff7,Jango Fett,"In the final years of the Republic, Jango Fett was regarded as the best bounty hunter in the galaxy. A proficient marksman and unarmed combatant, Fett was covered in a sleek armored suit that concealed his scarred face. His combat gear featured an arsenal of weaponry, including retractable wrist blades, a snare, dual blaster pistols and other more exotic tools of the trade. In combat, Jango used his harnessed jetpack to gain the advantage of speed and height over his enemies. The backpack also carried a nasty surprise -- an explosive rocket could be launched from it. For interstellar travel, Jango traveled aboard his well-worn starship, Slave I.",https://lumiere-a.akamaihd.net/v1/images/databank_jangofett_01_169_884cefab.jpeg,0,characters
64292927021f17e13fbc1ff8,Jannah,"From an oceanic moon, Jannah leads a band of warriors, ready to charge against the forces of the First Order.",https://lumiere-a.akamaihd.net/v1/images/jannah-main_4b348047.jpeg,0,characters
64292927021f17e13fbc1ff9,Janus Greejatus,"Greejatus was a gaunt human in flowing robes and garish hat who served as one of Emperor Palpatine’s closest advisors. He served in Imperial Ruling Council and accompanied the Emperor to the second Death Star as it hovered over the forest moon of Endor. With the destruction of the Death Star, one might assume Greejatus was killed, but his ultimate fate was unknown.",https://lumiere-a.akamaihd.net/v1/images/e6d_ia_2804_b69b3a63.jpeg,0,characters
64292927021f17e13fbc1ffa,Jar Jar Binks,"A clumsy, well-meaning Gungan outcast on Naboo, Jar Jar Binks struggled to prove his worth throughout his life. Putting his awkward past behind him, Jar Jar left the swamps of Naboo to enter the even murkier waters of Coruscant politics, becoming a representative for his people in the galactic capital. There, his best intentions and eagerness to serve were exploited by scheming Senators and others in positions of power.",https://lumiere-a.akamaihd.net/v1/images/databank_jarjarbinks_01_169_c70767ab.jpeg,0,characters
64292927021f17e13fbc1ffb,Jarek Yeager,"Jarek Yeager runs a repair shop on the Colossus refueling station, enjoying the solitude of being far from the central systems of the galaxy. He is quiet, hardworking, and wise, having experienced much in his lifetime.",https://lumiere-a.akamaihd.net/v1/images/resistance-db-jerek-main-image_c4256340.jpeg,0,characters
64292927021f17e13fbc1ffc,Jashco Phurus,"Notable for wearing the red robes of a Tricorraan raider, Jashco Phurus was a notorious pirate who prowled the Arrowhead region near Coruscant. Like many a spacefaring buccaneer, he regarded Maz’s castle as a safe haven and source of valuable intelligence.",https://lumiere-a.akamaihd.net/v1/images/jashco-phurus_f851c4fe.jpeg,0,characters
64292927021f17e13fbc1ffd,Jay Igno,"Jay Igno, a male Nimbanel from parts unknown, made a living as an air taxi driver on Coruscant during the Clone Wars era and he saw plenty of strange stuff. Once, a Clone got into his cab and told him a real crazy conspiracy story.",https://lumiere-a.akamaihd.net/v1/images/jay-igno_b783fe5a.jpeg,0,characters
64292927021f17e13fbc1ffe,Jaybo Hood,"The young boy Jaybo Hood tinkered with battle droids to create an army of servants while living captive on the planet Iego during the Clone Wars. With his technical expertise, Jaybo helped Jedi Anakin Skywalker and Obi-Wan Kenobi leave Iego without injury.",https://lumiere-a.akamaihd.net/v1/images/databank_jaybohood_01_169_7568ee04.jpeg,0,characters
64292927021f17e13fbc1fff,Jaycris Tubbs,Tubbs flies an X-wing as part of the Resistance bombers’ fighter escort above D’Qar -- a dangerous mission requiring pilots to stick close to the bombers and endure deadly fire from First Order TIEs. Tubbs and his fellow pilots will need all of their skill and a little luck to survive.,https://lumiere-a.akamaihd.net/v1/images/tlj-databank-jaycris-tubbs-main-image_17500755.jpeg,0,characters
64292927021f17e13fbc2000,Jek Lawquane,"The youngest child and only son of Cut and Suu Lawquane, Jek Lawquane enjoys typical pastimes like playing kickball with his sister, Shaeeah, on the backwater world of Saleucami and welcoming the rare youngster who happens to come calling.",https://lumiere-a.akamaihd.net/v1/images/the-bad-batch-cut-and-run-story-gallery-04_3259bbd7.jpeg,0,characters
64292927021f17e13fbc2001,Jek Porkins,"Jek Porkins was a pilot and trader who abandoned his homeworld when the Empire moved in and developed a new military base there. The burly rebel pilot flew an X-wing at the Battle of Yavin under the call sign Red 6. His X-wing developed a mechanical problem early in the battle, leaving him struggling to maneuver. Before Porkins or his astromech could fix the problem, one of the Death Star’s turbolasers zeroed in on the X-wing, incinerating it and killing Porkins instantly.",https://lumiere-a.akamaihd.net/v1/images/jek-porkins-main-image_0b8d2d13.jpeg,0,characters
64292927021f17e13fbc2002,Jemboc,"Jemboc dreams of one day leading the pack from his station at Table Five inside the Imperial Narkina 5 prison. There, Jemboc and his fellow inmates toil in 12-hour shifts to manufacture mysterious Imperial widgets meeting grueling output quotas and exacting specifications.",https://lumiere-a.akamaihd.net/v1/images/jemboc-main_96d62d74.jpeg,0,characters
64292927021f17e13fbc2003,Jennica Pierce,"Before the Battle of Yavin, Jennica was a moisture farmer on Tatooine but the Empire's search for two droids destroyed both her family and her farm. Seeking justice, Jennica joined the Rebel Alliance as a special forces agent serving on Tatooine. With the help of a Jawa associate named Kekit, she has knowledge of threats to the Rebellion on Tatooine, including information about Jabba the Hutt's operations. As the Galactic Civil War broadens, she is pulled into the conflict.",https://lumiere-a.akamaihd.net/v1/images/jennica_background_acf6d3e8.jpeg,0,characters
64292927021f17e13fbc2004,Jess Pava,"A brave young Resistance pilot, Jess, or ""Testor"" as she is also called, grew up idolizing the legendary pilots of previous generations, such as Luke Skywalker and Wedge Antilles. Jess gets her own chance at glory when the Resistance attacks Starkiller Base, flying alongside Poe Dameron and Snap Wexley under the call sign Blue Three.",https://lumiere-a.akamaihd.net/v1/images/jess-pava-db-main-image_6ce7904d.jpeg,0,characters
64292927021f17e13fbc2005,Jet Venim,"Famous among fans of the deadly sport of riot racing, Safa Toma's riot champion Jet Venim is as vicious as his name. Working together with other racers on Millegi's payroll, the Nosaurian uses a variety of weapons and underhanded maneuvers to best his opponents.",https://lumiere-a.akamaihd.net/v1/images/jet-venim-main_47b5b5d2.jpeg,0,characters
64292927021f17e13fbc2006,Jezzi,"Jezzi, a member of the Daughters of Ferrix, has spent many years as a close friend to Maarva Andor and her family. As Maarva's health begins to worsen with age, Jezzi is one of a handful of community members who keeps an eye on Maarva and attempts to help her.",https://lumiere-a.akamaihd.net/v1/images/jezzi-main_9a110509.jpeg,0,characters
64292927021f17e13fbc2007,Jinx,"A Twi'lek youngling, Jinx's optimism was chipped away by the harsh realities of survival in the Wasskah jungle. Gifted in the Force, he longed to return to the Jedi Temple but feared he may be forced to spend the rest of his days outrunning deadly Trandoshan hunters.",https://lumiere-a.akamaihd.net/v1/images/databank_jinx_01_169_6909b9bc.jpeg,0,characters
64292927021f17e13fbc1fb0,Glem,"Glem, a gravel-voiced Rodian scavenger working on the Colossus platform, will trade and barter for better shifts on the dock and choice debris scrounged from the depths of the surrounding waters. But when the First Order comes looking for a pirate spy, he shows no loyalty to Synara -- or anyone but himself.",https://lumiere-a.akamaihd.net/v1/images/resistance-db-glem-main-image_7aa7511b.jpeg,0,characters
64292927021f17e13fbc1faf,Glaucus,"A combination of small hands and other oversized features put Glaucus at a disadvantage at the sabacc table. As such, he prefers to be a spectator rather than run the risk of his opponents getting a glimpse at the reflection of his cards in his incredibly large eyeball. Some call him “Big Guy,” others “Big Eye.” Fortunately for those he encounters, he has yet to notice the difference.",https://lumiere-a.akamaihd.net/v1/images/solo-db-glaucus-main-image_feb8410d.jpeg,0,characters
64292927021f17e13fbc1fc1,Greeata,"Greeata joined the Max Rebo Band as a backup singer and dancer for some of the ensemble's gigs, including their performance at Jabba's palace. Her orange hair and ample jewelry ensured she got noticed even by listeners lacking musical taste.",https://lumiere-a.akamaihd.net/v1/images/greeata_813f2567.jpeg,0,characters
64292927021f17e13fbc1fad,Gerrera's Partisan Fighters,"Loyal to Saw Gerrera, his unruly band of partisan fighters are fierce warriors eager to exact explosive retribution against the Galactic Empire.",https://lumiere-a.akamaihd.net/v1/images/benthic-two-tubes-main_2dc38388.jpeg,0,characters
64292927021f17e13fbc1f57,Drell,"As part of Kragan Gorr's pirate gang, Drell is a competent crewman entrusted with important missions, who seems to derive a warped sense of joy from wreaking havoc in the galaxy and shooting down enemy fighters.  But despite his fearsome appearance and gruff attitude, his skills are no match for the First Order.",https://lumiere-a.akamaihd.net/v1/images/resistance-db-drell-main-image_0b2cbd27.jpeg,0,characters
64292927021f17e13fbc1f58,Droopy McCool,"Droopy McCool played the chindinkalu flute in the Max Rebo Band, an ensemble that performed as Jabba's palace band on Tatooine. A veteran musician, Droopy was used to seedy dives and gigs for unsavory clients. But the depravity he saw in Jabba's court shocked even him.",https://lumiere-a.akamaihd.net/v1/images/image_3bfc14aa.jpeg,0,characters
64292927021f17e13fbc1f59,Dryden Vos,"The public face of the Crimson Dawn crime syndicate, Dryden Vos is a contradiction: a pitiless enforcer known as a gangster of wealth and taste. Vos socializes with the galaxy’s elite aboard his lavishly appointed yacht First Light, and enjoys showing off his superb collection of antiquities. His good manners shouldn’t be mistaken for weakness, though: he can change from generous host to ruthless killer in a moment.",https://lumiere-a.akamaihd.net/v1/images/solo-db-dryden-vos-main-image_4ac071fb.jpeg,0,characters
64292927021f17e13fbc1f5a,DT-F16,"A squad commander, death trooper DT-F16 leads with strength and the ability to know when to fight and when to retreat. She suffers no fools and demands the best from those around her.",https://lumiere-a.akamaihd.net/v1/images/dt-f16_533058b3.jpeg,0,characters
64292927021f17e13fbc1f5b,Duchess Satine Kryze,"The leader of Mandalore during the Clone Wars, Duchess Satine of Kalevala was a controversial figure. She longed to move Mandalore beyond its violent past and instituted a government that valued pacifism. Though Mandalore did begin to rebuild under her guidance, the dark shadow of the Clone Wars made the Duchess' goals difficult to achieve.",https://lumiere-a.akamaihd.net/v1/images/databank_duchesssatinekryze_01_169_8f214c2b.jpeg,0,characters
64292927021f17e13fbc1f5c,Dume,"With the birth name of fallen Jedi Kanan Jarrus, Dume is a large Loth-wolf -- even by the species' own standards. The creature's origin unknown, he communes directly with Padawan learner Ezra Bridger.",https://lumiere-a.akamaihd.net/v1/images/rebels-databank-411-dume-main-image_ca9c71a9.jpeg,0,characters
64292927021f17e13fbc1f5d,Dyro Felldor,"Dyro acted as a representative for the Er'Kit people and sought the help of Saponza and his partner in ridding the world of a terrorist sect of a slavery operation on Er'Kit, known as the Blood Dawn. After the campaign and eventual defeat of the Blood Dawn, Felldor relayed his gratitude but offered no alliance with his new associates. Upon return to the world, Saponza and his partner discovered that Dyro had been taking part in a power struggle, and was manipulating both the Alliance and the Empire to serve his greedy purposes.",https://lumiere-a.akamaihd.net/v1/images/dyro_background_472e4c4a.jpeg,0,characters
64292927021f17e13fbc1f5e,Echo,"Former ARC Trooper Echo joined the Bad Batch towards the end of the Clone Wars after his rescue from the Techno Union. During his years as a soldier in the Grand Army of the Republic, Echo proved to be among the bravest clones, integral in the defense of Rishi Station and Tipoca City. As part of Clone Force 99, Echo's knowledge of proper military tactics and strategy provides valuable insight, while his socket-arm and cybernetic implants give him the unique ability to interact with computer systems.",https://lumiere-a.akamaihd.net/v1/images/echo-main_832bccdb.jpeg,0,characters
64292927021f17e13fbc1f5f,Edrio Two Tubes,"Edrio Two Tubes is a mercenary pilot who flies alongside his eggmate, Benthic. They share the nickname derived from the breathing apparatus that allows Tognath physiology to process oxygen atmospheres. Edrio’s native world of Yar Togna was conquered and occupied by the Empire, forcing him to flee as a refugee. With a desire to strike back at the Empire, Edrio and Benthic have allied with Saw Gerrera.",https://lumiere-a.akamaihd.net/v1/images/edrio-two-tubes-main_db435be7.jpeg,0,characters
64292927021f17e13fbc1f60,Eedy Karn,"Eedy Karn raised her son, Syril, to succeed. After a botched mission to Ferrix costs him his job with Pre-Mor Corporate Security, the ever-judgmental Eedy coldly welcomes him home to Coruscant, berating her son yet still willing to work what connections she has to ensure his prosperity.",https://lumiere-a.akamaihd.net/v1/images/eedy-karn-main_cce222cc.jpeg,0,characters
64292927021f17e13fbc1fae,Gha Nachkt,"Gha Nachkt was an out-of-shape Trandoshan male who operated as a salvage ship captain during the Clone Wars era. He was hovering around the Bothawui in his salvage freighter Vulture’s Claw when a battle between the Republic and Separatist Alliance occurred, which allowed him to capture Artoo-Detoo. During that battle, some of the debris he picked up included the remains of Anakin Skywalker’s Jedi Starfighter and his droid, R2-D2. Knowing the astromech droid would be full of useful intelligence for the Separatists, he arranged to sell the droid to General Grievous. After performing an autopsy on the droid and finding far more secret Republic information than he expected, he tried extorting the droid general for more money.",https://lumiere-a.akamaihd.net/v1/images/gha-nachkt_cfe5effb.jpeg,0,characters
64292927021f17e13fbc1f62,Eeth Koth,"Eeth Koth was a member of the Jedi High Council in the final years of the order. From within the polished towers of the Jedi Temple on Coruscant, the Council governed the actions of the Jedi Knights. Koth was one of the 12 Jedi present when Qui-Gon Jinn presented Anakin Skywalker as the Chosen One to the Council. A determined warrior with a deep, spiritual connection to the Force, Koth resisted torture at the hands of General Grievous during the Clone Wars, and was even able to secretly communicate his location to the Jedi Council. Koth was saved from Separatist clutches by the daring efforts of his fellow Jedi.",https://lumiere-a.akamaihd.net/v1/images/Eeth-Koth2_246ea172.jpeg,0,characters
64292927021f17e13fbc1f56,Dr. Royce Hemlock,"Dr. Royce Hemlock once served the Galactic Republic, but his penchant for experimentation eschewed the ideals of that democracy. After the rise of the Empire, Hemlock enjoys a new title as head of the Advanced Science Division wielding the power to control secret medical trials in cloning technology at the Mount Tantiss facility.",https://lumiere-a.akamaihd.net/v1/images/the-bad-batch-story-gallery-metamorphosis-03_36241a52.jpeg,0,characters
64292927021f17e13fbc1f63,EG-86,"On the surface, a harmless gonk power droid. Underneath, a courier holding secrets vital to the rebellion. EG-86, custodian of important information and data, was sent to rendezvous with Sabine and Ezra of the Ghost crew. While the Mandalorian and Padawan didn’t expect a gonk droid, neither would the Empire, making EG-86 a wise choice.",https://lumiere-a.akamaihd.net/v1/images/eg-86_c531d3ee.jpeg,0,characters
64292927021f17e13fbc1f65,Eighth Brother Inquisitor,"Nimble and menacing, the Eighth Brother was a deadly Terrelian Jango Jumper Inquisitor. Dispatched by Darth Vader, he was sent to Malachor to attempt to find and capture Maul, and instead found himself face to face with Ezra Bridger, Kanan Jarrus, and Ahsoka Tano. The Eighth Brother often used his double-bladed, spinning lightsaber to propel himself through the air, making for sneak attacks and quick escapes. This method proved unwise, however, when he jumped off the edge of the Malachor Sith Temple with his damaged lightsaber, and fell to his death.",https://lumiere-a.akamaihd.net/v1/images/eighth-brother_968dee8b.jpeg,0,characters
64292927021f17e13fbc1f66,Eila,"Eila, like more and more unfortunate souls throughout the galaxy, knows the wrath of the First Order and Kylo Ren firsthand. Having survived their raid of her village on Tehar, she and her brother Kel snuck aboard a cargo ship, leaving the smoldering ashes of their homeworld behind. Now, the siblings hide out on the Colossus...until a bounty on their heads attracts the attention of Kazuda Xiono and the First Order.",https://lumiere-a.akamaihd.net/v1/images/resistance-db-eila-main-image_6f641e1f.jpeg,0,characters
64292927021f17e13fbc1f67,Elan Sleazebaggano,"The aptly named Elan Sleazebaggano made his living selling death sticks to patrons of the Outlander Club and other hot spots in the underlevels of Coruscant. Always in search of credits, Sleazebaggano targeted both desperate addicts and unwise thrill-seekers.",https://lumiere-a.akamaihd.net/v1/images/elan-sleazebaggano-main-image_9ca2f407.jpeg,0,characters
64292927021f17e13fbc1f68,Eleni Syndulla,"Eleni Syndulla and her husband, freedom fighter Cham Syndulla, fought for a free Ryloth in the Clone Wars in the hopes that their daughter, Hera, would reap the benefits of their sacrifices. But after the fall of the Republic, Eleni struggles to keep her daughter safe while simultaneously satisfying her own curiosity and ensuring that everything her family fought for would not be lost beneath the boot of Imperial rule.",https://lumiere-a.akamaihd.net/v1/images/the-bad-batch-devil-s-deal-story-gallery-03_e03d3486.jpeg,0,characters
64292927021f17e13fbc1f69,Ello Asty,"The Abednedo pilot Ello Asty was known among his fellow Resistance pilots for his superb abilities behind the stick and occasional trouble remembering that a squadron must act as a team, not a loose collection of individuals. Ello flew with Cobalt Squadron in the early days of the Resistance and was a member of Blue Squadron during the attack on Starkiller Base. Ground fire ripped through his X-wing, ending his life.",https://lumiere-a.akamaihd.net/v1/images/ello-asty_2f33541b.jpeg,0,characters
64292927021f17e13fbc1f6a,Embo,"A fearsome bounty hunter of few words, Embo was quick to disable his target, be it by a single trained shot from his bowcaster or a decisive blow from his pan-shaped hat, which could be hurled at an adversary with deadly accuracy. The hat also doubled as a shield when the Kyuzo directly charged his target head-first. A freelance hunter, Embo worked with the likes of Sugi and Boba Fett, loyal only to his faithful anooba, Marrok.",https://lumiere-a.akamaihd.net/v1/images/databank_embo_01_169_60b97902.jpeg,0,characters
64292927021f17e13fbc1f6b,Emperor Palpatine / Darth Sidious,"The dark side of the Force is a pathway to many abilities some consider to be unnatural, and Sheev Palpatine is the most infamous follower of its doctrines. Scheming, powerful, and evil to the core, Darth Sidious restored the Sith and destroyed the Jedi Order. Living a double life, he was also Palpatine, a Naboo Senator and phantom menace. He manipulated the political system of the Galactic Republic until he was named Supreme Chancellor -- and eventually Emperor – and ruled the galaxy through fear and tyranny. The galaxy rejoiced when he died at the Battle of Endor, but Sidious had cheated death and patiently plotted a return to power.",https://lumiere-a.akamaihd.net/v1/images/emperor-palpatine-main_d6632d0a.jpeg,0,characters
64292927021f17e13fbc1f6c,Endente,Endente was a Sugi arms dealer who made a deal to sell a giant kyber crystal with incredible destructive power to Count Dooku.,https://lumiere-a.akamaihd.net/v1/images/image_1da9a558.jpeg,0,characters
64292927021f17e13fbc1f6d,Enfys Nest,"The mysterious leader of the Cloud-Riders swoop gang, Enfys Nest is a ferocious warrior, decimating opponents with a furious blitz of martial-arts moves and strikes from melee weapons. Nest’s mask and armor hide all clues about the Cloud-Rider chief’s identity and background; her motives are also a riddle.",https://lumiere-a.akamaihd.net/v1/images/screenshot-clip-enfys-nest-main_c547ef54.jpeg,0,characters
64292927021f17e13fbc1f6e,Ephraim Bridger,"The father of rebel Ezra, Ephraim Bridger refused to bow to the Empire. He and his wife, Mira, were among the few on Lothal who stood up to Imperial occupation, and they were arrested for their efforts — leading to years away from their child. Even in custody, however, Ephraim and Mira would not surrender their freedom. Inspired by a galvanizing broadcast by their son, they led a revolt in an Imperial prison, sacrificing themselves to save others.",https://lumiere-a.akamaihd.net/v1/images/mira-bridger_2b5ea7de.jpeg,0,characters
64292927021f17e13fbc1f6f,Erskin Semaj,"Mon Mothma's attaché, Erskin Semaj is a loyal and protective servant of the senator turned rebel leader. Often, Mothma is a little too daring for Semaj's liking, but he remains a reliable aide and believer in the fight for freedom.",https://lumiere-a.akamaihd.net/v1/images/eskrin-semaj_ff1e7fe7.jpeg,0,characters
64292927021f17e13fbc1f70,EV-9D9,"The supervisor of Jabba the Hutt's droid pool, EV-9D9 was a gangly mechanical with a quirk in her programming that made her enjoy tormenting and dismembering other droids. She turned a dank work area in the depths of Jabba's palace into a grim torture chamber.",https://lumiere-a.akamaihd.net/v1/images/ev-9d9-2_28db778f.jpeg,0,characters
64292927021f17e13fbc1f64,"EGL-21 ""Amps"" Power Droid","Like his mechanical colleague Geetaw, Amps was an autonomous droid who traded his services to scavengers at Niima Outpost. The two droids could sometimes be spotted in the shade trading jokes that their customers had brought them.",https://lumiere-a.akamaihd.net/v1/images/egl-21-amps-power-droid_7b35cdec.jpeg,0,characters
64292927021f17e13fbc1f55,Dr. Rhasiv,"Although imprisoned in the Imperial Narkina 5 facility, Dr. Rhasiv is afforded small freedoms in return for keeping the prison population healthy and productive. But even that relative privilege does not prevent him from growing weary from the hardships he has endured and witnessed. While other inmates keep track of the days that remain on their sentence, Rhasiv begins to see death as a viable escape.",https://lumiere-a.akamaihd.net/v1/images/dr-rhasiv-main_befd63ff.jpeg,0,characters
64292927021f17e13fbc1f54,Dr. Pershing,"A man of science, Dr. Pershing works first for the mysterious Client, but ultimately serves Moff Gideon. He wants to study the Child.",https://lumiere-a.akamaihd.net/v1/images/dr-pershing-main_0a1b16d6.jpeg,0,characters
64292927021f17e13fbc1f53,Dr. Gorst,"A cruel Imperial interrogator, Doctor Gorst uses his detailed knowledge of psychology and physiology to concoct new and horrific methods of interviewing persons of interest and compelling testimony from prisoners of the Empire.",https://lumiere-a.akamaihd.net/v1/images/dr-gorst-main_0242a51a.jpeg,0,characters
64292927021f17e13fbc1f38,Davo Sculdun,"Davo Sculdun never really endeared himself to the upper political echelons of his homeworld of Chandrila. A scheming financier and opportunist, he is skilled in the maneuvering of bank funds away from the prying eyes of Imperial auditors.",https://lumiere-a.akamaihd.net/v1/images/davo-sculdun-main_f1254e40.jpeg,0,characters
64292927021f17e13fbc1f39,DD-BD,"Before being sold into slavery and put to work in the mining operation center on Kessel, DD-BD was an overeager WDD adminmech working on a Morseerian pirate ship. Unfortunately, the ship was impounded by the Empire, and DD-BD was sold at auction to the Pyke syndicate for a fraction of his worth. But in a chance meeting with L3-37, the small droid is liberated when his restraining botl is removed, igniting a small rebellion.",https://lumiere-a.akamaihd.net/v1/images/solo-db-dd-bd-main-image-2_e315d58c.jpeg,0,characters
64292927021f17e13fbc1f3a,Dedra Meero,"Methodical, polished, and ambitious, Dedra Meero embodies the ideals of the Imperial Security Bureau. She is ever vigilant, collecting and analyzing intelligence from across the galaxy to identify possible signs of disorder. Her ingenuity serves her well, climbing the ranks by piecing together a clear picture of rebel activity from disparate parts.",https://lumiere-a.akamaihd.net/v1/images/dedra-meero-main_fb525dc1.jpeg,0,characters
64292927021f17e13fbc1f3b,Dengar,"Crude and slovenly, Dengar was nonetheless an effective bounty hunter. While some hunters prided themselves on finesse and style, Dengar preferred firepower and destruction. Despite his scruffy-looking and battered exterior, Dengar thought highly of himself, enough to make blunt passes at shapely females that caught his eye. Despite these obnoxious qualities, Boba Fett enjoyed working with Dengar and held him in high regard due to his proven track record in hunting down prey.",https://lumiere-a.akamaihd.net/v1/images/databank_dengar_01_169_18886b62.jpeg,0,characters
64292927021f17e13fbc1f3c,Depa Billaba,"A Chalactan Jedi, Depa Billaba served on the Jedi Council in the final years of the Republic. She witnessed the discovery of Anakin Skywalker, whom Qui-Gon Jinn believed to be the Chosen One, and tried to determine the will of the Force as the galaxy slid into tumult and war. During the Clone Wars Billaba took Caleb Dume on as her Padawan, but was unable to finish his training before the dreaded Order 66 ended her life on Kaller.",https://lumiere-a.akamaihd.net/v1/images/depa-billaba-main_e8b5b3c6.jpeg,0,characters
64292927021f17e13fbc1f3d,"Derek ""Hobbie"" Klivian","Born on Ralltiir, Derek “Hobbie” Klivian defected to the Rebel Alliance with Biggs Darklighter and flew with Rogue Squadron during the Battle of Hoth. He served as Luke Skywalker’s wingman during the defense of Echo Base, ejecting from his snowspeeder just before the craft rammed an AT-AT.",https://lumiere-a.akamaihd.net/v1/images/derek-hobbie-klivian_cfe8b405.jpeg,0,characters
64292927021f17e13fbc1f3e,Derla Pidys,"A noted sommelier, Derla Pidys sells wine gathered from a breathtaking range of worlds: Orto Plutonia, Naboo, the Forest Moon of Endor and many others. It’s a profession that has brought her into contact with Canto Bight business owners such as Ubailla Gheal, as well as patrons such as the mysterious Grammus sisters.",https://lumiere-a.akamaihd.net/v1/images/derla-pidys-db-main_0e48340e.jpeg,0,characters
64292927021f17e13fbc1f3f,Derrown,"It's easy to misjudge the deadliness of a gasbag. Derrown was a Parwan bounty hunter, an alien species with a lighter-than-air physiology that allowed him to float about on air currents, anchoring himself with four leg-like tentacles and two arms. His buoyancy let him reach heights and vantage points not easily accessible to standard density competitors, but he lacked the speed and control that came with mass. The Parwan biology produces intense electrical fields -- Derrown literally crackled with energy, earning him the grisly moniker the Exterminator. To prevent any ill-effects with his carried explosives, he kept them safe in an insulated bandolier across his shoulders.",https://lumiere-a.akamaihd.net/v1/images/acw_ia_94349_a0761dcc.jpeg,0,characters
64292927021f17e13fbc1f40,Desix,"At the dawn of the Empire, many worlds remain unaffiliated with the new regime, subject to being assimilated one by one. Led by Governor Tawni Ames, the world of Desix is a rust-colored oasis with sprawling hills and sand, resistant to bowing before a new master.",https://lumiere-a.akamaihd.net/v1/images/desix-mian-1_1a4e1525.jpeg,0,characters
64292927021f17e13fbc1f41,Dewi Pamular,"The chattier of the two Pamular brothers, Dewi spends much of his time in the Narkina quarry pools, hunting for edible fish in the murky waters. Dewi has no love for the Empire that has poisoned his home, and he retains compassion for others who have been similarly scarred by the Imperial machine.",https://lumiere-a.akamaihd.net/v1/images/dewi-pamular-main_534f5bad.jpeg,0,characters
64292927021f17e13fbc1f42,Dex Tiree,"Dex Tiree was a human pilot from Onderon who fought with distinction at the Battle of Yavin under the designation “Gold Two.” He was Jon “Dutch” Vander’s wingman, piloting a Y-Wing with the rest of Gold Squadron in the assault on the Death Star. Sadly, he was the first pilot hit when the Dark Lord of the Sith Darth Vader arrived in his TIE Advanced.",https://lumiere-a.akamaihd.net/v1/images/dex-tiree_3efe56ad.jpeg,0,characters
64292927021f17e13fbc1f43,Dexter Jettster,"Obi-Wan Kenobi counted on Dexter Jettster, an old friend, to identify a poison dart, and Jettster didn't fail him. The cook correctly recognized the small-tined projectile as a Kamino saberdart. Few have ever heard of the planet Kamino, but Dex not only informed Obi-Wan as to its location (12 parsecs south of the Rishi Maze), but also its inhabitants. Dex warned that the native Kaminoans -- cloners of some repute -- keep to themselves, but are welcoming to those with the credits to spare.",https://lumiere-a.akamaihd.net/v1/images/databank_dexterjettster_01_169_09c89b71.jpeg,0,characters
64292927021f17e13fbc1f44,Din Djarin (The Mandalorian),"The Mandalorian, known to some as Din Djarin, is a battle-worn bounty hunter, making his way through a dangerous galaxy in an uncertain age. Reunited with Grogu, Djarin undertakes a new quest to reclaim a place in Mandalorian society as his scattered people unite to take a stand against the Imperial remnant.",https://lumiere-a.akamaihd.net/v1/images/din-djarin-main_a3810794.jpeg,0,characters
64292927021f17e13fbc1f45,Director Orson Krennic,"As director of Advanced Weapons Research for the Imperial military, Orson Krennic is obsessed with the completion of the long-delayed Death Star project. A cruel but brilliant man, Krennic has staked his reputation on the delivery of the functional battle station to the Emperor.",https://lumiere-a.akamaihd.net/v1/images/orson-krennic_4c6477e2.jpeg,0,characters
64292927021f17e13fbc1f46,DJ,"An amoral thief and talented slicer, DJ dwells in the shadows thrown off by Canto Bight’s glitz, stealing whatever he needs and resolutely refusing to take sides in the growing conflict between the First Order and the Resistance.",https://lumiere-a.akamaihd.net/v1/images/dj_503c3838.jpeg,0,characters
64292927021f17e13fbc1f47,DJ R-3X,"Rex, a former pilot of a Starspeeder 3000 for Star Tours, was recently reprogrammed to be a DJ in Oga’s Cantina. Today, he can be found playing the latest hits from around the galaxy in the heart of Black Spire Outpost. As quirky and talkative as ever, he’s still trying to do his best on the job.",https://lumiere-a.akamaihd.net/v1/images/dj-r-3x-main_c1014001.jpeg,0,characters
64292927021f17e13fbc1f48,Doctor Aphra,"Endlessly inventive and completely unpredictable, Doctor Chelli Lona Aphra is one of the galaxy's most daring treasure hunters. The rogue archaeologist studied at the University of Bar’leth where she received her doctorate under duress before she was recruited by Darth Vader. Among her misadventures, she’s joined forces with Luke Skywalker and kidnapped Hera Syndulla. But despite questionable morals and equally bad judgement, her luck hasn’t run out yet.",https://lumiere-a.akamaihd.net/v1/images/doctor-aphra-main_9ab09dd1.jpeg,0,characters
64292927021f17e13fbc1f49,Doctor Cornelius Evazan,"A grubby, scarred smuggler from Alsakan, Cornelius Evazan was once a promising surgeon, but became notorious for conducting cruel medical experiments. Dr. Evazan tried to bully Luke Skywalker in the Mos Eisley cantina, boasting that he faced a death sentence in 12 systems. The doctor and his pal Ponda Baba assumed the young farmboy would be an easy target, and paid little heed to the old man in dusty robes who’d accompanied young Luke into the bar. That was a fatal mistake: when Evazan hurled Luke aside and pulled his blaster, Obi-Wan Kenobi coolly ignited his lightsaber and cut Evazan down.",https://lumiere-a.akamaihd.net/v1/images/dr-evazan-main-image_bf435393.jpeg,0,characters
64292927021f17e13fbc1f4a,Doctor Gubacher,"A researcher and engineer serving the Jedi Council, Doctor Gubacher was tasked with ensuring the droids attached to the Jedi Order were kept in optimum operational condition. With the outbreak of the Clone Wars, Gubacher was given special assignment to modify the droids for specific missions. The manic Parwan scientist developed the modifications required by the droids of D-Squad to carry out their mission to capture a vital Separatist encryption module.",https://lumiere-a.akamaihd.net/v1/images/databank_doctorgubacher_01_169_501caa2a.jpeg,0,characters
64292927021f17e13fbc1f4b,Doctor Kalonia,"A good-humored, sympathetic physician with the rank of major in the Resistance army, Doctor Kalonia is assigned to the Resistance base on D’Qar. She attended both Chewbacca and Finn after they were wounded. Her calm bedside manner and knowledge of Shyriiwook soothed Chewie, who allowed Kalonia to tend to his blaster burn.",https://lumiere-a.akamaihd.net/v1/images/doctor-kalonia_1b313899.jpeg,0,characters
64292927021f17e13fbc1f4c,Doctor Nuvo Vindi,"Dr. Nuvo Vindi, a brilliant but demented Separatist scientist, tried to release the deadly Blue Shadow Virus during the Clone Wars. Working from a secret lab on Naboo, Dr. Vindi plotted a catastrophic outbreak that was foiled when the Republic found a cure before his virus could spread.",https://lumiere-a.akamaihd.net/v1/images/doctor_nuvo_vindi_0669ee20.png,0,characters
64292927021f17e13fbc1f4d,Doctor Quadpaw,"In a dimly lit operating theater on the world of Frezno, the surgeon known only as Doctor Quadpaw tends to desperate patients with nowhere else to turn. With the help of cybernetic enhancements to sharpen his sight and hearing, and four dexterous organic arms, the skilled physician works swiftly to help those in need -- provided they have the credits to pay.",https://lumiere-a.akamaihd.net/v1/images/doctor-quadpaw-main_af287a95.jpeg,0,characters
64292927021f17e13fbc1f4e,Dok-Ondar,"Dok-Ondar is an infamous collector who buys, sells, and trades rare and valuable relics in his Den of Antiquities in Black Spire Outpost. Known as the gatekeeper of the black market, he has amassed an impressive collection of unique artifacts that is unrivaled in the galaxy. A mysterious Ithorian with an even more mysterious past, Dok-Ondar is sought after for his knowledge and connections.",https://lumiere-a.akamaihd.net/v1/images/dok-ondar-main-b_0288d92b.jpeg,0,characters
64292927021f17e13fbc1f4f,Dokk Strassi,"One of the crime bosses operating out of Mos Espa, Dokk Strassi controls a section of the city. But even words of respect can sound threatening when hissed by a reptilian Trandoshan.",https://lumiere-a.akamaihd.net/v1/images/dok-strassi-main_ffb76d72.jpeg,0,characters
64292927021f17e13fbc1f50,Dokk Strassi's guards,"Loyal and fierce, these Trandoshan guards keep a watchful eye on their crime boss Dokk Strassi.",https://lumiere-a.akamaihd.net/v1/images/dokk-strassi-s-guards-main_bc390af1.jpeg,0,characters
64292927021f17e13fbc1f51,Dormé,"Despite no longer being Naboo’s queen, Padmé Amidala retained some royal perks as senator. Among them were her loyal handmaidens – a name that did little justice to the women’s training as bodyguards. Padmé’s most devoted aide, Dormé, advised the senator on Coruscant and helped look after Naboo’s affairs when Padmé retreated to her homeworld with Anakin Skywalker.",https://lumiere-a.akamaihd.net/v1/images/dorme-2_dd1590e9.jpeg,0,characters
64292927021f17e13fbc1f52,Dr. Emerie Karr,"Dr. Emerie Karr blends into the crowd of Imperial medical professionals working inside the secret labs at Mount Tantiss. A diligent worker who seems to have some compassion for the clone prisoners on her exam table, Dr. Karr believes that resisting the Empire's experimentation is futile.",https://lumiere-a.akamaihd.net/v1/images/dr-emerie-karr-main_74936ea6.jpeg,0,characters
64292927021f17e13fbc1f71,EV-A4-D,EV-A4-D was the wisecracking EV-series medical droid employed by General Grievous to patch him up during the Clone Wars. He called the lair of Grievous on the third moon of Vassek his home until Kit Fisto and Nahdar Veb broke into the place in pursuit of Grievous. The two Jedi smashed up the interior and killed Grievous’s pet before Kit Fisto located the defenseless droid and decapitated him completely unprovoked.,https://lumiere-a.akamaihd.net/v1/images/ev-a4-d_575ca6d8.jpeg,0,characters
64292927021f17e13fbc1f72,Even Piell,"A gruff and battle-hardened Jedi as well as senior member of the Jedi council, Even Piell was bigger than life though he was small in stature. Highly skilled with a lightsaber and a great warrior, Piell was always willing to charge into battle. During the Clone Wars, he was tasked with some of the most crucial missions, protecting vital Republic territory and information.",https://lumiere-a.akamaihd.net/v1/images/databank_evenpiell_01_169_f1528605.jpeg,0,characters
64292927021f17e13fbc1f61,Eesh Fahm,"Eesh Fahm was a miner on Ibaar, a world devastated by the Empire. He ran an underground network that sought to help his people, and worked with the rebellion to bring food and supplies past the Imperial blockade.",https://lumiere-a.akamaihd.net/v1/images/eesh-fahm_f970ddac.jpeg,0,characters
64292927021f17e13fbc1f74,Father,"In the mysterious realm of Mortis there exists a trio of beings able to wield the Force in ways no known mortals of the galaxy can. The Father maintained balance between his Daughter and his Son, who expressed affinity to the light and dark side of the Force, respectively. The Father knew his days were numbered -- facing his impending demise, he needed to find another to keep the balance. His goal was the same described in an ancient Jedi prophecy -- the rise of a Chosen One who will bring balance to the Force.",https://lumiere-a.akamaihd.net/v1/images/databank_father_01_169_c0d0b780.jpeg,0,characters
64292927021f17e13fbc1f93,"Garazeb ""Zeb"" Orrelios","Meet the muscle of the Ghost team. Garazeb ""Zeb"" Orrelios was a cunning Lasat honor guard who adopted the cause of rebellion against the Empire. Despite his hulking frame, Zeb was actually highly-educated and articulate. Still, he loved beating up stormtroopers, who he nicknamed “bucket heads.”",https://lumiere-a.akamaihd.net/v1/images/zeb-main-tms3_b370aa93.jpeg,0,characters
64292927021f17e13fbc1f94,Gardulla the Hutt,"A wily crime lord and member of the shadowy Hutt Council, Gardulla was the original owner of Shmi and Anakin Skywalker, but lost them betting with the junk dealer Watto. She watched her former slave’s victory in the Boonta Eve Classic alongside Jabba. Years later, Gardulla and the Council hired Cad Bane to free Ziro the Hutt from a Republic prison, fearing the traitorous Hutt would spill their secrets. When Ziro escaped from Gardulla’s palace on Nal Hutta, she hired Bane to track him down.",https://lumiere-a.akamaihd.net/v1/images/gardulla-the-hutt-main-image_5f3900ca.jpeg,0,characters
64292927021f17e13fbc1f95,Garindan,"A long-snooted Kubaz, Garindan made a living ferreting out information in Mos Eisley and selling it to the highest bidder. After the Empire hired Garindan and other spies to search for a pair of missing droids, the Kubaz discovered a duo that fit the Imperial description. He followed Luke Skywalker and Obi-Wan Kenobi to Docking Bay 94 for their rendezvous with Han Solo, then summoned Imperial troops to apprehend them.",https://lumiere-a.akamaihd.net/v1/images/garindan-main-image_409cd281.jpeg,0,characters
64292927021f17e13fbc1f96,Garma,"With piercing yellow eyes and a kindly demeanor, life on the Colossus may be a struggle for Garma, but she's always ready when opportunity presents itself, whether slyly offering a pilot a place to stay, pleading for a free bowl of puffer pig bacon, or happily getting her hands on lost loot in the midst of a pirate raid.",https://lumiere-a.akamaihd.net/v1/images/resistance-db-garma-main-image_2ee9eecd.jpeg,0,characters
64292927021f17e13fbc1f97,Garnac,"The ferocious leader of a lodge of Trandhoshan hunters, Garnac savored the thrill of stalking prey through the underbrush of Wasskah. He proudly watched as his son, Dar, took up the hunt, but had not counted on the resilience of their Padawan quarry.",https://lumiere-a.akamaihd.net/v1/images/databank_garnac_01_169_054a0fce.jpeg,0,characters
64292927021f17e13fbc1f98,Garsa Fwip,"Lavishly dressed and impeccably charming, Garsa Fwip is the proprietor of Garsa’s Sanctuary. The stunning Twi'lek has the warmth and polish of a seasoned host.",https://lumiere-a.akamaihd.net/v1/images/garsa-fwip-main_765e66f9.jpeg,0,characters
64292927021f17e13fbc1f99,Garven Dreis,"A native of the planet Virujansi, Garven “Dave” Dreis flew in the Battle of Yavin as Red Leader. After witnessing the death of his friend Pops Krail and the pilots of Gold Squadron at the hands of Darth Vader, Dreis began his own run at the Death Star’s thermal exhaust port, with Luke Skywalker keeping another group of Red Squadron pilots back in case the attempt failed. Dreis survived long enough to fire his proton torpedoes at the battle station’s exhaust port, but his shot impacted on the surface instead of entering the port. Vader then gunned Red Leader down.",https://lumiere-a.akamaihd.net/v1/images/garven-dreis_efe9195b.jpeg,0,characters
64292927021f17e13fbc1f9a,Gasgano,"A slight, spindly, six-limbed alien, Gasgano was a thrill-seeker uniquely suited to the extreme sport of Podracing. Gasgano was very competitive, and sought to beat racers Anakin Skywalker and Sebulba during the Boonta Eve Podrace. He piloted a green Ord Pedrovia Podracer in the competition.",https://lumiere-a.akamaihd.net/v1/images/gasgano_6f648f83.jpeg,0,characters
64292927021f17e13fbc1f9b,General Draven,"A veteran of the Clone Wars, Davits Draven represents Alliance Intelligence on the rebel council. With the Alliance too ill-equipped to oppose the Empire directly, Draven and his operatives work in the shadows, waging war through sabotage, infiltration and assassination. Draven makes no apology for his methods, regarding them as necessary responses to the Empire’s power and cruelty.",https://lumiere-a.akamaihd.net/v1/images/general-draven-main_dc9f0eb2.jpeg,0,characters
64292927021f17e13fbc1f9c,General Dustil Forell,"Dustil Forell is in charge of Support Services for Alliance High Command. It’s a thankless task, as the Massassi base has less than a dozen medium freighters and a converted light freighter for transporting materials and personnel. This complement is inadequate, and Forell knows an evacuation would strain these meager resources to the breaking point.",https://lumiere-a.akamaihd.net/v1/images/general-dustil-forell-main_05dc6482.jpeg,0,characters
64292927021f17e13fbc1f9d,General Engell,"An admirer of Kylo Ren’s, Amret Engell has assumed responsibility for stormtrooper training after the death of Captain Phasma. She sees each new world liberated by the First Order as a source of valuable children to be trained as soldiers for Ren’s regime.",https://lumiere-a.akamaihd.net/v1/images/general-engells-main_30552427.jpeg,0,characters
64292927021f17e13fbc1f9e,General Grievous,"General Grievous was a brilliant Separatist military strategist and a feared Jedi hunter, known for his ruthlessness and hacking cough. His body itself was a weapon, allowing him lightning quick strikes and devastating blows. But he was also quick to run from a fight, a tactic that worked until one final meeting with Obi-Wan Kenobi.",https://lumiere-a.akamaihd.net/v1/images/General-Grievous_c9df9cb5.jpeg,0,characters
64292927021f17e13fbc1f92,Gar Saxon,"Imperial Viceroy of Mandalore, Gar Saxon of Clan Vizsla was the ruthless leader of the Imperial Super Commandos -- Mandalorians loyal to the Empire. His armor featured a threatening color scheme of red and white, with the Imperial cog emblazoned on his shoulders.",https://lumiere-a.akamaihd.net/v1/images/gar-saxon-main_09ad9ff9.jpeg,0,characters
64292927021f17e13fbc1f9f,General Hux,"Young and ruthless, General Hux is a believer in technology, and eagerly awaits the day when the First Order’s innovations will help bring down the remnants of the New Republic and the Resistance – a victory he believes will also lead to his ruling the galaxy. His increasingly poisonous rivalry with Kylo Ren causes him to take a desperate gamble.",https://lumiere-a.akamaihd.net/v1/images/general-hux-main_9dbfab69.jpeg,0,characters
64292927021f17e13fbc1fa1,General Madine,"General Madine specialized in covert actions for the Rebel Alliance, waging war in secret against Imperial troops and the Emperor's own shadowy agents. His plans culminated with the operation to destroy the shield generator on the Forest Moon of Endor.",https://lumiere-a.akamaihd.net/v1/images/databank_generalmadine_01_169_81edb078.jpeg,0,characters
64292927021f17e13fbc1f73,Ezra Bridger,"Growing up on his own during the age of the Empire, Ezra Bridger relied on his street smarts -- and subconscious Force abilities -- to survive. He became a con artist and small-time thief, doing what he needed to get by on his home planet Lothal. But this reality also hardened Ezra, who by the time he was 14 years old, had little trust for anyone. That would change with his introduction to the Ghost crew, a small band of rebels fighting back against the Empire. Ezra came to believe in their cause, and saw that he could help change the galaxy for the better. And with the help of Kanan Jarrus, he began to learn the ways of the Jedi.",https://lumiere-a.akamaihd.net/v1/images/ezra-bridger-s3_2236d8f8.jpeg,0,characters
64292927021f17e13fbc1fa3,General Parnadee,"The First Order’s senior ground commander, Bellava Parnadee is focused on worlds resisting occupation by the regime, a duty that often takes her far from her regular post aboard the Steadfast. A member of the Supreme Council, she is careful to stay on the right side of mercurial Supreme Leader Kylo Ren.",https://lumiere-a.akamaihd.net/v1/images/general-parnadee-main_3d8570f2.jpeg,0,characters
64292927021f17e13fbc1fa4,General Pitt Onoran,"Pitt Onoran is in charge of Yavin 4’s Special Forces division, including the legendary Pathfinders for whom no Alliance mission is too tough or demanding. A Republic veteran, he brings valuable logistics experience to Alliance High Command.",https://lumiere-a.akamaihd.net/v1/images/general-pitt-onoran-main_f7311270.jpeg,0,characters
64292927021f17e13fbc1fa5,General Pong Krell,"This Besalisk Jedi is all about getting results and, indeed, his battlefield record lists many key victories in the Clone Wars. He has an  unshakable confidence in his methods, and he will brook no insubordination among his charges. In personal combat, he can be ferocious -- his giant arms carry two double-ended lightsabers, making him extremely dangerous in close quarters. Pong Krell's reputation as a successful general is well known but so is the fact that the casualty rates of the clone troopers under his command are the highest.",https://lumiere-a.akamaihd.net/v1/images/databank_generalpongkrell_01_169_92dfaeda.jpeg,0,characters
64292927021f17e13fbc1fa6,General Pryde,"A veteran of the Imperial military, Allegiant General Pryde serves the First Order as part of a second wave of leadership kept in reserve by Supreme Leader Snoke during the unveiling of Starkiller Base. After Snoke’s death, Pryde serves the new Supreme Leader Kylo Ren in a position of privilege and power.",https://lumiere-a.akamaihd.net/v1/images/general-pryde-main_78f767c7.jpeg,0,characters
64292927021f17e13fbc1fa7,General Quinn,"Domaric Quinn has ascended the First Order ranks to become an important commander and earn a seat on Kylo Ren’s Supreme Council. A former Imperial officer, he loathes the mysticism of the Force and is suspicious of the First Order’s new Sith allies on Exegol. When Ren tires of Quinn’s caustic questions, Quinn learns the perils of crossing the Supreme Leader.",https://lumiere-a.akamaihd.net/v1/images/general-quinn-main_bbe54055.jpeg,0,characters
64292927021f17e13fbc1fa8,General Rieekan,"A battle-weary veteran of the Clone Wars, Carlist Rieekan served the Alliance in its struggle against the Empire, commanding rebel forces on Hoth. Rieekan was a native of Alderaan, and the destruction of his homeworld haunted him. After Han Solo and Chewbacca discovered an Imperial probe droid on Hoth, Rieekan ordered an immediate evacuation of Echo Base. The decision wasn’t popular – rebel personnel had barely completed the grueling work of establishing the base -- but Rieekan’s caution prevented the Battle of Hoth from being a total rout, and so helped save the Alliance.",https://lumiere-a.akamaihd.net/v1/images/general-rieekan_bdcddf69.jpeg,0,characters
64292927021f17e13fbc1fa9,General Tagge,"Born into wealth and privilege on Tepasi, General Cassio Tagge served as chief of military operations aboard the first Death Star, though he disdained the battle station as “Tarkin’s Folly.” Unlike his rival Admiral Motti, Tagge took the threat posed by the Rebel Alliance seriously. Tagge was not aboard the Death Star when it exploded over Yavin; acknowledging that Tagge had been correct about the rebel threat, the Emperor promoted him to Grand General and placed him in charge of the Imperial military.",https://lumiere-a.akamaihd.net/v1/images/general-tagge-main-image_d9443d72.jpeg,0,characters
64292927021f17e13fbc1faa,General Tandin,"The leader of the royal guard and native military forces of Onderon, General Tandin was a proud patriot devoted to protecting the crown and the sanctity of the Onderonian people. When the planet sided with the Separatists during the Clone Wars, Tandin supported the new king, Sanjay Rash, despite his misgivings of offworld interlopers interfering in Onderonian affairs. The people of Onderon, though, began to reject Rash's rule, and an insurgency began targeting the battle droid forces stationed on the planet. Tandin had difficulty waging war against his own people, and cared little for the military support and tactical advice offered by the emotionless droids sent by the Confederacy to reinforce his defenses.",https://lumiere-a.akamaihd.net/v1/images/general_tandin_8026158d.jpeg,0,characters
64292927021f17e13fbc1fab,General Tarpals,"The gravelly-voiced patrol chief of Otoh Gunga, Tarpals has endured many a headache caused by the antics of Jar Jar Binks. Tarpals kept an eye on the bumbling outcast, making sure the youngster didn't re-enter Gungan society. During the Trade Federation occupation of Naboo, Tarpals was part of the Gungan Grand Army that fought against the battle droid invaders. Ironically, Tarpals served under Binks, who had unexpectedly received the rank of general by Boss Nass himself. Tarpals stayed close to Binks, trying to keep his commanding officer out of trouble.     By the time of the Clone Wars, Tarpals was promoted to general, and served as leader of the Gungan Grand Army.",https://lumiere-a.akamaihd.net/v1/images/databank_generaltarpals_01_169_cb2134d2.jpeg,0,characters
64292927021f17e13fbc1fac,General Veers,"A cool and efficient officer, General Veers led the Imperial assault on Hoth, marching his AT-AT walkers across the planet's frozen plains and destroying the massive generators powering the Rebel base's protective energy shield.",https://lumiere-a.akamaihd.net/v1/images/databank_generalveers_01_169_ed056bbf.jpeg,0,characters
64292927021f17e13fbc1fa0,General Kalani,"Early in the Clone Wars, the Separatist droid army was often led into war by analytically minded tactical droids. Before long, the Republic was able to outmaneuver the tactical droids by exploiting their reliance on precise calculation and lack of imagination when dealing with the unexpected. Furthermore, the droids were spindly mechanics whose heads could be yanked off and scoured for vital combat data. Super tactical droids, like General Kalani, were an improvement over the standard tactical droid. Kalani's advanced processors and robust frame made him a threat to be reckoned with.",https://lumiere-a.akamaihd.net/v1/images/general_kalani_4d7e9be0.jpeg,0,characters
64292927021f17e13fbc1f91,Ganodi,"A starry-eyed Rodian girl, Ganodi was a bright student in the Jedi Temple during the Clone Wars. She underwent an important rite of passage called The Gathering, which required her to enter the heart of the Crystal Cave on Ilum, and discover the crystal that was perfectly attuned to her through the Force. This gem would become the heart of her lightsaber, but first, she needed to overcome despair at the overwhelming nature of the challenge before her.",https://lumiere-a.akamaihd.net/v1/images/databank_ganodi_01_169_f6cb9dbb.jpeg,0,characters
64292927021f17e13fbc1fa2,General Merrick,"Antoc Merrick commands Yavin 4’s starfighters before the Battle of the Death Star, flying as Blue Leader. He joined the Rebellion from the Rarefied Air Cavalry of Virujansi, where he served alongside his friend Garven Dreis, later Red Leader. Merrick knows unit cohesion and cooperation are vital for the Starfighter Corps, and cares deeply for the pilots under his command",https://lumiere-a.akamaihd.net/v1/images/general-merrick-main_33a3801c.jpeg,0,characters
64292927021f17e13fbc1f8f,Gamorrean fighters,"In underground gladiator matches, Gamorrean serve as powerhouse fighters that no opponent wants to face.",https://lumiere-a.akamaihd.net/v1/images/gamorrean-fighters-main_820bd9b2.jpeg,0,characters
64292927021f17e13fbc1f75,Fauja,"In the marketplace on Saleucami, the Aleena street vendor Fauja sells more than the various fruits and trinkets she has on display. For the right amount of credits, and a chain code to meet Imperial policy, she can help anyone book passage on a ship offworld.",https://lumiere-a.akamaihd.net/v1/images/fauja-main_448abbbc.jpeg,0,characters
64292927021f17e13fbc1f90,Gamorrean Guards,"Once loyal to Jabba the Hutt and later Bib Fortuna who usurped his throne, Gamorrean Guards protected what was long known as Jabba's palace. In the time of Boba Fett's rise to power as Daimyo, they refused to surrender and vowed their loyalty to their new leader.",https://lumiere-a.akamaihd.net/v1/images/gamorrean-gaurds-main_8f8a6b45.jpeg,0,characters
64292927021f17e13fbc1f76,Fenn Rau,"Veteran of the Clone Wars and a respected warrior, Fenn Rau led the Protectors of Concord Dawn with a combination of honor and ruthlessness. During the Clone Wars, he served as a flight instructor for the clone army and fought in many clashes, including the Battle of Mygeeto. After the rise of the Empire, however, he accepted payment to act in service of the Imperials. It was not until he met with -- and was captured by -- the Ghost crew's Kanan and Sabine that he came to align with the rebels.",https://lumiere-a.akamaihd.net/v1/images/fenn-rau_f1be177c.jpeg,0,characters
64292927021f17e13fbc1f77,Fennec Shand,"An assassin and elite mercenary, Fennec Shand has worked for all the top syndicates. Clever, capable, and cunning, she is not to be underestimated and is full of surprises.",https://lumiere-a.akamaihd.net/v1/images/fennec-shand-main_25402b49.jpeg,0,characters
64292927021f17e13fbc1f78,ferry droid,"In the burning sulphuric atmosphere of the Nevarro lava rivers, ferry droids operate keelboats to provide safe passage for travelers, steering with special poles clenched in long, spindly limbs.",https://lumiere-a.akamaihd.net/v1/images/ferry-droid-main_f5c0acee.jpeg,0,characters
64292927021f17e13fbc1f79,Fife,"In the Pyke prison on Oba Diah, Fife carries out the orders of the leader of the Pyke Syndicate, Marg Krim.",https://lumiere-a.akamaihd.net/v1/images/fife-main_ee8287f6.jpeg,0,characters
64292927021f17e13fbc1f7a,Fifth Brother Inquisitor,"An intimidating presence, the Fifth Brother Inquisitor is tasked to hunt down Force-sensitive survivors. A man of few words, he uses his powerful physicality and brute strength to pry leads from cowering citizens, leading to the capture of elusive Jedi. Trained in the dark side of the Force, he wields a dual-bladed lightsaber, reveling in the opportunity to destroy rebels and Force-wielders alike.",https://lumiere-a.akamaihd.net/v1/images/fifth-brother-main_e2a5caa7.jpeg,0,characters
64292927021f17e13fbc1f7c,Finn,"Committed to the cause of the Resistance, Finn fights alongside his closest friends in the struggle to defeat the First Order, the evil regime he once served as a stormtrooper. As FN-2187, he was trained from birth to serve the First Order, but a skirmish on Jakku awakened his conscience and drove him down a different path, one that proved both heroic and dangerous.",https://lumiere-a.akamaihd.net/v1/images/finn-main_ad2b705b.jpeg,0,characters
64292927021f17e13fbc1f7d,First Order Raiders,"An elite new class of stormtrooper, the First Order Raiders are highly skilled hunters of a very specific variety, seeking to obtain ancient Sith relics for their commander, Supreme Leader Kylo Ren.",https://lumiere-a.akamaihd.net/v1/images/zro-ff-003454_ea60b13f.jpeg,0,characters
64292927021f17e13fbc1f7e,First Order Sentry Droid,"Although first thought to be abandoned, the presence of Resistance pilots on the First Order's mining operation triggers a patrolling sentry droid, a squat sentinel often seen keeping watch in the corridors of high-level First Order stations, bases, and ships.",https://lumiere-a.akamaihd.net/v1/images/resistance-db-first-order-sentry-droid-main-image_e04676b0.jpeg,0,characters
64292927021f17e13fbc1f7f,Fixer,"In his teen years, Fixer was an overbearing young man working as a mechanic and a friend of Luke Skywalker's in the days when the future Jedi Knight was just a humble farm boy. Now a few years older on a Tatooine that has grown more dangerous, Fixer finds it harder to throw his weight around.",https://lumiere-a.akamaihd.net/v1/images/fixer-main_fc9740fd.jpeg,0,characters
64292927021f17e13fbc1f80,Flanx,"Before Flix left his homeworld and made a career in the Office of Acquisitions aboard the Colossus, he and his cousin, Flanx, were close. Long estranged, the two are reunited when Flix returns to Drahgor III looking for fuel. But Flanx can't help but mock his cousin's aspirations and childlike belief in a legendary family of dragons. That is, until he comes face-to-face with proof that nearly swallows him whole.",https://lumiere-a.akamaihd.net/v1/images/zro-ff-003283_e223e95d.jpeg,0,characters
64292927021f17e13fbc1f81,Flix,"Flix and his partner Orka run the Office of Acquisitions on the Colossus. Fussy Flix handles the books for the business, selling quality tech and secondhard parts both routine and rare.",https://lumiere-a.akamaihd.net/v1/images/resistance-db-flix-main_92d0fa91.jpeg,0,characters
64292927021f17e13fbc1f7b,Figrin D’an,"Figrin D’an was the rocking frontman for the all-Bith band “The Modal Nodes.” His deft playing of the Kloo Horn for the band earned him the nickname “Fiery” Figrin. Playing their most recognizable tune in the Mos Eisley cantina, they were interrupted briefly when Obi-Wan Kenobi attacked Ponda Boba and Dr. Cornelius Evazan.",https://lumiere-a.akamaihd.net/v1/images/figrin-dan_59ce7b09.jpeg,0,characters
64292927021f17e13fbc1f83,Fode and Beed,"Flamboyant, colorful and not always too accurate, Fode and Beed were the popular announcers of the Boonta Eve Podrace. The two were well suited for their chosen vocation -- they were a two-headed alien that shared a single body. Fode, whose skin was tinted red, provided commentary in an easy Basic drawl, while Beed, the green-hued head, provided counterpoint in Huttese.",https://lumiere-a.akamaihd.net/v1/images/databank_fodeandbeed_01_169_823c43bd.jpeg,0,characters
64292927021f17e13fbc1f8d,Galen Erso,"A brilliant scientist, Galen Erso was coerced into using kyber crystals to enhance energy yields – work his friend Orson Krennic then weaponized to create the Death Star’s superlaser. Galen fled to remote Lah’mu with his family, but Krennic tracked him down and forced him to resume his work. Trapped, Galen seeks to build a fatal flaw into the Death Star and reveal it to the Alliance.",https://lumiere-a.akamaihd.net/v1/images/galen-erso-main_d1489952.jpeg,0,characters
64292927021f17e13fbc1f82,FN-2199,"A stormtrooper raised from birth to serve the First Order, FN-2199 fought alongside his comrades FN-2000, FN-2003 and FN-2187. During combat training he took the nickname Nines. After FN-2187 defected from the First Order, Nines encountered his old squadmate again during the raid on Takodana. Angrily denouncing FN-2187 as a traitor, he tried to subdue his former friend with a Z6 riot baton, but was gunned down by Han Solo.",https://lumiere-a.akamaihd.net/v1/images/fn-2199_bfaed44a.jpeg,0,characters
64292927021f17e13fbc1f8c,GA-97,"GA-97 looks much the same as every other servant droid found at Maz’s castle on Takodana, but the battered automaton is actually part of the galaxy-wide network of droids secretly serving the Resistance. After spotting BB-8, GA-7 swiftly reported this discovery to C-3PO on D’Qar. Resistance starfighters and troops then raced to Takodana, desperate to beat the First Order to the site of the signal.",https://lumiere-a.akamaihd.net/v1/images/ga-97_eb9c3632.jpeg,0,characters
64292927021f17e13fbc1f8b,G2-1B7,"A medical droid operating out of Jedha’s Catacombs of Cadera, G2-1B7 has one primary mission: keep Saw Gerrera alive. That’s no small challenge, as the infamous rebel partisan has lost limbs battling the Empire and inhaled near-lethal doses of Geonosian insecticide. G2-1B7 doses Saw with medicine at dangerously short intervals, and is puzzled that its high-value patient is still alive.",https://lumiere-a.akamaihd.net/v1/images/g2-1b7-main_d72ce66a.jpeg,0,characters
64292927021f17e13fbc1f8a,G1-7CH (Glitch),"When business is booming at Aunt Z's Tavern, the proprietor relies on her assistant bartender to help serve drinks -- and take wagers on everything from races to brawls and the strangest sightings in between.",https://lumiere-a.akamaihd.net/v1/images/resistance-db-glitch-main-image_0561006d.jpeg,0,characters
64292927021f17e13fbc1f8e,Gall Trayvis,"Gall Trayvis was a senator-turned-rebel during the reign of the Emperor. He made underground transmissions through the Holonet, reporting real news that the Empire would try to keep secret. For those fighting against Imperial rule, Trayvis' broadcasts were both inspiring and a source of intel. But Trayvis was actually a double agent – his communications with rebel groups were designed to lure them into revealing themselves, after which they’d suffer accidents arranged by the Empire. Lothal’s rebels nearly fell into Trayvis’s trap, but Hera Syndulla tricked the Imperial agent into disclosing his true loyalties.",https://lumiere-a.akamaihd.net/v1/images/Gall-Trayvis_a24a16c1.jpeg,0,characters
64292927021f17e13fbc1f88,Frisk,"Feresk Tssat - “Frisk” to his friends - never fit in back home. Too good-natured to be a mercenary, too loudmouthed to be a hunter, this Trandoshan with albinism found his true calling as a con artist. Frisk’s specialty was faking trophies and rare collectibles, until he scammed the wrong Imperial governor… but flying under a death mark gave him the kind of skills the Rebel Alliance needed. Now, as a valued member of Vanguard Squadron, Frisk loves nothing more than teaching Imperials a lesson they won’t forget.",https://lumiere-a.akamaihd.net/v1/images/frisk-main_a7de2349.jpeg,0,characters
64292927021f17e13fbc1f89,G-LN,"Inside Flix and Orka's Office of Acquisitions aboard the Colossus, a petite pit droid named G-LN scuttles around towering cabinets full of quality tech and secondhand parts to assist the shopkeepers and occasionally hustle customers into their proper place.",https://lumiere-a.akamaihd.net/v1/images/resistance-db-flix-orcas-pit-droid-main-image_7a351e25.jpeg,0,characters
64292927021f17e13fbc1f87,Freya Fenris,"One of the Aces dedicated to protecting the Colossus platform, Freya stands apart from the rest of the boisterous crew with a personality that is both coolly methodical and calculating. She transforms her icy precision into blazing hot flight maneuvers, and her ship also stands out with its fiery red finish.",https://lumiere-a.akamaihd.net/v1/images/resistance-db-freya-main-image_e9d8534a.jpeg,0,characters
64292927021f17e13fbc1f86,Freedi Pamular,"Heavy implements capping his beefy limbs give Freedi Pamular the appearance of a formidable fighter, but his blades are primarily used for chopping up fish pulled from the waters of Narkina. With his brother Dewi, the Pamular brothers spend their days on fishing expeditions.",https://lumiere-a.akamaihd.net/v1/images/freddi-pamular-main_d3e9ec64.jpeg,0,characters
64292927021f17e13fbc1f85,Freck,"On the world of Mapuzo, Freck spends his days transporting stormtroopers between far-flung outposts. With an affable demeanor, this Condluran is happy to even pick up the occasional hitchhiker looking for a ride to the next starport. But his allegiance remains with the Empire.",https://lumiere-a.akamaihd.net/v1/images/obi-wan-kenobi-stills-52_5938a6a0.jpeg,0,characters
64292927021f17e13fbc1f84,Fourth Sister inquisitor,"A member of the dreaded Inquisitorius, Fourth Sister is loyal to the cause and carries out the Grand Inquisitor's orders to hunt down any fugitive Force wielders.",https://lumiere-a.akamaihd.net/v1/images/fourth-sister-main_d8626829.jpeg,0,characters
640b2f06b6a2a8104f0a0da2,Reek,"A stout brute with tough leathery skin, the reek was one of three deadly creatures unleashed in the Geonosian execution arena, dispatched to kill Anakin Skywalker, Padmé Amidala and Obi-Wan Kenobi. The surprisingly fast animal was directed by picadors to attack Anakin Skywalker. As Jedi reinforcements and battle droids waged war within the arena, the reek went berserk, charging battle droids and Jedi alike. The creature's trampling rampage was cut short by the marksmanship of bounty hunter Jango Fett.",https://lumiere-a.akamaihd.net/v1/images/databank_reek_01_169_4cd1b702.jpeg,0,creatures
640b2f06b6a2a8104f0a0da0,Rathtar,"Rathtars are dangerous tentacled predators known for their sophisticated techniques as pack hunters. These slimy horrors were responsible for the infamous Trillia Massacre – which has made them irresistible to decadent collectors seeking exotic pets for their menageries. Han Solo agreed to collect rathtars for King Prana, a credit-making scheme that was reckless even by Han’s unique Corellian standards.",https://lumiere-a.akamaihd.net/v1/images/rathtar_2d828790.jpeg,0,creatures
640b2f06b6a2a8104f0a0da3,Ronto,"Gentle and strong, rontos are favored pack animals for Tatooine's Jawas. Travelers to the desert planet's settlements routinely see rontos swaying under the weight of their cargoes and Jawa passengers.",https://lumiere-a.akamaihd.net/v1/images/databank_ronto_01_169_be90c9c8.jpeg,0,creatures
640b2f06b6a2a8104f0a0d9f,Purrgil,"Massive, whale-like creatures, purrgil lived not on land or sea, but in space, and were the stuff of legend for the galaxy’s smugglers and pilots. They were often a bluish purple color and moved gracefully thanks to four large hind tentacles, along with two side fins and a dorsal fin. Purrgil required a specific green gas in order to breathe, which allowed them to travel great distances through the space. While very few have seen it, purrgil had the ability to travel through hyperspace.",https://lumiere-a.akamaihd.net/v1/images/purrgil_8a48dffc.jpeg,0,creatures
640b2f06b6a2a8104f0a0d9e,Puffer Pig,"The puffer pig is a rare creature whose comical appearance and odd traits mask a hidden value. With a small, plump body, two large eyes set far apart, horn rows on their back, and a prominent snout, puffer pigs are not physically impressive animals; in addition to their strange look, the creatures balloon to more than triple their size when frightened. Puffer pigs' real gift is their sense of smell, particularly for precious minerals. In the age of the Empire, when mining was restricted, this ability led to the trade of puffer pigs on the black market.",https://lumiere-a.akamaihd.net/v1/images/image_f3df42bc.jpeg,0,creatures
640b2f06b6a2a8104f0a0da1,ravinak,"On a frigid planet somewhere in the Outer Rim, traversing the icy plains is made even more treacherous thanks to the wild ravinaks. The menacing fanged beasts often erupt from the ice below.",https://lumiere-a.akamaihd.net/v1/images/huc-ff-000274_4b264004.jpeg,0,creatures
640b2f06b6a2a8104f0a0d9d,Porg,"Small, flat-muzzled avians that flock about the rocks and roost in the cliffs of Luke Skywalker's secluded island, porgs are inquisitive creatures.",https://lumiere-a.akamaihd.net/v1/images/porg-main_16933d3b.jpeg,0,creatures
640b2f06b6a2a8104f0a0d98,Nuna,"Native to the swamps of Naboo, these flightless birds are famously stupid, but also adaptable and easy to care for. Nunas have spread across the galaxy, prized for their meat and eggs.",https://lumiere-a.akamaihd.net/v1/images/databank_nuna_01_169_fa323d27.jpeg,0,creatures
640b2f06b6a2a8104f0a0d9b,Orray,"Orrays, native to Geonosis, are sturdy quadrupeds used for a variety of purposes by the Geonosians. They serve as mounts for the picadors in the execution arena as well pull the carts that carry condemned prisoners to their deaths. The orrays in the Geonosis arena all have metal caps that cover the stumps of their removed tails.",https://lumiere-a.akamaihd.net/v1/images/orray_05827d60.jpeg,0,creatures
640b2f06b6a2a8104f0a0d9a,Ordo Moon Dragon,"Native to the Ordo Moon, these sharp-clawed nocturnal creatures feed on raw energy making a feast from wayward ships and their electrified parts and modules. With a maw full of menacing, jagged teeth, Ordo Moon dragons can expertly scavenge parts, like picking flesh from a carcass, and menace any lifeforms in their path.",https://lumiere-a.akamaihd.net/v1/images/ordo-moon-dragon-main_0f521ab0.jpeg,0,creatures
640b2f06b6a2a8104f0a0d99,Opee Sea Killer,"A creature lurking in the abyss of Naboo, the opee sea killer is an amalgam of evolutionary traits found in other animals. It has armor and limbs like a crustacean, but has the massive hinged jaws of other fishes. The opee is a silent hunter, typically lying in wait, clinging motionless to rocky crags. When it spots a tasty morsel, the creature captures its quarry with a long sticky tongue that drags struggling prey into a mouth filled with double rows of teeth.",https://lumiere-a.akamaihd.net/v1/images/databank_opeeseakiller_01_169_7a1bc9fb.jpeg,0,creatures
640b2f06b6a2a8104f0a0d97,Nightwatcher Worm,"Nightwatcher worms are one of Jakku’s more mysterious life forms. These creatures, also known as sandborers and Arconan night terrors, are rarely seen – only a blinking pair of red eyes betrays their location beneath the sands. Nightwatchers top 20 meters in length when mature, and some specimens are reputed to be much larger. Scavenger lore has it that nightwatchers hunt by sensing vibrations above them, erupting from beneath the sand with their jaws wide to engulf prey.",https://lumiere-a.akamaihd.net/v1/images/nightwatcher-worm_9af56939.jpeg,0,creatures
640b2f06b6a2a8104f0a0da4,Ruping,"Rupings are graceful, powerfully built reptavians native to the jungles of Onderon. These lean, well-muscled creatures have immense leathery wings that span the length of their rangy arms. Quadrocular vision and sensitive ears make a ruping keenly aware of its surroundings. Jungle-dwelling Onderonians have domesticated the rupings as beasts of transport. Historically, these people have been outcasts from the walled civilization centers of Onderon, and rupings are essential for transport and escape from the dangers of the dense jungle underbrush. Rupings nest in flocks atop the highlands of the Onderon wilderness.",https://lumiere-a.akamaihd.net/v1/images/acw_ia_100008_d141c3fd.jpeg,0,creatures
640b2f06b6a2a8104f0a0d96,Nexu,"A fierce and agile predator, the nexu was one of a trio of deadly beasts unleashed by the Geonosians upon Anakin Skywalker, Padmé Amidala and Obi-Wan Kenobi in the execution arena. The nexu's broad face was split by a terrifying tooth-filled maw, and four eyes glinted from atop its spade-shaped head. Its wiry, supple muscles were visible beneath its fine coat, and sharp curving quills lined its spine. A naked, forked prehensile tail trailed it, aiding in balance, and its arms and legs terminated in large curved claws",https://lumiere-a.akamaihd.net/v1/images/nexu-main_f7b861f1.jpeg,0,creatures
640b2f06b6a2a8104f0a0d95,Nevarro reptavian,"With razor-sharp talons, gaping mouths of gnashing teeth, and expansive wings, the reptavians on the planet Nevarro hunt their prey using a snatch-and-grab method, cloaking their impending attacks under the cover of night. Even a full-grown blurrg isn't safe.",https://lumiere-a.akamaihd.net/v1/images/nevarro-reptavian-main_03d5fbf4.jpeg,0,creatures
640b2f06b6a2a8104f0a0d9c,Parvinoth,"The delicate wings of the parvinoth, a species found on Ashas Ree and elsewhere in the Outer Rim, seem to glow in the sunlight. Floating almost effortlessly on the breeze, the silvery insects are harmless and alluring.",https://lumiere-a.akamaihd.net/v1/images/zro-ff-003394_ce92f9b9.jpeg,0,creatures
640b2f06b6a2a8104f0a0da5,Sando Aqua Monster,"A fearsome leviathan lurking the waters of Naboo, the sando aqua monster is aptly named for its prodigious size and monstrous appetite. Its huge mouth can swallow most other sea creatures -- or even a Gungan sub -- in a single gulp. Its heavily muscled body is almost feline in appearance, with sinewy limbs terminating in massively finned claws that propel the creature through the depths.",https://lumiere-a.akamaihd.net/v1/images/databank_sandoaquamonster_01_156_f74ea1d7.jpeg,0,creatures
640b2f06b6a2a8104f0a0db2,Varactyl,"Varactyls are majestic reptavian herbivores native to the Utapau system. They typically have blue and green feather manes and feather ridges along their back. Used as incredibly loyal and obedient mounts, they have strides large and strong enough to navigate the uneven and often vertical landscapes of Utapau. On the last day of the Clone Wars, Obi-Wan Kenobi used a varactyl named Boga to hunt down General Grievous and battle him in his wheel bike. Boga was a sad casualty of Order 66 when Commander Cody opened fire on General Kenobi and his varactyl mount.",https://lumiere-a.akamaihd.net/v1/images/databank_varactyl_01_169_1af5a65d.jpeg,0,creatures
640b2f06b6a2a8104f0a0da7,scurrier,"A skittish rodent that nests in the wilds and cities of Tatooine, small hopping scurriers are named for their swift and nervous movements.",https://lumiere-a.akamaihd.net/v1/images/scurrier-main_c799b15f.jpeg,0,creatures
640b2f06b6a2a8104f0a0d94,Narglatch,"Narglatches were the vicious and predatory mounts favored by the Talz on Orto Plutonia. They’re stealthy predators that can be suited to many climates, including the icy tundra of their homeworld. Their hides are collected as trophies by Trandoshans as well as other cultures. Narglatches cut an imposing figure and are typically colored blue to blend into their snowy environs.",https://lumiere-a.akamaihd.net/v1/images/databank_narglatch_01_169_3e7f890a.jpeg,0,creatures
640b2f06b6a2a8104f0a0db7,Worrt,"A small, burrowing creature native to Tatooine known to snatch small prey with its long sticky tongue, the worrt is a delicacy to the Tusken Raiders.",https://lumiere-a.akamaihd.net/v1/images/worrt-main_19e66222.jpeg,0,creatures
640b2f06b6a2a8104f0a0db6,Wampa,"Wampas are powerful furred bipeds that dwell in the snowy wastes of the ice world Hoth. These hulking predators have razor-sharp fangs and claws, yet move with surprising stealth, relying on their white fur for camouflage while hunting prey such as tauntauns. A wampa attacked Luke Skywalker outside Echo Base, killing Luke’s tauntaun and dragging the rebel commander away. An injured Luke awoke to find himself upside-down in the wampa’s lair, his feet frozen into the cavern ceiling. Luke used the Force to call his lightsaber to his hand, cut himself free, and severed the wampa’s arm with a quick stroke.",https://lumiere-a.akamaihd.net/v1/images/image_c3ce73b0.jpeg,0,creatures
640b2f06b6a2a8104f0a0db5,Vulptex,"Vulptices are foxlike creatures with coats made up of crystalline bristles. They are gregarious and curious, with keen eyesight and the ability to squeeze their bodies through narrow gaps. A skulk of vulptices has taken up residence in the abandoned rebel base on Crait.",https://lumiere-a.akamaihd.net/v1/images/vulptex-db-tlj_128dfbaf.jpeg,0,creatures
640b2f06b6a2a8104f0a0db4,Vixus,"The dense shadows that cling like a fog to Umbara's surface can cause a traveler to absentmindedly step into a tangle of vines, and it is then too late to escape the clutches of a vixus creature. The vines are the tentacles of the beast. Seven ropy limbs stretch out from a dome-shaped mouth, and smaller, secondary tentacles fill the gaps between these larger arms. The beast's mouth is the only visible portion of the creature's underground body. As the sharp teeth part, rays of light shine from within, briefly illuminating the poor victim's final moments.",https://lumiere-a.akamaihd.net/v1/images/Vixus_6317b52b.jpeg,0,creatures
640b2f06b6a2a8104f0a0db3,vexis,"Armored with thick scales, these great serpents dwell beneath the sands of Pasaana in networks of tunnels whose walls are hardened by oil excreted from their skins. After Rey and her friends tumble into the burrow of an injured vexis, she instinctively uses the Force to heal the creature, avoiding a dangerous confrontation.",https://lumiere-a.akamaihd.net/v1/images/vexis-main_e7645452.jpeg,0,creatures
640b2f06b6a2a8104f0a0db1,Tooka,"A small, feline creature found throughout the galaxy, tookas are simultaneously adored as fuzzy pets and reviled as feral nuisances on many planets. Properly trained, they can be affectionate as well as effective pest-hunters, which has led to their proliferation across worlds as freighter captains and other spacers use tookas to rid their starship holds of vermin. Tookas are so commonplace that they are often represented as stuffed toys -- like tooka dolls -- or cartoon illustrations that play up their playful and/or predatory nature.",https://lumiere-a.akamaihd.net/v1/images/tooka-main_bd70844c.jpeg,0,creatures
640b2f06b6a2a8104f0a0da6,Sarlacc,"The Sarlacc rests in the sandy well known as the Great Pit of Carkoon, buried except for its massive mouth and beaked tongue. The strange beast's lair was the site of many spectacles for Jabba the Hutt, who entertained himself by forcing prisoners into the creature's gaping tentacled maw.",https://lumiere-a.akamaihd.net/v1/images/the-book-of-boba-fett-chapter-1-story-gallery-02_a6166942.jpeg,0,creatures
640b2f06b6a2a8104f0a0db0,Tibidee,"Tibidees are large flying creatures found in the mountains of Stygeon Prime, featuring two enormous wings, green eyes, and a long tail. They are attuned to frequencies and vibrations, and can often interpret the signals of nearby starships as mating calls. While mostly gentle, tibidees will attack when threatened or provoked.",https://lumiere-a.akamaihd.net/v1/images/image_3873ee06.jpeg,0,creatures
640b2f06b6a2a8104f0a0dae,Thala-siren,"Ahch-To’s thala-sirens are docile marine mammals that like to sun themselves on rocks fringing the coasts of the planet’s islands. Sea sows produce a nutritious green milk, which is harvested by the native Lanai and adventurous visitors.",https://lumiere-a.akamaihd.net/v1/images/ep8-239951_r_fa59ae72.jpeg,0,creatures
640b2f06b6a2a8104f0a0dad,Tauntaun,"Tauntauns are a species of snow lizard found roaming the windswept snow plains of Hoth. The Rebel Alliance domesticated the swift creature during their stay on the ice planet, and used the animals for patrol duties outside Echo Base. The animals came in useful as the rebel technicians had difficulty adapting their repulsorlift speeders to the subzero temperatures. Though tauntauns are sure-footed and well equipped to handle Hoth's daytime temperature, the chilling extremes of a Hoth night will prove deadly.",https://lumiere-a.akamaihd.net/v1/images/databank_tauntaun_01_169_b7307446.jpeg,0,creatures
640b2f06b6a2a8104f0a0dac,Tatooine sand beast,"Feral beasts that lurk beneath the sands of Tatooine, sand beasts spring up seemingly out of nowhere to startle, stun, and maim their prey. The creatures are one of innumerable hazards for anyone trekking across the endless desert. For the Tusken Raiders, tangling with a sand beast can win praise and respect.",https://lumiere-a.akamaihd.net/v1/images/the-book-of-boba-fett-chapter-1-story-gallery-08_ecd3384b.jpeg,0,creatures
640b2f06b6a2a8104f0a0dab,Steelpecker,"These tough, ornery Jakku avians are drawn to metal, which they break apart with their iron beaks and then devour. Steelpeckers collect vanadium, osmiridium and corundum in their gizzards, with the resulting chemical stew helping break down their metallic meals. Jakku’s scavengers steer clear of steelpecker colonies, which can overwhelm intruders with razor-sharp talons and beaks.",https://lumiere-a.akamaihd.net/v1/images/steelpecker_6ee57604.jpeg,0,creatures
640b2f06b6a2a8104f0a0daa,speagull,"With four yellow eyes and a protruding, curved beak, the native bird-like speagulls are natural predators of many smaller creatures living in the waters of the planet Castilon.",https://lumiere-a.akamaihd.net/v1/images/speagull-main_0dd30e58.jpeg,0,creatures
640b2f06b6a2a8104f0a0da9,Space Slug,"Space slugs are a staple of cantina tales told by pilots, but these monstrous creatures are more than legends, as Han Solo and the crew of the Millennium Falcon discovered while seeking refuge from the Empire in Hoth’s asteroid belt. Han hid his ship in a cave, but became suspicious of his surroundings after the cave turned out to be infested with mynocks, curiously damp, and oddly spongy underfoot. The Corellian had unwittingly flown down the gullet of a massive space slug, which tried to devour the Falcon as the ship fled.",https://lumiere-a.akamaihd.net/v1/images/space-slug-main-image_258e5c1b.jpeg,0,creatures
640b2f06b6a2a8104f0a0da8,Shaak,"These bulbous herd animals, tan in color and rotund in shape, roamed the grassy fields of Naboo and raised for their meat. Both the Gungans and the Naboo shepherded herds for their use. The battle of Naboo that transpired between Trade Federation droids and the Gungan army took place on a typical shaak feeding ground. Once, in a hamfisted bid to impress Padme Amidala, Anakin Skywalker tried riding a shaak by balancing on top of it with mixed results.",https://lumiere-a.akamaihd.net/v1/images/shaak_35e722c3.jpeg,0,creatures
640b2f06b6a2a8104f0a0daf,The Drengir,"Chock full of tentacles, teeth, and thorns, the Drengir are horrific, sentient plant-like creatures that have once again been released upon the galaxy. Carnivorous, amorphous, and unsettling, the Drengir aim to reap a terrible harvest across the galactic frontier.",https://lumiere-a.akamaihd.net/v1/images/the-drengir-main_797e6cbe.jpeg,0,creatures
640b2f06b6a2a8104f0a0d93,Mynock,"Despised by starship captains, mynocks are leathery-winged parasites found winging through deep space, roosting in asteroid fields and sometimes lurking in damp locations, including the innards of space slugs. Mynocks chew power cables and devour energy conductors, and can drain a starship’s energy reserves. Wise captains check for power fluctuations and other signs of infestations, cleaning off mynocks in port before raising ship.",https://lumiere-a.akamaihd.net/v1/images/mynock_ebaea509.jpeg,0,creatures
640b2f06b6a2a8104f0a0d89,Kod'yok,"These shaggy, horned quadrupeds roam Vandor’s plains in herds that can stretch to the horizon. Their meat, fur, skins and dung are all essential to life on the frontier world, supplying settlers with clothing, food and fuel. Vandor’s old-timers warn that the herds’ numbers are beginning to dwindle.",https://lumiere-a.akamaihd.net/v1/images/solo-db-kodyoks-main-image_0b94518d.jpeg,0,creatures
640b2f06b6a2a8104f0a0d91,Luggabeast,"Cybernetic beasts of burden found on frontier worlds, luggabeasts are a fusion of organic being and mechanical creation, with their heads hidden away behind heavy armor plating and optical instruments. Jakku’s Teedos use luggabeasts as pack animals, calibrating the cyborg creatures’ instruments to find droids and other valuable salvage.",https://lumiere-a.akamaihd.net/v1/images/luggabeast_3439af0a.jpeg,0,creatures
640b2f06b6a2a8104f0a0d7b,Dewback,"Rugged reptiles with thick hides, dewbacks are plodding but reliable mounts. When prodded by their riders, they are capable of brief bursts of surprising speed.",https://lumiere-a.akamaihd.net/v1/images/databank_dewback_01_169_bc886996.jpeg,0,creatures
640b2f06b6a2a8104f0a0d7a,Corellian hounds,"Also known as Sibian hounds, these fleet-footed canids have keen senses enhanced through generations of breeding for hunting and attack. Moloch uses a pack of Corellian hounds to hunt down fugitive scrumrats and other enemies of the White Worms, loading his beasts into a cage aboard his armored truckspeeder.",https://lumiere-a.akamaihd.net/v1/images/solo-db-corellian-hounds-main-image_00ea8d28.jpeg,0,creatures
640b2f06b6a2a8104f0a0d79,Convor,"Convorees (plural for convor) were small, flying creatures found from world to world. They had two eyes, two feathered wings, and a beak, feeding mostly on insects and small rodents.",https://lumiere-a.akamaihd.net/v1/images/convoree_5e3bd2fc.jpeg,0,creatures
640b2f06b6a2a8104f0a0d78,Colo Claw Fish,"A powerful, aquatic carnivore lurking near Naboo's core. The monstrous animal has long jaws filled with pointed teeth. Its forelegs end in wicked claws, and sharp protrusions jut from its luminescent tail. The colo claw fish hides in underwater tunnels, where it sits motionless for hours until suitable prey passes by. When it spots a victim, the beast erupts from its lair and grabs the meal in its claws. Although quite fearsome, the colo claw fish is no match for the enormous sando aqua monster.",https://lumiere-a.akamaihd.net/v1/images/databank_coloclawfish_01_169_d3741c5f.jpeg,0,creatures
640b2f06b6a2a8104f0a0d77,B’omarr monk spider,"The palace of Jabba the Hutt was once a monastery that served the B’omarr monks. Even after Jabba's death and the fall of the Empire, a few monks remain in the shadows, having achieved enlightenment by separating their brains from their bodies. Now they amble about within mechanical spider walkers.",https://lumiere-a.akamaihd.net/v1/images/b-omarr-monk-spider-main_cbaab5b5.jpeg,0,creatures
640b2f06b6a2a8104f0a0d76,Brezak,"The light-bodied brezak is a species of large lizard with skin flaps that, when extended, allow the beast to glide on the air currents surrounding the mesas of Zygerria. Domesticated brezaks are used by the royal Zygerrian guards to patrol the ground for escaped slaves. The beast's skin flaps are anchored to a flexible rib cage that allow the brezak to spread them wide. Its flat tail serves as a rudder, giving the animal -- and a capable rider -- a remarkable degree of control in the air.",https://lumiere-a.akamaihd.net/v1/images/brezak-main_b1987f09.jpeg,0,creatures
640b2f06b6a2a8104f0a0d75,Brain worm,"These wormlike parasites were one of the Geonosians’ greatest secrets, able to control the brains of living hosts and even animate dead Geonosians. Karina the Great, the planet’s secret queen, attempted to take control of Jedi Master Luminara Unduli after the Second Battle of Geonosis. That effort failed, but brain worms took over the clones of Tango Company while traveling aboard a medical frigate. Hunted by the possessed clones, Ahsoka Tano desperately searched for a way to reverse the infestation.",https://lumiere-a.akamaihd.net/v1/images/brain-worm_b3368a19.jpeg,0,creatures
640b2f06b6a2a8104f0a0d74,Bonzami,"Massive creatures that thrive in frigid temperatures, bonzami had plated spines, sharp teeth, and armored heads, including a horned mouth. Bonzami walked on four legs and hunted both alone and in packs, as the ISB Agent Kallus, and the rebel, Zeb Orrelios, found out when stranded on a Geonosis moon. They were predominantly white furred, allowing them to blend in easily with their icy surroundings, despite their enormous size.",https://lumiere-a.akamaihd.net/v1/images/bonzami_fefa1c8a.jpeg,0,creatures
640b2f06b6a2a8104f0a0d73,Bonbraks,"Bonbraks are furry, skillful little aliens small enough to fit into your pocket! Though they can be somewhat fussy, they are reliably helpful mechanics who speak their own language: Bonbreez.",https://lumiere-a.akamaihd.net/v1/images/bonbraks-main_32dfac65.jpeg,0,creatures
640b2f06b6a2a8104f0a0d72,Boga,"When hunting for General Grievous on Utapau, Obi-Wan Kenobi went to the pens where Utapaun wranglers corralled native winged and wingless lizards for use as transports. He selected an obliging and brave lizard named Boga, with a leather saddle strapped to her swaying back. She stood four meters tall at the shoulder, and had a pebbled skin with an iridescent green and blue sheen. A crown of richly colored feathers fringed her head and neck, trailing away from her beaked face and keen eyes. Her powerful limbs ended in five-toed feet, tipped with curved claws providing excellent purchase on the sandstone surfaces. A long tail aided in balance and agility.",https://lumiere-a.akamaihd.net/v1/images/databank_boga_01_169_5cafbc01.jpeg,0,creatures
640b2f06b6a2a8104f0a0d71,Blurrg,"Blurrgs are two-legged beasts of burden found on a number of worlds in the galaxy. Stoic and strong, they are used for everything from agricultural labor to war, foraging lazily in paddocks or carrying Twi'lek guerrillas and clone troopers into battle. Although they appear harmless and docile, their toothy mouths can betray a fierce demeanor; females are known to devour the males of the species during mating season.",https://lumiere-a.akamaihd.net/v1/images/blurrg-main_be0c18ef.jpeg,0,creatures
640b2f06b6a2a8104f0a0d6f,Bantha,"Banthas are large, furry mammals that travel in herds through Tatooine's desert wastes. They serve as mounts for Tusken Raiders, and the two share a close, almost mystical bond.",https://lumiere-a.akamaihd.net/v1/images/bantha-main_a52af05f.jpeg,0,creatures
640b2f06b6a2a8104f0a0d6e,Anooba,"These vicious creatures lived throughout the Outer Rim. They had pronounced lower jaws and sharp teeth, fearsome growls and thick patches of fur across their spines. They were trainable animals and during the Clone Wars, the bounty hunter Embo took one named Marrok as a working pet. A stylized Anooba also appears on the armor of Sabine Wren.",https://lumiere-a.akamaihd.net/v1/images/anooba_deaed00b.jpeg,0,creatures
640b2f06b6a2a8104f0a0d6d,Acklay,"A surprisingly agile fury of sharp claws and pointed fangs, the vicious acklay was one of the three arena creatures unleashed in the Geonosian execution arena, dispatched to kill Anakin Skywalker, Padme Amidala, and Obi-Wan Kenobi. The Geonosian picadors steered the acklay toward Obi-Wan, who was able to outmaneuver the beast. A clumsy yet powerful strike from one of its claws sheered the chains that bound Kenobi. The beast continued to pursue the Jedi Knight, rending large holes in the hard-packed sand with its vicious stabs. It even shrugged off a pike attack, chomping through the offending polearm with bestial rage.",https://lumiere-a.akamaihd.net/v1/images/databank_acklay_01_169_e544124f.jpeg,0,creatures
640b2f06b6a2a8104f0a0d92,mudhorn,"The beefy mudhorn makes its home in the cool, dark caves of Arvala-7. The beast uses its towering horn for defense and its matted hide, caked in mud, and wooly withers can even dissipate the concentrated fire power of a blaster bolt at close range.",https://lumiere-a.akamaihd.net/v1/images/mudhorn-main_de3d4551.jpeg,0,creatures
640b2f06b6a2a8104f0a0d7c,Dianoga,"After Luke Skywalker, Han Solo and Chewbacca rescued Princess Leia from her cell on the Death Star, they sought safety in one of the battle station’s trash compactors. It was a perilous refuge: the garbage masher was home to a tentacled carnivore known as a dianoga. The slimy monster poked an eyestalk above the surface of the garbage to see what had invaded its abode and then attacked, dragging Luke under the surface to drown him so he could become a meal later. Fortunately for Luke, the dianoga let go of him and disappeared. Unfortunately for all of the rebel heroes, the creature fled because it sensed the walls were about to move, crushing anything in their path.",https://lumiere-a.akamaihd.net/v1/images/the-bad-batch-battle-scars-story-gallery-12_47336b3b.jpeg,0,creatures
640b2f06b6a2a8104f0a0d7d,eopie,"Easily domesticated, eopies serve Tatooine's settlers as transports and beasts of burden. These tough, desert-adapted quadrupeds can carry heavy loads, but are grumpy and stubborn.",https://lumiere-a.akamaihd.net/v1/images/obi-wan-kenobi-story-gallery-part-1-06_bccb47ec.jpeg,0,creatures
640b2f06b6a2a8104f0a0d70,Blixus,"A horrific half-shelled monstrosity, the blixus is a rare beast that is regarded a prize to most collectors, as long as they are able to void the reach of its deadly tentacles.The blixus is coated with an articulated carapace, and hard chitin covers its six pick-like legs. Its well-muscled underbelly conceals a ghastly gash of a mouth filled with sharp teeth, and a pair of pincer-tipped graspers. Its most terrifying feature, though, are the five sinewy tentacles that terminate in sucker-lined grasping pads.",https://lumiere-a.akamaihd.net/v1/images/acw_ia_90457_ee872770.jpeg,0,creatures
640b2f06b6a2a8104f0a0d7f,Fathier,"Powerful yet graceful quadrupeds standing three meters high at the shoulder, fathiers can achieve speeds of 75 kilometers per hour for short distances. Fathier races are glitzy affairs in Canto Bight, but few spectators understand the toll the sport takes on these noble animals. Many fathiers live miserable lives, abused by jockeys and trapped in cramped stables.",https://lumiere-a.akamaihd.net/v1/images/ep8-243867_935ff5d6.jpeg,0,creatures
640b2f06b6a2a8104f0a0d7e,Fambaa,"A lumbering beast of burden favored by the Gungans of Naboo, fambaas are immense quadrupeds capable of hauling enormous cargoes. The Gungan Grand Army uses fambaas as transports for their impressive shield generators. A pair of fambaas travelling in single file each carries a necessary component for the generator to function.",https://lumiere-a.akamaihd.net/v1/images/fambaa_38dac367.jpeg,0,creatures
640b2f06b6a2a8104f0a0d90,Loth-wolf,"Ancient beasts depicted in Lothal cave paintings, little is known about the giant Loth-wolf. Ezra Bridger, a Force-sensitive rebel, believes he encountered a loth-wolf, though none of his crewmates saw the creature.",https://lumiere-a.akamaihd.net/v1/images/loth-wolf_d797d8f9.jpeg,0,creatures
640b2f06b6a2a8104f0a0d8f,Loth-cat,"Loth-cats are members of the tooka family, and native to Lothal, often found in the grassy plains of the Outer Rim planet. They're small, temperamental creatures, and while at times friendly, are still able hunters with sharp teeth and claws.",https://lumiere-a.akamaihd.net/v1/images/image_baddce4e.jpeg,0,creatures
640b2f06b6a2a8104f0a0d8d,lava meerkat,The fire rats of Nevarro dwell in the lava tubes and sewers of the ashen world.,https://lumiere-a.akamaihd.net/v1/images/lava-meerkat-main_cbc52920.jpeg,0,creatures
640b2f06b6a2a8104f0a0d8c,Krykna,"Larger than fully-grown humans, krykna were giant, spider-like creatures native to the remote world of Atollon. Predominantly white, they had six powerful legs, eyes around their head, and a blaster-resistant hide, making them fierce hunters. They often take their prey into an underground hive, where they cocoon their victims. Krykna attacked the rebels looking to establish a base on Atollon but the creatures were repelled by sensor markers.",https://lumiere-a.akamaihd.net/v1/images/atollon-spiders_8df4342a.jpeg,0,creatures
640b2f06b6a2a8104f0a0d8b,Kowakian Monkey-Lizard,These impish creatures hailing from planet Kowak are known for their shrill laughter and sophisticated senses of humor. Kowakian monkey-lizards come in a variety of colors ranging from browns and yellows to reds and blues. They seem to be a favored pet among denizens of the underworld and retain hilarious names like Salacious B. Crumb and Pikk Mukmuk and his funnier brother Pilf.,https://lumiere-a.akamaihd.net/v1/images/kowakian-monkey-lizard_7768e56f.jpeg,0,creatures
640b2f06b6a2a8104f0a0d8a,Kouhun,"While they originally hail from the jungle planet of Indoumodo, Kouhun’s are adaptable enough to call just about anywhere in the galaxy home. They’re mult-legged arthropods that slink and crawl on just about any surface. Their venom is particularly deadly to humanoid species, which is why Jango Fett gave a pair of them to Zam Wessel in their attempt to assassinate Senator Padme Amidala.",https://lumiere-a.akamaihd.net/v1/images/kouhun_c92c33c5.jpeg,0,creatures
640b2f06b6a2a8104f0a0d88,keeradak,"With a massive wingspan and piercing red eyes, the keeradaks of Skako Minor have been trained by the Poletecs to be used as soaring transportation high above the barren landscape. The creatures will also respond to the shrill screech of one of their own calling out in distress.",https://lumiere-a.akamaihd.net/v1/images/keeradak-main_9fbf149b.jpeg,0,creatures
640b2f06b6a2a8104f0a0d8e,Loth-bat,"Giant winged creatures native to Lothal, Loth-bats routinely travel in packs and can glide over long distances. They emit strained, high-pitched squeals, which are known to unnerve the stormtroopers who patrol Lothal at night.",https://lumiere-a.akamaihd.net/v1/images/rebels-databank-410-loth-bat-main-image_94ae4994.jpeg,0,creatures
640b2f06b6a2a8104f0a0d86,Kaadu,"Two-legged wingless avians native to Naboo, kaadu are swift and agile, with sharp hearing and a keen sense of smell. Gungans domesticated kaadu long ago, and had a special bond with their loyal mounts. During the Battle of Naboo, Gungan commanders such as Jar Jar Binks and Tarpals commanded the Gungan cavalry from atop kaadu.",https://lumiere-a.akamaihd.net/v1/images/ep1_ia_72886_13afb761.jpeg,0,creatures
640b2f06b6a2a8104f0a0d85,Joopa,"A worm-like beast with a crown of bright red eyes, the joopa makes its home deep below the crust of the planet Seelos. The creature's absence of teeth allows it to swallow its prey whole, most notably Lasats, a particular favorite meal of the joopa. The clones Rex, Wolffe and Gregor, however, attempted to catch joopas for their own nourishment, using Zeb as their bait. A single joopa could feed the crew for an entire year.",https://lumiere-a.akamaihd.net/v1/images/joopa_baaa7303.jpeg,0,creatures
640b2f06b6a2a8104f0a0d84,irlings,"Dwelling in the old mining tunnels beneath the surface of Ord Mantell, a species of native winged creatures create a terrifying cacophony for those who dare to travel in the dark. Sudden noises and blaster fire bring the nocturnal irlings swarming in defense, fearful of the light that spells their demise due to a visual sensitivity to thermal registers.",https://lumiere-a.akamaihd.net/v1/images/irling-main-1_be18683e.jpeg,0,creatures
640b2f06b6a2a8104f0a0d83,Ice Spiders,Found skittering in frozen caverns are knobby white ice spiders that can swarm their prey and feast with their razor-sharp proboscices. These creatures can spin webs of ice strands to trap their quarries.,https://lumiere-a.akamaihd.net/v1/images/ice-spiders-main_30d22a18.jpeg,0,creatures
640b2f06b6a2a8104f0a0d82,Happabore,"Strong, patient quadrupeds with oversized snouts and tiny eyes, happabores are found on several worlds in the galaxy. Their thick skins allow them to resist heat, and their bodies reportedly contain reservoirs where they store water. Happabores are slow but hardy, and will trudge along obediently all day carrying cargo and riders. Finn happens upon a Happabore while desperately searching for water in Niima Outpost on Jakku.",https://lumiere-a.akamaihd.net/v1/images/happabore_ea2f08f6.jpeg,0,creatures
640b2f06b6a2a8104f0a0d81,Gundark,"Even the most backwater and uneducated pilots in the galaxy have heard of the legendary Gundarks, massive predatory creatures from the Vanqor system. Jedi Knights Anakin Skywalker and Obi-Wan Kenobi had multiple run ins with the aggressive creatures during their time as partners, both prior to the Clone War and during.",https://lumiere-a.akamaihd.net/v1/images/gundark_aa2e583c.jpeg,0,creatures
640b2f06b6a2a8104f0a0d87,Kamoradon,"With six long flippers, an elegant tail, smooth dorsal shell, and a maw full of pointy teeth, the kamoradon glides through the waters of Tipoca City looking for its next meal. After the Empire's aerial bombardment, the ensuing power outages make those left behind in the city's underwater tube systems largely defenseless to the hungry sea creatures.",https://lumiere-a.akamaihd.net/v1/images/kamino-sea-creature-main_b98fb6a2.jpeg,0,creatures
640b2f06b6a2a8104f0a0d80,Fyrnock,"Fyrnocks are ferocious quadruped creatures featuring yellow eyes, sharp teeth, and long tails, that reproduce in great numbers. The animals are unable, whether for fear or sensitivity, to walk in sunlight. In the cover of darkness, however, fyrnocks are fierce, relentless predators, attacking in throngs. Hera and Sabine of the Ghost crew encountered a colony of fyrnocks on the Fort Anaxes asteroid, barely escaping with their lives.",https://lumiere-a.akamaihd.net/v1/images/image_ff3f48ca.jpeg,0,creatures
640b304f916c6ff54731edb4,Protocol Droid,"Protocol droids are vital in smoothing differences encountered by the many farflung cultures interacting on a regular basis throughout the galaxy. Programmed in etiquette and equipped with formidable language skills, protocol droids assist diplomats and politicians and also serve as administrative aides and companions for high-ranking officials. They come in many shapes and sizes, but most are humanoid, like the company they keep.",https://lumiere-a.akamaihd.net/v1/images/protocol_droid_6ddeb574.jpeg,0,droids
640b304f916c6ff54731edb3,Police Droid,"On Coruscant, local police divisions would not be able to patrol the vast reaches of the planet-wide city without the use of droids. These automatons are afforded programming that allow them to harm sentient beings when very specific operational parameters have been met - namely, the breaking of laws and the endangerment of citizens. These droids are beyond corruption and fatigue, though their rigid procedural thinking can be outsmarted. Automated security is particularly popular in deep space facilities, where organic crews are kept small to reduce the amount of life support supplies required.",https://lumiere-a.akamaihd.net/v1/images/databank_policedroid_01_169_00334915.jpeg,0,droids
640b304f916c6ff54731edb2,Pit Droid,"Podracing is extremely dangerous, as is maintaining the speedy vehicles. In the hectic pace of a race, safety comes in second place to winning. As such, the cheap and expendable pit droids often bolt out onto the racetrack to repair still cycling superheated engines with no regard to their personal safety.    When not in use, pit droids fold up into a compact package. They spring to activation when needed. A tap on the nose signals the droid to collapse back into stowed mode and rest.",https://lumiere-a.akamaihd.net/v1/images/pit-droids-main_8b5d6bda.jpeg,0,droids
640b304f916c6ff54731edb1,Octuptarra Droid,"These gigantic droids loomed over the battlefields of the Clone Wars, striding towards their targets on three legs. Electronic eyes let them see in all directions, and their laser cannons gave them a 360-degree field of fire. Smaller versions battled Republic forces on worlds such as Utapau and Mygeeto.",https://lumiere-a.akamaihd.net/v1/images/octuptarra-droid-main-image_6924c202.jpeg,0,droids
640b304f916c6ff54731edb0,NR-N99 Persuader-class Tank Droid,"With a massive central tread, the NR-N99 Persuader-class tank droid is the favored tank of the Corporate Alliance. Manufactured by the Techno Union, they were fast, well-armored, were well-suited to a variety of terrain, and had significant firepower. One enterprising young wookiee managed to destroy one with an explosive charge in one of the final battles of the Clone Wars on Kashyyyk.",https://lumiere-a.akamaihd.net/v1/images/nr_n99_persuader_class_tank_droid_f910aac1.jpeg,0,droids
640b304f916c6ff54731edad,Millicreep droid,"The Umbaran Militia used these insect-like assassin droids against the Grand Army of the Republic during the battle of Umbara in the Clone Wars. During that conflict, one of these droids destroyed many clones in the 501st battalion that was led by Jedi General Anakin Skywalker. They were colored black, blue, and purple and seemed to conduct electricity.",https://lumiere-a.akamaihd.net/v1/images/databank_millicreepdroid_01_169_e261336d.jpeg,0,droids
640b304f916c6ff54731edae,Mining Guild Security Droid,"Tall with cone-shaped heads, Mining Guild security droids protect the organization's ore crawlers. They have poor audio receptors, however, and are vulnerable to rear attacks.",https://lumiere-a.akamaihd.net/v1/images/mining-guild-security-droid_03e1c846.jpeg,0,droids
640b304f916c6ff54731edac,Midwife Droid,"Midwife droids were hovering medical droids designed to assist in the birth and newborn care for a variety of species. They had white faces and green and blue light sensors in their facial area. One of these droids, while making soothing cooing sounds, helped deliver the Skywalker twins on the far flung outpost at Polis Massa.",https://lumiere-a.akamaihd.net/v1/images/midwife-droid_131becd0.jpeg,0,droids
640b304f916c6ff54731edab,"LM-432 ""Muckraker"" Crab Droid","These deadly crawling tank droids, manufactured by the Techno Union, were in use during the Clone Wars. They varied in size, smaller models had four legs, larger models boasted six. Regardless of the size, they were all equipped a pair of blaster cannon’s on their belly and they could also use their front legs to attack.",https://lumiere-a.akamaihd.net/v1/images/crab-droid-main-image_97235df7.jpeg,0,droids
640b304f916c6ff54731edb5,Retail Caucus Droid,"The Retail Caucus is one of the myriad corporate entities attracted into the command structure of the Separatist Alliance by Count Dooku's promises of unlimited pursuit of profits. Like its fellow corporations, the Retail Caucus brought with it its private droid army, adding its distinctive battle droids into the swelling ranks of the military commanded by General Grievous. Retail Caucus droids are towering brutes with barrel shaped bodies and spindly limbs. Each of its short arms terminate in a pair of laser cannons.",https://lumiere-a.akamaihd.net/v1/images/databank_retailcaucusdroid_01_169_0a588456.jpeg,0,droids
640b304f916c6ff54731edaa,Interrogation Droid,"Developed in secret by the Imperial Department of Military Research, interrogator droids are used by the Empire to meticulously exploit a prisoner's mental and physical weaknesses. The floating, black mechanical menaces inject drugs that lessen pain tolerance and block mental resistance, and use hallucinogens and truth serums to influence victims. Only a select few have proven able to resist its excruciating methods.",https://lumiere-a.akamaihd.net/v1/images/image_2fc196dc.jpeg,0,droids
640b304f916c6ff54731edaf,Mouse Droid,"Mouse droids performed simple tasks aboard starships and in military and corporate facilities. They beeped to themselves as they performed small repairs, delivered messages and guided visitors. occasionally exploding into panicked squeals when confused or frightened.",https://lumiere-a.akamaihd.net/v1/images/mouse-droid-main-image_035abc9d.jpeg,0,droids
640b304f916c6ff54731edb6,RIC-series General Labor Droid,"The RIC-series general labor droid was a rickshaw driving droid that operated in a variety of locations around the galaxy, most notably Mos Espa, where one transported Anakin Skywalker and Padme Amidala to Watto’s junkshop. They moved on two treaded discs and were excellent laborers.",https://lumiere-a.akamaihd.net/v1/images/ric-920_bad9ba26.jpeg,0,droids
640b304f916c6ff54731edc0,Transport ticketing droid,"Travelers coming from and going to the Colossus must register with the transport droid stationed at the platform depot upon arrival and purchase passage on any outbound shuttles when they wish to depart. But as the First Order security forces crack down, citizens find it becomes more difficult to leave.",https://lumiere-a.akamaihd.net/v1/images/transport-ticketing-droid-main_ae4c3c92.jpeg,0,droids
640b304f916c6ff54731edb8,Separatist Assassin Droid,"Like most battle droids employed by the Separatists, these assassin droids were manufactured by the Techno Union. They were employed in at least one known Separatist assassination plot. Their mission was to kill the Duchess Satine Kryze aboard her ship, the Coronet. Each Separatist Assassin Droid of this make boasted eight legs which they would use to lurk silently in for the kill. If they’re destroyed, they have smaller droids inside them that deploy to finish the job, making them especially lethal.",https://lumiere-a.akamaihd.net/v1/images/separatist-assassin-droid_5501ba4b.jpeg,0,droids
640b304f916c6ff54731edb9,Sith Probe Droid,"To help Darth Maul track down the fugitive Queen Amidala from Naboo, he employed a number of spherical, single-eyed probe droids dispatched from the Sith Infiltrator. These floating globes hovered throughout Mos Espa, attempting to ferret out any signs of the Queen and her Jedi protectors.",https://lumiere-a.akamaihd.net/v1/images/Sith-Probe-Droid_e2677e29.jpeg,0,droids
640b304f916c6ff54731edba,Smelter Droid,Smelter droids were long-faced humanoid droids with blank white eyes and bodies. They were designed with extreme durability in order to perform the simple tasks required in the harsh environs of ore-extraction facilities.,https://lumiere-a.akamaihd.net/v1/images/smelter-droid_465314de.jpeg,0,droids
640b304f916c6ff54731edbb,Sniper Droid,"A specialized variant of the powerful destroyer droid, the sniper droid retains the basic shape of the curved-back, claw-footed droideka. Like its more common cousin, the sniper droid rolls into position in a disc shape, and then unfurls when ready for combat. Unlike the droideka, the sniper droid has only one weapon -- a finely calibrated long-barrel blaster rifle. When in combat mode, the sniper droid's armored shell swings forward, becoming an armored shield with a embrasure from where the rifle barrel emerges.",https://lumiere-a.akamaihd.net/v1/images/sniper_droid_76c2c756.png,0,droids
640b304f916c6ff54731edbc,Super Battle Droid,"The infantry used by the Trade Federation had several major shortcomings that were carefully revisited by the battle droids' designers. From that research came the super battle droid, a bulkier, stronger, and more advanced version of the standard mechanical soldier. The super battle droid requires no overriding command signal to operate, and thus has a limited degree of independence. They are fearless and tireless, and will run at full speed into combat, their cannons extended, firing until they have reduced their targets to smoldering ruins.",https://lumiere-a.akamaihd.net/v1/images/Super-Battle-Droid_f8b9df0b.jpeg,0,droids
640b304f916c6ff54731edbe,Super Tactical Droid,"Super Tactical Droids were highly intelligent and strategic, qualities that enabled them to be masterful commanders for the Separatist Army in the Clone Wars. Kalani, a notable Super Tactical Droid, prevented Darth Sidious’ shutdown command following Order 66. Years later, Kalani and his battle droids were found by clone Captain Rex and his rebel friends, and the two sides joined forces against the Empire.",https://lumiere-a.akamaihd.net/v1/images/super-tactical-droid_ebd80159.jpeg,0,droids
640b304f916c6ff54731edbf,T-series Tactical Droid,"T-series Tactical Droids, built by Baktoid Combat Automota, were assigned to droid armies of the Separatist Alliance across the galaxy. They were superior in many ways to regular battle droids and used to coordinate the battle tactics from the safety of droid control ships and other fortified positions. They were upgraded later in the war to Super Tactical Droids.",https://lumiere-a.akamaihd.net/v1/images/t-series-tactical-droid_c26e91c4.jpeg,0,droids
640b304f916c6ff54731edc1,TT-8L/Y7,"These gatekeeper droids were eye-stalk droids that were installed in doors and entryways to screen visitors. They earned their nickname, “tattletale droids” from their obnoxious demeanor in the pursuit of fulfilling their programming. They we’re manufactured by Serv-O-Droid, Inc. and were in use across the galaxy for years. During the Clone Wars, one was installed Rishi Station outpost and another was used by Gha Nachkt, a Trandoshan trader. Probably the most infamous and annoying TT-8L/Y7 in use was the one who kept out visitors out of Jabba’s Palace.",https://lumiere-a.akamaihd.net/v1/images/tt-8l-y7_83c329ce.jpeg,0,droids
640b304f916c6ff54731edc2,Type II Loadlifter,"Type II loadlifter droids are sometimes commissioned by unscrupulous business types on the Coruscant underworld. The repurposed demolition droids are prone to violence and, without the aid of a restraining bolt, have been glimpsed rampaging on the city streets.",https://lumiere-a.akamaihd.net/v1/images/type-ii-loadlifter-main_bf7892c9.jpeg,0,droids
640b304f916c6ff54731edc3,Viper probe droid,"Aratech’s line of 11-3K Viper probe droids are used for investigation, exploration and reconnaissance. A rotating collar assembly gives their blaster cannons a 360-degree field of fire. Viper droids patrol the conveyex track near the Imperial vault on Vandor, alert for any suspicious activity.",https://lumiere-a.akamaihd.net/v1/images/solo-db-viper-droid-main-image_312b9bed.jpeg,0,droids
640b304f916c6ff54731edc4,Vulture Droid (Droid Starfighter),"The effectiveness of droid starfighters has been debated in strategic circles for generations. While droid starfighters are capable of maneuvers that would crush even the sturdiest organic pilot, they lack the resourcefulness and cunning that living pilots bring into combat. To counter their shortcomings, vulture droids often attack en masse. Like the ground-based battle droid infantry, vulture droids were, for a time, controlled by a central command ship, but later generations were granted a limited degree of independence. When not in flight, the droid starfighter can transform into a walking mode allowing them to be used in surface patrols.",https://lumiere-a.akamaihd.net/v1/images/databank_vulturedroid_01_169_6ef9fd50.jpeg,0,droids
640b304f916c6ff54731edc5,WED Treadwell Droid,"WED Treadwell droids are found throughout the galaxy, serving as utility and repair droids. Treadwells come in a range of models, but all have a flat, treaded base, a spindly neck and a cluster of arms tipped with various tools. The Lars family used Treadwell droids on their Tatooine moisture farm for decades; Luke Skywalker was with a Treadwell repairing vaporators when he caught sight of the battle between Princess Leia’s blockade runner and Darth Vader’s Star Destroyer.",https://lumiere-a.akamaihd.net/v1/images/wed-treadwell-droid-main-image_dfbea7b6.jpeg,0,droids
640b304f916c6ff54731eda9,Imperial sentry droid,"Towering, quiet, and deadly, Imperial sentry droids were effective killing machines for the Empire. With glowing red eyes and an otherwise lifeless face, they were intimidating, but still vulnerable to blaster fire.",https://lumiere-a.akamaihd.net/v1/images/imperial-security-droid-main-1_229174fc.jpeg,0,droids
640b304f916c6ff54731edb7,SE8 Waiter Droid,"Built by Industrial Automaton, SE8 waiter droids attend to the needs of guests in the Canto Casino, shuffling across the floor bearing trays of drinks. The droids boast state-of-the-art gyroscopic systems and are programmed to gracefully avoid collisions with inattentive or impaired gamblers.",https://lumiere-a.akamaihd.net/v1/images/ep8-067268_17d3d396.jpeg,0,droids
640b304f916c6ff54731eda8,Imperial Probe Droid,"Specially designed for deep space exploration and reconnaissance, probe droids are employed in science and military applications. Tenacious hunters and searchers, probe droids (or probots) have a variety of sensors, and the ones employed by the Empire are armed with powerful blasters and, in some models, shields. Upon arrival at their target location, they gather information. If confronted after their main mission has been completed these droids can self-destruct. Imperial probes are vaguely arachnid in shape, with a dark metal finish, bulbous sensor ""eyes"" and spindly manipulator arms.",https://lumiere-a.akamaihd.net/v1/images/databank_imperialprobedroid_01_169_9667313a.jpeg,0,droids
640b304f916c6ff54731edbd,Super battle droid rocket trooper,"Super Battle Droid Rocket Trooper units were upgraded versions of the B2-RP Battle Droids. They had larger jetpacks and blasters than the original model, making them faster and deadlier in combat than their predecessors.",https://lumiere-a.akamaihd.net/v1/images/super-battle-droid-rocket-trooper_6bb19582.jpeg,0,droids
640b304f916c6ff54731eda6,ID9 Seeker Droid,"They may have been small in size, but ID9 seeker droids were dangerous and deadly when used for nefarious purposes. Resembling probe droids, ID9 seekers had a half-hemisphere dome with a threatening red eye. They could hover and crawl on their pincers, imitate other droids, and were outfitted with electro-shock prods that could incapacitate mechanical beings and harm organic lifeforms. The Seventh Sister, one of the Empire’s Inquisitors, employed a small army of ID9s in her efforts to capture rebels and Jedi.",https://lumiere-a.akamaihd.net/v1/images/id9-seeker-droid_4c784072.jpeg,0,droids
640b304f916c6ff54731eda7,Imperial Police Droids,"Ironically, the Empire employs Imperial droid forces as security around facilities where B-1 battle droids and other Separatist military mechanicals are melted down. It's imperative that the new regime destroys all evidence of the Clone War-era enemies -- especially considering the fact that the movement's tactical droids contain algorithms to defeat the clones now serving the Empire.",https://lumiere-a.akamaihd.net/v1/images/imperial-police-droids-main_f4bbcc09.jpeg,0,droids
640b304f916c6ff54731ed8a,2-1B Droid,"2-1B droids were medical wonders, programmed to diagnose and treat injuries and diseases that afflicted millions of species in the galaxy. 2-1B droids had modular limbs that allowed them to use a range of surgical tools and other medical instruments based on their patients' needs.",https://lumiere-a.akamaihd.net/v1/images/2-1b-droid-main-image_546a90ad.jpeg,0,droids
640b304f916c6ff54731ed8b,Aqua Droid,"Manufactured by the Techno Union, these underwater fighting droids were used by the Separatists during the Clone Wars to lay siege to aquatic planets like Kamino and Mon Calamari. They were formidable opponents and effective at surprise attacks. Aqua droids were more angular and stylized than standard battle droids, as well as excellent swimmers and were equipped with retractable laser cannons.",https://lumiere-a.akamaihd.net/v1/images/aqua-droid_d9076338.jpeg,0,droids
640b304f916c6ff54731ed8c,ASP General Purpose Droid,"Also known as ASP droids, these are labor droids performing manual tasks throughout the galaxy.",https://lumiere-a.akamaihd.net/v1/images/databank_aspgeneralpurposedroids_01_169_4d364f74.jpeg,0,droids
640b304f916c6ff54731ed8d,Astromech Droid,Astromech droids are a series of versatile utility robots generally used for the maintenance and repair of starships and related technology. These small droids are often equipped with a variety of tool-tipped appendages that are stowed in recessed compartments. The R2 unit is a popular example of an astromech droid.,https://lumiere-a.akamaihd.net/v1/images/databank_astromechdroid_01_169_9d9b98b1.jpeg,0,droids
640b304f916c6ff54731ed8e,autovalet droid,"Thousands of Servo-O-Droid SO-1P autovalet droids ensure the uniforms of First Order officers are delivered clean, pressed and folded according to the regime’s exacting regulations. As class five droids with simple programming, they focus on their tasks regardless of what’s happening around them.",https://lumiere-a.akamaihd.net/v1/images/tlj-db-first-order-autovalet-droid-main-image_24d05254.jpeg,0,droids
640b304f916c6ff54731ed8f,B1-series Rocket Battle Droid,"Rocket Battle Droids were standard B1 droids specially modified for the task of hunting down escape pods in space and destroying them. A number of them were tasked by General Grievous to destroy any survivors of an attack by the Malevolence, but Jedi Master Plo Koon survived the attack…",https://lumiere-a.akamaihd.net/v1/images/b1-series-rocket-battle-droid_6c2498d3.jpeg,0,droids
640b304f916c6ff54731ed91,Battle Droid,"Rather than use flesh-and-blood warriors, the Separatists prefer mindlessly loyal soldiers that are easily controlled. The soulless ranks of their armies are dominated by tall, thin B1 battle droids built as mechanical imitations of their Geonosian designers. Battle droids can be controlled by centralized command centers such as the Trade Federation’s enormous Droid Control Ships, or programmed for independent action. They often suffer programming glitches that manifest as personality quirks. Battle droids are dim-witted and no match for clone troopers or Jedi, but they weren’t designed to be smart – they were designed to overwhelm Republic civilians through sheer numbers, something they do very effectively.",https://lumiere-a.akamaihd.net/v1/images/databank_battledroid_01_169_1524f145.jpeg,0,droids
640b304f916c6ff54731ed92,BB unit,"Rolling about the hangar bays of outposts and capital ships, or snug in the astromech sockets of X-wing fighters, BB units work tirelessly to keep the weapons and vessels of the Resistance in top combat condition.",https://lumiere-a.akamaihd.net/v1/images/bb-unit_b13ba179.jpeg,0,droids
640b304f916c6ff54731ed93,BD-3000 luxury droid,"BD-3000 luxury droids were used across the galaxy as a luxury attendant during the era of the Galactic Republic. During the Clone Wars, Senator Amidala used one as a decoy to help stave off an assassination attempt by Aurra Sing on the planet Alderaan. Other senators and dignitaries used them as everything from escorts to office aides. They have a chromatic complexion and come in the form of shapely humanoid females.",https://lumiere-a.akamaihd.net/v1/images/bd-3000-luxury-droids_162009ac.jpeg,0,droids
640b304f916c6ff54731ed94,Buzz Droid,"An insidious weapon unveiled by the Separatist Alliance during the later stages of the Clone Wars, buzz droids are tenacious saboteurs launched onto enemy starfighters via specialized missiles. They emerge as spheres and attach themselves to a target vessel, popping open to reveal an insect-like droid equipped with cutters and other tools of vandalism. The buzz droids are designed to disable, not destroy, enemy craft. They operate quickly, slicing into starship hulls. While their tools are effective, a hit to its central eye can knock a buzz droid out of commission.",https://lumiere-a.akamaihd.net/v1/images/databank_buzzdroid_01_169_e6c40327.jpeg,0,droids
640b304f916c6ff54731ed95,Commando Droid,"An enormous improvement over the standard battle droid, commando droids are elite warriors too  expensive to produce in huge numbers. These stealthy yet powerful warriors are tougher and faster than their  clanker cousins. Complex engineering gives them incredible agility, while advanced processors let them  think fast on their nimble feet.",https://lumiere-a.akamaihd.net/v1/images/commando_droids_4c52e273.jpeg,0,droids
640b304f916c6ff54731ed96,Courier Droid,"Courier droids are used to relay information from place to place in lieu of networks. Repurposed astromechs, courier droids often feature special markings to differentiate them. When Grand Moff Tarkin ordered the destruction of the primary communications tower on Lothal, the Empire used courier droids as a means to physically transport data.",https://lumiere-a.akamaihd.net/v1/images/image_416c6dc3.jpeg,0,droids
640b304f916c6ff54731ed97,D-wing security droid,"An alternative to the Separatists' standard B1 battle droid, a legion of spindly D-wing security droids guard the tower base at Purkoll. Hidden among their slender mechanical frame are folded wings that allow them to zoom through the atmosphere in pursuit of other winged creatures like the keeradaks.",https://lumiere-a.akamaihd.net/v1/images/d-wing-security-droid-main_89e1b9ca.jpeg,0,droids
640b304f916c6ff54731ed90,B2-RP battle droid,"Often referred to as rocket droids or jetpack droids, B2-RPs are modified B2 super battle droids. The Techno Union engineered them to incorporate rocket pack and compact repulsorlift technology. They’re different from other B2s in other ways as well, including their blue and white markings on their torso, arms, and legs.",https://lumiere-a.akamaihd.net/v1/images/b2-rp_battle_droid_c44a4cce.jpeg,0,droids
640b304f916c6ff54731ed99,Droideka,"Unlike the spindly battle droids, whose humanoid builds allow them a degree of versatility, droidekas are designed with one sole function in mind: the complete annihilation of their targets. Slung at the end of heavy arms are immense twin blasters, which unleash destructive energy at a pounding pace. The destroyer droid can completely envelope itself in a globe of protective energy via its compact deflector shield generators, though at the expense of its mobility. Although slow and awkward on its three-legged gait, the droideka can transform into a much speedier, disk-shaped form.",https://lumiere-a.akamaihd.net/v1/images/databank_droideka_01_169_48a22970.jpeg,0,droids
640b304f916c6ff54731eda5,Hyena Bomber Droid,"Hyena droids are automated starfighters equipped for heavy ordnance bombing runs. Based on the slimmer vulture droid design, hyena bombers have a wider, sturdier hull with larger wings to offer greater stability during flight. The droid's central processor unit is contained in its starboard hull unit, from which glows a pair of red photoreceptors. The port hull unit houses the droid's ordnance bay, and has a downward-facing photoreceptor for pinpoint accuracy when dropping bombs. Like the vulture droid, the hyena bomber can reconfigure its shape to adopt a ground-walking mode.",https://lumiere-a.akamaihd.net/v1/images/databank_hyenabomberdroid_01_169_38b46a66.jpeg,0,droids
640b304f916c6ff54731ed98,Dismantler droid,"Featuring an umbrella-shaped top, crab-like legs, and electrified pincers outfitted with saws, dismantler droids were used in salvage yards to turn starships to scrap. At Reklam Station, an Imperial base, they were also used as security. The fearsome droids did battle with the Ghost crew, who were looking to steal Y-wings for the rebel fleet.",https://lumiere-a.akamaihd.net/v1/images/dismantler-droid_81909264.jpeg,0,droids
640b304f916c6ff54731eda4,Hailfire Droid,"Bristling with missiles, these droid tanks raced into battle on giant hoop-like wheels. Originally constructed by the InterGalactic Banking Clan to collect debts, they served the Separatists as fast-attack vehicles, using their missiles to strike distant targets.",https://lumiere-a.akamaihd.net/v1/images/hailfire-droid_4c58d2a7.jpeg,0,droids
640b304f916c6ff54731eda3,Gonk Droid,"Little more than walking batteries, gonk power droids trundle along as directed by their owners or their programming, recharging vehicles and machinery. They get their name in imitation of their simple vocalizations. There are many different models of power droid, most of them similar in appearance and habits as the well-known gonk. Power droids are common sights throughout the galaxy and little noticed despite their critical importance to both military and civilian life.",https://lumiere-a.akamaihd.net/v1/images/gnk-droid-main-image_f0d89099.jpeg,0,droids
640b304f916c6ff54731eda2,GH-7 Analysis Droid,"These hovering blue and silver medical droids were trained to diagnose physical ailments in patients. One of these droids worked on Polis Massa Station and treated Padme after her bout with Darth Vader. Since her ailments were metaphysical or possibly influenced by the will of the force, he was unable to save her.",https://lumiere-a.akamaihd.net/v1/images/gh-7-analysis-droid_b3c32bd4.jpeg,0,droids
640b304f916c6ff54731eda0,First Order probe droid,"To maintain security in the Unknown Regions, where the First Order has been testing new weapons of mass destruction, probe droids are an efficient form of surveillance. Intruders are easily spotted on the droid's many sensors, triggering evasive action in the form of homing beacons or the release of several smaller units, commonly referred to as ""kids"" to the main droid's ""mother,"" that help eliminate any threat. Failing to dispatch any invading lifeform that disturbs the droid, or upon its own destruction, the First Order probe will emit a signal to scramble TIE fighters, sent immediately to take a closer look.",https://lumiere-a.akamaihd.net/v1/images/first-order-probe-droid-main_0eaf0171.jpeg,0,droids
640b304f916c6ff54731ed9f,First Order Medical Droid,"Aboard the Supremacy, an IT-SOO.2 medical droid treats the wounds inflicted on Kylo Ren by Rey’s lightsaber and Chewbacca’s bowcaster. The droid’s delicate, precise mechanical arms make short work of removing mechnosutures from Ren’s face.",https://lumiere-a.akamaihd.net/v1/images/tlj-db-first-order-medical-droid-main-image_8f24ef51.jpeg,0,droids
640b304f916c6ff54731eda1,FX-6 Medical Droid,"Cylindrical droids with multiple arms, FX medical droids assist other models, such as 2-1B surgical models, in surgical centers and on battlefields. FX-6 models monitor patients, perform tests, operate equipment and review medical procedures and techniques. An FX-6 droid supplied Darth Vader with a blood transfusion after the former Jedi’s crippling injuries on Mustafar and helped affix cybernetic legs to the flesh-and-blood stumps.",https://lumiere-a.akamaihd.net/v1/images/fx-6-droid_9f740560.jpeg,0,droids
640b304f916c6ff54731ed9e,First Order Interrogator Droid,"Interrogation droids were one of the most hated symbols of the Empire, leading the New Republic to ban torture after it came to power. But the First Order holds the legacy of the Empire in much higher esteem than galactic law, and has developed the IT-000 to question its enemies. One of these feared droids is on hand when Kylo Ren begins his interview with Poe Dameron above Jakku.",https://lumiere-a.akamaihd.net/v1/images/first-order-interrogator-droid_efc59ae7.jpeg,0,droids
640b304f916c6ff54731ed9d,Fire-breather,"Lotho Minor has, for time immemorial, been an industrial dumping ground for neighboring worlds. Cargo ships routinely drop holds of refuse onto the planet, caring little as to what would become of it. Immense droids programmed long ago to incinerate the garbage continue to labor amid the mountains of refuse, filling their enormous jaws with scrap and burning it with the flames of their infernal gullets. Those unfortunate to live on Lotho Minor know not of the origins of these crane monsters. The mindless mechanicals are simply known as the fire-breathers.",https://lumiere-a.akamaihd.net/v1/images/databank_firebreather_01_169_f5aeda4d.jpeg,0,droids
640b304f916c6ff54731ed9c,FA-4 pilot droid,"These wheeled pilot droids with ball heads were in use during the Galactic Republic era. They were tall enough to handle the controls of many ships. Count Dooku employed one to aid in take-offs and landings in his solar sailer. Others could be spotted at the Galactic Senate building, bustling about their business.",https://lumiere-a.akamaihd.net/v1/images/fa-4-pilot-droid_b24e3456.jpeg,0,droids
640b304f916c6ff54731ed9b,E-XD Infiltrator Droid,"On the surface, a meek protocol droid. Underneath, a deadly assassin. E-XD infiltrator droids were used by the Empire to sweep Outer Rim worlds for rebel bases, and changed forms from standard robotic humanoid into towering, quick fighters. They were outfitted with an anti-capture failsafe -- an inner proton warhead that would detonate upon capture -- making them doubly dangerous.",https://lumiere-a.akamaihd.net/v1/images/e-xd-infiltrator-droid_753bb147.jpeg,0,droids
640b304f916c6ff54731ed9a,Dwarf Spider Droid,"During the last decades of the Republic, the Jedi order had replaced any need for a unified military for protection. Instead, private interests maintained their own armed forces in local territories, and the engines of commerce could afford the most powerful and most effective armies. Despite legislation designed to curb the potency of any one private army, the massive corporations were able to build sizable droid forces. The dwarf spider droids favored by the Commerce Guild appeared in the Separatist ranks. The four-legged dome-shaped mechanical arachnid featured a powerful, centrally mounted laser cannon.",https://lumiere-a.akamaihd.net/v1/images/databank_dwarfspiderdroid_01_169_fece4693.jpeg,0,droids
64293151d99b54f25a4abbec,Oga’s Cantina,"Oga’s Cantina is a notorious local watering hole in Black Spire Outpost known for its shady clientele of bounty hunters, smugglers, and off-worlders sampling unique concoctions, conducting shady business, and encountering friends and foes. Run by the local crime boss, Oga Garra, the cantina adheres to a strict code of conduct that tries to keep its unruly patrons in check. With a history of being a smugglers’ safe haven and a popular stopping point for those seeking to avoid the authorities, Oga’s Cantina has a story or two to tell. Musical entertainment is provided courtesy of former pilot droid RX-24, who has been reprogrammed and renamed to DJ R-3X.",https://lumiere-a.akamaihd.net/v1/images/ogas-cantina-main-2_4231bbfd.jpeg,0,locations
64293151d99b54f25a4abbf1,Oosalon Mesa,"A barren world, the Inquisitors dueled the rebels Kanan Jarrus and Ezra Bridger over its black, rocky landscape.",https://lumiere-a.akamaihd.net/v1/images/oosalon-mesa_fde764ce.jpeg,0,locations
64293151d99b54f25a4abbef,Omega's Room,"Aboard the Marauder, a space that once served as the shuttle's gunner's nest is renovated to meet the needs of the changing face of Clone Force 99. After joining the squad, young Omega is gifted the space by Wrecker, who uses his interior design skill to make the corner of the ship more suitable to the youngster. The private bunk offers safety, security, and something Omega never experienced in her life on Kamino — a place to call her own.",https://lumiere-a.akamaihd.net/v1/images/omega-s-room_a0bcd733.jpeg,0,locations
64293151d99b54f25a4abbee,Old Ord Mantell City,"In the ruins of what was once an impressive array of fortresses and beautiful edifices, Zygerrian slave traders maintain their captives in the decaying remains of Old Ord Mantell City. Like the rest of the planet in the time after the Clone Wars, Ord Mantell and its once thriving urban hubs have lost their luster with the decline of the Republic.",https://lumiere-a.akamaihd.net/v1/images/old-ord-mantell-city-main_9141853c.jpeg,0,locations
64293151d99b54f25a4abbed,Old Jho's Pit Stop,"Located in a Lothal spaceport, Old Jho's Pit Stop is a popular cantina for locals and travelers alike.",https://lumiere-a.akamaihd.net/v1/images/image_a7ca8bca.jpeg,0,locations
64293151d99b54f25a4abbf0,Onderon,"In its earliest ages of civilization, Onderon was a world marked with savage jungles that were filled with dangerous creatures. To survive, the primitive human inhabitants of the planet protected themselves behind the walls of fortified settlements. Over time, these grew to become enormous walled cities, like the planet's capital, Iziz. In the modern era, during the time of the Clone Wars, the planet's monarch King Sanjay Rash allied Onderon to the Confederacy of Independent Systems. Many Onderonians, however, refused to recognize the legitimacy of Sanjay's rule -- they preferred the neutral stance championed by former monarch Ramsis Dendup, whom Rash ousted.",https://lumiere-a.akamaihd.net/v1/images/databank_onderon_01_169_bf7861a4.jpeg,0,locations
64293151d99b54f25a4abbeb,Office of Acquisitions,"Business partners Flix and Orka run a tidy business on the Colossus platform, the Office of Acquisitions. While fussy Flix handles the books for the business, Orka negotiates with customers at the counter, selling quality tech and secondhand parts both routine and rare. Along with their pet gorg, Bitey, and their Pit droid, the team rarely closes up shop, but will sometimes leave the business in the capable hands of Kazuda Xiono when they need a day off.",https://lumiere-a.akamaihd.net/v1/images/resistance-db-office-of-acquisitions-main-image_712640dc.jpeg,0,locations
64293151d99b54f25a4abbe4,Niima Outpost,"Jakku’s most significant settlement, Niima Outpost is little more than a bazaar, some hard-packed dirt that passes for a spaceport, and the compound of junk boss Unkar Plutt. The little settlement – named for its late founder, Niima the Hutt – is dominated by Unkar and his thugs, who control the market for salvage found by scavengers in the nearby Graveyard of Ships.",https://lumiere-a.akamaihd.net/v1/images/niima-outpost_37882042.jpeg,0,locations
64293151d99b54f25a4abbe9,Oba Diah's Moon,"During the Clone Wars, the Jedi received a distress signal on Coruscant from a long-lost ship – the Jedi shuttle belonging to Sifo-Dyas, who’d died more than a decade earlier. Plo Koon and a detachment of clone troopers tracked the signal to a bleak moon orbiting Oba Diah, searching through howling dust storms until they found the wreckage. Inside the shattered shuttle, Plo found Sifo-Dyas’s lightsaber. This clue would lead the Jedi into a web of deceit involving the Pyke Syndicate, the Kaminoans, the clone armies of the Republic and the hidden Dark Lord of the Sith.",https://lumiere-a.akamaihd.net/v1/images/image_a5f215ce.png,0,locations
64293151d99b54f25a4abbe8,Oba Diah,"The Pykes ran their affairs from the planet Oba Diah, where they dwelled in decadent luxury among mountain crags and busy spaceports where much illicit cargo changed hands. During the Clone Wars, Anakin Skywalker and Obi-Wan Kenobi came to Oba Diah, where they investigated a conspiracy leading back more than a decade. They discovered the Pykes had shot down a shuttle belonging to the Jedi Master Sifo-Dyas on their planet’s moon and given Sifo-Dyas’s body to Count Dooku, known to them as Tyranus, in return for his assistance against other crime families. But the Pykes didn’t tell Dooku that Supreme Chancellor Valorum’s aide Silman had survived the crash, and kept him locked away as insurance. The Pykes gave Silman to Anakin and Obi-Wan, but Dooku arrived and killed Silman before he could be questioned.",https://lumiere-a.akamaihd.net/v1/images/databank_obadiah_01_169_cbb9d94d.jpeg,0,locations
64293151d99b54f25a4abbe7,Nur,"On the watery moon of Nur, the ocean depths conceal all but the apex of the Fortress Inquisitorius.",https://lumiere-a.akamaihd.net/v1/images/nur-main_addbdab4.jpeg,0,locations
64293151d99b54f25a4abbe6,Numidian Prime,"The jungle planet of Numidian Prime is located on the edge of the Mid Rim, a warm and beautiful rainforest paradise that's also a haven for smugglers and thieves trying to avoid outstanding debts.",https://lumiere-a.akamaihd.net/v1/images/solo-db-numidian-prime-main-image_b0ab34cd.jpeg,0,locations
64293151d99b54f25a4abbe5,Nixus,"A planet of ice and frozen terrain, Nixus was frigid but not inhospitable. The world was populated, featuring a diverse populace — including the slimy crime lord Azmorigan. It was on Nixus that Azmorigan encountered the legendary pirate Hondo Ohnaka and met Ezra Bridger for the second time, though they managed to escape the gangster’s clutches.",https://lumiere-a.akamaihd.net/v1/images/nixus_a8e2cad2.jpeg,0,locations
64293151d99b54f25a4abbe3,Niamos,"A world of inviting waters and pleasant beaches for basking in the warm sunshine, Niamos was once an alluring place for ne’er-do-wells to lie low and avoid scrutiny. But now, an Imperial occupation and wildly evolving rules means trouble for innocent travelers caught in the crossfire of the galaxy's turmoil.",https://lumiere-a.akamaihd.net/v1/images/niamos-main_8c1b140e.jpeg,0,locations
64293151d99b54f25a4abbf2,Ord Mantell,"In the waning days of the Republic, Ord Mantell housed a base of operations for the Black Sun crime syndicate. During the Clone Wars, it was the site of a battle between the Separatists and the Shadow Collective, of which Black Sun was a member. But after the Empire came to power, the inhabitants of the mountainous world fell on hard times, laying low and working jobs where no questions would be asked. It was still a wretched hive of scum and villainy when Rebel Alliance general and former smuggler Han Solo had a run-in with a bounty hunter on the planet some years later.",https://lumiere-a.akamaihd.net/v1/images/ordo-mantell-main_0320929c.jpeg,0,locations
64293151d99b54f25a4abbe2,Nevarro bazaar,"On the surface of Nevarro, vast stretches of cooled volcanic rock give way to sparse settlements. In one town, the smell of roasting Kowakian monkey-lizard on the grill wafts over a thriving bazaar where merchants sell their wares.",https://lumiere-a.akamaihd.net/v1/images/nevarro-bazaar-main_4bb1fb7c.jpeg,0,locations
64293151d99b54f25a4abbea,Obi-Wan's House,"After the fall of the Republic and the near-extinction of the Jedi Order, Obi-Wan Kenobi spent his exile in a simple adobe house in Tatooine’s Jundland Wastes. There, he learned to commune with the spirit of his former master Qui-Gon Jinn and watched over Anakin Skywalker’s son Luke. When Darth Vader captured Princess Leia over Tatooine, she hid the Death Star plans in R2-D2’s memory banks and gave the little droid the coordinates of Kenobi’s home.",https://lumiere-a.akamaihd.net/v1/images/obi-wans-house-main-image_c9c146ef.jpeg,0,locations
64293151d99b54f25a4abbf3,Ordo Moon,"After fleeing Saleucami, Clone Force 99 is stranded on the Ordo Moon, crash landing on the rock thanks to a damaged power capacitor. The planetoid's atmosphere requires special breathing apparatus and its surface is pocked with debris and mysterious scavengers.",https://lumiere-a.akamaihd.net/v1/images/replacements-the-bad-batch-story-gallery-01_fb353e20.jpeg,0,locations
64293151d99b54f25a4abc00,Quarzite,"A small, dense world whose inhospitable nature prevents it from truly flourishing as part of the galactic community, Quarzite avoided the battles that ravaged many planets during the Clone Wars. The world's surface is strained by incredibly strong atmospheric pressure that can crush starships and flatten beings. Underneath the surface, though, are immense crystalline cave networks of equalized pressure, where life can exist. For transit to and from the planet, an immense turbolift speeds people to an orbital space station. For travel beneath the surface, the locals rely on a subtram.",https://lumiere-a.akamaihd.net/v1/images/databank_quarzite_01_169_f9480d2f.jpeg,0,locations
64293151d99b54f25a4abbf5,Otoh Gunga,"Beneath the surface of Lake Paonga on Naboo is a spectacular Gungan city. A crowning achievement of unique Gungan technology, the city appears as a glittering cluster of jewel-like bubbles. The bubbles are hydrostatic force-fields that contain breathable atmospheres for the city's inhabitants. Though they are rigid enough to keep the water out, they can be breached by Gungans swimming to and from the city. The architecture of Otoh Gunga is sweeping in shape because Gungans actually grow the building material of their cities. Inside Otoh Gunga is the High Board Room of the Gungan Rep Council.",https://lumiere-a.akamaihd.net/v1/images/databank_otohgunga_01_169_554653bd.jpeg,0,locations
64293151d99b54f25a4abc05,Raydonia,"A small, easily overlooked world in the Outer Rim Territories, Raydonia was the site of a settlement that required supplies from regularly scheduled transport ships. The colonists had the misfortune of being relatively close to Dathomir, where an evil was reborn. Darth Maul wanted to draw the attention of the Jedi, and to do so, he wiped out the colony with the viciousness of a Sith Lord. Obi-Wan Kenobi voyaged to the ruined settlement to stop Maul's swath of destruction.",https://lumiere-a.akamaihd.net/v1/images/databank_raydonia_01_169_6353aa74.jpeg,0,locations
64293151d99b54f25a4abc04,Raxus,"The capital of the Confederacy of Independent Systems, Raxus was a lush world in the Outer Rim. The Separatist Senate met on Raxus, with Count Dooku generally presiding via hologram. The planet was the site of secret discussions between the Republic’s Padmé Amidala and her old friend, Separatist Senator Mina Bonteri, which led to a brief-lived Separatist peace proposal. Later in the war, Asajj Ventress and Quinlan Vos tried and failed to assassinate Dooku on Raxus.",https://lumiere-a.akamaihd.net/v1/images/raxus-main_04672c4d.jpeg,0,locations
64293151d99b54f25a4abc03,Raven's Peak Sky Rail,"On Eriadu, Imperial personnel traverse the mountainous terrain on fast-moving sky rails suspended from rail lines. The sky rails of the Raven's Peak Rail Line consist of two crate-shaped cars on parallel tracks which constantly shuffle troops back and forth to Grand Moff Tarkin's elite compound.",https://lumiere-a.akamaihd.net/v1/images/the-bad-batch-story-gallery-plan-99-01_34d7c21d.jpeg,0,locations
64293151d99b54f25a4abc02,Raven's Peak,"Accessible by sky rail, Raven's Peak is a highly controlled military compound on the world of Eriadu. Run by Grand Moff Tarkin, it's the perfect location for clandestine meetings with Tarkin's council of trusted advisors as these high-ranking officials discuss the Empire's technological advancements in the regime's early days. However, it quickly becomes the target of factions who seek to overthrow the Empire.",https://lumiere-a.akamaihd.net/v1/images/ravens-peak-main_e94f86aa.jpeg,0,locations
64293151d99b54f25a4abc01,Rafa's Laundry,"An above-board business to keep the citizens of the Coruscant underworld looking their best, Rafa Martez runs a laundry facility she won gambling, which acts as a convenient front for her more lucrative but illegal jobs.",https://lumiere-a.akamaihd.net/v1/images/rafa-s-laundry-main_707b3627.jpeg,0,locations
64293151d99b54f25a4abbe1,Nevarro,"An ashen world with black sands and lava flows, Nevarro was home to an Imperial Remnant, a hub of the Bounty Hunter Guild, as well as the location of a Mandalorian covert in the early days of the New Republic. Now it's been rehabilitated as a more peaceful planet for its citizens and with a school for its youngsters.",https://lumiere-a.akamaihd.net/v1/images/nevarro-main_deddc805.jpeg,0,locations
64293151d99b54f25a4abbff,Pyke stronghold,"On the planet Oba Diah, the Pykes run their affairs, including housing those who dare to cross them in a fortress-like prison inside their stronghold.",https://lumiere-a.akamaihd.net/v1/images/pyke-stronghold-main_8963e3fb.jpeg,0,locations
64293151d99b54f25a4abbfe,Pyke Base,"The Pykes maintain a modest base in a small domed structure. From here, the Pyke Boss monitors their criminal enterprise transporting spice by repulsor-train to settlements.",https://lumiere-a.akamaihd.net/v1/images/pyke-base-main_d26d8ee5.jpeg,0,locations
64293151d99b54f25a4abbfd,Purkoll Tower Base,"Hovering above the dense yellow fog of Skako Minor, the city of Purkoll is home to a tower base controlled by Wat Tambor and the Separatists. But inside the Separatists are holding a dark secret, protecting the key to their survival and their sudden strategic advantages in the Clone Wars. Known as the algorithm, the Republic soon discovers how the battle droids have suddenly become adept at anticipating the clone troopers' every move.",https://lumiere-a.akamaihd.net/v1/images/purkoll-tower-base-main_fbf96178.jpeg,0,locations
64293151d99b54f25a4abbfc,Polis Massa,"An obscure planetoid deep in the Outer Rim, Polis Massa nonetheless occupied an important place in galactic history: The Skywalker twins were born there and given names by their mother Padmé Amidala before she died. And plans made in secret on Polis Massa would one day determine the fate of the galaxy.",https://lumiere-a.akamaihd.net/v1/images/databank_polismassa_01_169_21f04b76.jpeg,0,locations
64293151d99b54f25a4abbfb,Pillio,"Due to its enormous amount of sea life, and the tremendous coral reef across the entire planet, Pillio is an oceanic world. As a primary source for food in the Jinata System, Pillio is a very profitable destination for feuding Mon Calamari and Nautolan fishing companies. A deep coral cave system houses ancient fossils, rare species, and deeper secrets no fisherman would ever trap in his net.",https://lumiere-a.akamaihd.net/v1/images/pillio_571ed74e.jpeg,0,locations
64293151d99b54f25a4abbfa,Peli Motto's hangar,"Docking Bay 3-5 is one of a multitude of crater-like launch stations that dot Mos Eisley Spaceport. The landing facility is mostly sunken below the ground level, with stairs and service ramp leading up to the street level. The mid-sized hangar has repair and diagnostic equipment as well as fueling supplies.",https://lumiere-a.akamaihd.net/v1/images/peli-motto-s-hangar-main_b64f8bdd.jpeg,0,locations
64293151d99b54f25a4abbf9,Pasaana,"The desert planet of Pasaana is full of life and culture. Towering buttes of granite and sandstone disrupt long stretches of sun-bleached dunes and shrubland, creating shadowed valleys where water collects and life thrives, including the native Aki-Aki.",https://lumiere-a.akamaihd.net/v1/images/pasaana-main_716cbcfa.jpeg,0,locations
64293151d99b54f25a4abbb8,Lothal,"Lothal is a diverse planet, with both farmland and a city center. During the age of the Empire, it fell under Imperial occupation, as farmers were kicked off their land and enormous TIE fighter and weapons factories were built. While most of the population felt powerless in the face of Imperial rule, a select few dared to fight back.",https://lumiere-a.akamaihd.net/v1/images/image_106bc26a.jpeg,0,locations
64293151d99b54f25a4abbf8,Pantora,"Pantora is the principal moon of the Pantora system, orbiting the ice planet Orto Plutonia. A member of the Galactic Republic during the Clone Wars, Riyo Chuchi represented Pantora in the Senate while Baron Papanoida served as the Chairman of Pantora after succeeding Chi Cho. At the start of the age of the Empire, the marshy Outer Rim world struggles to maintain its business and industry under the new regime, with outposts like Ro Station falling into disrepair. However, in the streets the citizens rejoice over the end of the long and deadly war.",https://lumiere-a.akamaihd.net/v1/images/the-bad-batch-cornered-story-gallery-01_ab8c6ab9.jpeg,0,locations
64293151d99b54f25a4abbf7,Padmé's Apartment,"During her tenure as a senator, Padmé Amidala kept an apartment near the top of one of Coruscant’s high-rises in the senate district. Largely decorated in blue, no doubt to remind her of her home planet of Naboo, it was spacious and luxurious and the site of many important moments in the galaxy, from her assassination attempt at the hands of Zam Wesell to Obi-wan Kenobi’s revelation that her husband was a Sith Lord.",https://lumiere-a.akamaihd.net/v1/images/padmes-apartment_8dcb4c69.jpeg,0,locations
64293151d99b54f25a4abbf6,Pabu,"On the small planet of Pabu, Phee Genoa and other refugees from across the galaxy make their home in an island village on a sapphire sea. An oasis in a troubled galaxy, the hidden sanctuary provides a peaceful respite for Omega and the rest of Clone Force 99 after they cut ties with Cid. Together, the villagers endure natural disasters and rebuild their home, beyond the Empire's reach.",https://lumiere-a.akamaihd.net/v1/images/pabu-main_32065a09.jpeg,0,locations
64293151d99b54f25a4abbf4,Orto Plutonia,Ice world in the Pantoran system that is home to the Talz.,https://lumiere-a.akamaihd.net/v1/images/databank_ortoplutonia_01_169_104eb34c.jpeg,0,locations
64293151d99b54f25a4abbe0,Naval Intelligence Headquarters,"On Coruscant, Naval Intelligence Headquarters serves as the epicenter for the Empire's naval operations. A homebase for mission command, the hub is also the last stop for clone troopers at the end of their service as they ready for retirement at the start of the stormtrooper program.",https://lumiere-a.akamaihd.net/v1/images/the-bad-batch-story-gallery-the-outpost-01_701e5ca3.jpeg,0,locations
64293151d99b54f25a4abbd2,Mos Eisley spaceport,"A major spaceport on Tatooine, Mos Eisley was once wisely described as a wretched hive of scum and villainy. The famously lawless port on the surface of the desert world was once home to Hutt servants, rogues and smugglers of all species, lowlifes and fugitives, and desperate people trying to make a living any way they could. Whether one visited during the Clone Wars or under Imperial rule, in Mos Eisley, money talked (in various denominations) and questions weren’t asked.",https://lumiere-a.akamaihd.net/v1/images/mos-eisley-main_19893c0f.jpeg,0,locations
64293151d99b54f25a4abbde,Naraka,"The Empire erected prisons throughout the galaxy, holding everyone from dissidents to petty criminals. On Naraka, a world of haze and rock, a prison was built into the planet itself, making escape especially difficult. The Ghost crew, however, pulled it off, rescuing the pirate Hondo Ohnaka.",https://lumiere-a.akamaihd.net/v1/images/naraka_6589d28f.jpeg,0,locations
64293151d99b54f25a4abbc8,Maz's Castle,"The ancient edifice known as Maz’s castle sits on the shore of a lake on Takodana, a site rumored to have been a battleground for the Jedi and Sith. The castle is simultaneously aged and state of the art, with sensor grids and advanced communications gear sprouting from worn stone battlements. Inside Maz’s castle, pirates, smugglers, spies and all manner of scoundrels mix and mingle, searching for loans, information, equipment, repairs -- or kicking back to enjoy music, food and drink or games of chance. All must obey their host’s prohibitions against politics or war. The First Order raided Takodana shortly before the Battle of Starkiller Base, leaving the castle in ruins and its proprietress indignant.",https://lumiere-a.akamaihd.net/v1/images/maz_s-castle_c40bd1e2.jpeg,0,locations
64293151d99b54f25a4abbc7,Mapuzo safehouse,"A decade into the Empire's rule, the Jedi are no longer venerated peacekeepers, but instead have become transients in desperate need of assistance. Among those empathetic to their plight, the mysterious network known as the Hidden Path has created a secret web of safehouses across the galaxy meant to direct Jedi survivors and Force-sensitive fugitives to freedom. The safehouse on Mapuzo is scrawled with messages from those who have come before, familiar names and phrases of encouragement.",https://lumiere-a.akamaihd.net/v1/images/jabiim-hidden-path-safehouse-main_597a836a.jpeg,0,locations
64293151d99b54f25a4abbc6,Mapuzo,"A world designated for surface mining operations, Mapuzo’s landscape has been carved into tiered steps to gather its shimmering mineral wealth. The Empire prioritizes the extraction of vintrium over the needs of Mapuzo’s people.",https://lumiere-a.akamaihd.net/v1/images/mapuzo-main_514f04e4.jpeg,0,locations
64293151d99b54f25a4abbc5,Mandalore,"A proud world with a rich warrior culture, Mandalore is home to various clans united under Bo-Katan Kryze, wielder of the Darksaber.",https://lumiere-a.akamaihd.net/v1/images/databank_mandalore_01_169_91a551b7.jpeg,0,locations
64293151d99b54f25a4abbc4,Maldo Kreis,"A frozen world of ice and snow, Maldo Kreis' barren wastelands are home to caverns that may make for effective hiding places, but are filled with crawling dangers.",https://lumiere-a.akamaihd.net/v1/images/maldo-kreis-main_6b106bf4.jpeg,0,locations
64293151d99b54f25a4abbc3,Malastare,"Located in the galaxy's Mid Rim, Malastare was the homeworld of the irascible Dugs, who proved loyal but difficult members of the Galactic Republic. The planet's extensive fuel reserves made it vital to the Republic war machine, and it became a critical battlefield during the Clone Wars. As a result of a massive ground battle between the Republic and the Separatists, a monstrous creature known as the Zillo Beast was released in Malastare.",https://lumiere-a.akamaihd.net/v1/images/databank_malastare_01_169_59df245f.jpeg,0,locations
64293151d99b54f25a4abbc2,Malachor Sith temple,"In search of a way to truly defeat the Inquisitors, Kanan Jarrus, Ahsoka Tano, and Ezra Bridger made their way to Malachor. The Sith temple greeted them with it's looming pillars covered in text written in the “old tongue” and Ezra unwittingly opens one of the temple's door when the trio go to inspect them. Upon entering, the rebels discover that the temple was a battlefield and learn that they are not alone. While Ahsoka and Kanan fended off the Inquisitors, Ezra uncovered a Sith holocron containing the knowledge they seek. No one leaves the Sith temple unchanged.",https://lumiere-a.akamaihd.net/v1/images/malachor-sith-temple_1bc752c9.jpeg,0,locations
64293151d99b54f25a4abbc9,Mimban,"Mimban’s valuable minerals have made this muddy world a battlefield since the Clone Wars. Then, the Republic was fighting Separatist droids; now, the Imperial Army seeks to destroy Mimbanese insurgents. After getting kicked out of the Imperial Academy, Han Solo found himself dumped on Mimban as a mudtrooper. While there Han met an Imperial prisoner named Chewbacca, an encounter that would change his life.",https://lumiere-a.akamaihd.net/v1/images/mimban-main_87bee7cc.jpeg,0,locations
64293151d99b54f25a4abbc1,Malachor,"A dark planet with an even darker history, Malachor is a location Jedi are told from a young age to avoid. Home to an ancient Sith temple, it was once the location of a heated battle between Jedi and Sith. Kanan, Ahsoka and Ezra traveled to Malachor in search of knowledge, but were met by evil.",https://lumiere-a.akamaihd.net/v1/images/malachor_ee5a7517.jpeg,0,locations
64293151d99b54f25a4abbbf,Lothal Old Republic Senate Building,"Known for its striking interior mural called New Freedom, the Lothal Old Republic Senate Building was a distinct landmark featuring a towering spire. It was abandoned when the Empire built the Imperial Complex, but came alive once more as the meeting site between the Ghost crew and Senator Gall Trayvis.",https://lumiere-a.akamaihd.net/v1/images/image_520fca11.jpeg,0,locations
64293151d99b54f25a4abbbe,Lothal Jedi Temple,"An ancient building hidden within the planet surface, the Lothal Jedi Temple was discovered by Padawan Ezra Bridger through a connection with the Force. Inside the Temple, he and his Master, Kanan Jarrus, gained new insights into themselves -- thanks to guidance from Yoda, communing from a distant world. There, Yoda gave Ezra a kyber crystal, allowing the boy to construct his first lightsaber.",https://lumiere-a.akamaihd.net/v1/images/image_975ca326.jpeg,0,locations
64293151d99b54f25a4abbbd,Lothal Imperial Factory,"The Lothal Imperial Factory was a byproduct of the Empire's increased presence on the Outer Rim world. The operation utilized citizens as laborers and drew the attention of Grand Admiral Thrawn following reports of poor engineering. It was here that the rebels Kanan Jarrus and Ezra Bridger stole the Empire's plans for a new model TIE fighter -- the TIE defender -- equipped with shields, thanks to the informant, Agent Kallus.",https://lumiere-a.akamaihd.net/v1/images/lothal-imperial-factory_33ae4ece.jpeg,0,locations
64293151d99b54f25a4abbbc,Lothal Imperial airfield,"One of the Empire's many installations on Lothal, the Lothal Imperial airfield is an official training and testing ground for fighters and craft. It is home to the TIE defender elite prototype, a deadly new ship piloted by Vult Skerris.",https://lumiere-a.akamaihd.net/v1/images/lothal-imperial-airfield_94ad76a9.jpeg,0,locations
64293151d99b54f25a4abbbb,Lothal fuel depot,"The Lothal fuel depot was built during the Empire's occupation of the planet. Serving the entire Imperial presence on the planet, its reserves are massive.",https://lumiere-a.akamaihd.net/v1/images/rebels-databank-410-lothal-fuel-depot-main-image_48a7421e.jpeg,0,locations
64293151d99b54f25a4abbba,Lothal Depot,"Lothal Depot was a landing area on the Outer Rim planet. When Princess Leia Organa came to Lothal with three Hammerhead Corvettes meant for the rebellion, she docked in the Empire-controlled area -- and her ships were quickly fit with gravity locks. Only through a clever plot hatched with the Ghost crew were the locks released, and the ships allowed to escape Lothal Depot.",https://lumiere-a.akamaihd.net/v1/images/lothal-depot_4067d8c5.jpeg,0,locations
64293151d99b54f25a4abc06,Rebellion Outpost on Aeos,"After the rise of the First Order, troopers from the new regime ensure that old Rebel Alliance bases and outposts would be of no use to the Resistance fighters.",https://lumiere-a.akamaihd.net/v1/images/rebellion-outpost-on-aeos-main_94d8b439.jpeg,0,locations
64293151d99b54f25a4abbc0,Lotho Minor,"Known also as the Junk World, Lotho Minor is one of the galaxy's dumping grounds. The surface of the planet is covered with refuse, piled over countless generations so that enormous heaps of trash stand as tall as mountains. As the ancient maxim goes, one being's refuse is another's treasure: salvage operations dig through the planet-wide junkyard, looking to reclaim and recondition reusable or obsolete machinery. Huge pools of toxic sludge and the periodic bursts of acid rain make the ruined ecosystem one of the most dangerous in the galaxy.",https://lumiere-a.akamaihd.net/v1/images/databank_lothominor_01_169_f2909fdf.jpeg,0,locations
64293151d99b54f25a4abbca,Mokkotown,"After the fall of the Republic, one of the Techno Union's ipsium mines on Ipsidon was reclaimed as ""Mokkotown."" Named for the nefarious gang boss who took over, Mokko runs the lucrative ipsium refinery with a gang of scrumrats eager to do his bidding in exchange for little more than praise and food rations.",https://lumiere-a.akamaihd.net/v1/images/mokkotown-main_cd4dd6ae.jpeg,0,locations
64293151d99b54f25a4abbcb,Mon Cala,"Also known as Mon Calamari or Dac, Mon Cala is a a beautiful aquatic world filled with lush coral reefs and kelp forests bathed by the light of twin suns.  It is home to the Mon Calamari and Quarren people. The two cultures have long clashed over their differences, but under the rule of the 82nd King of Mon Cala, Yos Kolina, these disputes were kept civil and respectful. His sudden assassination and the arrival of Separatist forces during the Clone Wars tipped the scales to civil war, with the Quarren staging an uprising against the Mon Calamari, backed by Confederacy forces and Karkaradon leader, Riff Tamson. It was up to the Jedi and Republic envoys to help young Prince Lee-Char, heir to the Mon Cala throne, restore peace to the planet.",https://lumiere-a.akamaihd.net/v1/images/databank_moncala_01_169_b5bc76f1.jpeg,0,locations
64293151d99b54f25a4abbcc,Moraband,"An ancient homeworld of the Sith Order, the planet was abandoned after repeated devastation following multiple wars. The red-sands planet is home to the Valley of the Dark Lords, a corridor of ancient monuments that serve as crypts for the Dark Lords of millennia past. The largest monument contains the sarcophagus of Darth Bane, founder of the Rule of Two that helped shape the modern Sith Order. This temple contained a massive execution chamber, where the ancient Sith Lords would sacrifice Jedi prisoners.

Yoda ventured to Moraband near the end of the Clone Wars on a spiritual journey initiated by the disembodied voice of Qui-Gon Jinn. With the guidance of five mysterious Force Priestesses, Yoda was subjected to spiritual trials, facing down illusions of ancient Sith warriors conjured by the Priestesses as well as by the power of the dark side.",https://lumiere-a.akamaihd.net/v1/images/image_99e00bdb.jpeg,0,locations
64293151d99b54f25a4abbdd,Nala Se's private lab,"Secreted away below the watery surface of Kamino, the chief medical scientist Nala Se keeps a private lab known to only a few, including Omega. With a tube system leading directly to a hidden platform for entry and exit, the hidden lab is the perfect place for experimentation. The lab serves as the birth place of Clone Force 99, the site of the testing and augmentation that helps give the elite squad their unique abilities.",https://lumiere-a.akamaihd.net/v1/images/nala-se-s-private-lab-main_daf47e66.jpeg,0,locations
64293151d99b54f25a4abbdc,Nal Hutta,"A ringed, marshy bog planet controlled by the Hutts, Nal Hutta has long been a haven for criminal activity, far from the prying eyes of galactic authorities. Its hot atmosphere is frequently streaked by greasy rain, creating a fetid sauna in which Hutts are most comfortable. Hutt cities are built on what little firm land there is, including the sprawling spaceport market of Bilbousa. A number of floating homes also dot the bayous -- visitors traverse the bogs on repulsorlift fanboats, risking the attention of dragonsnakes and other dangerous creatures.",https://lumiere-a.akamaihd.net/v1/images/databank_nalhutta_01_169_72d58d25.jpeg,0,locations
64293151d99b54f25a4abbdb,Naboo,"An idyllic world close to the border of the Outer Rim Territories, Naboo is inhabited by peaceful humans known as the Naboo, and an indigenous species of intelligent amphibians called the Gungans. Naboo's surface consists of swampy lakes, rolling plains and green hills. Its population centers are beautiful -- Naboo's river cities are filled with classical architecture and greenery, while the underwater Gungan settlements are a beautiful display of exotic hydrostatic bubble technology.",https://lumiere-a.akamaihd.net/v1/images/databank_naboo_01_169_6cd7e1e0.jpeg,0,locations
64293151d99b54f25a4abbda,Mykapo,"Mykapo was the homeworld of Jun Sato, a commander in the rebellion. As the Empire solidified its hold on the planet, the rebels evacuated sympathetic citizens off the world. The Empire later used Sato’s nephew, a young rebel named Mart Mattin, as bait to draw the commander and his fleet out. While neither were captured, and the rebels disabled an Imperial light cruiser in an impressive display of battlefield creativity, the Empire maintained control of Mykapo.",https://lumiere-a.akamaihd.net/v1/images/mykapo_5c4f89e8.jpeg,0,locations
64293151d99b54f25a4abbb9,Lothal Capital City,"Capital City is the bustling hub of Lothal, featuring local merchants, industrial facilities, skyscrapers, and a large citizenry. During the reign of the Empire, Imperial occupation became the norm, with stormtroopers and Imperial officers bringing fear and tyranny to the once peaceful city.",https://lumiere-a.akamaihd.net/v1/images/image_d091f1be.jpeg,0,locations
64293151d99b54f25a4abbd9,Mygeeto,"A frigid Outer Rim planet marked by jagged crystalline landscapes, Mygeeto was the homeworld of the Lurmen and controlled by the InterGalactic Banking Clan. During the Outer Rim Sieges, Ki-Adi-Mundi and clone forces under Commander Bacara battled Separatist droids for control of Mygeeto. When Supreme Chancellor Palpatine issued Order 66, Bacara and his clones shot their Jedi General dead.",https://lumiere-a.akamaihd.net/v1/images/mygeeto-main-image_91c503cc.jpeg,0,locations
64293151d99b54f25a4abbd8,Mustafar,"A tiny, fiery planet in the Outer Rim, Mustafar maintains an erratic orbit between two gas giants. Mustafar is rich in unique and valuable minerals which have long been mined by the Tech Union. Its lava pits and rivers make this planet a dangerous habitat; its natives have burly, tough bodies that can withstand extreme heat. The planet became the backdrop for the fateful duel between Obi-Wan Kenobi and Anakin Skywalker. After the rise of the Empire, captured Jedi were brought to the volcanic world for interrogation and execution.",https://lumiere-a.akamaihd.net/v1/images/databank_mustafar_01_169_5b470758.jpeg,0,locations
64293151d99b54f25a4abbd7,Mount Tantiss,"The majestic peak of Mount Tantiss conceals a secret Imperial base on the world of Wayland — a natural beauty hiding a beastly laboratory. The facility is run by Dr. Royce Hemlock, head of the Empire's Advanced Science Division. Utilizing the cloning technology stolen from Kamino, the group is involved in ghastly human experimentation on clone prisoners and other top-secret initiatives known only to high-ranking Imperials.",https://lumiere-a.akamaihd.net/v1/images/mount-tantiss-main_0ee39403.jpeg,0,locations
64293151d99b54f25a4abbd6,Mos Espa Worker’s District,"In the tumult following the death of Jabba the Hutt, the economically depressed Worker’s District of Mos Espa remains under the control of an Aqualish crime family.",https://lumiere-a.akamaihd.net/v1/images/mos-espa-worker-s-district-main_235b9cbc.jpeg,0,locations
64293151d99b54f25a4abbd5,Mos Espa Grand Arena,"On the outskirts of Mos Espa was an immense venue for watching the popular Boonta Eve Classic Podrace. Over one hundred thousands beings filled the Mos Espa Grand Arena to capacity during the annual event. For a modest fee, spectators could rent hand-held viewscreens which displayed images recorded by fast-flying Podrace holocams tracking the race. The wealthier of Mos Espa's residents and guests could afford private viewing boxes separated from the rest of the rabble.",https://lumiere-a.akamaihd.net/v1/images/databank_monespagrandarena_01_169_ed7e9c8e.jpeg,0,locations
64293151d99b54f25a4abbd4,Mos Espa City Hall,"Compared to Mos Eisley, Mos Espa is a larger, more well maintained city and its city hall reflects a greater sense of civic pride and duty. In the last days of the Empire, the Tatooine hub exists under the guidance of Mayor Mok Shaiz.",https://lumiere-a.akamaihd.net/v1/images/mos-espa-city-hall-main_77a87598.jpeg,0,locations
64293151d99b54f25a4abbd3,Mos Espa,"Mos Espa is one of few port cities on Tatooine. Domed buildings protect the citizens against the glare of the twin suns and the scorching heat. Among the dwellings, workspaces, and commercial operations of many bizarre kinds there are also entertainment areas, including some of colossal scale. The famed Mos Espa Grand Arena can hold an audience almost as large as the city's entire population.  In the time of the Republic, slavery persisted in Mos Espa, though the despicable trade was outlawed elsewhere. The true powers in control of Mos Espa were the Hutt gangsters, who found slavery a useful institution.",https://lumiere-a.akamaihd.net/v1/images/mos-espa-main_9702f604.jpeg,0,locations
64293151d99b54f25a4abbd1,Mos Eisley Mod Parlor,Music blares from the mod parlor on the outskirts of Tatooine. This is where members of the Modifier gang come to upgrade or replace their cybernetic components.,https://lumiere-a.akamaihd.net/v1/images/mos-eisley-mod-parlor-main_b7090359.jpeg,0,locations
64293151d99b54f25a4abbd0,Mos Eisley Cantina,"The Mos Eisley cantina is a dimly-lit tavern known for its strong drinks, hot tunes, and occasional outbreaks of shocking violence. Most star pilots visiting Tatooine spend their downtime in the cantina, making it an ideal spot to hire a starship's crew.",https://lumiere-a.akamaihd.net/v1/images/mos-eisley-cantina-main_4786e80c.jpeg,0,locations
64293151d99b54f25a4abbcf,Mortis,"In an uncharted region of space, Mortis is an ethereal place that defies conventional description. During the Clone Wars, an immense monolith appeared in the Chrelythiumn system, broadcasting an ancient Jedi distress code. Anakin Skywalker, Obi-Wan Kenobi and Ahsoka Tano investigated the kilometers-wide artifact, and were drawn into a paradise realm inhabited by unspeakably powerful Force-wielders. These god-like beings were locked in an eternal struggle for dominance, which made Mortis the fulcrum of the entire galaxy and the Force.",https://lumiere-a.akamaihd.net/v1/images/databank_mortis_01_169_c116d0bf.jpeg,0,locations
64293151d99b54f25a4abbce,Morlana One,"A world under the control of the powerful Corporate Authority, the industrial waterfront cities of Morlana One give way to seedy stretches or ""Leisure Zones"" in where information can be sought without question.",https://lumiere-a.akamaihd.net/v1/images/morlana-one-main_5d5a5db4.jpeg,0,locations
64293151d99b54f25a4abbcd,Morak,"A verdant world with a warm climate, Morak is home to a rhydonium refining facility operated by Imperial remnants.",https://lumiere-a.akamaihd.net/v1/images/morak-main_2ef1b5fc.jpeg,0,locations
64293151d99b54f25a4abbdf,Narkina 5,"A watery world of islands, inlets, and massive lakes, Narkina 5 is also home to a secluded and secretive Imperial prison complex. Inside the seven levels, hundreds of inmates toil on sterile factory floors, producing an array of mysterious widgets at grueling output quotas to power the Imperial war machine.",https://lumiere-a.akamaihd.net/v1/images/narkina-5-main_495a8873.jpeg,0,locations
64293151d99b54f25a4abc07,Reklam Station,"An Imperial salvage yard, Reklam Station was positioned in the atmosphere of the planet Yarma. The Empire used Reklam Station to turn old starships and vessels into scrap, often using slave labor to run its operations. The Ghost crew attempted to steal Y-wings from Reklam, but the mission did not go smoothly, and the station was destroyed.",https://lumiere-a.akamaihd.net/v1/images/reklam-station_a5c15acd.jpeg,0,locations
64293151d99b54f25a4abc38,tibidon carving station,"Ben Kenobi toils at a station where massive flying tibidon sand whales are carved up for their meat. After a long day of such grueling labor, Kenobi makes enough money to survive on Tatooine. The carcass of a massive tibidon sand whale has become a carving station operated by desperate but dedicated workers, who chop up the creature’s meat for sale in the city of Anchorhead.",https://lumiere-a.akamaihd.net/v1/images/tibidon-carving-station-main_03f29978.png,0,locations
64293151d99b54f25a4abc09,Ringo Vinda,"A planet ringed by a massive orbital space station, Ringo Vinda became a battlefield during the Clone Wars, with Republic and Separatist forces fighting corridor by corridor and room by room. The Republic’s bid to retake the station, led by Anakin Skywalker, faltered after the clone trooper Tup killed Jedi General Tiplar. Tup’s bizarre act was noted by the Separatist commander Admiral Trench, who reported it to Count Dooku.",https://lumiere-a.akamaihd.net/v1/images/ACW_IA_114390-resize_6a7d6d59.jpeg,0,locations
64293151d99b54f25a4abc44,Vandor,"An unspoiled frontier world with soaring mountains and endless plains, Vandor is sparsely settled and lacking the technological infrastructure common on other planets. But Vandor’s days as a refuge from the hurly-burly of galactic civilization are numbered: the Empire has a growing presence on the planet.",https://lumiere-a.akamaihd.net/v1/images/vandor-main_c1dfebb0.jpeg,0,locations
64293151d99b54f25a4abc43,Vader’s Castle,"An obsidian tower rising from the lava fields of Mustafar, Darth Vader’s personal redoubt sits above an ancient Sith cave that is a source of malignant power, as well as near the site of the former Anakin Skywalker’s maiming by Obi-Wan Kenobi. These twin connections help Vader channel his rage and pain into a focus for the dark side of the Force. After Vader’s death, the castle has become a pilgrimage site for cultists drawn to the Sith Lord’s legend.",https://lumiere-a.akamaihd.net/v1/images/darth-vader-s-castle-main_a7b5db39.jpeg,0,locations
64293151d99b54f25a4abc42,Utapau,"Ringed by numerous moons, the remote sanctuary of Utapau is a planet pitted with enormous sinkholes. Its windswept surface is dry and desert-like, but deep in the porous crust, at the bottom of the sinkholes are pools of life-giving water. Many of the sinkholes on one of the planet's small continents are lined with intricate cities that stretch deep into caves and crevices beneath the planet's surface, as well as mining operations that seek to uncover valuable minerals from the planet's depths.",https://lumiere-a.akamaihd.net/v1/images/databank_utapau_01_169_14a54eb1.jpeg,0,locations
64293151d99b54f25a4abc41,Umbara,"Umbara, known as the ""Shadow World"" due to the rays of its sun never completely reaching its surface, is perpetually dark. The native wildlife have adapted to survive in such gloom, making the planet perpetually dangerous. Umbara was once part of the Galactic Republic, represented in the Senate by Senator Mee Deechi. Later in the Clone Wars, the planet's loyalty wavered and the natives of Umbara allied themselves with the Separatists, bringing their extremely advanced technology to the Separatist Alliance.",https://lumiere-a.akamaihd.net/v1/images/databank_umbara_01_169_beef68c7.jpeg,0,locations
64293151d99b54f25a4abc40,Tuanul,"One of Jakku’s sacred villages, Tuanul is little more than a few wattle-and-daub huts clustered around a large vaporator cistern. Here, worshippers guided by the Force live simple, self-reliant lives in isolation. That isolation came to an abrupt and brutal end when First Order stormtroopers arrived seeking the retired explorer and spiritual seeker Lor San Tekka.",https://lumiere-a.akamaihd.net/v1/images/tuanul_db112f6f.jpeg,0,locations
64293151d99b54f25a4abc3f,Trask,The moon of Trask orbits the gas giant Kol Iben. Trask's bountiful oceans are trawled by many fishing vessels that haul their cargoes to oceanside ports.,https://lumiere-a.akamaihd.net/v1/images/trask-main_61b08e44.jpeg,0,locations
64293151d99b54f25a4abc3e,Trash incinerator,"The Colossus platform has traded outdated trash compactor technology for the precision of an incinerator. When Torra Doza and Kazuda Xiono try to escape through the incinerator room, they must run for their lives, dodging the searing lasers that threaten to turn them into little more than scorch marks.",https://lumiere-a.akamaihd.net/v1/images/resistance-db-trash-incinerator-main-image_afd945e4.jpeg,0,locations
64293151d99b54f25a4abc45,Var-Shaa,"Var-Shaa is a resource-rich planet in the Mid Rim known for its massive fjordlands and orbiting Imperial dockyard. Once a pivotal waypoint for the Imperial Navy at the height of its power, after the Battle of Endor, the Var-Shaa dockyard fell to a surprise attack by the New Republic, despite a valiant defense by the ISD Overseer and Titan Squadron.",https://lumiere-a.akamaihd.net/v1/images/var-shaa-main_8d0c4ade.jpeg,0,locations
64293151d99b54f25a4abc3d,Toydaria,"Toydaria is a world of fog, swamp, and forest. It played a key stragic role in the Clone Wars, as the planet's king, Katuunko, chose to stay neutral in the ongoing conflict. After a visit from Jar Jar Binks and Bail Organa, however, the king swore allegiance to the Republic, and allowed Toydaria to be used as a halfway point for supply delivery to clones.",https://lumiere-a.akamaihd.net/v1/images/databank_toydaria_01_169_70b20e0e.jpeg,0,locations
64293151d99b54f25a4abc3b,Torra's Quarters,"She may be a racing prodigy, but Torra Doza still spends her downtime relaxing like other teenagers her age. On display inside her quarters are a number of trophies and other trinkets, including a stuffed Ewok, an Ortolan toy, a First Order stormtrooper doll, and a figure in Ubese armor.",https://lumiere-a.akamaihd.net/v1/images/resistance-db-torras-quarters-main-image_cb5d4b9e.jpeg,0,locations
64293151d99b54f25a4abc3a,Tipoca City Training Facility,"After the Clone War ends, the new Empire reappropriates Kamino training facilities to challenge the value of continuing to employ clone soldiers. In the training facility where many rookies proved their worth as cadets for the Republic, Admiral Tarkin uses devious tactics and live rounds to test the clones who remain, including assessing whether or not the unique soldiers in Clone Force 99 can learn to adhere to Imperial protocol.",https://lumiere-a.akamaihd.net/v1/images/tipoca-city-training-facility-main_c2c44514.jpeg,0,locations
64293151d99b54f25a4abc39,Tipoca City,"The central hub of Kamino, Tipoca City serves as the seat of government and the location of the planet's lucrative cloning facilities. With the fall of the Republic, however, Prime Minister Lama Su begins to lose his standing and Imperial soldiers move in to permanently shut down the city.",https://lumiere-a.akamaihd.net/v1/images/tipoca-city-main_f68b446b.jpeg,0,locations
64293151d99b54f25a4abc37,Thrawn's Office,"Grand Admiral Thrawn established a base of operations at the Lothal Imperial Factory, including an office from which he could strategize his next moves. Here, he would often examine art and clues he'd gathered in his quest to destroy the rebellion.",https://lumiere-a.akamaihd.net/v1/images/thrawns-office_d4cbbe06.jpeg,0,locations
64293151d99b54f25a4abc36,Theed Royal Palace,"Overlooking the beautiful cliffs and waterfalls of Naboo’s capital, the Theed Royal Palace is the seat of government for the elected monarchs of the Naboo. The ornate and ancient building is often the ending point for grand parades, but during the Trade Federation’s blockade of the planet it became the site of great oppression until Queen Amidala and her retinue re-captured it for the freedom of her people.",https://lumiere-a.akamaihd.net/v1/images/theed-palace_84f09a19.jpeg,0,locations
64293151d99b54f25a4abc35,The Works,This largely abandoned industrial zone of Coruscant was once a manufacturing powerhouse known throughout the galaxy. The increasing cost of doing business on Coruscant sent the businesses elsewhere and this neglected industrial zone became the perfect spot for secret Sith meetings as they planned their moves in the Clone Wars.,https://lumiere-a.akamaihd.net/v1/images/the-works_d6d20718.jpeg,0,locations
64293151d99b54f25a4abc34,The Titan,"A refueling station in the same design as the Colossus, the Titan is an important military target for the Resistance. By infiltrating the station, Resistance spies can steal valuable tech and parts to keep the Colossus fully operational.",https://lumiere-a.akamaihd.net/v1/images/titan-main_03476015.jpeg,0,locations
64293151d99b54f25a4abc3c,Tosche Station,"Tosche Station is the official name of a power station and general machine shop located on the outskirts of Anchorhead. Once a popular hangout for Tatooine teens, by the final years of the Empire's rule it had seen better days.",https://lumiere-a.akamaihd.net/v1/images/tosche-main_902cf8a6.jpeg,0,locations
64293151d99b54f25a4abc46,Vardos,"Once an independent planet, Vardos was brought under Imperial control shortly after the end of the Clone War. A young Garrick Versio united the Jinata System under the Emperor’s banner, and Vardos became an Imperial utopia. Populated with Imperial installations, training grounds, and military bases, Vardos is also home to millions of loyal citizens. The stunning red soil of Vardos can be seen from space, as can its mountain ranges and oceans. But the planet’s jewel is Kestro, the capital city and Imperial hub. It is also the location of Vardos’ seminal Future Imperial Leaders Military Preparatory School, as well as Jinata Security’s headquarters.",https://lumiere-a.akamaihd.net/v1/images/vardos1_c7bdca8f.jpeg,0,locations
64293151d99b54f25a4abc47,Vargo Spaceport,"Nestled in the Varkana system, the Vargo Spaceport is home to a simple marketplace where newcomers are easy to spot in the sparse crowd.",https://lumiere-a.akamaihd.net/v1/images/vargo-spaceport-main_dc6a55e9.jpeg,0,locations
64293151d99b54f25a4abc48,Varkana,"The vast red planet Varkana is home to the Vargo Spaceport, a trading hub built into the otherwise unforgiving rocky terrain.",https://lumiere-a.akamaihd.net/v1/images/varkana-main_f6013726.jpeg,0,locations
64293151d99b54f25a4abc59,Zygerria,"Zygerria is a picturesque world with fortress-capped mesas that extend above windswept plains. Graceful brezak creatures catch the wind currents and soar effortlessly from butte to butte. The beauty of the planet hides the fact that Zygerria's cities were all built upon the backs of slaves. For thousands of years, Zygerria supplied slave labor the the galaxy; the Zygerrian Slave Empire became wealthy and powerful, as did those who exploited their chained subjects. After the Jedi Knights cracked down on the slave trade, Zygerria diminished. Its old fortresses and slave markets are still impressive edifices, though their luster has faded from time. Some Zygerrians are actively plotting a return to the old ways, and are finding eager allies in the Clone Wars.",https://lumiere-a.akamaihd.net/v1/images/databank_zygerria_01_169_5cdad909.jpeg,0,locations
64293151d99b54f25a4abc58,Zeffo,"A mountainous, water-rich world located in the Outer Rim, Zeffo was once home to a small community of archaeologists and pioneers who ventured there from the core worlds of the Republic. The peaceful community was disrupted and ultimately destroyed when the Galactic Empire rose to power, starting with the pillaging of historical sites and sacred tombs, which ended only after excavations failed to turn up anything of immediate military value.",https://lumiere-a.akamaihd.net/v1/images/zeffo_1b9445c4.jpeg,0,locations
64293151d99b54f25a4abc57,Zanbar,"A moon used by the Mandalorian Death Watch as a temporary base during the Clone War, Zanbar is marked by stretches of swampy vegetation pierced by towering plateaus of striated rock. Death Watch settled a camp here sometime after abandoning a similar base on Carlac. It was on Zanbar that the Shadow Collective masterminded by Darth Maul began to take shape, and representatives from the Pykes and Black Sun convened here to plot their underhanded takeover of Mandalore.",https://lumiere-a.akamaihd.net/v1/images/databank_zanbar_01_100_cea4c007.jpeg,0,locations
64293151d99b54f25a4abc56,Yoda's Hut,"After Darth Sidious defeated the Jedi, Yoda retreated to the remote swamp planet of Dagobah. While in exile, he dwelled in a simple hut he built among the roots of a massive gnarltree. There, among the insects and beasts of the swamp, the great Jedi Master delved into the mysteries of the Force and waited for a new hope of renewal for the Jedi Order.",https://lumiere-a.akamaihd.net/v1/images/yodas-hut_a3d1133d.jpeg,0,locations
64293151d99b54f25a4abc55,Yerbana,"Near the end of the Clone Wars, the Jedi Council is forced to send its generals far from the Core Worlds as distant planets like Yerbana are embroiled in the conflict between the Separatists and the Republic.",https://lumiere-a.akamaihd.net/v1/images/yerbana-main_2ce0da45.jpeg,0,locations
64293151d99b54f25a4abc54,Yeager's garage,"Home to Team Fireball where visitors to and inhabitants of the Colossus can  go for ship repairs. Inside Jarek Yeager's office, mementoes from his past cast the curmudgeonly mechanic in a whole new light. Among his personal possessions are shelves full of gleaming racing trophies, and a holo-photo that flicks between an image of Yeager in a Rebel flight suit celebrating victory at the Battle of Jakku and a portrait with a wife and child he rarely mentions.",https://lumiere-a.akamaihd.net/v1/images/resistance-db-yeagers-garage-main-image_854b64fa.jpeg,0,locations
64293151d99b54f25a4abc53,Yavin 4,"One of a number of moons orbiting the gas giant Yavin in the galaxy’s Outer Rim, Yavin 4 is a steamy world covered in jungle and forest. It was the location of the principal rebel base early in the Galactic Civil War, and the site from which the Rebellion launched the attack that destroyed the first Death Star -- a confrontation known thereafter as the Battle of Yavin.",https://lumiere-a.akamaihd.net/v1/images/databank_yavin4_01_169_b6945e20.jpeg,0,locations
64293151d99b54f25a4abc52,Yarma,"Yarma was a planet shrouded in yellow clouds, and home to Reklam Station -- an Imperial savage yard. The station orbited the planet and sat in its mist, which made scanning of the yard a difficult task.",https://lumiere-a.akamaihd.net/v1/images/yarma_148493f2.jpeg,0,locations
64293151d99b54f25a4abc51,Wynkahthu,"Wynkahthu, not far from Ord Mantell, was a gas giant with turbulent upper atmospheric storms, giving it a yellow appearance from space. An abandoned Imperial cargo ship was left adrift near Wynkahthu, and the Ghost crew, along with pirates Azmorigan and Hondo Ohnaka, went there on a mission to raid its weapons lot.",https://lumiere-a.akamaihd.net/v1/images/wynkahthu_0c317076.jpeg,0,locations
64293151d99b54f25a4abc50,Wren Stronghold,"Clan Wren's base is a stunning, minimalist building made of steel and glass that blends elegantly with snowy Krownest landscape, a testament to Mandalorian adaptability, honor, and design.",https://lumiere-a.akamaihd.net/v1/images/wren-stronghold_3a567cd5.jpeg,0,locations
64293151d99b54f25a4abc4f,world between worlds,"Behind the ancient painting of the Mortis gods on the Lothal Jedi Temple is a world between worlds -- a collections of pathways and doors between time and space. Uncovered by the Empire, the Emperor sought entrance, as access would grant him unimaginable power. But the Padawan, Ezra Bridger, found the key to unlocking the world between worlds first, and would ultimately thwart Palpatine's plans.",https://lumiere-a.akamaihd.net/v1/images/rebels-412-413-databank-world-between-worlds-main-image_9a9a8698.jpeg,0,locations
64293151d99b54f25a4abc4e,Wobani,"A forlorn world in the Mid Rim’s Bryx sector, Wobani is the site of Imperial Detention Center & Labor Camp LEG-817. Jyn Erso is serving a 20-year sentence on Wobani under the alias Liana Hallik when Alliance Pathfinders free her from captivity.",https://lumiere-a.akamaihd.net/v1/images/wobani-main_604c623d.jpeg,0,locations
64293151d99b54f25a4abc4d,White Worms' den,"The White Worms’ lair is a long-abandoned water-processing plant in an industrial area of Coronet City. A maze of tunnels leads to the surface; at their heart is a central cistern with blacked-out windows that protect the Grindalids from the damaging rays of Corellia’s sun. Here, Lady Proxima holds court over her scrumrats.",https://lumiere-a.akamaihd.net/v1/images/solo-db-white-worms-den--main-image_84019d42.jpeg,0,locations
64293151d99b54f25a4abc4c,Wayland,"On the world of Wayland, the Empire has hidden a secret military operation in the peak of Mount Tantiss. Concealed by the jagged landscape, deep underground Imperial scientists are continuing the work that began on Kamino, harnessing a deeper understanding of cloning technology at Emperor Palpatine's behest.",https://lumiere-a.akamaihd.net/v1/images/wayland-main_7f6929d4.jpeg,0,locations
64293151d99b54f25a4abc4b,Vranki's Hotel and Casino,"Since the war erupted, business has been slow at Vranki's Hotel and Casino in the Voxx cluster, where security is enforced by two muscular Kowakian apes in comically small caps. But the Hutt proprietor's luck changes when his old friend Hype Fazon shows up itching to race. Unfortunately for the Rodian flyboy and his friends, the house always wins at Vranki's, and those odds extend to the dangerous race track through a nearby asteroid belt.",https://lumiere-a.akamaihd.net/v1/images/vranki-hotel-and-casino-main_854bbebf.jpeg,0,locations
64293151d99b54f25a4abc4a,Voxx Cluster,"An asteroid field surrounding a floating hotel and casino makes for an enticing and dangerous race course, a proving ground for young pilots who hunger for the thrill of overcoming dismal odds. The cluster is where Ace Pilot Hype Fazon got his start, and as he puts it, here ""You're either a great racer or a goner.""",https://lumiere-a.akamaihd.net/v1/images/voxx-cluster-main_5cbaa137.jpeg,0,locations
64293151d99b54f25a4abc49,Vizsla Keep 09,"Death Watch commander Pre Vizsla built a massive military operation during the Clone Wars, including secret bases spread throughout the galaxy. One such outpost was Vizsla Keep 09, which was hidden in the rings of Phelbos. Darth Maul, who’d assumed control of Mandalore after defeating Vizsla in combat, knew of the fort. During the Clone Wars, he brought Count Dooku and General Grievous to the Keep after capturing them on Ord Mantell; the Republic later tracked Maul there, leading to a battle between clones and Maul's Shadow Collective. Years later, Maul used it as a meeting point with the Ghost rebels, where he would join Sith and Jedi holocrons together to gain secret knowledge.",https://lumiere-a.akamaihd.net/v1/images/vizsla-keep-09_06e8ef60.jpeg,0,locations
64293151d99b54f25a4abc33,The Spire,"Near impenetrable, the Spire is one of the galaxy's most notorious prisons. Sith Lord Darth Sidious used the Spire to hold his former apprentice, Darth Maul, during the Clone Wars; later, the Spire became an Imperial jail, and was blast-proof, ray-shielded, and protected by anti-ship weapons, TIE fighters, and scanners.",https://lumiere-a.akamaihd.net/v1/images/image_97e32494.jpeg,0,locations
64293151d99b54f25a4abc32,The Protectors Camp,"Located on the third moon of the Concord Dawn system, the Protectors Camp was the base of operations for Fenn Rau and his squad of Mandalorian warriors. Dubbed “the Protectors,” they watched over the system from this headquarters. While Rau was honorable, he acted in the name of the Empire thanks to a mutually beneficial agreement. After nearly wiping out the rebels’ Phoenix Squadron, however, the Protectors Camp was infiltrated by the Ghost crew’s Kanan and Sabine -- who destroyed many of the group’s ships before capturing Rau.",https://lumiere-a.akamaihd.net/v1/images/the-protectors-camp_7cb399fb.jpeg,0,locations
64293151d99b54f25a4abc31,The Outlander Club,"A popular gambling den in Coruscant’s lower-level entertainment district, the Outlander Club appealed to wealthy citizens looking to go slumming for an evening and to criminals looking to profit from patrons’ debauched tastes. Anakin Skywalker and Obi-Wan Kenobi tracked the changeling bounty hunter Zam Wesell to the Outlander Club, disarming her and dragging her outside for questioning.",https://lumiere-a.akamaihd.net/v1/images/outlander-club_44eaa3e1.jpeg,0,locations
64293151d99b54f25a4abc30,The Lodge,"A rude, timber-framed hall adorned with animal heads, the Lodge serves the rough-and-tumble settlement of Fort Ypso as saloon, gambling hall, droid-fighting arena and hostel all in one. Adventurous scouts plan explorations at the bar, gamblers seek to reverse their fortunes at the sabacc table, and shadowed alcoves are perfect for conducting illicit business.",https://lumiere-a.akamaihd.net/v1/images/solo-db-the-lodge-main-image_7e189a44.jpeg,0,locations
64293151d99b54f25a4abc1a,Sinta Glacier Colony,"The massive Sinta glacier formed billions of years ago as the heart of a giant comet, and is now mined for valuable trace minerals. Poe Dameron flies the Millennium Falcon into the heart of the Sinta Glacier Colony to retrieve valuable intelligence from Boolio, a mine overseer sympathetic to the Resistance.",https://lumiere-a.akamaihd.net/v1/images/sinta-glacier-colony-main_4d62479b.jpeg,0,locations
64293151d99b54f25a4abc19,Silla,"Life on the temperate world of Silla is usually slow-paced and serene, with villages spread over the soft grasslands. But in the age of the Empire, the arrival of a downed Imperial cruiser and its dangerous cargo brings an end to the culture, with citizens rounded up by soldiers and whisked away from their homes to quell the panic amid the chaos.",https://lumiere-a.akamaihd.net/v1/images/silla-main_4a02b8ae.jpeg,0,locations
64293151d99b54f25a4abc18,Shantipole,"With a violent atmosphere of gas and lightning, Shantipole was avoided by most pilots and practically desolate. That’s what made it the perfect workplace for Quarrie, a master engineer and starfighter designer. It was on Shantipole that he toiled on his creations, far away from the watchful eye of the Empire. After years of work, he created the Blade Wing — a.k.a. the B-wing — and the rebel pilot Hera tested the experimental craft amidst Shantipole’s mountain spires and dactillions.",https://lumiere-a.akamaihd.net/v1/images/shantipole_24049e91.jpeg,0,locations
64293151d99b54f25a4abc17,Serenno,"Located deep within the borders of Separatist space was Serenno, Count Dooku's home planet and site of his ancestral lands. When Dooku turned his back on the Jedi Order, he reclaimed his title, wealth and territory, moving his base of operations to a cliff-side palace with a commanding view of the lush forests of his homeworld. Heavily cordoned by Separatist warships, Serenno was kept insulated from the worst of the Clone Wars battles, giving it a deceptively tranquil air.",https://lumiere-a.akamaihd.net/v1/images/databank_serenno_01_169_0541fc55.jpeg,0,locations
64293151d99b54f25a4abc16,Senate District,"On the highest levels of Coruscant, elected officials from around the galaxy stroll through the Imperial Senate District en route to business appointments and official hearings. The well-manicured section of the capital world is a pristine facade that conceals levels of corruption and greed below.",https://lumiere-a.akamaihd.net/v1/images/senate-district-main_827e117b.jpeg,0,locations
64293151d99b54f25a4abc15,Seelos,"A dusty and remote planet known for it's salty plains, Seelos was the home of Clone Captain Rex, and Clone Commanders Wolffe and Gregor during their retirement. A backdrop of distant blue mountains made up Seelos' landscape as the clones traveled the harsh terrain in their modified AT-TE hunting Joopas below the planet's surface.",https://lumiere-a.akamaihd.net/v1/images/seelos_e9aa0328.jpeg,0,locations
64293151d99b54f25a4abc14,Scipio,"A frigid mountainous world, Scipio houses one of the primary vaults of the powerful InterGalactic Banking Clan, an institution critical to the economic health of the galaxy. During the Clone Wars, former Scipio Senator Rush Clovis discovered that the Banking Clan’s leaders had been funneling money to secret accounts, and the organization was in dire financial straits. Clovis exposed the corruption and became the Banking Clan’s leader, but he had been ensnared in a Sith plot. The Separatists invaded Scipio, leading to a swift Republic counterattack and a Separatist withdrawal. Clovis died in the fighting and Supreme Chancellor Palpatine took over the Banking Clan.",https://lumiere-a.akamaihd.net/v1/images/databank_scipio_01_169_1d105bfb.jpeg,0,locations
64293151d99b54f25a4abc13,Scarif,The planet Scarif would be a beautiful tropical paradise if not for the presence of a major Imperial military installation. Scarif is the principal construction facility for the vast Imperial war machine. The world is enveloped in impenetrable deflector shields and is heavily defended.,https://lumiere-a.akamaihd.net/v1/images/scarif-main-b_f5298baa.jpeg,0,locations
64293151d99b54f25a4abc12,Savareen refinery,"On the off-the-grid planet of Savareen, the Bis Refinery is among the last of the coaxium-processing facilities not under the control of the Empire. Once a prosperous independent factory stripped down and ransacked by Crimson Dawn, the industrial facility is now a shadow of its former self with a complex system of machinery barely maintained through a crude patchwork of scavenged parts. Still, the areas of the plant that have been most completely restored can be used for small batches.",https://lumiere-a.akamaihd.net/v1/images/solo-db-savareen-refinery-main-image_a52543f5.jpeg,0,locations
64293151d99b54f25a4abc11,Savareen,"A planet at one spur of the Kessel Run, Savareen is a world marked by desert landmasses amid huge oceans. The Pnakotic coast is home to an abandoned refinery used by criminals who have smuggled valuable minerals from Kessel.",https://lumiere-a.akamaihd.net/v1/images/savareen-main_3d3f60bc.jpeg,0,locations
64293151d99b54f25a4abc10,Sarlacc Pit,"The Sarlacc rests in the sandy well known as the Great Pit of Carkoon, a sunken beast of enormous size with only its ghastly mouth visible, a beaked maw lined with spiky teeth and well-muscled tentacles. The strange creature's lair was the site of many spectacles for Jabba the Hutt, who entertained himself by forcing prisoners into the pit to be digested, according to local legend, over 1,000 years.",https://lumiere-a.akamaihd.net/v1/images/sarlacc-pit-main_d8851a67.jpeg,0,locations
64293151d99b54f25a4abc0f,Saleucami,"A world of mixed terrain, from dank, swampy environments marked with strange bulbous plant-life, to arid deserts, Saleucami is an Outer Rim planet that remained untouched by the Clone Wars through most of the fighting. The settlers on Saleucami wished to avoid the destruction of warfare, and live out a simple existence at peace, only doing battle with the elements. Unfortunately, combat did come to Saleucami -- it was a major battle site during the Outer Rim Sieges of the Clone Wars -- and even after the end of the Clone Wars, the long arm of Imperial law sought to bring a new order to the once peaceful planet.",https://lumiere-a.akamaihd.net/v1/images/saleucami-main_41b56ea0.jpeg,0,locations
64293151d99b54f25a4abc0e,Ryloth,"Ryloth is the principal planet in the Ryloth system located in the Outer Rim near Tatooine. It is home to the Twi'leks, a humanoid species with two large, fleshy head-tails growing from their skulls. The Twi'leks call these prehensile appendages lekku and can communicate through subtle lekku gestures, although they also speak Twi'leki. During the Clone Wars, scheming Separatist warlords blockaded and invaded Ryloth, hoping to steal its riches. But after the war, dreams of a free Ryloth evaporated under the iron fist of Imperial occupation.",https://lumiere-a.akamaihd.net/v1/images/ryloth-main_72a1cd8c.jpeg,0,locations
64293151d99b54f25a4abc0d,Rugosa,"A neutral moon not far from Toydaria, Rugosa was the intended rendezvous point for Jedi Master Yoda and King Katuunko of the Toydarians during the Clone Wars. There, they were to negotiate a treaty that would transform Toydaria into a key Republic outpost in Hutt Space. Unfortunately, Separatist spies intercepted word of the meeting, and Confederacy warships ambushed Yoda's vessel en route to Rugosa. Yoda survived the attack, reaching Rugosa's surface, and cemented the alliance with the Toydarians.",https://lumiere-a.akamaihd.net/v1/images/databank_rugosa_01_169_cef61f9c.jpeg,0,locations
64293151d99b54f25a4abc0c,Royal Palace of Alderaan,"Stretching into the clean mountain air beyond the central city of Aldera, the Royal Palace of Alderaan is the residence of Queen Breha Organa and her family.",https://lumiere-a.akamaihd.net/v1/images/royal-palace-of-alderaan-main_97f8abf2.jpeg,0,locations
64293151d99b54f25a4abc0b,Rodia,Jungle planet that is home to the Rodian species. Its inhabitants live in domed cities.,https://lumiere-a.akamaihd.net/v1/images/databank_rodia_01_169_6f76b79d.jpeg,0,locations
64293151d99b54f25a4abc0a,Rishi Station,"Rishi Station was a vital Republic listening post during the Clone Wars, located on the barren moon of Rishi. The primary mission of the clones stationed at the base was to monitor transmissions and sound the alarm in the event it was determined that Separatist forces planned to attack Kamino. Early in the war, Separatist Commando droids take control of the base, but a squad of clones recapture the base and alert the Republic to the planned attack.",https://lumiere-a.akamaihd.net/v1/images/rishi-station_2536a9b0.jpeg,0,locations
64293151d99b54f25a4abc1b,Sith Citadel,"Constructed centuries ago, the Sith Citadel broods over the barren plains of Exegol, its gloomy battlements lashed by lightning. Built above abyssal fissures reaching deep into the planet’s crust, the citadel is a locus of Sith power and the heart of Exegol’s sanctuary district.",https://lumiere-a.akamaihd.net/v1/images/sith-citadel-main_fb35abe2.jpeg,0,locations
64293151d99b54f25a4abc08,Rey's Home,"The Jakku scavenger Rey lived in a unique home – an AT-AT walker toppled near the outskirts of the Graveyard of Ships. The walker was once Hellhound Two, from the Imperial Star Destroyer Interrogator; Rey made a home for herself in its former troop compartment. There she cleaned equipment scavenged from the sands, cooked, slept, and dreamt of the day her family would return and take her away from Jakku.",https://lumiere-a.akamaihd.net/v1/images/reys-home_302bcc70.jpeg,0,locations
64293151d99b54f25a4abc1c,Skako Minor,"Any trip to Skako Minor is punctuated by the planet's inscrutable elements, with ships immediately rattled and jostled by the unforgiving atmospheric disturbances upon arrival. In the murky, gaseous atmosphere, blustering winds and occasional electrical storms are hidden among the blinding yellow-hued fog. But rising above this gas layer stands the city of Purkoll.",https://lumiere-a.akamaihd.net/v1/images/skako-minor-main_10443887.jpeg,0,locations
64293151d99b54f25a4abc1e,Skystrike Academy,"One of the galaxy’s many Imperial training outposts, Skystrike Academy was an elite pilot school located in the atmosphere of Montross. Cadets, taught to follow orders no matter what, would train in simulator pods and fly in actual space before graduating to pilot status. Sabine Wren of the Ghost crew went undercover at Skystrike, where she extracted defectors Wedge Antilles and Hobbie Klivian, who would go on to become legendary rebel pilots.",https://lumiere-a.akamaihd.net/v1/images/skystrike-academy_75b26d29.jpeg,0,locations
64293151d99b54f25a4abc2f,the Lars homestead,"Two generations of the Lars family sought to make a living on this hardscrabble farm on Tatooine, spending decades in the unforgiving climate coaxing moisture from the sandy planet's arid skies. Anakin Skywalker visited the farm in search of his mother Shmi, who’d married Cliegg Lars but been kidnapped by Tuskens. Later, Luke Skywalker grew up there, raised by Cliegg’s son Owen and his wife Beru while Obi-Wan Kenobi kept watch from afar.",https://lumiere-a.akamaihd.net/v1/images/the-lars-homestead-main_97f14169.jpeg,0,locations
64293151d99b54f25a4abc2e,The Graveyard of Ships,"After the Battle of Endor, the fragmented Empire made a last stand above the bleak frontier world of Jakku, battling a New Republic task force before retreating into the galaxy’s Unknown Regions. The battle left Jakku’s sands littered with wrecks of starfighters and capital ships from both sides. A generation later, Jakku’s scavengers eked out a living salvaging gear and components from the perilous area, now known as the Graveyard of Ships.",https://lumiere-a.akamaihd.net/v1/images/graveyard-of-ships_6b4a6806.jpeg,0,locations
64293151d99b54f25a4abc2d,The Citadel,"The Citadel was intended as a flawless contingency for an unthinkable problem -- the stark prison was built to hold Jedi, should any in the Order ever turn against the Republic. Constructed 500 years before the Clone Wars, it fell to Separatist control when the planet Lola Sayu was conquered by the Confederacy early in that conflict. The Separatists populated the prison with battle droids, and used it to hold Republic captives. It is an imposing, heavily armed fortress seated atop a monolithic butte.",https://lumiere-a.akamaihd.net/v1/images/databank_thecitadel_01_169_79701389.jpeg,0,locations
64293151d99b54f25a4abc2c,The Armorer's forge,"The Mandalorian method for forging beskar is a closely guarded secret, a skill passed on through generations to keep ancient armor intact and impervious. The Armorer decides what is suitable to forge, and she alone operates the equipment.",https://lumiere-a.akamaihd.net/v1/images/the-armorer-s-forge-main_4453af82.jpeg,0,locations
64293151d99b54f25a4abc2b,The Aces' Lounge,"High up in Doza Tower, the best pilots on the Colossus platform relax in the Aces' Lounge in between races and important security details, keeping a close eye on political dealings and refueling their stomachs before the next assignment.",https://lumiere-a.akamaihd.net/v1/images/resistance-db-aces-lounge-main-image_6a04e9f9.jpeg,0,locations
64293151d99b54f25a4abc2a,Teth,"A jungle planet far from the more commonly traveled hyperspace routes, Teth lies deep in the wilds of Hutt-dominated space. Extending from the dense canopy are enormous mesas, atop which Hutt settlers and other shifty types build sanctuaries. A converted B'omarr monk castle that became a Hutt stronghold was the apparent headquarters of mysterious kidnappers who captured Jabba the Hutt's son during the Clone Wars. When the Republic launched a concerted effort to rescue the Huttlet, they found Separatist forces defending the otherwise abandoned fortress.",https://lumiere-a.akamaihd.net/v1/images/databank_teth_01_169_1a93c9fd.jpeg,0,locations
64293151d99b54f25a4abc29,Tatooine,"Tatooine is harsh desert world orbiting twin suns in the galaxy’s Outer Rim. In the days of the Empire and the Republic, many settlers scratched out a living on moisture farms, while spaceport cities such as Mos Eisley and Mos Espa served as home base for smugglers, criminals, and other rogues. Anakin Skywalker and Luke Skywalker both once called Tatooine home, although across the stars it was more widely known as a hive of scum and villainy ruled by the crime boss Jabba the Hutt.",https://lumiere-a.akamaihd.net/v1/images/tatooine-main_9542b896.jpeg,0,locations
64293151d99b54f25a4abc28,Tarkintown,"Tarkintown was a Lothal slum named for Grand Moff Tarkin. The inhabitants of the makeshift camp were forced from their farms by the Imperial commander; anyone who resisted was arrested for treason. The beleaguered group were grateful for any help they received, especially from a small team of rebels that fought back against the Imperial occupation.",https://lumiere-a.akamaihd.net/v1/images/image_7f54e7b5.jpeg,0,locations
64293151d99b54f25a4abc27,Takodana,"A lush green world in the galaxy’s Western Reaches, Takodana has long served as the base of operations for the diminutive pirate queen Maz Kanata, whose ancient castle is a haven for smugglers, brigands, scouts and spies from numerous worlds. Takodana has been largely spared war over the centuries, remaining neutral as galaxy-ruling regimes come and go around it.",https://lumiere-a.akamaihd.net/v1/images/takodana_37fe9f0e.jpeg,0,locations
64293151d99b54f25a4abc26,Takobo,"Notable for its colorful, beautiful architecture that blended modern and classical sensibilities, Takobo was a peaceful world. It was also home to a large Ithorian population in an area known as Hammertown, where the Empire's Inquisitors would alarmingly track a Force-sensitive baby named Pypey. They would fail to capture the child, however; the Ghost crew rescued Pypey, and Ahsoka Tano fought and defeated the dark-side warriors in the capital city’s streets.",https://lumiere-a.akamaihd.net/v1/images/takobo_4aac4826.jpeg,0,locations
64293151d99b54f25a4abc25,Syndulla Residence,"The home of the Syndullas, including war hero Cham Syndulla and rebel Hera Syndulla, was a beautiful, towering structure that seemingly rose from the plains of the Tann province on Ryloth. During the Empire’s occupation of the planet, Captain Slavin turned the home into an Imperial headquarters. When Hera attempted to recover her family’s Kalikori, a precious Twi’lek heirloom, from the premises, she and fellow rebel Ezra Bridger were captured. Cham agreed to turn himself over in exchange for her daughter and Ezra; ever the freedom fighter, Hera used the prisoner exchange as an opportunity to destroy her own home -- striking at the Empire and earning a rebel victory.",https://lumiere-a.akamaihd.net/v1/images/syndulla-residence_4439a94e.jpeg,0,locations
64293151d99b54f25a4abc24,Sundari,"The domed capital city of the Imperial-occupied Mandalore, Sundari sits in the deserts of the once green-covered world. The city has borne witness to many historic events: the death of Duchess Satine, the rise of Darth Maul as its ruler, and epic battles between clashing Mandalorian clans.",https://lumiere-a.akamaihd.net/v1/images/sundari-main_943c46d8.jpeg,0,locations
64293151d99b54f25a4abc23,Stygeon Prime,"Stygeon Prime is a cold, mountainous world, and near desolate except for the massive tibidees that call it home. Located on Stygeon Prime is one of the galaxy's most fortified prisons: the Spire. During the Clone Wars, Darth Sidious imprisoned his former apprentice, Darth Maul, in the Spire, and the Empire later took control of the feared penitentiary.",https://lumiere-a.akamaihd.net/v1/images/Stigeon-Prime_1ae0f647.jpeg,0,locations
64293151d99b54f25a4abc22,Starkiller Base,"Deep in the Unknown Regions, the First Order constructed a superweapon that used an entire planet as its weapons platform. The deadly Starkiller harvested energy from its system’s star, contained it within magnetic fields inside the planetary core, and then converted that energy into an ultra-powerful beam that blasted through hyperspace, able to sterilize the worlds of a distant star system with a single shot. Starkiller Base’s first shot obliterated the New Republic capital of Hosnian Prime. The planet was then destroyed in a daring Resistance raid.",https://lumiere-a.akamaihd.net/v1/images/starkiller-base_36eb17b3.jpeg,0,locations
64293151d99b54f25a4abc21,Sorgan Common House,Hunters and traders come to the Common House on Sorgan to sip bone broth and locally-made spotchka.,https://lumiere-a.akamaihd.net/v1/images/sorgan-common-house-main_ae4734f5.jpeg,0,locations
64293151d99b54f25a4abc20,Sorgan,"The peaceful planet of Sorgan is a green world dotted by ramshackle villages where farmers spend their days fishing for krill in the wetlands, the sound of their playing children ringing through the air. The world could be a place of respite were it not for Klatooinian raiders who threaten the peace.",https://lumiere-a.akamaihd.net/v1/images/sorgan-main_a175bd85.jpeg,0,locations
64293151d99b54f25a4abc1f,Snoke's Throne Room,"At the heart of the massive Supremacy is a throne room where Supreme Leader Snoke presides over his regime, attended by mute alien navigators and his Elite Praetorian Guard. Both Kylo Ren and General Hux are summoned to “Snoke’s boudoir” to answer to the master of the First Order.",https://lumiere-a.akamaihd.net/v1/images/ep8-ff-006372_a8e2ed94.jpeg,0,locations
64293151d99b54f25a4abc1d,Skara Nal,"Skara Nal is a desolate place, uninhabitable by most sentient beings and creatures of the galaxy. There are no cities or other signs of civilizations on the vast, barren landscape, just fossilized rock and dull stone outcroppings marking the inhospitable resting place of a storied treasure.",https://lumiere-a.akamaihd.net/v1/images/skara-nal-main_3cb7e165.jpeg,0,locations
64293151d99b54f25a4abbb7,Lola Sayu,"The volcanic planet of Lola Sayu appeared a beautiful glowing purple from orbit and was the site of an ancient Jedi prison known as the Citadel. Although the Republic had control of the planet for a time, it switched hands early on during the Clone War conflict and the Separatists used the planet as a prisoner of war camp under the control of Osi Sobeck.",https://lumiere-a.akamaihd.net/v1/images/lola-sayu_e41867d8.jpeg,0,locations
64293151d99b54f25a4abb74,Faos Station,"An orbital outpost, Faos Station is an active hub of freighter and shipping activity.",https://lumiere-a.akamaihd.net/v1/images/faos-station_a078b54f.jpeg,0,locations
64293151d99b54f25a4abbb5,Level 1313,"Coruscant’s Level 1313 – so called because it was 1,313 levels from the planet’s core – was part of the galactic capital’s lawless underworld. Lever 1313 was a haven for bounty hunters, gangsters and other galactic scum, with the strong preying on those struggling to make a living. After she was framed for murder, Ahsoka Tano sought refuge on the lower levels.",https://lumiere-a.akamaihd.net/v1/images/level-13-13_2f6bc832.jpeg,0,locations
64293151d99b54f25a4abb4c,Cid's Parlor,"Amid the refuse specked and graffitied streets of Ord Mantell, Cid operates a dank, underground parlor. Patrons mingle at gaming tables while Cid tends bar, turning away newcomers who look like trouble or don't seem to have credits to spend.",https://lumiere-a.akamaihd.net/v1/images/the-bad-batch-story-gallery-plan-99-09_ace59469.jpeg,0,locations
64293151d99b54f25a4abb4b,Christophsis,"A beautiful jewel of a world with immense crystalline formations, Christophsis was the site of repeated and heated battles in the Clone Wars. A blockade of Separatist vessels trapped a Senate relief mission behind enemy lines, necessitating a special Republic task force with experimental starship technology to scatter the blockade. This precipitated a full scale Separatist invasion of the planet, made possible by a traitor within the clone trooper ranks. In the end, the Republic was able to turn the Separatist invasion, and guard the planet from future incursions.",https://lumiere-a.akamaihd.net/v1/images/databank_christophsis_01_169_2daae94e.jpeg,0,locations
64293151d99b54f25a4abb4a,Central Detention Center,"The Republic Central Judiciary Detention Center was located on Coruscant, and housed political prisoners as well as common criminals. Clone shocktroopers kept order in the sprawling facility, whose inmates during the Clone Wars included Cad Bane, Moralo Eval, Boba Fett, Bossk, Aurra Sing and Ziro the Hutt.",https://lumiere-a.akamaihd.net/v1/images/central-detention-center_962d9a78.jpeg,0,locations
64293151d99b54f25a4abb49,Celsor 3,"The frigid surface of Celsor 3 is an inhospitable but picturesque landscape. On the small, uninhabited, and freezing cold moon, ice pillars majestically dot the landscape, blanketed in fog. The only creature known to survive under such conditions is the mighty jakoosk, a frightening beast with special armored plates that protect its dorsal side from blaster bolts, and a gaping maw snarling from the center of a few spindly legs, perfect for swooping down and snatching hapless creatures up in an instant.",https://lumiere-a.akamaihd.net/v1/images/zro-ff-003086_66fd2940.jpeg,0,locations
64293151d99b54f25a4abb48,Cave of Evil,"Dagobah was one of the purest planets in the galaxy, alive with the Force thanks to its abundant life. One cave in the planet’s swamps roiled with the dark side. During the Clone Wars, the spirit of Qui-Gon Jinn led Yoda to this cave, where Yoda had a vision of Darth Sidious’s triumph over the Jedi. Years later, Luke Skywalker faced his own test in the cave, fighting a saber duel with a spectral Darth Vader whose helmet concealed Luke’s own face.",https://lumiere-a.akamaihd.net/v1/images/cave-of-evil_1a4cb9ab.jpeg,0,locations
64293151d99b54f25a4abb47,Cato Neimoidia,"A weathly Neimoidian colony world, Cato Neimoidia's jewelled palaces and opulent bridge-cities were the pride and joy of Trade Federation barons, who sought constantly to one-up each other and dazzle guests with displays of ostentatious hospitality and luxury living.",https://lumiere-a.akamaihd.net/v1/images/databank_catoneimoidia_01_169_d2b9bb58.jpeg,0,locations
64293151d99b54f25a4abb46,Catacombs of Cadera,"Across the desert from the Holy City lie the ancient Catacombs of Cadera, once the final resting place for adherents of a vanished faith. Saw Gerrera’s partisan militia has set up operations among the bones of the forgotten, using the catacombs as a base for raids against Jedha’s Imperial occupiers.",https://lumiere-a.akamaihd.net/v1/images/catacombs-of-cadera-main_8a7b7732.jpeg,0,locations
64293151d99b54f25a4abb4d,Cloud City,"Suspended high among the pastel clouds of Bespin is a floating metropolis of sophisticated beauty and political freedom. Cloud City exists not only as a mining colony, extracting valuable Tibanna gas from the depths of the giant planet, but also as a sanctuary for those trying to escape the turmoil gripping the galaxy.  Though profitable, Cloud City is small enough not to be noticed by larger authorities such as the Mining Guild. It prospered under the capable stewardship of Baron-Administrator Lando Calrissian. Calrissian, assisted by his aide Lobot, contended with self-sufficiency issues and labor difficulties throughout his brief term.",https://lumiere-a.akamaihd.net/v1/images/databank_cloudcity_01_169_e589ba2c.jpeg,0,locations
64293151d99b54f25a4abb45,Castilon,"Located in the Western Reaches near Takodana, the planet Castilon is dominated by vast oceans. The surface is broken up by the occasional inhabited structures, including for a time the Colossus, a refueling station and home to wannabe racers.",https://lumiere-a.akamaihd.net/v1/images/castilon-main_d217dc4d.jpeg,0,locations
64293151d99b54f25a4abb43,Captain Doza's Office,"Inside Captain Doza's private office, the leader of the Colossus platform hosts private meetings with the First Order and conceals secrets about a past affiliation with the Empire.",https://lumiere-a.akamaihd.net/v1/images/resistance-db-captain-dozas-office-main-image_8c5e9e9f.jpeg,0,locations
64293151d99b54f25a4abb41,Canto Casino,"At the heart of Canto Bight sits the Canto Casino and Racetrack. A fathier racetrack occupies the center of the complex, surrounded by game rooms, restaurants, cabarets and luxury hotels. Fortunes in Cantocoins are won and lost nightly at the casino, a place of soaring dreams and crashing disappointments.",https://lumiere-a.akamaihd.net/v1/images/ep8-056023_r_b9a9488f.jpeg,0,locations
64293151d99b54f25a4abb40,Canto Bight Jail,"Those who run afoul of the law in Canto Bight find themselves awaiting a hearing in the resort city’s jail, located on a hill above Old Town. Incarcerated within are thieves, pickpockets, swindlers and the occasional scoundrel looking for some hours of hassle-free sleep.",https://lumiere-a.akamaihd.net/v1/images/ep8-101538_cd51adb6.jpeg,0,locations
64293151d99b54f25a4abb3f,Canto Bight,"Located on the desert world of Cantonica, Canto Bight is a casino city and playground for the galaxy's ultra-rich. It's a place of both opportunity and high stakes, filled with casinos, racetracks, and other expensive distractions.",https://lumiere-a.akamaihd.net/v1/images/canto-bight_6782d4fa.jpeg,0,locations
64293151d99b54f25a4abb3e,Bright Tree Village,"Built into the majestic trees high above the lush surface of Endor is the Bright Tree Village where the Ewoks of the Bright Tree Village tribe reside. Rope bridges and ladders connect each hut, village building, and watchtower. From the highest perches of the village, the Bright Tree Ewoks stand guard against predators like gorax and condor dragons. Unmarried Ewoks live in the lower huts, helping protect the village from Duloks and others that might do them harm. The more ornate huts are reserved for the village elders and leaders. The Bright Tree Village is where the heroes of the Rebellion were brought after they were captured by a Bright Tree hunting party just before they were adopted by the tribe. After the destruction of the second Death Star, this was the site of much celebrating by the Rebel Alliance.",https://lumiere-a.akamaihd.net/v1/images/databank_ewokvillage_01_169_e8ae9721.jpeg,0,locations
64293151d99b54f25a4abb3d,Bracca,"Decommissioned ships from all over the galaxy are brought to the inhospitable world of Bracca in the Mid Rim to be salvaged, the components sold by the Scrapper Guild to the Empire and used to construct new weapons of war. In the time of the Clone Wars, the planet’s industrial base and close proximity to hyperspace lanes ensured it was the site of several fierce battles as both sides vied for the strategically important world. After the fall of the Republic, the starship graveyard proves useful to rogue clones in need of valuable medical facilities found inside rusted and retired Jedi Cruisers. Former Jedi Padawan Cal Kestis also worked in secret here as a scrapper before he was exposed and forced to flee.",https://lumiere-a.akamaihd.net/v1/images/bracca-main_b8a501e4.jpeg,0,locations
64293151d99b54f25a4abb3c,Bora Vio,"On the foggy world of Bora Vio in the Lido System, scientists once erected a floating cloning facility perfectly concealed in the atmosphere. Long after the building has fallen to disuse, the clone Omega finds herself hiding in the deserted structure, desperately racing down interconnecting catwalks to try to escape the bounty hunter on her tail.",https://lumiere-a.akamaihd.net/v1/images/bora-vio-main_531d819b.jpeg,0,locations
64293151d99b54f25a4abb44,Carlac,"A beautiful, snow-draped world in the Outer Rim Territories, Carlac avoided much of the violence of the Clone Wars. But when the nomadic Death Watch warriors turned it into a camp, the planet and its peaceful Ming Po people faced death and destruction. The cruel Death Watch warriors erected temporary tents next to a Ming Po town, and raided the defenseless village for servants. Chieftain Pieter, leader of the Ming Po, demanded that Death Watch leave Carlac at once, unleashing the cruel temper of Pre Vizsla.",https://lumiere-a.akamaihd.net/v1/images/databank_carlac_01_169_b809dfdf.jpeg,0,locations
64293151d99b54f25a4abb4e,Colossus,"Located on the Outer Rim water planet of Castilon, the Colossus is a dangerous place that tends to attract well-meaning outcasts and more unsavory denizens of far-flung planets alike. Protected by some of the best pilots around, the Aces, elite stars of entertaining and dangerous sky races, the platform is soon infiltrated by the First Order, architects of a larger conflict brewing in the galaxy. But a small band of Resistance sympathizers led by secret spy Kazuda Xiono discover that the platform isn't what it seems.",https://lumiere-a.akamaihd.net/v1/images/resistance-db-colossus-main_756afc59.jpeg,0,locations
64293151d99b54f25a4abb4f,Colossus Marketplace,"The marketplace on the Colossus platform is teeming with merchants, gamblers, and myriad alien species. On a quick stroll through the labyrinthian stalls, you could net you a juicy gorg for lunch or find yourself stumbling into trouble with the wrong crowd and literally carried away.",https://lumiere-a.akamaihd.net/v1/images/resistance-db-marketplace-main-image_b51a65d3.jpeg,0,locations
64293151d99b54f25a4abb50,Concord Dawn,"Concord Dawn was a system under Mandalorian control, led by the legendary warrior Fenn Rau and his group of Protectors. While Rau entered into an agreement with the Empire, he eventually granted the rebels safe passage through the Concord Dawn system.",https://lumiere-a.akamaihd.net/v1/images/concord-dawn_4277a880.jpeg,0,locations
64293151d99b54f25a4abb61,Dassal system,"In the Unknown Regions, something has obliterated the sun that once kept life in the Dassal system thriving, cored entire planets including Najra-Va, and wiped out all inhabitants. The aftermath, discovered by Resistance spies, suggests the First Order is far more destructive than previously imagined.",https://lumiere-a.akamaihd.net/v1/images/dassal-system-main_64c903dc.jpeg,0,locations
64293151d99b54f25a4abb60,Daro,"In the Outer Rim, the forest world of Daro is thought uninhabited, making it a prime location for a secret Imperial military base. Hidden among the mountainous terrain, elite clone commandos are training the next generation of soldiers known as stormtroopers.",https://lumiere-a.akamaihd.net/v1/images/daro-main_ad065701.jpeg,0,locations
64293151d99b54f25a4abb5f,Dantooine,"The site of the first base for the Rebel Alliance, Dantooine is an Outer Rim world, filled with lush forests and green landscapes. The Alliance would later leave Dantooine for a new home in an effort to stay one step ahead of the Empire.",https://lumiere-a.akamaihd.net/v1/images/dantooine_f1c04676.jpeg,0,locations
64293151d99b54f25a4abb5e,Dandoran,"A forested planet in the heart of the Doran system, this lush and watery planet has often been used to conceal cartel smuggling operations.",https://lumiere-a.akamaihd.net/v1/images/dandoran_4173a4f5.jpeg,0,locations
64293151d99b54f25a4abb5d,Daiyu,"A conflicting cacophony of squalor and decadence, Daiyu is a shady world awash in garish lights, corruption, sleaze, and vice. Criminals operate in the open of the urban sprawl, and it is a favored prowling ground of bounty hunters and other killers.",https://lumiere-a.akamaihd.net/v1/images/daiyu-main_6d61b1bf.jpeg,0,locations
64293151d99b54f25a4abb5c,Dagobah,"Home to Yoda during his final years, Dagobah was a swamp-covered planet strong with the Force -- a forgotten world where the wizened Jedi Master could escape the notice of Imperial forces. Characterized by its bog-like conditions and fetid wetlands, the murky and humid quagmire was undeveloped, with no signs of technology. Though it lacked civilization, the planet was teeming with life -- from its dense, jungle undergrowth to its diverse animal population. Home to a number of fairly common reptilian and amphibious creatures, Dagobah also boasted an indigenous population of much more massive -- and mysterious -- lifeforms. Surrounded by creatures generating the living Force, Yoda learned to connect with the deeper cosmic Force and waited for one who might bring about the return of the Jedi Order.",https://lumiere-a.akamaihd.net/v1/images/Dagobah_890df592.jpeg,0,locations
64293151d99b54f25a4abb5b,D'Qar,"A lush world in the Outer Rim, D’Qar is the principal base of General Leia Organa’s Resistance. First surveyed by rebel pilots before the Battle of Endor, the planet’s obscurity and lack of native intelligent life made it a perfect choice when Leia’s new group needed a hidden base of operations. Resistance starfighters launched their attack on Starkiller Base from D’Qar, and were tracked back to the planet by the First Order. The Resistance hastily evacuated, narrowly escaping before the base was leveled by First Order turbolasers.",https://lumiere-a.akamaihd.net/v1/images/d-qar_ddba97b1.jpeg,0,locations
64293151d99b54f25a4abb5a,cyber center,"On the planet Anaxes, the Separatist army operates a specialized cyber center, where a mysterious algorithm seems to have cracked the code to allow battle droids to gain the upper hand on clone troopers on the battlefield.",https://lumiere-a.akamaihd.net/v1/images/cyber-center-main_884cfff1.jpeg,0,locations
64293151d99b54f25a4abb59,Crait Rebel base,"Originally a mining installation, the Crait outpost was transformed into a fortress by anti-Imperial insurgents bankrolled by Alderaan’s Bail Organa. The Rebellion abandoned the base when a change in Imperial patrols endangered it, though Leia Organa and her friends fought a brief skirmish against the Empire there. Leia then tucked Crait’s coordinates away in a file she kept in case of emergencies – a precaution that would one day prove a lifeline for her Resistance.",https://lumiere-a.akamaihd.net/v1/images/last-jedi-databank-crait-rebel-base-main-image_6d71a716.jpeg,0,locations
64293151d99b54f25a4abb58,Crait,"Now uninhabited, Crait is a mineral world dusted by a layer of white salt, reflecting the planet's sunlight. It was once the site of a Rebel Alliance outpost, and has become a haven for the fleeing Resistance forces.",https://lumiere-a.akamaihd.net/v1/images/crait_8878cb62.jpeg,0,locations
64293151d99b54f25a4abb57,Corvus,"A forested planet, Corvus is ruled by the Magistrate Morgan Elsbeth from her well-defended fortress in the city of Calodan. She subjugates her people through fear. Her forces have burned away much of the surrounding forest, plundering the natural resources of the planet.",https://lumiere-a.akamaihd.net/v1/images/corvus-main_4dcceb2e.jpeg,0,locations
64293151d99b54f25a4abb56,Corvax Fen,"One of Mustafar’s few vaguely hospitable places, the Corvax Fen is a bog studded with bleak irontrees, close to the splintered ruins of Darth Vader’s castle. The fen is guarded by a band of cultists devoted to Vader. Amid its swamps, Kylo Ren claims a Sith wayfinder that belonged to his grandfather.",https://lumiere-a.akamaihd.net/v1/images/corvax-fen-main_70216f72.jpeg,0,locations
64293151d99b54f25a4abb55,Coruscant Senate Building,"This dome shaped building located in the heart of Coruscant’s senate district is the home of the Galactic Senate chamber. This is where the Galactic Senate convenes for their meetings and it cuts a massive, rounded silhouette in the Coruscant skyline, visible for kilometers all around.",https://lumiere-a.akamaihd.net/v1/images/coruscant-senate-building_118e5a51.jpeg,0,locations
64293151d99b54f25a4abb54,Coruscant,"Coruscant is the vibrant heart and capital of the galaxy during the age of the Empire, featuring a diverse mix of cultures and citizens spread over hundreds of levels. Once the home of the main Jedi Temple -- the central hub of Jedi training and learning for over a thousand generations and the repository of the Jedi Archives -- these traditions ended when the planet bore witness to Order 66.",https://lumiere-a.akamaihd.net/v1/images/coruscant-main_4f0cf6a7.jpeg,0,locations
64293151d99b54f25a4abb53,Coronet Spaceport,"A sprawling coastal facility, Coronet Spaceport handles civilian, commercial and military traffic in and out of Corellia. The centuries-old facility is primarily staffed by Corellian Security Forces, but Imperial officers and stormtroopers carefully monitor activity. Desperate travelers lacking the right documentation sometimes seek extra-legal ways to get offworld.",https://lumiere-a.akamaihd.net/v1/images/solo-db-coronet-spaceport-main-image_aa7e9135.jpeg,0,locations
64293151d99b54f25a4abb52,Corellia,"An ancient world in the galactic Core, Corellia is known for its people’s wanderlust and its massive shipyards. Corellia played a key role in the expansion of galactic civilization, but that was thousands of years ago. It’s now a faded industrial planet exploited by the Empire to build TIE fighters and Star Destroyers, while its formidable dockyard facilities are retrofitted to destroy all evidence of the Separatist forces. Corellians not born with money or influence hope to escape their homeworld in search of a better life.",https://lumiere-a.akamaihd.net/v1/images/corellia-main_621fbca8.jpeg,0,locations
64293151d99b54f25a4abb51,Concordia,Moon of Mandalore governed by Pre Vizsla. It was a mining settlement where the warriors of Mandalore had been sent in exile.,https://lumiere-a.akamaihd.net/v1/images/databank_concordia_01_169_ea34eb0d.jpeg,0,locations
64293151d99b54f25a4abb3b,Bogano,"A remote planet located in the Outer Rim, Bogano remains a largely unexplored world due to the fact that it’s missing from most modern maps.

With a surface dominated by vast mesas and sprawling wetlands, it is said the world was once the home of a quixotic Jedi Master and holds many as yet undiscovered secrets.",https://lumiere-a.akamaihd.net/v1/images/bogano_fadcba50.jpeg,0,locations
64293151d99b54f25a4abb62,Dathomir,"A remote planet, Dathomir is drenched in blood-red light from its central star. The planet has continents overrun by twisted vegetation, with forests of bent trees burdened by large, cocoon-like fruit. Bordering dense swamplands is the massive stone fortresses of the Nightsisters, a witch clan. The Nightsisters kept to themselves, but had on occasion been known to offer their services to those who piqued their interests. Far from the Nightsisters lived the Nightbrothers -- a tattooed clan of Zabrak warriors were subservient to their female counterparts.",https://lumiere-a.akamaihd.net/v1/images/databank_dathomir_01_169_304c5db2.jpeg,0,locations
64293151d99b54f25a4abb3a,Boba Fett’s Palace,"Once the home of Jabba the Hutt, Boba Fett claimed the Hutt's throne and his fortress to set up his own headquarters on Tatooine after the fall of the Empire. There, Fett receives guests and accepts tribute in the throne room with Fennec Shand by his side.",https://lumiere-a.akamaihd.net/v1/images/jabba-s-palace-main_7f0e8594.jpeg,0,locations
64293151d99b54f25a4abb38,Bespin,"Secluded from galactic turmoil by its location in a little-visited sector of space, Bespin is an astrophysical rarity. An immense gas giant surrounded by a number of moons, the planet contains a band of habitable atmosphere among its endless clouds. In this stratum of life, enterprising prospectors have established floating mining complexes devoted to extracting valuable gasses from deep within the planet. The most well known of these ventures is the opulent Cloud City, formerly under the administration of Lando Calrissian. During the tail end of the Galactic Civil War, the Empire garrisoned Bespin and took over Cloud City, though the outpost and the planet enjoyed freedom after the defeat of the Emperor at the Battle of Endor.",https://lumiere-a.akamaihd.net/v1/images/Bespin_2d0759aa.jpeg,0,locations
64293151d99b54f25a4abb22,Anchorhead general store,"Settlers in the outlying lands of Mos Eisley make regular treks into town to pick up supplies from the reliable Anchorhead General Store. In his youth, Luke Skywalker often raced ahead of his uncle on such visits, eager to look at whatever new technological wares may have arrived since their last visit.",https://lumiere-a.akamaihd.net/v1/images/anchorhead-general-store-main_25c97357.jpeg,0,locations
64293151d99b54f25a4abb21,Anchorhead,"A small, quiet town on Tatooine, Anchorhead is made up mostly of settlers and farmers who have banded together to form a tight-knit community.",https://lumiere-a.akamaihd.net/v1/images/anchorhead-main_2153c70c.jpeg,0,locations
64293151d99b54f25a4abb20,Aleen,"A rocky, temperate world found in the Mid Rim of the galaxy, the planet Aleen is known for its friendly, boisterous natives, the Aleena, who have traveled throughout the galaxy. Beneath Aleen's ground are other civilizations, unknown to the surface world or to the Republic. A series of devastating groundquakes suffered by the planet during the Clone Wars exposed passageways that connected the exterior and interior worlds.",https://lumiere-a.akamaihd.net/v1/images/databank_aleen_01_169_40bcb2df.jpeg,0,locations
64293151d99b54f25a4abb1f,Aldhani,"A world of lush, green highlands and sparkling, clear waterways, Aldhani has been occupied by the Empire for over a decade. Beneath the surface, a cultural clash is brewing. While the native Dhanis revere the lands and valleys as sacred, the Empire values the territory for tactical advantage, and has displaced many of the locals and deterred their most sacred rituals.",https://lumiere-a.akamaihd.net/v1/images/aldhani-main_71e8062e.jpeg,0,locations
64293151d99b54f25a4abb1e,Alderaan,"If ever one needed an example of the irredeemable evil of the Empire, look no further than the shattered remains of Alderaan. A peaceful world of lush valleys and snow-capped mountains, Alderaan was once regarded for its natural beauty, its tranquility, and the sophistication of its arts and culture. Before the Imperial uprising, Alderaan was represented in the waning days of the Republic by such venerated politicians as Bail Organa. In fact, Alderaan was one of the earliest supporters of the Alliance to Restore the Republic, though its officials prudently kept all ties to the Rebellion secret. Despite such discretion, the Empire knew it to be a haven of rebel activity, making it a target of reprisal as soon as the Death Star was operational.",https://lumiere-a.akamaihd.net/v1/images/alderaan-main_f5b676cf.jpeg,0,locations
64293151d99b54f25a4abb1d,Aldera spaceport,"As the bustling capital city of Alderaan, Aldera includes modern and well-maintained port facilities, such as private landing platforms dedicated to the arrival of royal visitors and returning dignitaries.",https://lumiere-a.akamaihd.net/v1/images/alderaan-royal-speeder-main_e6d0c056.jpeg,0,locations
64293151d99b54f25a4abb1c,Ajan Kloss Resistance Base,"Prior to the outbreak of the Galactic Civil War, Alderaanian scouts charted Ajan Kloss as a potential home for the Rebel Alliance. Under the tyranny of the First Order, General Leia Organa returns to the lush forest planet to bring the last remnants of the cause together.",https://lumiere-a.akamaihd.net/v1/images/ajan-kloss-resistance-base-main_58e2218a.jpeg,0,locations
64293151d99b54f25a4abb23,Archeon Nebula,"A fiery mass of forming stars, the Archeon Nebula is beautiful yet extremely dangerous. Passing ships often burn up within minutes upon entering, with the heat literally peeling craft apart. The Ghost crew and Gold Squadron navigated the Archeon Nebula, while battling TIE fighters, in order to deliver Mon Mothma to a pivotal meeting.",https://lumiere-a.akamaihd.net/v1/images/archeon-nebula_8421844d.jpeg,0,locations
64293151d99b54f25a4abb1b,Ajan Kloss,"Originally scouted as a potential site for a Rebel Alliance base, at the behest of General Leia Organa Ajan Kloss served as a secluded outpost after the Battle of Endor, becoming a training ground for the Jedi Luke Skywalker. Years later, it serves a similar function as home of Resistance fighters and a place for Rey to continue her training.",https://lumiere-a.akamaihd.net/v1/images/ajan-kloss-main_1cbd44e9.jpeg,0,locations
64293151d99b54f25a4abb19,Ahch-To Jedi Temple,"The first temple of the Jedi Order sits atop Ahch-To’s sacred island, high above the surrounding sea. The temple has been worn away by wind and time, but a visitor will still find mosaics depicting the first Jedi and an ancient meditation ledge. This spot is where Rey takes her next steps into a larger world.",https://lumiere-a.akamaihd.net/v1/images/ep8-231017_r_e829cffb.jpeg,0,locations
64293151d99b54f25a4abb18,Ahch-To,"An uncharted world located deep in the galaxy’s Unknown Regions, Ahch-To is the world where the Jedi Order was founded, and its sacred island is the site of the first Jedi Temple. Luke Skywalker discovered the lost world after a long search, and chose it as his place of exile – only to have Rey find her way to his lonely island.",https://lumiere-a.akamaihd.net/v1/images/ahch-to-db-main_d13ac48c.jpeg,0,locations
64293151d99b54f25a4abb17,Agamar,"A barren world of frost and rock, Agamar was the site of a Clone Wars battle between the Republic and Separatists. Years after the end of the war, Clone War veteran Captain Rex and a band of rebels visited the planet searching for weapons, and encountered a still-active reserve of Separatist droids. The Super Tactical Droid commander demanded they have one last battle to decide the war, but the groups ultimately joined forces to take on a common enemy: the Empire.",https://lumiere-a.akamaihd.net/v1/images/agamar_9044714e.jpeg,0,locations
64293151d99b54f25a4abb16,Aeos Prime,"After scouring the Outer Rim territories, the Colossus finds a new home on the planet Aeos Prime. But among the shimmering caverns and outcroppings are remnants of another society and a deadly visit from the First Order.",https://lumiere-a.akamaihd.net/v1/images/aeos-prime-main_1af6e847.jpeg,0,locations
64293151d99b54f25a4abb15,Abafar,"A remote world in the Outer Rim Territories, Abafar is scarcely populated. It is dominated by vast stretches of featureless desert under oppressive orange skies. The strange regolith that covers the surface twists light in such a way as to obscure shadows and leave no tracks. Particulates in the atmosphere cause the sunlight to diffuse into a uniform orange glow, so it is nearly impossible to tell direction or time of day. The huge stretches of featureless expanse are known as The Void. Pons Ora is one of the few settlements on Abafar, and it is the site of a Rhydonium mining installation operated by the Separatists during the Clone Wars.",https://lumiere-a.akamaihd.net/v1/images/databank_abafar_01_169_475b5d42.jpeg,0,locations
64293151d99b54f25a4abb14,79's,"79’s was a bar located on Coruscant, particularly popular with clone troopers. While off duty, Republic soldiers would gather at the cantina to relax, drink, and blow off steam, often making rowdy toasts. When clone trooper Fives uncovered the conspiracy of Order 66, he went to 79’s in search of fellow soldier Kix, knowing that’s where his friend would most likely be.",https://lumiere-a.akamaihd.net/v1/images/image_7f322dba.jpeg,0,locations
64293151d99b54f25a4abbb6,Lira San,"The rumored original homeworld of the Lasat, Lira San could only be located through an ancient ritual. It remained hidden behind a powerful energy anomaly, and once the ritual was complete, only a Lasat bo-rifle could lead the way and complete the journey. The rebel Zeb, along with Lasat survivors Gron and Chava, united to discover Lira San -- a place where their people could rebuild and prosper.",https://lumiere-a.akamaihd.net/v1/images/lirasan_95881465.jpeg,0,locations
64293151d99b54f25a4abb1a,Ahch-To Mirror Cave,"Ahch-To’s Jedi temple is a concentration of light, but one balanced by a place that’s strong with the dark side of the Force: a cold and forbidding sea cave near the heaving sea. Rey is drawn to this dangerous nexus, which tempts her with the promise of hidden knowledge.",https://lumiere-a.akamaihd.net/v1/images/last-jedi-databank-ahch-to-mirror-cave-main-image_e16a6e7a.jpeg,0,locations
64293151d99b54f25a4abb24,Armorer's workshop,"The Armorer's workshop on the planet Nevarro is tucked away deep underground in the passageways of the sewer system. Marked by a beskar mythosaur skull, here a clan of Mandalorians gather in secret.",https://lumiere-a.akamaihd.net/v1/images/armorer-s-workship-main_7d40ad3e.jpeg,0,locations
64293151d99b54f25a4abb25,Arvala-7,"On the frontier world of Arvala-7, the cracked landscape of hardened mud gives way to dust clouds and viscous mud flats. The planet is sparsely populated, but intrepid vapor farmers eke out a meager living, trading with Jawa settlers.",https://lumiere-a.akamaihd.net/v1/images/arvala-7-main_c0f2284a.jpeg,0,locations
64293151d99b54f25a4abb26,Ashas Ree,"At first glance the lush green vistas of Ashas Ree seem exotic and inviting, but the planet harbors an ancient and dark history. The recent excavation of an old Sith temple has sent the local villagers fleeing in fear, and the destructive power of the dark side ripples from the sacred site like a beacon of doom. Before making a hasty departure, villagers left behind warnings to any visitors who might mistake the beautiful landscape for a welcoming retreat. ""Beware. Evil. Get Away.""",https://lumiere-a.akamaihd.net/v1/images/zro-ff-003387_29dc5bc0.jpeg,0,locations
64293151d99b54f25a4abb37,Ben Kenobi’s cave,"Not far from the Lars homestead, Ben Kenobi makes his home in a cave. For the most part, Kenobi keeps a respectful distance, monitoring Luke Skywalker as he grows. The shelter provides meager comforts, but its security is maintained by a submerged perimeter scanner that alerts the former Jedi of unexpected guests.",https://lumiere-a.akamaihd.net/v1/images/ben-kenobi-s-cave-main_cb038cbc.jpeg,0,locations
64293151d99b54f25a4abb36,Beggar's Canyon,"A winding stretch of dried riverbed that carves its way through the Tatooine landscape, Beggar's Canyon has long served as a proving ground for podracer and skyhopper pilots looking to show off their skills.",https://lumiere-a.akamaihd.net/v1/images/beggar-s-canyon-main_482c4741.jpeg,0,locations
64293151d99b54f25a4abb35,Batuu,"Batuu was once a thriving stop for traders and travelers before advancements in lightspeed technology. Now its lush forests and majestic mountain regions are known only to those who dare to venture this far into the Outer Rim. At the infamous Black Spire Outpost, smugglers and rogues peddle their wares among the towering remains of petrified trees while the locals cook up exotic dishes and spin tales of ancient settlers long forgotten. Recently, the struggle between the First Order and the Resistance has made its way to this remote locale, once a haven for those hoping to avoid entanglements with the First Order.",https://lumiere-a.akamaihd.net/v1/images/batuu-main-2_af643f4a.jpeg,0,locations
64293151d99b54f25a4abb34,Base One,"Some time after abandoning Dantooine, Alliance High Command transferred operations to a new headquarters on the jungle moon of Yavin 4. There, stone temples built by a now-vanished species have been transformed into hangars, barracks and a command center. From Base One, as the Massassi site is known, rebel leaders direct the fight against the Empire.",https://lumiere-a.akamaihd.net/v1/images/rebel-massassi-outpost-main_6f7094bd.jpeg,0,locations
64293151d99b54f25a4abb33,Barton IV,"The icy world of Barton IV is home to an Imperial depot but little else. On the desolate and forgotten world, the elements, natural predators, and local raiders conspire to eliminate the soldiers guarding the outpost, with the latter prepared to take supplies and other cargo for themselves.",https://lumiere-a.akamaihd.net/v1/images/barton-iv-main_39ec85bb.jpeg,0,locations
64293151d99b54f25a4abb32,barren moon,"On a nameless moon not far from Jabiim, Darth Vader and Ben Kenobi meet for a critical duel. The satellite of rocky spires and yawning crevasses becomes a historic site, as the former Jedi master emerges victorious and accepts that his friend, Anakin Skywalker, is truly gone.",https://lumiere-a.akamaihd.net/v1/images/barren-moon-main_47cb861e.jpeg,0,locations
64293151d99b54f25a4abb31,Bardotta,"During the Clone Wars, Bardotta was the setting of a dark mystery. Previously a peaceful world, the planet’s spiritual leaders began to vanish without warning. Queen Julia of the Bardotta requested that the Senate send Jar Jar Binks to investigate -- but no Jedi due to a long-standing mistrust of the Order. When Jedi first began inducting Bardottan children into the Order, they were branded as thieves. Ultimately, Mace Windu accompanied Binks, and together they discovered the evil parties behind the disappearances.",https://lumiere-a.akamaihd.net/v1/images/image_d998e316.jpeg,0,locations
64293151d99b54f25a4abb30,Balnab,"Not far from Patitite Pattuna, the planet Balnab is a primitive world, made of a stellar remnant still in the early stages of its development. In its relatively recent past, an alien starship crashed on the planet, and the surviving crew became the lone intelligence on the primeval world. Intelligence is a relative term, of course. The Balnab denizens were hoodwinked into cowing before the towering holographic form of Albee Dewaw, the iron-fisted dictator of Balnab. During one of their misadventures of the Clone Wars, C-3PO and R2-D2 revealed the truth behind Albee Dewaw to the stunned Balnab dwellers.",https://lumiere-a.akamaihd.net/v1/images/databank_balnab_01_169_2efe413b.jpeg,0,locations
64293151d99b54f25a4abb2f,Balmorra,"The isolated world of Balmorra makes it ideal for the Empire's use as a prison camp, reusing land that once served the Separatists as droid factories during the Clone Wars conflict.",https://lumiere-a.akamaihd.net/v1/images/balmorra-main_a886cbd5.jpeg,0,locations
64293151d99b54f25a4abb2e,Bahryn,"An icy moon of Geonosis, Bahryn was a barren, frigid world -- a stark difference to the arid planet it orbited. Only life forms adaptable to extreme cold, such as the massive bonzami, could survive its freezing temperatures. The rebel Zeb and the ISB agent Kallus crash landed on Bahryn, and had to work together to survive its harsh conditions.",https://lumiere-a.akamaihd.net/v1/images/bahryn_f2d793df.jpeg,0,locations
64293151d99b54f25a4abb2d,Babu Frik’s workshop,"Located in the heart of Kijimi City’s Thieves Quarter, Babu Frik’s workshop is a squat blockhouse overflowing with gear and droid parts. People from all across Kijimi City come to the workshop to do business with Babu, but he only performs “special modifications” for his patrons, the Spice Runners, who have made him an honorary member.",https://lumiere-a.akamaihd.net/v1/images/babu-frik-s-workshop-main_dda0f457.jpeg,0,locations
64293151d99b54f25a4abb2c,Aynaboni,"The tranquil beaches of Aynaboni are perfect for relaxing and fishing in the glistening waters, as long as one doesn't disturb the wildlife.",https://lumiere-a.akamaihd.net/v1/images/aynaboni-main_7e718671.jpeg,0,locations
64293151d99b54f25a4abb2b,Aunt Z's Tavern,"On the Colossus platform, Aunt Z runs the most popular eatery around with prime views on race days and relaxing games to pass the time. When mechanics and pilots need a change of scenery and camaraderie on their down time, this is their top choice for a hang out.",https://lumiere-a.akamaihd.net/v1/images/resistance-db-aunt-z-tavern-main-image_f866cfea.jpeg,0,locations
64293151d99b54f25a4abb2a,Atollon,"A remote world of rock, the rebellion sought to establish a secret base on Atollon. But the planet was not as devoid of life as originally believed. Giant, multi-legged, spider-like creatures called krykna lived below the surface. They were aggressive beasts and relentlessly attacked the rebels. Eventually, the freedom fighters were able to repel the krykna using sensor markers and could keep their new home base.",https://lumiere-a.akamaihd.net/v1/images/atollon_2b7a5ec2.jpeg,0,locations
64293151d99b54f25a4abb29,Asteroid Field,"Asteroid fields, consisting of asteroid clusters of varying size, can be found throughout the galaxy, including the Hoth system. Due to their unpredictability, asteroid fields are near impossible to navigate in a starship. However, certain creatures have been known to live on or inside the rocks themselves, and bases like Fort Anaxes have been built on larger masses.",https://lumiere-a.akamaihd.net/v1/images/image_0cf9f654.jpeg,0,locations
64293151d99b54f25a4abb28,Asteroid Belt Gas Refinery,"Built on a small planetoid, the Asteroid Belt Gas Refinery operated in league with the Empire. Mining boss Yushyn led the operation with an unrelenting fervor; when massive purrgil creatures would come near the gas, he ordered his men to destroy them. Ultimately, the Ghost crew found the facility, stole its fuel for the rebellion, saved the purrgil, and destroyed the complex.",https://lumiere-a.akamaihd.net/v1/images/asteroid-belt-gas-refinery_8fa2f384.jpeg,0,locations
64293151d99b54f25a4abb27,Ashas Ree Temple of the Force,"Like a tomb, the Temple of the Force on Ashas Ree is a quiet and venerable place strong with the Force. Treasure hunter Mika Grey recently unearthed a Sith temple below, sending the local villagers who made their home at the surrounding outpost fleeing. Now the ruins seem to be abandoned, save for the far-off whisper of an old woman distantly beckoning from inside. Deep at the heart of the temple, an ancient Sith relic thrums to life.",https://lumiere-a.akamaihd.net/v1/images/zro-ff-003395_3d090a05.jpeg,0,locations
64293151d99b54f25a4abb39,Black Spire Outpost,"The largest settlement on the planet Batuu, Black Spire Outpost is an infamous stop for traders, adventurers, and smugglers traveling around the Outer Rim and Wild Space. Off the beaten path, this outpost has become a haven for the galaxy’s most colorful — and notorious — characters. Widely known for the petrified remains of its once towering ancient trees, the spires now stand guard across the river valleys and plains and have long captured the imagination of travelers to this planet. To the first settlers, these petrified spires became more than just landmarks; they became the heart of the outpost itself.",https://lumiere-a.akamaihd.net/v1/images/black-spire-outpost-main_38680a60.jpeg,0,locations
64293151d99b54f25a4abb63,Death Star,"The Death Star was the Empire’s ultimate weapon: a moon-sized space station with the ability to destroy an entire planet. But the Emperor and Imperial officers like Grand Moff Tarkin underestimated the tenacity of the Rebel Alliance, who refused to bow to this technological terror…",https://lumiere-a.akamaihd.net/v1/images/Death-Star-I-copy_36ad2500.jpeg,0,locations
64293151d99b54f25a4abb42,Cantonica,"Located in the Corporate Sector, Cantonica would be just another forlorn, beige desert planet if not for the presence of the ultra-wealthy resort city of Canto Bight, which draws well-heeled tourists and high-rolling gamblers from across the galaxy.",https://lumiere-a.akamaihd.net/v1/images/ep8-ff-004338_6dd8c0f4.jpeg,0,locations
64293151d99b54f25a4abb65,Devaron,"The jungle planet of Devaron is home to the humanoid, horned Devaronian species. During the Clone Wars it was home to an outpost of the Galactic Republic as well as the Jedi Temple of Eedit. Cad Bane as well as Separatist forces attacked the planet and its inhabitants during the war and Sith assassin Savage Opress attacked the Temple during that time as well.",https://lumiere-a.akamaihd.net/v1/images/devaron_ce8f7084.jpeg,0,locations
64293151d99b54f25a4abb9f,Jundland wastes,"Not to be traveled lightly, the Jundland Wastes is where rugged mesas meet the endless Dune Sea on Tatooine.",https://lumiere-a.akamaihd.net/v1/images/jundland-wastes-main_bfbc53f5.jpeg,0,locations
64293151d99b54f25a4abb9e,Jedi texts,"The fabled founding texts of the Jedi Order were sheltered from Ahch-To’s weather by the huge trunk of a once-mighty uneti tree. This collection of ancient tomes was painstakingly assembled by Luke Skywalker, but became a burden and a torment to him. Luke vowed to burn down the library, but repeatedly found himself unable to do so – until Yoda’s spirit called down lightning to do it for him. Luke didn’t know the library was empty: Rey had already spirited the Jedi texts to safety aboard the Millennium Falcon. She then studied them as part of her own training, learning of techniques such as Force healing and the existence of secret worlds such as Exegol.",https://lumiere-a.akamaihd.net/v1/images/jedi-texts-main_7eaa62ab.jpeg,0,locations
64293151d99b54f25a4abb9d,Jedi Temple,"Instantly recognizable by its distinctive crown of five spires, the Jedi Temple was the home of the Jedi Order on Coruscant. Part school and part monastery, the Jedi Temple was the central hub for all Jedi activities in the galaxy. When Supreme Chancellor Palpatine enacted Order 66, clone troops led by the newly risen Darth Vader attacked the temple, massacring its inhabitants and leaving the structure badly damaged. With the Empire triumphant, the Jedi Temple’s spires still rose into the Coruscant skies. But the building was now the Imperial Palace, home to the Sith Lord who had destroyed the Jedi.",https://lumiere-a.akamaihd.net/v1/images/databank_jeditemple_01_169_1b756b23.jpeg,0,locations
64293151d99b54f25a4abb9c,Jedha,"A small desert moon frosted by a permanent winter, Jedha is home to one of the first civilizations to explore the nature of the Force. At one time a world important to the Jedi Order, Jedha serves as a holy site for pilgrims from across the galaxy who seek spiritual guidance. Now, the Empire occupies Jedha, and a prolonged battle between Imperial forces and scattered Rebels carries on in the timeworn streets.",https://lumiere-a.akamaihd.net/v1/images/jedha-main-image_4e3dd512.jpeg,0,locations
64293151d99b54f25a4abb9b,Jalindi Station,"Jalindi Station is a massive relay dish developed the Empire. It amplifies and boosts communications, allowing the Empire to disseminate information and monitor transmissions on a grand scale.",https://lumiere-a.akamaihd.net/v1/images/jalindi-station_5fce2c51.jpeg,0,locations
64293151d99b54f25a4abb9a,Jalindi,"Jalindi is a world covered in rock, blanketed in thick mist. Navigating the planet surface is difficult, and with its mountain spikes, potentially lethal. Jalindi is the site of an Imperial relay dish that amplifies the Empire's communications.",https://lumiere-a.akamaihd.net/v1/images/jalindi_9fddde78.jpeg,0,locations
64293151d99b54f25a4abb99,Jalath,"Jalath is a city on Lothal and home to an Imperial facility, erected after the Empire's occupation of the planet. The installation is often a target of the Ghost crew of rebels.",https://lumiere-a.akamaihd.net/v1/images/jalath_ed2d500c.jpeg,0,locations
64293151d99b54f25a4abba0,Kachirho,"This coastal city on the planet Kashyyyk was the site of intense fighting between the Republic forces and Separatists. The Wookiee forces stationed in the city of Kachirho are led by chieftan Tarfull. Its placement on the coast made it different than most other cities on Kashyyyk, making it an optimal landing point for Separatist invaders.",https://lumiere-a.akamaihd.net/v1/images/kachirho_1113a1d6.jpeg,0,locations
64293151d99b54f25a4abb98,Jakku,"A harsh desert world, Jakku is a lawless place that’s home to thieves, outlaws and refugees. During the final years of the Galactic Civil War, Jakku was the site of a secret Imperial research base and served as a jumping-off point for warships heading into the Unknown Regions. The Empire made a last stand above the frontier planet, leading to a pitched battle between rebel and Imperial fleets. Jakku’s sandy wastes are littered with old wrecks, picked over by desperate scavengers searching for parts that can be salvaged and sold.",https://lumiere-a.akamaihd.net/v1/images/mr0170_a69c0abe.jpeg,0,locations
64293151d99b54f25a4abb96,Jabiim,"A muddy world covered with a hardened crust, Jabiim is largely forgotten in the galaxy. But what makes it unattractive to tourists and settlers has made it an invaluable haven for the Hidden Path.",https://lumiere-a.akamaihd.net/v1/images/jabiim-main_bc7b64f5.jpeg,0,locations
64293151d99b54f25a4abb95,Jabba the Hutt's Palace,"A single, winding dirt-swept road curves up into the crook of a rocky canyon, leading to a lone structure in the desert wastes beyond the Dune Sea of Tatooine. Here stood the palace of Jabba the Hutt, an immense curving building of sandblasted metal and pitted stone. Inside, the dregs of the galaxy congregated to do all manner of illicit business, to curry favor with the grotesque crime lord, or to avoid his fickle wrath. Jabba reclined atop a stone dais within the throne room of his palace, a bustling chamber that overlooked a secret pit that contained his favorite beast, the vicious rancor monster.",https://lumiere-a.akamaihd.net/v1/images/jabba-the-hutt-s-palace-main_3b79a010.jpeg,0,locations
64293151d99b54f25a4abb94,Ipsidon spaceport,"Once a thriving hub for the ipsium mining industry, the spaceport on Ipsidon now sits abandoned, a graveyard of skiffs and other forgotten tech suitable for scavengers.",https://lumiere-a.akamaihd.net/v1/images/ipsidon-spaceport-main_4b70e9af.jpeg,0,locations
64293151d99b54f25a4abb93,Ipsidon,"Marked by rocky red outcroppings and charred terrain, the dusty world of Ipsidon is the home to rich seams of ipsium. Mined by those motivated to endure the dangers of digging the highly combustible raw ore from below ground, it is a largely desolate place where few dare to tread.",https://lumiere-a.akamaihd.net/v1/images/ipsidion-main_798dbf01.jpeg,0,locations
64293151d99b54f25a4abb92,Imperial Garrison (Aldhani),"The Imperial garrison on Aldhani is a depot for supplies, weapons, and the repository for the payroll credits to support the entire Imperial sector. With Alkenzi Air Base providing protection nearby, Aldhani's outpost is relatively understaffed, with a mere 40-troop regiment devoted to security.",https://lumiere-a.akamaihd.net/v1/images/imperial-garrison-aldhani-main_9b4d0ae1.jpeg,0,locations
64293151d99b54f25a4abb91,Imperial doonium refinery,"The world of Ryloth endured years of conflict to protect its natural resources and the planet's people from warlords and invaders during the Clone Wars. In the aftermath of the war, an Imperial doonium refinery springs up to seemingly threaten both once more.",https://lumiere-a.akamaihd.net/v1/images/imperial-doonium-refinery-main_05f262c0.jpeg,0,locations
64293151d99b54f25a4abb90,Imperial Base on Daro,"Built into a mountain, the Empire operates a clandestine base on the world of Daro, employing elite clone commandos and TK stormtroopers as leaders begin the next phase of their plot for galactic domination.",https://lumiere-a.akamaihd.net/v1/images/imperial-base-on-daro-main_7d423096.jpeg,0,locations
64293151d99b54f25a4abb97,Jabiim Hidden Path safehouse,"Housed in an abandoned sanitation depot on Jabiim, the secret staging grounds provide the Hidden Path with a place to arrange safe passage and new identities to provide relative safety for Force-sensitive fugitives of the Empire.",https://lumiere-a.akamaihd.net/v1/images/jabiim-hidden-path-safehouse_bf11dbeb.jpeg,0,locations
64293151d99b54f25a4abba1,Kadavo,"A world of stark, jagged terrain, Kadavo is pitted with massive volcanic caldera -- most are dormant, but a few are active. Suspended from the rim of a gaping crater was one of the principal Zygerrian labor processing facilities. Capable of holding millions, the giant structure is suspended directly over a seemingly bottomless maw that cut deep into the planet's crust. The thousands of colonists of Kiros were held prisoner within the facility, toiling over ore processing for the betterment of the Zygerrian Slave Empire.",https://lumiere-a.akamaihd.net/v1/images/databank_kadavo_01_169_46495e1c.jpeg,0,locations
64293151d99b54f25a4abba2,Kaller,"One of the last battlefronts of the Clone War, the mountainous world of Kaller was the site of Jedi master Depa Billaba's last stand.",https://lumiere-a.akamaihd.net/v1/images/kaller-main_7f1ab815.jpeg,0,locations
64293151d99b54f25a4abba3,Kamino,"Once purged from the otherwise complete Jedi Archives was all evidence of the mysterious world of Kamino. A lonely world beyond the Outer Rim and just south of the Rishi Maze, few could have predicted that Kamino would become a key contributor to a massive shift in political power in the final days of the Republic. Kamino is a planet of endless oceans and storms. Few features mark its surface, save for massive stilt-mounted cities wherein reside the planet's natural inhabitants, the Kaminoans. From Tipoca City, the planet's prime minister rules. Lama Su and Kamino’s chief medical scientist Nala Se closely monitor the operations of Kamino's most prized export -- clones -- even after the Clone Wars reaches a conclusion.",https://lumiere-a.akamaihd.net/v1/images/kamino-main_3001369e.jpeg,0,locations
64293151d99b54f25a4abbb4,Lars Moisture Farm,"Two generations of the Lars family sought to make a living on this hardscrabble moisture farm on Tatooine, contending not just with the planet’s hot and arid conditions but also with vicious bands of Tusken Raiders. Anakin Skywalker visited the farm in search of his mother Shmi, who’d married Cliegg Lars but been kidnapped by Tuskens. Later, Luke Skywalker grew up there, raised by Cliegg’s son Owen and his wife Beru while Obi-Wan Kenobi kept watch from afar. Imperial stormtroopers searching for R2-D2 and C-3PO burned the homestead and murdered Owen and Beru, leaving Luke determined to learn the ways of the Jedi and fight the Empire.",https://lumiere-a.akamaihd.net/v1/images/databank_larsmoisturefarm_01_169_ac15d1cd.jpeg,0,locations
64293151d99b54f25a4abbb3,Lah'mu,"Located in the Outer Rim’s Raioballo sector, Lah’mu is a sparsely inhabited backwater whose rich soil and groundwater are contaminated by minerals and other elements. The Erso family fled to Lah’mu from Coruscant, hoping to find refuge from the Empire.",https://lumiere-a.akamaihd.net/v1/images/lahmu-main_f38442ce.jpeg,0,locations
64293151d99b54f25a4abbb2,Kuiil's ranch,"Tucked away in the muddy outcroppings of Arvala-7, Kuiil's ranch is home to a paddock of blurrgs, while vapor spires stretch toward the sky, collecting what little moisture can be trapped from the expansive atmosphere.",https://lumiere-a.akamaihd.net/v1/images/huc-ff-000402_615e2744.jpeg,0,locations
64293151d99b54f25a4abbb1,Krownest,"A frigid world of snow and ice, Krownest is home to Clan Wren -- Mandalorians under the leadership of Ursa Wren. The Wren stronghold, a stunning complex of steel and glass, blends seamlessly with the snowy landscape.",https://lumiere-a.akamaihd.net/v1/images/krownest_793459cf.jpeg,0,locations
64293151d99b54f25a4abbb0,Koboh,"The rugged planet of Koboh was once hoped to become a thriving home for a community of prospectors looking to strike it rich from the planet's natural resources and lost treasures. However, proven to lack much of either, and plagued by bandit incursions, Koboh has settled into a dusty, mostly forgotten galactic footnote",https://lumiere-a.akamaihd.net/v1/images/koboh-main_58d96c16.png,0,locations
64293151d99b54f25a4abbaf,Klatooinian wikiup,"Heaps of krill, glowing tanks of spotchka, and other assorted spoils litter the Klatooinian wikiup, home base for the fearsome raiders who pillage defenseless krill farms on the planet Sorgan.",https://lumiere-a.akamaihd.net/v1/images/klatooinian-wikiup-main_4dbbed4f.jpeg,0,locations
64293151d99b54f25a4abb64,Death Star II,"Hoping to crush the Rebellion once and for all, the Empire began construction of a second dreaded Death Star near Endor. Emperor Palpatine then leaked word of its construction to the Alliance, hoping to lure rebel forces in and destroy them. The Emperor died at the hands of Darth Vader and the Alliance destroyed the second Death Star, striking a momentous blow for freedom. Decades later, the wreckage of the battle station turned out to hold a perilous secret….",https://lumiere-a.akamaihd.net/v1/images/death-star-ii-main_92554cb4.jpeg,0,locations
64293151d99b54f25a4abbad,Killun Station,"Built on one of Killun 71's jagged landmasses, Killun Station is an Imperial Security Bureau outpost housing sensitive data. Security is especially tight at the installation, which includes a stormtrooper presence at all entrances and walkthrough identification scanners. While rarely approached by rebels, undercover droids AP-5 and Chopper recovered secret Lothal orbital clearance codes from Killun Station.",https://lumiere-a.akamaihd.net/v1/images/killun-71-station_18e360f8.jpeg,0,locations
64293151d99b54f25a4abbac,Killun 71,"Killun 71 is a moon displaying a green appearance from space due to an omnipresent layer of mist in its atmosphere. Killun 71's terrain consists of jagged masses that make colonization difficult, though the Imperial Security Bureau has established a base, Killun Station, on one of its rocky protrusions.",https://lumiere-a.akamaihd.net/v1/images/killun_ef168685.jpeg,0,locations
64293151d99b54f25a4abbab,Kijimi City,"Built atop a mountain, Kijimi City is an ancient town that originally sprang up around the monasteries of several religious orders. The monks are long gone, their prayer halls and domiciles taken over by spice runners, thieves, and fugitives. Kijimi City is ruled by an ever-shifting mix of guilds, gangs and clans that seek to maintain power without attracting the wrath of the planet’s First Order occupiers.",https://lumiere-a.akamaihd.net/v1/images/kijimi-main_9c015fc9.jpeg,0,locations
64293151d99b54f25a4abbaa,Kijimi,"Frigid and mountainous, Kijimi is an inhospitable world where local criminals rule in the place of the New Republic or the First Order. Its remoteness and lack of cosmopolitan culture attract those on the run from the law, but its days as a haven for lawbreakers are numbered.",https://lumiere-a.akamaihd.net/v1/images/kijimi-city-main_530d8d0c.jpeg,0,locations
64293151d99b54f25a4abba9,Kessel Control Center,"The Pyke Syndicate’s Kessel operations are run from a control center overseen by Quay Tolsite. To save credits, Tolsite has assembled a staff largely of droids, which monitor the miners’ output. Tolsite controls his mechanical charges with restraining bolts.",https://lumiere-a.akamaihd.net/v1/images/solo-db-kessel-control-center-main-image_ff26a970.jpeg,0,locations
64293151d99b54f25a4abba8,Kessel,"Kessel is a noxious mining world where workers endure harrowing conditions extracting spice and coaxium for shipment offworld. The Empire sentenced many prisoners to be used as slave labor by the planet’s economic rulers, the criminal Pyke Syndicate.",https://lumiere-a.akamaihd.net/v1/images/kessel-main_9ebae664.jpeg,0,locations
64293151d99b54f25a4abba7,Kenari,"A Mid Rim planet far from the attention of core worlds, Kenari is marked by lush jungle vistas, grounds rich in valuable mineral deposits, and environmental devastation. Plunderers have carved up the land in years past, leaving disaster in their wake and small tribes of orphans left to survive on their own.",https://lumiere-a.akamaihd.net/v1/images/kenari-main_094ad854.jpeg,0,locations
64293151d99b54f25a4abba6,Kef Bir,"One of nine moons in the Endor system, the oceanic world of Kef Bir remains in the shadow of the famous Forest Moon where the Battle of Endor brought the Empire to its knees. After the explosion of the second Death Star, a massive fragment of the destroyed station was left peeking out from one of Kef Bir’s oceans.",https://lumiere-a.akamaihd.net/v1/images/kef-bir-main_576f898f.jpeg,0,locations
64293151d99b54f25a4abba5,Kashyyyk,"Kashyyyk is the Wookiee homeworld, covered in dense forest. While Wookiees build their homes in the planet's trees, they are not a primitive species, and Kashyyyk architecture incorporates sophisticated technology. One of the last battles of the Clone Wars was fought here under the leadership of Yoda, with Wookiees and clones battling the Separatist droid army -- until the Emperor issued Order 66, commanding the clones to slaughter all Jedi. Yoda survived, however, with the help of natives Chewbacca and Tarfful, who used a hidden shuttle to evacuate the Jedi Master from the planet. In the aftermath, the brave Jedi Padawan Gungi, a survivor of the Jedi slaughter, was returned to what remained of his homeworld with the help of Clone Force 99.",https://lumiere-a.akamaihd.net/v1/images/kashyyyk-main_37a2e497.jpeg,0,locations
64293151d99b54f25a4abba4,Karthon,"Karthon is the site of the Chop Fields, a New Republic correction facility where inmates dismantle inoperable Imperial war machines.",https://lumiere-a.akamaihd.net/v1/images/karthon-main_cc02c0f2.jpeg,0,locations
64293151d99b54f25a4abb8f,Imperial Academy,"The Imperial Academy on Lothal was a high-tech, heavily fortified training facility designed to shape cadets into ruthless stormtroopers. Inside the Imperial Academy was the Well: a difficult, programmable obstacle course that tested the intelligence and strength of the cadets. Commandant Aresko and Taskmaster Grint served as the academy's unforgiving instructors, driving trainees to win at all costs.",https://lumiere-a.akamaihd.net/v1/images/image_58607885.jpeg,0,locations
64293151d99b54f25a4abb8e,Ilum,"The most sacred world to the Jedi Order, the ancient planet Ilum is forever encased in ice, and whipped by biting winds. Hidden beneath the frozen surface is a Jedi Temple from the very dawn of the Order. It is here, within the legendary Crystal Caves, that Jedi initiates must undergo The Gathering. The rite of passage, handed down over centuries, requires Jedi younglings to trust their instincts, overcome inner obstacles, and find the unique Ilum crystal that is attuned to their Force presence. Upon retrieving the crystal, a Jedi initiate begins the process of constructing his or her lightsaber, under the guidance of Professor Huyang.",https://lumiere-a.akamaihd.net/v1/images/databank_ilum_01_169_328d126d.jpeg,0,locations
64293151d99b54f25a4abbae,Kiros,"An idyllic world filled with vast green valleys and flowing waterfalls,Kiros was the site of a colony of Togruta artists, led by Governor Roshti. The artisan colony tried to avoid taking sides in the Clone Wars, but Count Dooku arrived on-planet with a droid army, and ""insisted"" the Togrutas accept his offer of protection. Within ten standard rotations, all 50,000 Togruta colonists had vanished.",https://lumiere-a.akamaihd.net/v1/images/databank_kiros_01_169_0251a718.jpeg,0,locations
64293151d99b54f25a4abb8c,Ibaar,Ibaar was devasted when the Empire cut off all food and ration imports to the planet. It was only through the intervention of the rebellion and the Ghost crew — along with the experimental new B-wing starfighter — that food was finally delivered to Ibaar’s starving populace.,https://lumiere-a.akamaihd.net/v1/images/ibaar_cba78e19.jpeg,0,locations
64293151d99b54f25a4abb77,First Order Mining Operation,"Hidden within a treacherous asteroid belt, the First Order has built a massive space station right into the face of one of the largest rocks in the field. On a mission to gather intelligence, Kazuda Xiono and Poe Dameron discover readouts that show the First Order has mined the asteroid for precious dedlanite, a mineral that can be used to make a vast quantity of blasters. But evidence of the station is soon obliterated by Captain Phasma herself, alerted to the Resistance spy intrusion and determined to eliminate any trace of the First Order's capabilities.",https://lumiere-a.akamaihd.net/v1/images/resistance-db-first-order-mining-operations-main-image_5dd7f55e.jpeg,0,locations
64293151d99b54f25a4abb76,Ferrix,"The bustling salvage markets of Ferrix are reputed to hold some of the best second-hand parts inventory in the galaxy. It's a vibrant. tight-knit community of scavengers, entrepreneurs, and technicians who find, strip, repair and sell the parts and pieces that keep the local economy thriving.",https://lumiere-a.akamaihd.net/v1/images/andor-trivia-105_4ffc9493.jpeg,0,locations
64293151d99b54f25a4abb75,Felucia,"Felucia is a world teeming with fungal life-forms and immense primitive plants. Much of the planet has a fetid, humid landscape overgrown by forests of bizarre wilderness. Many of the life-forms on Felucia are partially or completely translucent; they color the sunlight as the beams penetrate their skin. Others are opaque and imposing, like the enormous jungle rancors that roam the landscape. Beneath the hazy canopies of the enormous pitcher plants and leafy growths is a surreal color-drenched expanse. During the Clone Wars, the Jedi attempted to defend Felucia from those who would exploit the planet.",https://lumiere-a.akamaihd.net/v1/images/databank_felucia_01_169_2070e38e.jpeg,0,locations
64293151d99b54f25a4abb73,Exegol,"Deep in the Unknown Regions, Exegol remains one of the oldest Sith worlds, home to a massive citadel filled with ancient, crumbling statuary and a still viable enclave of Sith cultists intent on carrying out Darth Sidious's plot.",https://lumiere-a.akamaihd.net/v1/images/exegol-main_01e57629.jpeg,0,locations
64293151d99b54f25a4abb72,Erso Homestead,"When the Ersos decided to break with the Empire, Saw Gerrera facilitated the purchase of a 65-hectare farm on the eastern side of the distant planet Lah’mu. On this world far from the centers of power, Galen and his family have reinvented themselves as subsistence farmers, hoping to escape from Director Krennic and his hunters.",https://lumiere-a.akamaihd.net/v1/images/erso-homestead-main_daa4b074.jpeg,0,locations
64293151d99b54f25a4abb71,Eriadu,"At the dawn of the Empire, the mountainous Outer Rim world of Eriadu is an Imperial stronghold due to the presence of a secure compound controlled by Grand Moff Tarkin. The elite, high-ranking official holds clandestine meetings there with top advisors tasked with controlled some of the Empire's most precious resources.",https://lumiere-a.akamaihd.net/v1/images/the-bad-batch-story-gallery-the-summit-04_e0c438cb.jpeg,0,locations
64293151d99b54f25a4abb70,Er'Kit,"A desert planet with a climate similar to Tatooine, Er'Kit offers unique culture intermingled with danger. This planet has a history of slave trade, political scandal and violent militant groups such as the Blood Dawn.",https://lumiere-a.akamaihd.net/v1/images/er_kit_5df42d73.jpeg,0,locations
64293151d99b54f25a4abb6f,Endor,"Secluded in a remote corner of the galaxy, the forest moon of Endor would easily have been overlooked by history were it not for the decisive battle that occurred there. The lush, forest home of the Ewok species is the gravesite of Darth Vader and the Empire itself. It was here that the Rebel Alliance won its most crucial victory over the Galactic Empire.",https://lumiere-a.akamaihd.net/v1/images/databank_endor_01_169_68ba9bdc.jpeg,0,locations
64293151d99b54f25a4abb6e,Emperor’s throne room,"Rising from the north pole of the second Death Star is a 100-story isolation tower reserved for the Emperor, from which he oversees the battle station’s operations. The tower’s four spokes house a throne room, Palpatine’s private chambers, and a vault reserved for Sith artifacts. This throne room was the site of a climactic showdown between Jedi and Sith at the Battle of Endor; decades later, the tower’s corroded ruins could be glimpsed amid wreckage that had come to rest in the oceans of Kef Bir.",https://lumiere-a.akamaihd.net/v1/images/emperor-s-throne-room-main_638aef97.jpeg,0,locations
64293151d99b54f25a4abb6d,Echo Base,"After the Battle of Yavin, the rebels fled from the Imperial starfleet, seeking a new main base of operations. They settled on the frozen Outer Rim world of Hoth, where they enlarged caverns to form Echo Base, defended by a powerful ion cannon and squads of airspeeders converted to operate in frigid conditions. Unfortunately, the base was barely established when an Imperial probe droid discovered it. General Rieekan ordered an immediate evacuation, but before Echo Base could be abandoned an Imperial task force arrived, landing AT-AT walkers and ground troops. Though key personnel escaped, the Battle of Hoth was a costly defeat for the Alliance.",https://lumiere-a.akamaihd.net/v1/images/ep5_key_103_ddb92545.jpeg,0,locations
64293151d99b54f25a4abb6c,Eadu,"A rugged planet in the Outer Rim’s Bheriz sector, Eadu is known – to the extent it’s known at all – for its rain and native nerf herders. Few suspect the planet is home to a top-secret laboratory where Imperial scientists working for the Tarkin Initiative seek to unlock the secrets of kyber crystals and perfect a terrifying weapon.",https://lumiere-a.akamaihd.net/v1/images/eadu-main_7ebaa60a.jpeg,0,locations
64293151d99b54f25a4abb6b,Dune Sea,"Named for the roiling waves of shifting sands that stretch across the vast landscape, Tatooine's Dune Sea is an unforgiving climate sometimes exploited by unscrupulous gangsters.",https://lumiere-a.akamaihd.net/v1/images/dune-sea-main_26f2fcee.jpeg,0,locations
64293151d99b54f25a4abb6a,Droid decommissioning facility,"After the rise of the Empire, the Separatist droid army must be ""decommissioned"" (or rather destroyed) at facilities not unlike the droid factories of Geonosis where most battle droids were built. On Corellia, one such facility is a maze of rusty catwalks, rickety staircases, and conveyors littered with parts that drop off into the gaping maws of massive cisterns teeming with molten liquid. These dockyards are guarded by Imperial police droids.",https://lumiere-a.akamaihd.net/v1/images/the-bad-batch-decommissioned-story-gallery-07_b71a4f6f.jpeg,0,locations
64293151d99b54f25a4abb68,Doza Tower,"Most inhabitants on the Colossus can only dream of the luxury of living in Doza Tower. Within the tower is the Aces Lounge, where the Aces and their crews get the chance to indulge in the cleaner quarters and delectable food offerings.",https://lumiere-a.akamaihd.net/v1/images/resistance-db-doza-tower-main_a2dda3c4.jpeg,0,locations
64293151d99b54f25a4abb67,Dok-Ondar’s Den of Antiquities,"For those in the know, Dok-Ondar is the Ithorian one seeks for selling and buying rare and uniquely-valued items from across the galaxy. As one of the oldest establishments on Black Spire Outpost, Dok-Ondar’s Den of Antiquities has earned the reputation for amassing an impressive collection of valuable items spanning across all eras.",https://lumiere-a.akamaihd.net/v1/images/dok-ondars-den-of-antiquities-main-2_c9a6892d.jpeg,0,locations
64293151d99b54f25a4abb66,Dex's Diner,"Located on the streets of Coco Town, a dilapidated industrial area on the city-planet of Coruscant, is a quaint and outdated eatery known simply as Dex's Diner. Here, hard-working laborers come for a quick and home-style meal or a cup of freshly brewed Jawa juice or ardees, and idly chatter about local politics, sports, or current events.    Serving the patrons were a pair of regular waitresses, the whirring and wheeled WA-7, and her organic and freckled partner, Hermione Bagwa. The food comes courtesy of cook and proprietor, Dexter Jettster, a hulking alien with a multitude of past careers and life experiences.",https://lumiere-a.akamaihd.net/v1/images/databank_dexsdiner_01_169_fc7c33e9.jpeg,0,locations
64293151d99b54f25a4abb8d,Iego,"World on the fringes of the known galaxy, surrounded by a thousand moons. Lovely creatures referred to as ""Angels"" are known to inhabit the moons.",https://lumiere-a.akamaihd.net/v1/images/databank_iego_01_169_f7a6a060.jpeg,0,locations
64293151d99b54f25a4abb78,Florrum,"A harsh, arid desert world in the Outer Rim Territories, Florrum is off the beaten path of major galactic hyperspace routes, making it the perfect haven for hunted criminals or lawless thugs. During the Clone Wars, Hondo Ohnaka ran a profitable salvage and piracy operation out of Florrum. His affairs crossed paths with the Jedi on more than one occasion.",https://lumiere-a.akamaihd.net/v1/images/databank_florrum_01_169_a1e64dd0.jpeg,0,locations
64293151d99b54f25a4abb79,Fondor,"A critical naval complex for the Empire, Fondor is home to loyal Imperial citizens, scientists, and officers. The shipyards orbiting the purple planet are used for capital ship repairs, manufacturing, and Imperial R&D of classified technologies. Operation: Cinder’s satellites, and other unspecified projects, can trace parts of their early development to this vital Imperial world.",https://lumiere-a.akamaihd.net/v1/images/fondor_e5c6701b.jpeg,0,locations
64293151d99b54f25a4abb69,Drahgor III,"Lightning crackles in the dense atmosphere above Drahgor III, a planet bathed in a blanket of yellow fog. The mercurial surface of unforgiving rock is barren except for the Gozzo, a long-limbed, feathery species unafraid to mine the planet for its rich ore through deep-core drilling.",https://lumiere-a.akamaihd.net/v1/images/zro-ff-003192_8754f5e0.jpeg,0,locations
64293151d99b54f25a4abb7b,Fort Anaxes,"Fort Anaxes is a remote military base on the planet Anaxes during the Clone Wars. At one time, it is the site of the Separatist cyber center, an important strategic and tactical location for Republic troops. After war's end, a cataclysmic event obliterates the planet, though miraculously, Fort Anaxes remains intact. The facility becomes a fuel depot and meeting place for those who require privacy in their dealings. Unbeknownst to visitors to Fort Anaxes, it has also become home to a colony of vicious fyrnocks nested on the massive rock.",https://lumiere-a.akamaihd.net/v1/images/fort-anaxes-main_09f3cf93.jpeg,0,locations
64293151d99b54f25a4abb7a,Force Planet,"Not marked on any star map and not recognized with any specific name, the Force planet is a mystical world and the foundation of life itself. It is the birthplace of the midi-chlorians, microscopic organisms that connect the living Force to the cosmic Force. Surrounded by a bright nebula, the Force planet is a barren place, featuring only luminescent geysers that shoot energy from deep within the world. Several islands hover above the surface, each teeming with plant life and strong with the Force.",https://lumiere-a.akamaihd.net/v1/images/image_78a7da33.jpeg,0,locations
64293151d99b54f25a4abb8a,Hosnian Prime,"The capital of the New Republic, Hosnian Prime is a cosmopolitan world on the outskirts of the galaxy’s Core Worlds region. One of Mon Mothma’s reforms in establishing the New Republic was that member worlds would host the Senate on a rotating basis, a sharp break from the millennia in which Coruscant was the center of galactic power. But Hosnian Prime’s tenure as Senate seat makes it the target of a terrifying attack by the First Order.",https://lumiere-a.akamaihd.net/v1/images/hosnian-prime_2fbc263b.jpeg,0,locations
64293151d99b54f25a4abb8b,Hoth,"Hoth is the sixth planet in the remote system of the same name, and was the site of the Rebel Alliance's Echo Base. It is a world of snow and ice, surrounded by numerous moons, and home to deadly creatures like the wampa.",https://lumiere-a.akamaihd.net/v1/images/Hoth_d074d307.jpeg,0,locations
64293151d99b54f25a4abb88,Holy City of Jedha,"Also known as NiJedha or simply Jedha City, the fabled Holy City of Jedha continues to attract pilgrims from numerous faiths despite a brutal Imperial occupation. Saw Gerrera’s partisans have fought back against the Empire, turning the city’s ancient streets into a war zone. But pilgrims keep coming despite the danger, hungering for answers to spiritual questions...",https://lumiere-a.akamaihd.net/v1/images/holy-city-of-jedha-main_a628115c.jpeg,0,locations
64293151d99b54f25a4abb87,Havoc Outpost,"Havoc Outpost was a rebel rendezvous point. Sabine of the Ghost crew was tasked with delivering a gonk power droid, custodian of secret information, to Havoc Outpost. There, she found R2-D2 waiting, ready to bring the intel to Senator Organa.",https://lumiere-a.akamaihd.net/v1/images/havoc-outpost_f3e16292.jpeg,0,locations
64293151d99b54f25a4abb86,Goazon Badlands,"A region of broken land and low hills on Jakku, the Goazon Badlands lies between Niima Outpost to the east and Kelvin Ravine to the west, and is bounded to the north and south by the Sinking Fields and Carbon Ridge, respectively. A trail known as the Pilgrim’s Road leads across the badlands. The Goazon is a harsh, forbidding place, with little vegetation or water. The scavenger Rey lived in a toppled AT-AT in the Goazon, not far from the Graveyard of Ships.",https://lumiere-a.akamaihd.net/v1/images/goazon-badlands_a8e89744.jpeg,0,locations
64293151d99b54f25a4abb85,Glavis Ringworld,"The Glavis Ringworld is an artificial structure that encircles a small star like a ribbon. The space station surface is constantly bathed in sunlight, a perpetual source of power. Eclipse plates slide over its sunward fac, providing an artificial night cycle.",https://lumiere-a.akamaihd.net/v1/images/glavis-ringworld-main_d6fa2cd1.jpeg,0,locations
64293151d99b54f25a4abb84,Geonosis Droid Factory,"The hives of Geonosis were riddled with underground caverns, some of which had been converted to massive automated factories that turned out battle droids, weapons, vehicles and other products for Count Dooku’s Separatists. Anakin Skywalker and Padmé Amidala found themselves trapped in a Geonosian factory when their mission to rescue Obi-Wan Kenobi went awry. The Jedi and the senator had to battle Geonosian drones and avoid the assembly line’s deadly stampers, cutters and crucibles. Quick thinking by R2-D2 saved Padmé from a fatal dip in molten alloy, but Anakin’s saber was destroyed, leaving him defenseless against Jango Fett. Meanwhile, an industrial accident caused C-3PO to lose his head.",https://lumiere-a.akamaihd.net/v1/images/screen_shot_2015-05-13_at_4_46a06f3e.jpeg,0,locations
64293151d99b54f25a4abb89,Horizon Base,"Horizon Base was an Imperial outpost that was both a shipping port and fueling station. The Ghost crew, in need of fuel, pulled off a daring heist at Horizon Base; the rebel astromech, Chopper, accidentally left there, eventually stole an Imperial cargo ship from the site. In the process, he recruited the inventory droid AP-5 to join the cause of the rebellion.",https://lumiere-a.akamaihd.net/v1/images/horizon-base_43da92b5.jpeg,0,locations
64293151d99b54f25a4abb82,Garsa’s Sanctuary,"A busy establishment on the streets of Mos Espa, Garsa’s Sanctuary is part music hall, part gambling den, and part decadent respite from the searing suns of Tatooine where the stylish Garsa Fwip attends to her customers’ needs.",https://lumiere-a.akamaihd.net/v1/images/garsa-s-sanctuary-main_f7c92226.jpeg,0,locations
64293151d99b54f25a4abb81,Garel,"Garel is a planet not far from Lothal, and was the site of a deal for T-7 ion disruptor rifles between the Empire's Minister Maketh Tua and Amda Wabo.",https://lumiere-a.akamaihd.net/v1/images/image_151a7136.jpeg,0,locations
64293151d99b54f25a4abb80,Galaxies Opera House,"Located in the upper levels of the Uscru District on Coruscant, the Galaxies Opera House was a venue favored by the elite of the galaxy. During the final days of the Clone Wars, Chancellor Palpatine attended an acrobatic performance of Squid Lake as performed by a Mon Calamari troupe. While the Chancellor was there, his private box was visited upon by Anakin Skywalker and he proceeded to reveal the tragedy of Darth Plagueis the wise.",https://lumiere-a.akamaihd.net/v1/images/galaxies-opera-house_2b83b84b.jpeg,0,locations
64293151d99b54f25a4abb7f,Frezno,"Located in a forgotten sector not far from Aldhani, the planet of Frezno is a hard-scrabble place, where makeshift encampments pass for villages and medical procedures are performed in a dimly-lit tent.",https://lumiere-a.akamaihd.net/v1/images/frezno-main_bad8fcd6.jpeg,0,locations
64293151d99b54f25a4abb7e,Freetown (Mos Pelgo),"Free from the yoke of the Empire and the terror of a voracious krayt dragon, the people of Mos Pelgo prefer to be known as citizens of Freetown.",https://lumiere-a.akamaihd.net/v1/images/freetown-main_f4fa0164.jpeg,0,locations
64293151d99b54f25a4abb7d,Fortress Inquisitorius,"Situated atop the roiling seas of the moon of Nur in the Mustafar system, the Fortress Inquisitorius is the headquarters of the Jedi-hunting Inquisitors, where they strategize their next moves and interrogate their captives.",https://lumiere-a.akamaihd.net/v1/images/fortress-inquisitorius-main_4925ad74.jpeg,0,locations
64293151d99b54f25a4abb83,Geonosis,"A harsh rocky world less than a parsec away from Tatooine, Geonosis is a ringed planet beyond the borders of the Galactic Republic. Its uninviting surface is made up of harsh, rocky desert, and the creatures that evolved on Geonosis are well equipped to survive in the brutal environment.  The most advanced lifeform are the Geonosians, sentient insectoids that inhabit towering spire-hives. The Geonosians maintain large factories for the production of droids and weapons for the Separatist cause in the Clone Wars. After the Clone Wars, the Empire chose Geonosis as the construction site of the first Death Star, restricting travel to the system and sterilizing the planet’s surface.",https://lumiere-a.akamaihd.net/v1/images/databank_geonosis_01_169_1d04e086.jpeg,0,locations
64293151d99b54f25a4abb7c,Fort Ypso,"Deep in the Iridium Mountains, the snowy Fort Ypso lodge is the last remaining vestige of the Ypsobay Trading Company’s ambitious settlement. After the company’s collapse, the austere timber buildings of the fort remained, revitalized as an independent port and trading post.",https://lumiere-a.akamaihd.net/v1/images/solo-db-fort-ypso-main-image-2_d1b4c1a5.jpeg,0,locations
6429291d021f17e13fbc1d08,Naboo Royal Handmaidens,"The Naboo Royal Handmaidens are a group of young women handpicked to aid the Queen of Naboo. On the surface, it appears as if the handmaidens only assist with the Queen's gowns, hairstyles, and makeup. However, they are all trained in self-defense and remain vigilant against any threats to their sovereign. In fact, during times of turmoil, a handmaiden actually poses as the Queen.     The Naboo Royal Handmaidens have been selected for their various talents as well as for their resemblance to the Queen, which is useful if a decoy is required. After being invited to join the Queen's entourage, each handmaiden was trained in self defense and marksmanship. They often carry small, concealable blasters.",https://lumiere-a.akamaihd.net/v1/images/naboo_handmaiden_0350d6ca.png,0,organizations
6429291d021f17e13fbc1d09,Nightbrothers,"For centuries, a simple society of male Zabrak warriors known as the Nightbrothers lived on Dathomir where they were governed by their counterparts the Nightsisters, witches that ruled the planet before they were decimated during the Clone Wars. Territorial and extremely hostile to outsiders, the finest fighters among the Nightbrothers -- including Darth Maul and Savage Opress -- were known for highly acrobatic maneuvers, optimal agility, and a proficient use of mixed combat styles to help them surprise and best equally skilled opponents.",https://lumiere-a.akamaihd.net/v1/images/databank_nightbrothers_01_169_3b5e4cb6.jpeg,0,organizations
6429291d021f17e13fbc1d0a,Nightsisters,"The Nightsisters are a coven of witches that lived on the mysterious world of Dathomir. The sisters ruled unchallenged, gifted with the power to wield dark magicks. The men of Dathomir, the Nightbrothers, lived apart from the witches, but were subservient to their whims. Despite their power, the Nightsisters avoided the conflict of the Republic and Sith, content to pursue their own matters. The Jedi gave them a wide berth, for they remain focused on matters on Dathomir. Count Dooku has had dealings with them in the past, and turned to them when he was in need of a new apprentice. Their betrayal of Dooku earned the Nightsisters a powerful enemy, and he ordered a massive attack by his droid forces in retribution.",https://lumiere-a.akamaihd.net/v1/images/acw_ia_62085_00883f8c.jpeg,0,organizations
6429291d021f17e13fbc1d0b,Onderon Rebels,"During the Clone Wars, the Galactic Republic had little recourse with worlds that willingly sided with the Separatist Alliance -- the rules of engagement enforced by the Senate and the Jedi Order contained the battlefield to contested worlds. But what of planets where the Separatist banner did not garner unanimous support among its populace? When an insurgency on Onderon refused to recognize the legitimacy of its monarch and began a rebellion to oust both the king and the Separatist influence on the planet, Anakin Skywalker saw an opportunity: If the Jedi could train and equip the rebels on Onderon, these freedom-fighters would keep the Separatists occupied during the Clone Wars.",https://lumiere-a.akamaihd.net/v1/images/acw_ia_98143_9d146f2c.jpeg,0,organizations
6429291d021f17e13fbc1d0c,Order of the Night Wind,"The Order of the Night Wind are acrobatic warriors that can leap from rooftops and attack swiftly, using close quarter weapons and projected energy shields to box in their targets. Reputed to be the best assassins-for-hire in the galaxy, when captured they are unlikely to divulge information about their clients.",https://lumiere-a.akamaihd.net/v1/images/order-of-the-night-wind-main_d1b30393.jpeg,0,organizations
6429291d021f17e13fbc1d0d,patrol troopers,"These specialist stormtroopers are the urban equivalent of scout troopers, wearing partial armor for greater mobility. Their helmets are enlarged to incorporate enhanced-imaging sensors and communications gear, helping patrol troopers navigate crowded city streets and handle real-time data about suspects.",https://lumiere-a.akamaihd.net/v1/images/solo-db-patrol-troopers-main-image_2ff22bc4.jpeg,0,organizations
6429291d021f17e13fbc1d10,Pyke guards,"In the Pyke stronghold on Oba Diah, dozens of guards ensure prison breaks are quelled quickly and unruly inmates are delivered to torture droids for further questioning.",https://lumiere-a.akamaihd.net/v1/images/pyke-guards-main_3da245b1.jpeg,0,organizations
6429291d021f17e13fbc1d0f,Purge Troopers,"Handpicked from the stormtrooper legions for their aptitude and loyalty, purge troopers serve the Inquisitorius. A specialized class of Imperial soldier trained and equipped to assist the Inquisitors in hunting down scattered Jedi and other Force-sensitive beings who threaten the Empire, the troopers wear special black armor and receive additional training to make them a cohesive unit. Borrowing tactics and methods first used by the Republic soldiers that accompanied Jedi generals during the Clone Wars, this elite group is few in number and keeps out of the public eye. Most citizens of the Empire are unaware they even exist.",https://lumiere-a.akamaihd.net/v1/images/purge-trooper-main_ff6e52d7.jpeg,0,organizations
6429291d021f17e13fbc1d11,Pyke Sentinels,"Pykes sentinels supervise prisoners working in the mines of Kessel, prevent smugglers from absconding with spice, and guard against incursions by rival gangs. Kessel’s corrosive conditions require sentinels to wear radiation-resistant lead smocks and use blasters that are cheap to replace.",https://lumiere-a.akamaihd.net/v1/images/solo-db-pyke-sentinels-main-image_c68e764a.jpeg,0,organizations
6429291d021f17e13fbc1d12,Pyke Syndicate,"During the Clone Wars, the Pykes became the galaxy’s preeminent spice dealers, gaining control of mining operations on Kessel and funneling illicit substances to Coruscant’s most influential crime families. The Pykes’ stronghold is Oba Diah, but they are a powerful presence on nearby Kessel. Pyke sentinels keep a close watch on miners sentenced to extract spice and coaxium from Kessel, as well as on the smugglers hired to ferry these valuable cargos to offworld purification plants and refineries.",https://lumiere-a.akamaihd.net/v1/images/pyke-syndicate-main_26c5afa9.jpeg,0,organizations
6429291d021f17e13fbc1d13,range troopers,"It takes an exceptional soldier to become a range trooper. These proud troops are assigned to Imperial frontier worlds, where they rely on their training, toughness and specialized equipment to expand Imperial rule. Their gear includes heavy-duty magnetic boots and fur-lined kamas. Range troopers guard the Empire’s conveyex train on Vandor.",https://lumiere-a.akamaihd.net/v1/images/solo-db-range-troopers-main_d1206a97.jpeg,0,organizations
6429291d021f17e13fbc1d14,Rebel Alliance,"The Rebel Alliance stood bravely against the evil of the Galactic Empire, never backing down despite overwhelming odds. Formed from resistance movements that arose during the Clone Wars, the Rebellion worked in secret for decades to overthrow the Emperor and restore democracy to the galaxy. Eventually, armed with the firepower of ships like the X-wing and A-wing, and the leadership of figures including Princess Leia and Admiral Ackbar, the Rebel Alliance triumphed over the Empire at the Battle of Endor.",https://lumiere-a.akamaihd.net/v1/images/Rebel-Alliance_96d56058.jpeg,0,organizations
6429291d021f17e13fbc1d15,Rebel Pathfinders (SpecForces),"Rebel Special Forces units are handpicked from the top ranks of the Alliance’s ground troops, and tackle missions vital to High Command. The Pathfinders are elite SpecForces commandos trained in recon, infiltration, sabotage and tactics for hit-and-run raids. Their distinguished service record includes pivotal battles on planets such as Scarif and Endor.",https://lumiere-a.akamaihd.net/v1/images/rebel-pathfinders-specforces-main_6af7e728.jpeg,0,organizations
6429291d021f17e13fbc1d0e,Phoenix Squadron,"Phoenix Squadron was an elite group of A-wings in one of the first larger rebel collectives. They served under Commander Jun Sato and often assisted the Ghost team on missions -- until one deadly encounter with Darth Vader. The Sith Lord, piloting an TIE Advanced prototype, wiped out Phoenix Squadron in a vicious attack. Only a few ships survived the battle.",https://lumiere-a.akamaihd.net/v1/images/phoenix-squadron-main-image_9699bf36.jpeg,0,organizations
6429291d021f17e13fbc1d07,Naboo Royal Guards,"The Naboo Security Forces are the volunteer organization responsible for policing Naboo and protecting the Queen and her people. Trained in hand-to-hand combat and marksmanship, the members of the **Naboo Royal Security Forces** are well-prepared to defend against acts of terrorism, including assassination attempts on the Queen. However, they are not a standing army and cannot contend with a massive assault, such as the Trade Federation invasion. The Security Forces include the Security Guard, the Palace Guard, and the Space Fighter Corps.",https://lumiere-a.akamaihd.net/v1/images/ep1_ia_70756_35c9aef2.jpeg,0,organizations
6429291d021f17e13fbc1cff,Kintan Striders Gang,"The Kintan Strider speed bikers are named after a deadly beast from the Nikto home world. These burly, obnoxious gangsters are known for their brusque nature, and they are not above shaking down residents in small towns for credits.",https://lumiere-a.akamaihd.net/v1/images/kintan-striders-gang-main_0af45087.jpeg,0,organizations
6429291d021f17e13fbc1d05,Mining Guild,"The Mining Guild, operating in concert with the Empire, was a network that harvested natural resources throughout the galaxy. One outpost on a small planetoid, which collected a mysterious green gas, drew the attention of giant purrgil creatures…and the Ghost crew of rebels. After a dramatic confrontation, the facility was destroyed, though the Mining Guild remains powerful.",https://lumiere-a.akamaihd.net/v1/images/mining-guild_125d566f.jpeg,0,organizations
6429291d021f17e13fbc1d04,Mandalorian Super Commando,"During the Clone Wars, a coup orchestrated by Death Watch topples the pacifist regime of the New Mandalorians and returns the armored warrior culture to a position of power over the isolated world. What the average Mandalorian citizen does not realize, however, is that the takeover is in truth masterminded by a secret syndicate of criminals -- the Shadow Collective led by Maul. Maul's loyal Mandalorians modify their armor to reflect allegiance to the Dark Lord. These super commandos wear armor of red and black, and some even fashion horns atop their helmets, to better resemble their Nightbrother leader. During the Siege of Mandalore, Gar Saxon leads the elite fighting force.",https://lumiere-a.akamaihd.net/v1/images/mandalorian-super-commando-main_17e3991e.jpeg,0,organizations
6429291d021f17e13fbc1d03,Mandalorian Guard,"Elite guards dedicated to protecting Satine Kryze, these royal protectors were the only ones the Duchess could truly trust in the uncertain era of the Clone Wars. Though Mandalore has largely turned its back on its more war-like past, the Mandalorian royal guards are one of the few traditions to continue.",https://lumiere-a.akamaihd.net/v1/images/mandalorian_guard_efc4925d.jpeg,0,organizations
6429291d021f17e13fbc1d02,Life Day,"A longstanding Wookiee tradition, Life Day celebrates the values and tenets of Wookiee culture, including family, joy, and harmony. While Life Day is a celebration traditionally held at the Tree of Life on Kashyyyk and observed by extended Wookiee families, Wookiees throughout the galaxy still mark the day. When Wookiees were enslaved by the Empire, the holiday took on an even greater significance. Today, people from planets across the galaxy have embraced this tradition and made it their own by celebrating with festive décor, twinkling string lights, unique food and drink items, music, and activities. People share the hopes of celebrating freedom, harmony, and peace, no matter how different people may appear. At the end of the day, everyone gathers to sing songs and be reminded of their dedication, courage, and love for one another. This is the promise of the Tree of Life.",https://lumiere-a.akamaihd.net/v1/images/life-day-main_d688c3af.jpeg,0,organizations
6429291d021f17e13fbc1d01,Knights of Ren,"An enclave of masked warriors wielding distinct weapons for ranged and close­quarter combat, the Knights of Ren are elite, fearsome enforcers of Kylo Ren's dark will.",https://lumiere-a.akamaihd.net/v1/images/knights-of-ren-main_17fe248a.jpeg,0,organizations
6429291d021f17e13fbc1d00,Klatooinian raiders,"A ruthless gang that preys on the defenseless krill farmers of Sorgan, the Klatooinian raiders steal the bountiful crops harvested from the water-logged growing pools.",https://lumiere-a.akamaihd.net/v1/images/klatooinian-raiders-main_45ff03d3.jpeg,0,organizations
6429291d021f17e13fbc1cfe,Kessel miners,"The Empire supplies the Pykes with prisoners to work in Kessel’s infamous mines – a penalty that is usually a death sentence given the planet’s harsh conditions and lax safety standards. Kessel miners include political prisoners, petty criminals and unfortunates sold into servitude. Few survive to return to their homeworlds.",https://lumiere-a.akamaihd.net/v1/images/solo-db-kessel-miners-main-image_a84c940c.jpeg,0,organizations
6429291d021f17e13fbc1cfd,Kanjiklub,"An Outer Rim criminal organization, Kanjiklub is a rival of the Guavian Death Gang. But while the Guavians are cold and technologically adept, the Kanjiklubbers are street fighters, brawling with improvised tactics and wielding a hodgepodge of blasters, knives and clubs. The group’s wild style reflects their origins as renegade slaves of the Hutts. Kanjiklub has momentarily put aside its dispute with the Guavians to settle scores with a mutual enemy – the Corellian smuggler Han Solo.",https://lumiere-a.akamaihd.net/v1/images/kanjiklub_b2344601.jpeg,0,organizations
6429291d021f17e13fbc1cfc,Kage Warriors,"The crystalline caverns of Quarzite were home to an ongoing conflict between the powerful Belugans and the outnumbered Kage. The Belugans had wealth and technology on their side, but the Kage were a spirited and dedicated people. Their most powerful combatants pushed themselves to the utmost physical excellence, and Kage Warriors were tireless, elite fighters, nimble and stealthy, and effective with the electro sword or unarmed. Riding atop multi-legged milodons, they could keep pace with the subtram transports that supplied Blank's strongholds, and launch raids that caught the Belugan security forces off-guard.",https://lumiere-a.akamaihd.net/v1/images/screen_shot_2015-05-26_at_6_4376134a.png,0,organizations
6429291d021f17e13fbc1cfb,Jumptroopers,"An elite squadron within the Imperial ranks, jumptroopers (also known as rocket troopers) were outfitted with jetpacks and utilized in tight spaces. They were trained to act in unison, often swarming and overwhelming their targets.",https://lumiere-a.akamaihd.net/v1/images/rocket-trooper_92957db3.jpeg,0,organizations
6429291d021f17e13fbc1cfa,Jedi Youngling,"Prior to being chosen as Padawan Learners, children being trained in the force spent time as Jedi Younglings. They were divided into ten clans of up to twenty younglings and trained in the Jedi arts. One of their rites of passage was “The Gathering,”which was the harvesting of kyber crystals for their lightsabers on the remote world of Ilum. The Jedi Younglings in the Jedi Temple during Order 66 were brutally slain by Darth Vader.",https://lumiere-a.akamaihd.net/v1/images/jedi-youngling_0ee1eee6.jpeg,0,organizations
6429291d021f17e13fbc1cf9,Jedi Temple Guard,"An ancient, honored heritage within the hallowed halls of the Jedi Temple was the role of the Jedi Temple Guard. Reporting to Cin Drallig, head of security, the Temple Guards were anonymous sentinels plucked from the ranks of the Jedi as part of a Knight's ongoing commitment to the Order. A Jedi Temple Guard would disappear inside the formal robes and identity-concealing masks, the ultimate expression of emotional detachment required in service to a higher calling. Temple Guards carried imposing lightsaber pikes -- thick, double-bladed weapons that produced a rare and distinctive yellow blade.",https://lumiere-a.akamaihd.net/v1/images/databank_jeditempleguard_01_169_3416bea1.jpeg,0,organizations
6429291d021f17e13fbc1d16,Rebel Pilots,"The Rebel Alliance's starfighter corps was one of its greatest assets. There were nearly as many stories as there were pilots: Rebel starfighters were flown by Imperial defectors, reformed mercenaries, adventure-seeking farmboys, and daredevils who only truly felt alive in a cockpit. Regardless of their backgrounds, Rebel pilots learned to work together, relying on their wingmen as well as their training in countless battles against the Empire.",https://lumiere-a.akamaihd.net/v1/images/Rebel-Pilots_57e7b2f8.jpeg,0,organizations
6429291d021f17e13fbc1cf8,Jedi Order,"A noble order of protectors unified by their ability to tap into the power of the Force, the Jedi Order were the guardians of peace and justice in the Galactic Republic. The age of the Jedi would end, however, due to a nefarious plot by the Sith Lord Darth Sidious.",https://lumiere-a.akamaihd.net/v1/images/Jedi-Order_c0dfa281.jpeg,0,organizations
6429291d021f17e13fbc1d06,Mudtroopers,"Formally known as Imperial swamp troopers, mudtroopers are part of the Imperial Army, whose infantry is gradually being phased out in favor of stormtroopers. Mudtroopers wear partial armor, augmented with respiratory gear and sealed bodysuits for combat in unhealthy environments such as Mimban. Han Solo served as a corporal with the 224th Imperial Armored Division, a new incarnation of the Mud Jumpers of the Clone Wars.",https://lumiere-a.akamaihd.net/v1/images/solo-db-mudtroopers-main-image_9ebc1c6d.jpeg,0,organizations
6429291d021f17e13fbc1d17,Rebel Troopers,"Drawn from many homeworlds and species, Rebel troopers were the Alliance's front-line soldiers in the war against the Empire. They defended the Alliance's leaders on countless worlds and during many operations, changing uniforms and tactics to meet each challenge.",https://lumiere-a.akamaihd.net/v1/images/databank_rebeltroopers_01_169_3c33dfa2.jpeg,0,organizations
6429291d021f17e13fbc1d2b,the Hidden Path,"After Order 66, Jedi survivors are on the run, hiding their Force sensitivity and evading the Inquisitorius. Among those sympathetic to their cause is a group called the Hidden Path. With a web of safehouses crisscrossing the galaxy, these rebels risk their own lives to direct former Jedi and other targets to freedom, arranging safe passage and new identities along the way.",https://lumiere-a.akamaihd.net/v1/images/the-hidden-path-main_68f470f9.jpeg,0,organizations
6429291d021f17e13fbc1d19,Resistance Troopers,"The Resistance is too small to support dedicated infantry units, so technicians, pilots and others are regularly trained to take up arms and serve as ground troops if necessary. While hard-pressed against the overwhelming might of the First Order, these improvised soldiers are dedicated and capable. They fight with distinction on Takodana and serve as the Resistance’s final defense in the trenches of Crait.",https://lumiere-a.akamaihd.net/v1/images/last-jedi-databank-resistance-troopers-main-image_9b470468.jpeg,0,organizations
6429291d021f17e13fbc1cf7,Jade Squadron,"Jade Squadron is among the most versatile Resistance cells. Led by Venisa Doza, the esteemed pilots once sought help among the Aces, including Venisa's daughter Torra Doza, Kazuda Xiono, and Hype Fazon, to protect shuttles of Resistance recruits.",https://lumiere-a.akamaihd.net/v1/images/jade-squadron-main_75d47766.jpeg,0,organizations
6429291d021f17e13fbc1d38,White Worms,"One of Corellia’s many criminal gangs, the White Worms form the backbone of the black market in the coastal city of Coronet. Their lair is an abandoned water-processing plant, guarded by an army of urchins and scavengers known as the scrumrats. The scrumrats are ruled by a small number of Grindalids, led by the White Worm matriarch, Lady Proxima.",https://lumiere-a.akamaihd.net/v1/images/solo-db-white-worms-main-image_88843640.jpeg,0,organizations
6429291d021f17e13fbc1d37,Weequay Pirates,"This band of space pirates haunts the shipping lanes of the lawless Outer Rim Territories, in search of cargos to steal and travelers to hold for ransom. They have prospered just enough to maintain a stronghold on a sulfurous world, where they keep stores of grog, food, and other comforts. During the ongoing Clone Wars, the pirates attempted to remain neutral lest they get too drawn into an unprofitable conflict.",https://lumiere-a.akamaihd.net/v1/images/databank_weequaypirates_01_169_146b6407.jpeg,0,organizations
6429291d021f17e13fbc1d36,Vanguard Squadron,"Vanguard Squadron operates largely in the Bormea Sector, handling pockets of Imperial resistance and defending key New Republic planets like Chandrila and Brentaal IV. They specialize in rapid response attacks, high-risk rescue missions, and ambushing Imperial capital ships, going by their squadron motto: ""Fearless to the Finish"". Recently, Vanguard has been picked to tackle a special covert assignment.",https://lumiere-a.akamaihd.net/v1/images/vanguard-squadron-main-4l49ej9w3_134db3f0.jpeg,0,organizations
6429291d021f17e13fbc1d35,Vanguard Axis,"The Vanguard Axis is a fearsome droid cartel, in the business of smuggling and other underhanded dealings. Beyond selling off forged chain codes to those willing to pay for the fake identities to evade Imperial documentation, the heavily-armed droids are not above moving imprisoned living beings in their crate warehouse if they see a financial benefit to the scheme.",https://lumiere-a.akamaihd.net/v1/images/the-bad-batch-season-2-ep-6-story-gallery-03_ee58fe5b.jpeg,0,organizations
6429291d021f17e13fbc1d34,Unkar's Thugs,"The junkboss Unkar Plutt enforces his control of Jakku’s salvage economy by paying dim-witted henchmen to watch for scavengers conducting unauthorized barter or otherwise challenging the Blobfish’s authority. Unkar’s thugs keep their faces hidden to conceal their identities, but Niima Outpost is a small place whose residents know the bullies by their voices, carriage and body language. The scavengers find the attempts at secrecy amusing -- unless they’re on the receiving end of one of Unkar’s punishments.",https://lumiere-a.akamaihd.net/v1/images/unkars-thugs_0ce4cde0.jpeg,0,organizations
6429291d021f17e13fbc1d33,Tusken tribe,"Survival in the unforgiving desert of Tatooine requires strict training and discipline for the youngest members of a Tusken tribe. Led by a chieftain, each member of the clan must learn to be useful. Tusken children begin mastery of the traditional gaffi stick at a young age. Some will become guards, watching over prisoners of the tribe and aided by attentive massiffs. Others will grow up to be skilled warriors, powerful in battle.",https://lumiere-a.akamaihd.net/v1/images/tusken-tribe-main_2eeb8d02.jpeg,0,organizations
6429291d021f17e13fbc1d32,Tusken Raiders,"Tusken Raiders, or Sand People as they are sometimes known, wear abundant clothing to protect themselves from Tatooine’s twin suns. The strong beings pursue a nomadic existence in some of Tatooine’s most desolate regions. They fear little, and make sudden raids on local settlers.",https://lumiere-a.akamaihd.net/v1/images/tusken-raiders-main-bobf-2_135f8e1e.jpeg,0,organizations
6429291d021f17e13fbc1d31,Trade Federation,"One of the wealthiest corporate organizations in the galaxy, the Trade Federation controlled most of the interstellar shipping passing through the Rim territories. The Trade Federation was headed by Viceroy Nute Gunray, and even had its own representative in the Republic Senate to lobby for even greater power. On the orders of Darth Sidious, the Trade Federation sent its battle droids to invade Naboo to create a government crisis. During the Clone Wars, the Trade Federation secretly signed on as a member of Count Dooku's Separatist organization, though representatives in the Senate tried to deny this.",https://lumiere-a.akamaihd.net/v1/images/databank_tradefederation_01_169_4d5122ac.jpeg,0,organizations
6429291d021f17e13fbc1d30,Titan Squadron,"Titan Squadron has a reputation throughout the Empire to match their unofficial motto: ""Unrelenting Might."" Titan's pilots are trained to lead heavy strikes against enemy stations and planets, and scatter hostile armadas ahead of Imperial capital ships. Though their numbers have diminished since Endor, that has only made Titan's remaining pilots more determined to crush the New Republic.",https://lumiere-a.akamaihd.net/v1/images/titan-squadron-main-58q6e0q2a_91ff2bef.jpeg,0,organizations
6429291d021f17e13fbc1d2f,The Resistance,"A small, secretive private military force, the Resistance was founded by rebel hero Leia Organa to monitor the actions of the First Order. Most New Republic power brokers tolerate the Resistance while regarding Organa and her fighters as dead-enders with an unfortunate fixation on the past. Organa’s cash-strapped movement relies on credits, ships and equipment quietly funneled to it from the few senators who share her concerns. Resistance starfighters destroyed Starkiller Base, but the First Order’s retaliatory attack on D’Qar reduced its forces to a handful of brave freedom fighters.",https://lumiere-a.akamaihd.net/v1/images/the-resistance-tros-main-a_db5fe641.jpeg,0,organizations
6429291d021f17e13fbc1d2e,The Protectors,"An ancient group of Mandalorian warriors, the Protectors served the ruler of Mandalore. After the Imperial occupation of their homeworld, however, the Protectors established a base on the third moon of the Concord Dawn system. Led by Fenn Rau, they formed an alignment with the Empire; after Rau was captured by the rebels Kanan Jarrus and Sabine Wren, who fought with honor, the Protectors’ sympathies changed.",https://lumiere-a.akamaihd.net/v1/images/the-protectors_8187fc7c.jpeg,0,organizations
6429291d021f17e13fbc1d2d,The New Republic,"The Rebel Alliance became the New Republic after its victory over the Empire at the Battle of Endor. Eager to win over the war-weary citizens of the galaxy, the New Republic revived the Senate, signed a peace treaty – the Galactic Concordance – with the Empire’s remnants, and drastically reduced its military capabilities. That policy aroused the ire of rebel hero Leia Organa, who warned that elements of the Empire were still seeking power. Sidelined from the political process, Organa founded the Resistance to oppose the Empire’s successor state, the mysterious First Order.",https://lumiere-a.akamaihd.net/v1/images/new-republic_7742fb97.png,0,organizations
6429291d021f17e13fbc1d2c,The Max Rebo Band,"The Max Rebo Band was a jazzy ensemble that played gigs from one side of the galaxy to the other. The band was normally a trio, but leader Max Rebo often added vocalists, additional musicians and dancers for clients who wanted a fuller sound and a bigger spectacle. Jabba the Hutt was a big fan, and hired Max's group to play in his palace overlooking Tatooine's Dune Sea.",https://lumiere-a.akamaihd.net/v1/images/max-rebo-band_c071684c.jpeg,0,organizations
6429291d021f17e13fbc1d2a,The First Order,"The New Republic’s rise reduced the once-mighty Empire to a rump state hemmed in by strict disarmament treaties and punishing reparations. But in the galaxy’s Unknown Regions, former Imperial officers, nobles and technologists plotted a return to power, building fleets and armies in secret. This movement became the First Order, ruled by Supreme Leader Snoke, and is now ready to reclaim the Imperial legacy.",https://lumiere-a.akamaihd.net/v1/images/the-first-order-tros-main-a_9e90c9fe.jpeg,0,organizations
6429291d021f17e13fbc1d29,Techno Union,"A powerful galactic guild comprised of technology firms, the Techno Union was led by its lead engineer, Wat Tambor, during the final years of the Republic. The group helped create the battle-droid armies used by the Separatists, and Tambor pledged its loyalty to Count Dooku during the Separatist Crisis. Despite its Separatist ties, the Techno Union was represented in the Republic Senate, with Gume Saam speaking on its behalf. Tambor died on Mustafar at the end of the Clone Wars.",https://lumiere-a.akamaihd.net/v1/images/databank_technounion_01_169_5f8a9a80.jpeg,0,organizations
6429291d021f17e13fbc1d28,Tech stormtrooper,"Tech stormtroopers are specialized soldiers of the First Order, trained to extract, decrypt, and analyze even the most heavily protected data from droid memory cores and other resources.",https://lumiere-a.akamaihd.net/v1/images/tech-stormtrooper-main_4ed90fe2.jpeg,0,organizations
6429291d021f17e13fbc1d1a,Sandtroopers,"Stormtroopers dispatched to desert worlds wear specialized gear and are nicknamed sandtroopers. Sandtroopers wear standard stormtrooper armor augmented with cooling units, a helmet sand filter, and a survival backpack with extra rations and water. While hunting for the Death Star plans on Tatooine, sandtroopers used native dewbacks as mounts.",https://lumiere-a.akamaihd.net/v1/images/image_3f4de5de.jpeg,0,organizations
6429291d021f17e13fbc1d1b,Scout Troopers,"Scout troopers were lightly armored compared with other stormtroopers, which allowed them to move more quickly and easily in a range of environments. They were also trained for more independence and adaptability than most Imperial troops. The Empire used scout troopers for a range of missions, including reconnaissance and infiltration. On Endor, scout troopers riding speeder bikes patrolled the forests, guarding against threats to the shield generator protecting the second Death Star during its construction in orbit above the moon.",https://lumiere-a.akamaihd.net/v1/images/image_ff8262cd.jpeg,0,organizations
6429291d021f17e13fbc1d1c,scrumrats,"The scrumrats are orphans and scavengers plucked off the streets of Coronet City by the White Worms. In exchange for food and shelter, these desperate youths serve the criminal gang, with the most capable rising up the ranks from vermin-catchers and pickpockets to errand runners and operatives. The lead scrumrat, appointed by Lady Proxima, is known as the Head.",https://lumiere-a.akamaihd.net/v1/images/solo-db-scrumrats-main-image_31344a4e.jpeg,0,organizations
6429291d021f17e13fbc1d1d,Senate Guard,"For centuries, the Senate Guards have kept the galaxy's legislators from harm while they go about the Republic's business on the capital world of Coruscant. The best and bravest members of the guard are invited to become members of the Senate Commandos, who carry out secret government missions. With the decline of the Republic, the blue guards would eventually be phased out by Imperial stormtrooper patrols and the red guard in the Emperor's service.",https://lumiere-a.akamaihd.net/v1/images/databank_senateguard_01_169_a1b3755e.jpeg,0,organizations
6429291d021f17e13fbc1d1e,Separatist Council,"The Separatist Council was made up of the leaders of wealthy, influential galactic trade groups that backed Count Dooku’s Separatist Alliance, supporting it with warships, droid armies and a steady stream of credits. Its members included the Trade Federation’s Nute Gunray, the Corporate Alliance’s Passel Argente, the InterGalactic Banking Clan’s San Hill, the Commerce Guild’s Shu Mai, the Techno Union’s Wat Tambor, Poggle the Lesser of Geonosis, and Senators Po Nudo and Tikkes. At the end of the Clone Wars, Darth Vader executed the Council’s members on Mustafar.",https://lumiere-a.akamaihd.net/v1/images/ep3_ia_93524_4d9fc739.jpeg,0,organizations
6429291d021f17e13fbc1d1f,Shadow Collective,"The Shadow Collective was an alliance of underworld organizations assembled by Darth Maul using a mix of persuasion and brute force. Maul struck a deal with Death Watch leader Pre Vizsla and won the support of the Pyke Syndicate, then subjugated Black Sun and the Hutt Clan by force of arms. The Collective took over Mandalore, but its heyday was short-lived, and it fragmented after Maul’s defeat by Darth Sidious.",https://lumiere-a.akamaihd.net/v1/images/databank_shadowcollective_01_169_fdb9b32b.jpeg,0,organizations
6429291d021f17e13fbc1d18,Resistance Pilots,"Heirs to the legacy of the Rebel Alliance, the Resistance's starfighter corps gathered freedom fighters determined to counter the growing threat of the First Order. The Resistance’s pilot ranks were filled by Alliance veterans, disillusioned former New Republic officers, and adventure seekers from every corner of the galaxy.",https://lumiere-a.akamaihd.net/v1/images/ep8-135701_r_668eff3c.jpeg,0,organizations
6429291d021f17e13fbc1d20,Shoretroopers,"During the height of the Empire, coastal defense stormtroopers—or shoretroopers—would patrol the beaches and bunkers of the Imperial military headquarters on Scarif. Now, with the Empire in decline, they find themselves assigned to less glorious postings.",https://lumiere-a.akamaihd.net/v1/images/andor-episode-7-story-gallery-09_d0eda05a.jpeg,0,organizations
6429291d021f17e13fbc1d22,Sith,"An ancient order of Force-wielders devoted to the dark side, the Sith practice hate, deception, and greed. Notable for their red-bladed lightsabers, black dress, and use of their aggressive feelings, the Sith look to amass power at all costs. The evil Darth Sidious, along with his apprentice Darth Vader, achieved the Sith goal of galactic conquest after a millennia of plotting.",https://lumiere-a.akamaihd.net/v1/images/Sith_7abb7b3c.jpeg,0,organizations
6429291d021f17e13fbc1d23,Sith Eternal,"On the lost world of Exegol, Sith cultists gather to venerate the ancient Sith Order and swear fealty to the current Sith Lord. Darth Sidious has built this following into a military weapon during the years of his exile, with a generation of children raised as workers and soldiers in secret shipyards, factories and military camps. By combining these forces with those of the First Order, Sidious will ensure eternal Sith rule.",https://lumiere-a.akamaihd.net/v1/images/sith-eternal-main_b6eb45e8.jpeg,0,organizations
6429291d021f17e13fbc1d24,Sith jet troopers,"In its ultimate push towards galactic conquest, the First Order readies an army of elite soldiers that draw inspiration and power from a dark and ancient legacy.",https://lumiere-a.akamaihd.net/v1/images/sith-jet-troopers-main_bffa6db9.jpeg,0,organizations
6429291d021f17e13fbc1d25,Sith Troopers,"In its ultimate push towards galactic conquest, the First Order readies an army of elite soldiers that draw inspiration and power from a dark and ancient legacy.",https://lumiere-a.akamaihd.net/v1/images/sith-trooper-main_3fd7e082.jpeg,0,organizations
6429291d021f17e13fbc1d26,Snowtroopers,"Snowtroopers are stormtroopers trained for operations in arctic conditions and equipped with specialized gear to protect them against cold. When deployed, snowtroopers wear breath heaters and protective hoods, insulated suits and belt capes, rugged boots, heating units and survival backpacks. During the Battle of Hoth, snowtroopers under General Veers’ command were deployed from AT-AT Walkers and quickly and ruthlessly took control of Echo Base.",https://lumiere-a.akamaihd.net/v1/images/EP5_IA_1062_9594267a.jpeg,0,organizations
6429291d021f17e13fbc1d27,Stormtroopers,"Stormtroopers are elite shock troops fanatically loyal to the Empire and impossible to sway from the Imperial cause. They wear imposing white armor, which offers a wide range of survival equipment and temperature controls to allow the soldiers to survive in almost any environment. Stormtroopers wield blaster rifles and pistols with great skill, and attack in hordes to overwhelm their enemies. Along with standard stormtroopers, the Empire has organized several specialized units, including snowtroopers and scout troopers.",https://lumiere-a.akamaihd.net/v1/images/stormtrooper-main_011e064e.jpeg,0,organizations
6429291d021f17e13fbc1d21,Sienar Fleet Systems,"One of the Empire’s foremost military manufacturers, Sienar Fleet Systems developed and built the TIE fighter and its variants, as well as technologies such as the XX-23 S-thread tracker. With the Empire expanding rapidly and seeking to tighten its grip on the galaxy’s planets, Sienar aggressively sought new sites for its factories, building several on the Outer Rim world of Lothal.",https://lumiere-a.akamaihd.net/v1/images/sienar-fleet-systems_f98d5845.jpeg,0,organizations
6429291d021f17e13fbc1cf6,InterGalactic Banking Clan,"The InterGalactic Banking Clan was one of the galaxy’s most important commerce guilds. The Banking Clan secretly allied itself with Count Dooku’s Separatist movement, which it bankrolled during the Clone Wars while continuing to do business with the Republic. Revelations of corruption led to the arrest of the Banking Clan’s ruling Core Five and the appointment of Rush Clovis as the Banking Clan’s new leader. But Clovis was ensnared by a Sith plot, which led to the group’s takeover by Supreme Chancellor Palpatine.",https://lumiere-a.akamaihd.net/v1/images/databank_intergalacticbankingclan_01_169_7d04659f.jpeg,0,organizations
6429291d021f17e13fbc1cb8,Blue Squadron,"Blue Squadron was the primary line of defense for the Resistance’s base on D’Qar. Led by Poe Dameron and supported by such noted pilots as Snap Wexley and Jess Pava, the squadron repelled the First Order’s invasion of Takodana and later participated in the attack on Starkiller Base.",https://lumiere-a.akamaihd.net/v1/images/blue_squadron_abb9b7e1.jpeg,0,organizations
6429291d021f17e13fbc1cf4,incinerator troopers,"One of the most devastating of the Empire's specialized stormtrooper units, the incinerator trooper wields powerful flamethrower weaponry to set enemies and their fortifications ablaze.",https://lumiere-a.akamaihd.net/v1/images/incinerator-trooper-main_498da9c7.jpeg,0,organizations
6429291d021f17e13fbc1cd0,Dhani,"The native denizens of Aldhani, known as Dhani, live in harmony with their world as farmers and shepherds who pay tribute to natural wonders far beyond their understanding. Every three years, Dhani pilgrims trek from their distant lowlands to the Nasma Brani, a sacred temple, to worship during the Eye, a sacred celestial event. Unfortunately, the Nasma Brani is located in a valley close to an Imperial outpost, and the Empire has already begun calculated means of deterring this journey.",https://lumiere-a.akamaihd.net/v1/images/dhani-main_3eb07b5b.jpeg,0,organizations
6429291d021f17e13fbc1ccf,Death Watch,"The warrior clans of Mandalore were believed to have been wiped out ages ago, their tattered remnants exiled to the Concordia moon. But as the Clone Wars swept the galaxy, the treacherous governor Pre Vizsla resurrected the Mandalorians, and with them, their legendary combat armor that was feared across the galaxy. Backed by Count Dooku and the Separatists, Vizsla began building an army to retake Mandalore from the control of pacifists who were trying to bury violent Mandalore's past. As the coup became inopportune, Dooku abandoned the Death Watch. The warriors wandered the galaxy for a time, then helped conquer Mandalore as part of Darth Maul’s Shadow Collective. Maul then became Death Watch’s leader when he killed Pre Vizsla.",https://lumiere-a.akamaihd.net/v1/images/Death-Watch_624f6efa.jpeg,0,organizations
6429291d021f17e13fbc1cce,Death Star Troopers,"Death Star Troopers were the elite of the Imperial Navy who were stationed aboard the first and second Death Star. They were responsible for piloting the super-structure to its destinations and firing the superlaser on the orders of those in command of the station. They wore black uniforms and flared, reflective helmets.",https://lumiere-a.akamaihd.net/v1/images/death-star-troopers_250f8c36.jpeg,0,organizations
6429291d021f17e13fbc1ccd,Death Star Scientists,"The Death Star began as a Geonosian design, but became operational after nearly two decades of work by a team of brilliant scientists sequestered on the rainswept world of Eadu. Led by a reluctant Galen Erso, the Death Star scientists seek to fuse kyber-crystal shards into larger structures and use those crystals to amplify energy into a stable beam powerful enough to destroy an entire planet.",https://lumiere-a.akamaihd.net/v1/images/death-star-scientists-main_8ae8cd13.jpeg,0,organizations
6429291d021f17e13fbc1ccc,Death Star Gunners,"Crews of Death Star gunners served aboard both Imperial battle stations, manning their heavy turbolasers. Elite gunners operated the Death Star superlaser, aware that the power at their fingertips could destroy a planet.",https://lumiere-a.akamaihd.net/v1/images/image_cc08cdb7.jpeg,0,organizations
6429291d021f17e13fbc1ccb,Daughters of Ferrix,"A social club of friends and neighbors, the Daughters of Ferrix proudly represent a subsection of the community on their salvage-driven world. Counting Maarva Andor among their past presidents, the Daughters of Ferrix look after their own in life -- and in death.",https://lumiere-a.akamaihd.net/v1/images/daughters-of-ferrix-main_c04e17a8.jpeg,0,organizations
6429291d021f17e13fbc1cca,D-Squad,"A Republic super team of 5 droids (QT-KT, U9-C4, R2-D2, M5-BZ, and Corporal WAC-47) sent on an important mission under the leadership of Colonel Meebur Gascon.",https://lumiere-a.akamaihd.net/v1/images/databank_dsquad_01_169_babdf7cf.jpeg,0,organizations
6429291d021f17e13fbc1cc9,Crimson Squadron,"Crimson Squadron’s bombers hurry back to D’Qar alongside Cobalt Squadron to support the evacuation of the Resistance base. But Crimson’s ranks have been much reduced by losses against the First Order in the Atterra system, and just two bombers are available to join the defense of D’Qar.",https://lumiere-a.akamaihd.net/v1/images/tlj-db-crimson-squadron-main-image_cb81419b.jpeg,0,organizations
6429291d021f17e13fbc1cc8,Crimson Dawn,"One of the galaxy’s emerging crime syndicates, Crimson Dawn has quickly established a reputation for both ruthlessness and efficiency. The cultured gangster Dryden Vos is the organization’s most visible representative, but underworld figures have begun to take notice of Vos’s capable lieutenant and protégé, Qi’ra.",https://lumiere-a.akamaihd.net/v1/images/crimson-dawn-main-b_edc99197.jpeg,0,organizations
6429291d021f17e13fbc1cc7,Coruscant Underworld Police,"Though the deeper levels of Coruscant may be far from the prying eyes of clone troopers and police droids, some semblance of order was maintained courtesy of the underworld police. Completely swathed in the protection and anonymity of their leather and metal uniforms, with mechanical eyes poking through their fully wrapped heads, it's unclear if they were droids, humanoids, or something in between.",https://lumiere-a.akamaihd.net/v1/images/acw_ia_113874_1ebfd3b0.jpeg,0,organizations
6429291d021f17e13fbc1cc6,Coruscant Guard,"This elite group of clones guards was led by Clone Commander Fox. It was their task to keep the peace on Coruscant, to protect important buildings, and to supplement the job of the Senate Guard. They escorted Jedi and other senatorial dignitaries to protect them on official missions. They were also the group in charge of hunting down Ahsoka Tano when she was accused of murder in the wake of the Jedi Temple bombing. At the direction of the newly minted Emperor Palpatine, they even sought out Master Yoda in the moments before his exile, but he slipped through their fingers, and they instead shifted their efforts to help find an injured Darth Vader.",https://lumiere-a.akamaihd.net/v1/images/coruscant-guard_de54f43f.jpeg,0,organizations
6429291d021f17e13fbc1cc5,Corporate Alliance,"The Corporate Alliance was one of the galaxy’s powerful trade guilds, led in the final years of the Republic by the Koorivar Passel Argente. The group pledged its forces – including warships and deadly tank droids – to Count Dooku’s Separatist Alliance. Argente died at the conclusion of the Clone Wars.",https://lumiere-a.akamaihd.net/v1/images/corporate-alliance_16d23e95.jpeg,0,organizations
6429291d021f17e13fbc1cc4,Confederacy of Independent Systems,"The Confederacy of Independent Systems, also known as the Separatist Alliance, was a collection of star systems and corporate titans that left the Republic and fought for independence against the Republic’s clone armies and Jedi Knights. The charismatic former Jedi Count Dooku was the Alliance’s political leader, while its military power came from credits and assets donated by powerful galactic trade groups. No one suspected that the Alliance was actually a tool of Darth Sidious, who had engineered the Clone Wars as part of a Sith plot to rule the galaxy.",https://lumiere-a.akamaihd.net/v1/images/confederacy-of-independent-systems_27125097.jpeg,0,organizations
6429291d021f17e13fbc1cc3,Company 77,"To ensure perfect obedience, the First Order trains stormtroopers from birth – but even with such brutal conditioning, some soldiers retain a sense of morality. At the Battle of Ansett Island, an entire company mutinied rather than fire on civilians. Led by Jannah, the remnants of Company 77 now live in exile on Kef Bir. When Finn meets Jannah, he is astonished and heartened to learn he wasn’t the only stormtrooper to reject his programming.",https://lumiere-a.akamaihd.net/v1/images/compay-77-main_06bddfe2.jpeg,0,organizations
6429291d021f17e13fbc1cd1,Elite Praetorian Guard,"Clad in ornate crimson armor, these warriors guarded Supreme Leader Snoke, ready to meet any threat with a savage response. The Guard consisted of eight sentinels divided into four pairs, with each pair brandishing unique weapons. Their red armor was a deliberate echo of that worn by Emperor Palpatine’s royal protectors. The Guard attacked Kylo Ren and Rey after the death of Snoke, with all eight falling in battle.",https://lumiere-a.akamaihd.net/v1/images/tlj-elite-praetorian-guards-main_4ac8e51d.jpeg,0,organizations
6429291d021f17e13fbc1cc2,Cobalt Squadron,"Six Resistance bombers, including Paige Tico’s Cobalt Hammer, made up Cobalt Squadron. The squadron was unavailable for the attack on Starkiller Base because it was bringing supplies to insurgents opposing the First Order in the Atterra system. The bombers rushed back to D’Qar aboard the Ninka and were sent into combat to buy time for the Resistance evacuation. They destroyed a First Order Dreadnought, but were lost along with all of their crews.",https://lumiere-a.akamaihd.net/v1/images/tlj-db-cobolt-squadron-main-image_3cff3b44.jpeg,0,organizations
6429291d021f17e13fbc1cc0,Clone Troopers,"At the time of their introduction, the Republic clone troopers represented the future of galactic warfare. Far superior to battle droids, the clone troopers formed the backbone of the Republic's new military that waged war against the forces of the Confederacy of Independent Systems. So symbolic were they of the times, the galaxy-wide conflict that saw their debut took its name from their ranks: the Clone Wars.",https://lumiere-a.akamaihd.net/v1/images/Clone-Troopers_76eb5caf.jpeg,0,organizations
6429291d021f17e13fbc1cf5,Inferno Squad,"A special forces unit within the Empire, Inferno Squad was formed by Admiral Garrick Versio following the destruction of the Death Star at Yavin 4. Led by Iden Versio, Inferno Squad exists to protect the Empire from similar catastrophes, to protect and bury its secrets, and eliminate threats to the safety of its citizens. Masters of infiltration, extraction, and combat in any environment, Inferno Squad is revered by those in the Empire who know their name, and feared by the few enemies its commandos has allowed to escape.",https://lumiere-a.akamaihd.net/v1/images/inferno-squad2_44bc2423.jpeg,0,organizations
6429291d021f17e13fbc1cbe,Clan Wren,"Clan Wren is among the most storied of Mandalorian warrior families. Part of House Vizsla, Clan Wren aligned with the Empire and Gar Saxon under duress. The clan broke ties with the Empire, however, following a reconciliation between leader Ursa Wren and her daughter Sabine. Now, Clan Wren stands with Bo-Katan, leader of Mandalore.",https://lumiere-a.akamaihd.net/v1/images/clan-wren_43e21304.jpeg,0,organizations
6429291d021f17e13fbc1cbd,Clan Saxon,"Clan Saxon is a Mandalorian faction that has pledged loyalty to the Empire. Under the rule of both Gar Saxon and his successor, Governor Tiber Saxon, they battle rebels and Mandalorians alike in their quest to maintain power on their homeworld.",https://lumiere-a.akamaihd.net/v1/images/clan-saxon_ccab9c13.jpeg,0,organizations
6429291d021f17e13fbc1cbc,Clan Kryze,"Clan Kryze is a faction of Mandalorian warriors under the leadership of Bo-Katan Kryze. After the Empire's occupation of Mandalore, Bo-Katan led the clan in the hopes of resisting Imperial rule and restoring her homeworld.",https://lumiere-a.akamaihd.net/v1/images/clan-kryze_f3c5869f.jpeg,0,organizations
6429291d021f17e13fbc1cbb,Caretakers,"An enclave of females from the Lanai species, the Caretakers dwell on Ahch-To’s sacred island, and consider it their religious duty to maintain its ancient structures and care for any seekers of truth drawn to their lonely planet. Male Lanais spend most of their time at sea, returning for monthly celebrations.",https://lumiere-a.akamaihd.net/v1/images/caretakers-db-tlj_74da3214.jpeg,0,organizations
6429291d021f17e13fbc1cba,Canto Bight Police,"Canto Bight’s uniformed police keep the peace in the resort city, and are trained to avoid messy public disruptions and unnecessary violence. Visitors who step out of line are incapacitated with stun blasts and hauled off to jail. Those attempting to evade justice are hunted down by lightweight, highly mobile police speeders.",https://lumiere-a.akamaihd.net/v1/images/canto-police-db-main_c4968d22.jpeg,0,organizations
6429291d021f17e13fbc1cb9,Boonta Eve Classic Podracer Pilots,"The Boonta Eve Classic was the largest annual Podrace held on Tatooine, hosted by the Hutts to commemorate the Boonta Eve holiday. Held just outside Mos Espa, the Boonta race course started in the Mos Espa Grand Arena. The formal race ceremony started with a parade of flag-bearers.  Once the bearers cleared the grid, the Podracers' massive engines would roar to life, seemingly anxious at the chance to soar at speeds exceeding 700 kilometers-per-hour. Eighteen Podracers competed to win the trophy that day. Anakin Skywalker survived to cross the finish line first, earning not only accolades, but his freedom from slavery.",https://lumiere-a.akamaihd.net/v1/images/databank_boontaeveclassicpodracerpilots_01_169_e6dc291f.jpeg,0,organizations
6429291d021f17e13fbc1cb7,Black Sun,"During the Clone Wars, the focus of the Jedi Knights on defeating the Separatists meant a decline of law enforcement, particularly in the sparsely patrolled Outer Rim Territories. This allowed criminal elements, like the notorious Black Sun syndicate, to flourish. The Black Sun's tentacles reach across many worlds. Many of the organization's operatives had no idea that they were benefiting Black Sun, so layered and intricate were the fronts that the syndicate hid behind. During the time of the Clone Wars, Black Sun was led by a cabal of Falleen nobles, who operated out of a well-defended fortress on Mustafar. The group’s Mustafar operations weren’t impregnable, however – Asajj Ventress and Quinlan Vos penetrated them to retrieve a family of captives taken in an underworld dispute between Black Sun and the Pyke Syndicate.",https://lumiere-a.akamaihd.net/v1/images/databank_blacksun_01_169_f68eee69.jpeg,0,organizations
6429291d021f17e13fbc1cb6,Bear Clan,"The Bear Clan was a class of Jedi Younglings all aged between four and eight that trained together in the years before and into the start of the Clone Wars. At one point, Obi-Wan Kenobi interrupted one of their lightsaber training sessions with Master Yoda and asked for their help in finding Obi-Wan’s missing planet of Kamino. Members of the Mighty Bear Clan included Chian, Jempa, Mari Amithest, Liam, and Ahsla.",https://lumiere-a.akamaihd.net/v1/images/bear-clan_5be8c505.jpeg,0,organizations
6429291d021f17e13fbc1cb5,AT-AT Pilots,"The Empire’s combat drivers are trained to handle everything in the Imperial ground arsenal, but AT-AT pilots see themselves as elite, controlling their massive four-footed assault vehicles in combat against Rebel targets. While driving early models of their massive walking tanks, AT-AT pilots nearly annihilated the Ghost crew and three surviving clones on Seelos, and later obeyed General Veers’ orders during the Empire’s advance on Hoth’s Echo Base, destroying numerous snowspeeders and blasting apart the Rebels’ ground defenses.",https://lumiere-a.akamaihd.net/v1/images/ep5_ia_1656_4a604095.jpeg,0,organizations
6429291d021f17e13fbc1cb4,Artillery Stormtrooper,"Specialized soliders in the Imperial forces, artillery stormtroopers carry specialized indirect fire weapons like mortars onto the battlefield. From cover, they can lob explosives of difference types at a high angle to fall at precisely calculated coordinates.",https://lumiere-a.akamaihd.net/v1/images/artillery-stormtrooper-main_b55b4bb9.jpeg,0,organizations
6429291d021f17e13fbc1cb3,Alliance High Command,"The uppermost ranks of the Rebel Alliance are known as High Command, and include both military officers and a cabinet of senators who serve as ministers. As Alliance chief of state, Mon Mothma sits at the pinnacle of High Command, but encourages open discussion and even debate among her military and civilian advisors.",https://lumiere-a.akamaihd.net/v1/images/alliance-high-council-main_53391e65.jpeg,0,organizations
6429291d021f17e13fbc1cb2,501st Legion,"Led by Captain Rex, the 501st Legion is a tight-knit squadron of clone troopers known for strength of character and unwavering loyalty. Upon being reunited with Ahsoka Tano, the men of the 501st show their allegiance to their former commander by altering their clone armor in an homage for her Togruta markings.",https://lumiere-a.akamaihd.net/v1/images/501st-stormtroopers-main_525e6786.jpeg,0,organizations
6429291d021f17e13fbc1cc1,Cloud-Riders,"A band of masked marauders led by the notorious Enfys Nest, the Cloud-Riders are known for circling the skies in a swarm of swoop bikes. On Core Worlds, racing the crude, overpowered vehicles has become a spectator sport. But on the frontier planets, the modified and high-speed bikes are the mark of an outlaw and Enfys and her crew are among the most infamous.",https://lumiere-a.akamaihd.net/v1/images/solo-db-cloud-riders-main-image_4dfa5f8d.jpeg,0,organizations
6429291d021f17e13fbc1cd2,Elite Squad,"After the formation of the Galactic Empire, a select group of top soldiers from across the galaxy are conscripted to serve in the Elite Squad. First introduced by Vice Admiral Rampart, the troopers are envisioned as a way to generate loyal soldiers for the Empire without relying solely on clone soldiers, a small sampling of highly skilled, enlisted recruits tasked with neutralizing anti-Imperial insurgents throughout the galaxy. Trading in their names for numbers, ES-01, ES-02, ES-03, and ES-04 herald a new stormtrooper program and pose a threat to the old guard, now seen as a cost-prohibitive relic of a bygone era.",https://lumiere-a.akamaihd.net/v1/images/elite-squad-main_78d36edd.jpeg,0,organizations
6429291d021f17e13fbc1cbf,"Clone Force 99 ""The Bad Batch""","After the fall of the Republic, Vice Admiral Rampart eagerly took on the role of overseeing the clone troopers on Kamino for the new Galactic Empire. In the early days of the regime, Rampart's loyalty to Governor Tarkin and the rest of the Imperials was unquestioned. But after damaging evidence of his order to destroy Tipoca City came to light on the floor of the Galactic Senate, Rampart was arrested, standing accused as a traitor to the Empire despite his protestations that he was simply following orders.",https://lumiere-a.akamaihd.net/v1/images/clone-force-99-main_37f984e5.jpeg,0,organizations
6429291d021f17e13fbc1cd4,Executioner Troopers,"In the First Order, execution duty isn’t the domain of a specialized unit, but an assignment that any stormtrooper may draw. Executioner troopers carry powerful laser axes and wear armor with black carbon-finish accents. Their serial numbers are never broadcast to squadmates’ helmet displays, leaving their identities anonymous.",https://lumiere-a.akamaihd.net/v1/images/last-jedi-databank-executioner-troopers-main-image_d847b165.jpeg,0,organizations
6429291d021f17e13fbc1cd3,emigration officers,"Coronet Spaceport’s emigration officers process civilian, commercial and military travelers heading offworld. They are part of the Corellian Security Forces, but CorSec is now an asset of the Imperial Security Bureau, and the officers’ civilian uniforms bear the Imperial symbol. Emigration officers question travelers from behind blast-proof partitions, with stormtroopers ready to intervene in case of trouble.",https://lumiere-a.akamaihd.net/v1/images/solo-db-emigration-officers-main-image-2_108499c4.jpeg,0,organizations
6429291d021f17e13fbc1cf3,Imperial Super Commandos,"Mandalorian warriors loyal to the Empire, Imperial Super Commandos were deadly and efficient enforcers. Led by Gar Saxon, the Imperial Super Commandos’ armor was a distinctive and streamlined white, and their masterful combat abilities were eclipsed only by their ruthlessness. Under orders of the Empire, they destroyed the Protectors of Concord Dawn with no mercy, and sought to do the same to their missing leader Fenn Rau and any rebel opposition.",https://lumiere-a.akamaihd.net/v1/images/imperial-supercommandos_cb33993a.jpeg,0,organizations
6429291d021f17e13fbc1cf2,Imperial Security Trooper,"Marching in formation along Rix Road, elite Imperial security troopers bolster the standard
stormtrooper forces in maintaining order on Ferrix.",https://lumiere-a.akamaihd.net/v1/images/imperial-security-trooper-main_1aa57c94.jpeg,0,organizations
6429291d021f17e13fbc1cf1,Imperial Security Bureau,"The Imperial Security Bureau operates in the shadows, a secret task force activated to ensure order after the formation of the Empire. Represented by officers like Supervisor Dedra Meero and Agent Alexsandr Kallus, the ISB surreptitiously investigates rebel activities found throughout the galaxy to quash the first hint of insurrection.",https://lumiere-a.akamaihd.net/v1/images/imperial-security-bureau-main_a10e706c.jpeg,0,organizations
6429291d021f17e13fbc1cf0,Imperial Royal Guard,"Resplendent in crimson robes and armor, the Imperial Royal Guard protected the Emperor. Secrecy shrouded the Guard, with rumors abounding about the sentinels' backgrounds and combat capabilities.",https://lumiere-a.akamaihd.net/v1/images/databank_emperorsroyalguard_01_169_4a88ce6c.jpeg,0,organizations
6429291d021f17e13fbc1cef,Imperial Pilots,"Imperial pilots relied on lightning-quick reflexes and fearlessness to survive tours of duty against the Empire's enemies, as TIE fighters were lightly armored and lacked shields. Only the very best pilots earned their wings as fighter aces.",https://lumiere-a.akamaihd.net/v1/images/CLA_IA_3533_R_copy_5bf5ddfb.jpeg,0,organizations
6429291d021f17e13fbc1cee,Imperial Mobile Surgical Unit,"Imperial Mobile Surgical Units, or IMSUs, are the latest incarnation of prefabricated medcenters used during the Clone Wars. These collapsible shelters serve as a combination of doctor’s office and operating room for Imperial medics and droids. On Mimban, maladies include dehydration, microbial infections and “trench foot,” as well as the usual perils of battle.",https://lumiere-a.akamaihd.net/v1/images/solo-db-imperial-mobile-surgical-unit-main-image_443bcd25.jpeg,0,organizations
6429291d021f17e13fbc1cec,Imperial ground crew,"Imperial installations, whether space-bound or ground-based, buzz with activity and vehicular traffic. Skilled ground crews sort through this would-be chaos and see to the smooth operation of Imperial craft through regular maintenance.",https://lumiere-a.akamaihd.net/v1/images/imperial-ground-crew-main_ffbbf456.jpeg,0,organizations
6429291d021f17e13fbc1ceb,Imperial Death Troopers,"Elite Imperial soldiers, death troopers are encased in specialized stormtrooper armor with a dark, ominous gleam. These troops serve as bodyguards and enforcers for figureheads including Director Krennic, a highly placed officer within the Advanced Weapons Research division of the Empire, and later Moff Gideon and others.",https://lumiere-a.akamaihd.net/v1/images/death-troopers-main_dd93335e.jpeg,0,organizations
6429291d021f17e13fbc1cea,Imperial combat assault tank pilots,"Imperial combat drivers operate the Empire’s arsenal of armored repulsor vehicles, from troop transports to heavily armored hovertanks. Combat drivers are lightly armored, relying instead on the thick skin of their vehicles to protect them in battle.",https://lumiere-a.akamaihd.net/v1/images/combat-assault-tank-pilot-main_1be9650e.jpeg,0,organizations
6429291d021f17e13fbc1ce9,Imperial combat assault tank commanders,"Perched in the command seat of the thickly armored Imperial combat assault tank with a view of the surrounding area, the tank commander barks out orders to the combat drivers within to steer the vehicle into battle. The commander stays in contact with his crew and with headquarters to keep updated on changing combat conditions.",https://lumiere-a.akamaihd.net/v1/images/combat-assault-tank-commander-main_5470a25f.jpeg,0,organizations
6429291d021f17e13fbc1ce8,Imperial Clone Shock Troopers,"Originally founded during the Clone Wars as security police for Coruscant governmental facilities and bodyguards for Republic representatives, the group of clones known as shock troopers now operate as elite forces of the Empire.",https://lumiere-a.akamaihd.net/v1/images/imperial-clone-shock-troopers-main_74fe5dac.jpeg,0,organizations
6429291d021f17e13fbc1ce7,Hutt Clan,"The Hutt Clan was one of the most powerful crime families in the galaxy, making riches through smuggling and myriad illegal businesses across worlds. They were governed by the Hutt Grand Council, a committee of elder Hutts that would advise on strategy and make decisions on inter-family disputes. Among the most notorious -- and feared -- Hutts was Jabba, a ruthless gangster whose influence reached much further than his home base of Tatooine.",https://lumiere-a.akamaihd.net/v1/images/image_659e2fa6.jpeg,0,organizations
6429291d021f17e13fbc1ce6,Gungan Grand Army,"In contrast to the peaceful human colonists of Naboo, the native Gungans are a proud warrior species. The amphibians have long maintained a huge standing army -- the Gungan Grand Army -- as one of their proudest traditions.  The Gungans prefer technology that is harmonious with the ecology of their world. Their weaponry is no different. The Gungan Grand Army uses domesticated animals for transport -- Gungan scouts ride swift-footed kaadu into combat, while hardy falumpasets and fambaas haul heavy weapons and shield generators into place.",https://lumiere-a.akamaihd.net/v1/images/databank_gungangrandarmy_01_169_9a8506f2.jpeg,0,organizations
6429291d021f17e13fbc1ce5,Guavian Death Gang,"Known for its distinctive red-armored foot soldiers, the Guavian Death Gang is a criminal organization driven out of the Core Worlds by unrest in the galactic underworld. Guavian Death Gang soldiers undergo cybernetic augmentation, with a mechanical reservoir and pump injecting chemicals into their bloodstreams to enhance speed and aggression. They are silent in battle, communicating via high-frequency datastreams. Han Solo ran afoul of the Guavians for failing to repay their 50,000-credit loan.",https://lumiere-a.akamaihd.net/v1/images/guavian-death-gang_64c0c060.jpeg,0,organizations
6429291d021f17e13fbc1ced,Imperial medics,"Imperial medics tend to soldiers on the battlefield and behind the front lines, with their duties encompassing everything from triage to preventive medicine. Medics benefit from the assistance of droids as well as the latest Imperial technology, utilizing equipment such as pain-relieving gas and antiseptic field projectors. The Empire interprets the galaxy’s ancient medical oaths as only applying to one’s own species, and allows its medics to bear arms in combat.",https://lumiere-a.akamaihd.net/v1/images/solo-db-imperial-medics-main-image_d607b959.jpeg,0,organizations
6429291d021f17e13fbc1ce3,Galactic Republic,"For over a thousand years, the Galactic Republic stood firm as a democratic union that governed the galaxy. The Republic was governed by the Galactic Senate, consisting of elected officials from each system and world, and Jedi Knights served as peacekeepers. With the rise of Supreme Chancellor Palpatine, however, the Galactic Republic -- and democracy -- would crumble.",https://lumiere-a.akamaihd.net/v1/images/Galactic_Republic-1_69f82abe.jpeg,0,organizations
6429291d021f17e13fbc1cd5,Fathier jockeys,Fathier racing is a dangerous business in which falls are often fatal. This gives Canto Bight’s fathier jockeys a reputation far larger than their size – the resort town’s best riders are celebrities in their own right. The best jockeys know how to persuade their mounts to run without striking them with an electrocrop.,https://lumiere-a.akamaihd.net/v1/images/last-jedi-databank-fathier-jockey-main-image_190db006.jpeg,0,organizations
6429291d021f17e13fbc1ce4,Galactic Senate,"At the height of its rule, the Galactic Republic was governed by a body of Senators representing the many worlds of the galaxy. Within the cavernous Senate rotunda, hundreds of politicians would fill the viewing platforms that lined the curved walls. The Senate’s power gradually eroded after it voted emergency powers to Supreme Chancellor Palpatine during the Clone Wars, and the body was sharply divided between supporters of the war and those seeking peace. After Palpatine declared himself Emperor, power was increasingly wielded by regional governors. Shortly before the Battle of Yavin, Palpatine disbanded the Senate.",https://lumiere-a.akamaihd.net/v1/images/databank_galacticsenate_01_169_bf6ad9e8.jpeg,0,organizations
6429291d021f17e13fbc1cd6,Figrin D'an and the Modal Nodes,"This seven-piece ensemble of Bith musicians was a common sight at the Mos Eisley Cantina, playing swinging instrumentals for the watering hole’s staggering patrons. The Modal Nodes’ leader, “Fiery” Figrin D’an, played the Kloo horn, though some patrons preferred his work on the Gasan string drum. Other members of the Modal Nodes were Nalan Cheel (Bandfill), Doikk Na’ts (Dorenian Beshniquel), Tedn Dahai (Fanfar), Tech M’or (Ommni box), Ickabel G’ont (Double Jocimer) and Sun’il Ei’de (drums).",https://lumiere-a.akamaihd.net/v1/images/figrin-dan-main-image_a17465db.jpeg,0,organizations
6429291d021f17e13fbc1cd7,First Order Flametroopers,"These specialist stormtrooper units advance in conjunction with standard First Order infantry, using D-93 incinerators to flush out entrenched enemies with roaring sheets of flame. Flametroopers wear backpack-style propellant tanks, special helmets with slit-like lenses that reduce glare, and temperature-control body gloves beneath their armor.",https://lumiere-a.akamaihd.net/v1/images/first-order-flametroopers_6dc13538.jpeg,0,organizations
6429291d021f17e13fbc1cd8,First Order jet troopers,"Specialized stormtroopers of the First Order, jet troopers soar into battle equipped with agile rocket packs.",https://lumiere-a.akamaihd.net/v1/images/first-order-jet-troopers-main_0ebaacb5.jpeg,0,organizations
6429291d021f17e13fbc1cd9,First Order Riot Control Stormtroopers,Stormtrooper units assigned to keep order on worlds within First Order territory are trained in riot-control tactics and given non-lethal equipment – though all carry standard weapons in case situations spiral out of control. Riot control stormtroopers use betaplast shields and Z6 batons to keep crowds at bay or to shock or pummel an opponent.,https://lumiere-a.akamaihd.net/v1/images/first-order-riot-control-stormtroopers_4a11e9db.jpeg,0,organizations
6429291d021f17e13fbc1cdb,First Order Snowtroopers,"First Order stormtroopers assigned to frigid planets such as Starkiller Base wear specialized armor and gear that let them operate effectively in icy conditions. Snowtroopers carry a backpack-style personal environment unit and wear insulated helmets with glare-reducing slit lenses, gloves, a kama, and a heat-resistant body glove beneath an oversuit of wind-resistant fabric. Snowtrooper teams scouted the planet that now houses Starkiller Base, eliminating native life forms that posed a potential threat.",https://lumiere-a.akamaihd.net/v1/images/ep8-303923_r_a8b9aa5c.jpeg,0,organizations
6429291d021f17e13fbc1cda,First Order SCUBA troopers,"Among the specialized forces in the First Order, SCUBA troopers are specially-equipped with underwater blasters, flippers, and breathing apparatus to help them perform patrols on the ocean planet of Castilon.",https://lumiere-a.akamaihd.net/v1/images/first-order-scuba-troopers-main_21f15375.jpeg,0,organizations
6429291d021f17e13fbc1cdc,First Order Stormtroopers,"The First Order’s infantry units wear stark white armor derived from that worn by the Republic’s clone troopers and the Empire’s stormtroopers. Members of this new generation of stormtroopers are trained from birth, growing up with unit designations instead of names and fed a steady diet of First Order propaganda to ensure absolute loyalty. Where the Empire opted for numbing routine, the First Order’s training simulations and live-fire drills encourage improvisation on the battlefield, making these stormtroopers more dangerous than their Imperial predecessors.",https://lumiere-a.akamaihd.net/v1/images/first-order-stormtroopers_cad1562c.jpeg,0,organizations
6429291d021f17e13fbc1cdd,First Order Supreme Council,"Now that he is Supreme Leader, Kylo Ren has created a cabinet of top First Order military leaders to carry out his orders. This is a change from Snoke’s regime, in which most high-ranking officers knew little of the First Order’s capabilities and goals. Cooperation is new to these proud men and women, and many of High Command’s meetings aboard the Steadfast are marred by sniping and turf wars.",https://lumiere-a.akamaihd.net/v1/images/first-order-supreme-council-main_0c45610a.jpeg,0,organizations
6429291d021f17e13fbc1cde,First Order TIE Fighter Pilots,"Imperial pilots were treated as expendable, sent into combat in unshielded TIEs, but the First Order treats its fighter pilots as important parts of its war machine. Potential First Order pilots are identified as children and given rigorous training, often within the corridors of warships, then tested ruthlessly throughout their careers to ensure their reflexes, visual acuity and coordination measure up. Elite Special Forces fighter pilots bear red flashes on their helmets, and report to the upper ranks of the First Order hierarchy.",https://lumiere-a.akamaihd.net/v1/images/first-order-tie-fighter-pilots_a040dfc7.jpeg,0,organizations
6429291d021f17e13fbc1cdf,Flob,"A functionary within the Imperial Bureau of Standards, Flob's world is filled with such concerns as weights, gauges, redundancies, verification, and other matters of bureaucratic recordkeeping.",https://lumiere-a.akamaihd.net/v1/images/flob-main_cc7bf3a2.jpeg,0,organizations
6429291d021f17e13fbc1ce0,Force Priestesses,"Dwelling on an unnamed planet in the heart of the galaxy, these five mysterious beings embodied the connection between the living Force present in lifeforms big and small, and the larger, timeless cosmic Force. Mutable in form, the Priestesses manifested as Serenity, Joy, Anger, Confusion, and Sadness. They tested Master Yoda on their homeworld, helping him attain a larger understanding of the Force and learn to preserve his identity after death.",https://lumiere-a.akamaihd.net/v1/images/image_942382fc.jpeg,0,organizations
6429291d021f17e13fbc1ce1,Free Ryloth Movement,"The Twi’lek freedom fighter Cham Syndulla founded this underground resistance group on his homeworld of Ryloth to disrupt Imperial operations through carefully planned raids. Many of the Free Ryloth members were veterans of Syndulla’s campaign against the earlier Separatist occupation. When Syndulla learned that Emperor Palpatine and Darth Vader planned to visit Ryloth, he saw a chance to strike a blow for freedom not just on his own planet, but everywhere in the galaxy.",https://lumiere-a.akamaihd.net/v1/images/free-ryloth-movement_b2d6cc80.jpeg,0,organizations
6429291d021f17e13fbc1ce2,Galactic Empire,"The Galactic Empire ruled for years through fear, intimidation, and tyranny. With a mighty military force including stormtroopers, spy technology like probe droids, and the planet-destroying Death Star, Emperor Palpatine’s regime seemed unstoppable and permanent. But some dared to strike back…",https://lumiere-a.akamaihd.net/v1/images/Galactic-Empire_ee15e2e7.jpeg,0,organizations
640b44d4a1996bc1b0f1c30e,Pantoran,"Pantorans are a humanoid species with blue skin and faces adorned with yellow markings. During the Clone Wars, Riyo Chuchi represented Pantora in the Senate while Baron Papanoida serveed as the Chairman of Pantora after succeeding Chi Cho.",https://lumiere-a.akamaihd.net/v1/images/databank_pantoran_01_169_59541909.jpeg,0,species
640b44d4a1996bc1b0f1c30a,Nikto (Red),"The red Nikto (a.k.a. Kajain’sa’Nikto) were a humanoid alien species hailing from the planet Kintan, featuring coarse, scaly skin that was marked horns and spikes. Like the Kadas’sa’Nikto, or green-skinned Nikto, they were found from world to world; several were in the employ of Jabba the Hutt on Tatooine, and Ima-Gun Di was a notable Jedi Master during the final days of the Republic.",https://lumiere-a.akamaihd.net/v1/images/nikto-red-main-bobf_fd756afb.jpeg,0,species
640b44d4a1996bc1b0f1c30d,Palliduvan,"Although little is known about this pale alien race, recognizable by their chalky skin and long, bony fingers protruding from lanky frames, members including bounty hunter Aurra Sing and the pirate Valik are notorious throughout the galaxy for being ruthless and cunning.",https://lumiere-a.akamaihd.net/v1/images/tcw-db-palliduvan-aurra-sing-main-image_39912d41.jpeg,0,species
640b44d4a1996bc1b0f1c326,Zygerrian,"The Zygerrians were a powerful people in the days of the Old Republic, before the Jedi Knights tore down their empire of slavery. When slavery was outlawed in Republic space, the Jedi Knights liberated countless beings from bondage, and the despicable trade the Zygerrians excelled in was pushed into the shadows of the underworld and beyond, with some operating in the ruins of places like Old Ord Mantell City. After the end of the Clone Wars, some Zygerrians are actively plotting a return to the old ways.",https://lumiere-a.akamaihd.net/v1/images/the-bad-batch-rampage-story-gallery-11_1ebdce3d.jpeg,0,species
640b44d4a1996bc1b0f1c30c,Offworld Jawas,"The Offworld Jawas found on Nevarro and Arvala-7 may look different than their Tatooine counterparts, having adapted to their new surroundings, but their obsessive need for technology still drives them.",https://lumiere-a.akamaihd.net/v1/images/offworld-jawas-main_a4db15f6.jpeg,0,species
640b44d4a1996bc1b0f1c30b,Noghri,"An alien species, Noghri are hairless, feature a row of horns atop their heads, and walk with a simian gait. They stand upright but run on all fours, able to leap great heights and jump long distances. In addition, Noghri are also gifted with a strong sense of smell, making them excellent trackers -- much like Grand Admiral Thrawn's personal assassin, Rukh.",https://lumiere-a.akamaihd.net/v1/images/noghri_40ef98cc.jpeg,0,species
640b44d4a1996bc1b0f1c30f,Patitite,"The Patitites are tiny sentient beings native to the swamps of Patitite Pattuna. Despite their diminutive stature, they pack enough punch to take down a pair of wandering droids. Though technologically primitive, they are bright-minded and do have a grasp on machinery. For example, the Patitites carry powered polearms and were able to assist in repairing a downed Y-wing bomber during the Clone Wars. They are socially primitive, however, living in a tyrannical dictatorship where all Patitites are subservient to their ruler, Hay-Zu. All this changed when R2-D2 and C-3PO inadvertently stumbled upon Patitite society in general, and stumbled upon Hay-Zu quite literally.",https://lumiere-a.akamaihd.net/v1/images/databank_patitite_01_169_84ee6dc0.jpeg,0,species
640b44d4a1996bc1b0f1c309,Nikto (Green),"Green-skinned Nikto (a.k.a. Kadas’sa’Nikto), a subspecies from Kintan, shared many traits with the Kajain’sa’Nikto (red Nikto): scaly skin, black eyes, and symmetrical horns, the latter of which would often decorate their faces. Green Nikto were also seen across the galaxy, and much like the red Nikto, were well acclimated to desert climates, as evidenced by their presence on Tatooine. One notable green Nikto was Klaatu, an inveterate gambler and henchman of Jabba the Hutt.",https://lumiere-a.akamaihd.net/v1/images/nikto-green_922a0511.jpeg,0,species
640b44d4a1996bc1b0f1c302,Mikkian,"Mikkians were brightly colored sentient humanoids with elaborate manes of head-tendrils. They could be found in colors ranging from bright yellows and greens to reds with blue highlights. Some members of the species were force-sensitive, like the sister Jedi Knights, Tiplar and Tiplee, both of which were killed during the Clone Wars.",https://lumiere-a.akamaihd.net/v1/images/mikkian_8a340cde.jpeg,0,species
640b44d4a1996bc1b0f1c307,Neimoidian,"Neimoidians are a humanoid species with green skin, large single-colored eyes, and no nose. They are notorious for running the Trade Federation, who joined the Separatist movement and started the Clone Wars.",https://lumiere-a.akamaihd.net/v1/images/databank_neimoidian_01_169_f4d61512.jpeg,0,species
640b44d4a1996bc1b0f1c306,Nautolan,Nautolans are amphibious beings with tentacles draping over their shoulders and large black eyes from the planet Glee Anselm. Jedi Kit Fisto was a notable Nautolan.,https://lumiere-a.akamaihd.net/v1/images/databank_nautolan_01_169_9be3d603.jpeg,0,species
640b44d4a1996bc1b0f1c305,Mon Calamari,"The Mon Calamari people are a humanoid, aquatic species with high-domed heads, webbed hands and large, goggle-like eyes. They hail from the oceans of Mon Cala, a planet they share with the Quarren. During the Clone Wars, differences between the two cultures were fanned by Separatist troublemakers to erupt in civil war.    During the Galactic Civil War, the Mon Calamari were said to be the soul of the Rebel Alliance. The Empire pressed these gentle, amphibious people into war by subjugating their watery world. In retaliation, the Mon Calamari became one of the key species of the Rebellion, supplying badly needed warships to the outnumbered Alliance fleet.",https://lumiere-a.akamaihd.net/v1/images/databank_moncalamari_01_169_135967d9.jpeg,0,species
640b44d4a1996bc1b0f1c304,Mirialan,"Mirialans are human-like, sentient beings with yellow-green skin, and patterned black markings on their face.",https://lumiere-a.akamaihd.net/v1/images/databank_mirialan_01_169_958106f8.jpeg,0,species
640b44d4a1996bc1b0f1c303,Mimbanese,"Red-skinned subterranean dwellers, the Mimbanese once fought alongside Republic clone troopers against the Separatists. Now, they are battling for their planet’s future against the Empire. Imperial mining operations have devastated Mimban’s climate and cleared vast stretches of rain forest, leaving muddy plains behind. The Mimbanese use the mud as camouflage, ambushing Imperial soldiers with improvised and scavenged weapons.",https://lumiere-a.akamaihd.net/v1/images/solo-db-mimbanese-main-image-2_698376a2.jpeg,0,species
640b44d4a1996bc1b0f1c301,Lurmen,"Tee Watt Kaa's tribe of Lurmen landed on Maridun -- an uncharted world -- to escape the bloodshed and violence of the Clone Wars. Tee Watt Kaa believed in non-violence and non-aggressive solutions. Originally from the Outer Rim world of Mygeeto, the Lurmen colonists carved out a peaceful existence on the plains of Maridun, harvesting enormous seedpods to use as shelter, extracting vital oils within for nourishment and medicine.",https://lumiere-a.akamaihd.net/v1/images/screen_shot_2015-05-26_at_6_df8983c8.png,0,species
640b44d4a1996bc1b0f1c300,Lasat,"The Lasat are a humanoid alien species, notable for their impressive height, strength, and agility, that tragically fell victim to the tyranny of the Empire. Imperials devastated the planet of Lasan and nearly destroyed all its people, using deadly T-7 ion disruptors on the Lasat. Zeb Orrelios, one of the massacre's few survivors, was a member of the Honor Guard of Lasan: highly trained, highly intelligent warriors and masters of the bo-rifle.",https://lumiere-a.akamaihd.net/v1/images/image_6378e65d.jpeg,0,species
640b44d4a1996bc1b0f1c310,Patrolian,"Originating from planet Patrolia, Patrolians are a highly intelligent fish-like species. Colored in purples and blues, they sported gills and fins on their head as well as webs on their hands and arms. They could also breath in the air. When not in the water, their clothes required alteration to accommodate the protruding dorsal fins on their backs. A resourceful species, many found work throughout the galaxy as technicians, bounty hunters, and hired brains.",https://lumiere-a.akamaihd.net/v1/images/patrolian_ad2ba71d.jpeg,0,species
640b44d4a1996bc1b0f1c308,Nightsister Zombies,"The world Dathomir holds many dark secrets -- such as ancient incantations that could raise the dead. When the planet was attacked by the Separatists during the Clone Wars, the most ancient and knowledgeable of the Nightsister clan used her power to stir the bodies of the Nightsisters graveyard. From preserved cocoons built to resemble the trees of Dathomir emerged mummified warriors. The shrieking zombies mindlessly attacked their enemies, swarming over battle droids in droves.",https://lumiere-a.akamaihd.net/v1/images/nightsister_zombie_8f0ac50b.jpeg,0,species
640b44d4a1996bc1b0f1c311,Pau'an,"Pau'ans are tall humanoids from Utapau with an intimidating appearance, including jagged teeth, nails, and lined skin. The Pau’ans shared Utapau with their smaller neighbors, the Utai, as well as with bands of Amani and Sugi. The Pau’ans ran Utapau’s government and dealt with outsiders visiting the planet. The Inquisitor, the Empire's Jedi hunter, was a Pau'an.",https://lumiere-a.akamaihd.net/v1/images/databank_pauan_01_169_7fbc02c1.jpeg,0,species
640b44d4a1996bc1b0f1c322,Umbaran,"The pale and ghostly Umbarans are an extremely high tech species who have decided that the Separatists are a more worthy group to follow than the Republic. At one time represented in the Galactic Republic by the devious Mee Deechi, Umbara seceded from the Republic and joined the Separatist cause. Their advanced weaponry proved a great challenge to the clone troopers tasked with conquering Umbara.",https://lumiere-a.akamaihd.net/v1/images/umbaran_b03d331e.jpeg,0,species
640b44d4a1996bc1b0f1c313,Quarren,"Quarren, or ""Squid Heads"" as they are sometimes rudely called, are an alien species characterized by the four tentacles that protrude from their jaws. They have deep turquoise eyes, and each hand is capped with finned or suction-cup tipped fingers. They are capable swimmers, and like the squids they resemble, they are able to spit out clouds of ink as a defensive measure. Quarren hail from the planet Mon Cala, a world they share with the Mon Calamari. During the Clone Wars, the Separatists backed a Quarren insurrection that plunged the planet into civil war.",https://lumiere-a.akamaihd.net/v1/images/databank_quarren_01_169_5fb52f4f.jpeg,0,species
640b44d4a1996bc1b0f1c2ff,Kubaz,"Kubaz are sentient humanoids, dark in skin color, and with long snouts. Unable to pronounce words in basic, their speech is a unique series of whirring syllables. Originating on planet Kubindi, they were rare sights across the galaxy. During the Galactic Civil War, one Kubaz named Garindan found work as an Imperial informant in Mos Eisley.",https://lumiere-a.akamaihd.net/v1/images/kubaz_adc8f95d.jpeg,0,species
640b44d4a1996bc1b0f1c325,Wookiee,"Shaggy giants from an arboreal world, the tall and commanding Wookiee species is an impressive sight to even the most jaded spacer. Despite their fearsome and savage countenance, Wookiees are intelligent, sophisticated, loyal and trusting. Loyalty and bravery are near-sacred tenets in Wookiee society. When peaceful, Wookiees are tender and gentle. Their tempers, however, are short; when angered, Wookiees can fly into a berserker rage and will not stop until the object of their distemper is sufficiently destroyed.",https://lumiere-a.akamaihd.net/v1/images/wookiees-main-b_fc850c5b.jpeg,0,species
640b44d4a1996bc1b0f1c324,Weequay,"Weequays have rough, wrinkled skin, often in a brown hue who wear their hair in a topknot; Hondo Ohnaka led a band of Weequay pirates during the time of the Clone Wars.",https://lumiere-a.akamaihd.net/v1/images/weequay-main-bobf-b_be593098.jpeg,0,species
640b44d4a1996bc1b0f1c323,Utai,"The Utai are short, pink-skinned humanoids with black eyes that share the planet Utapau with their larger neighbors, the Pau’ans, as well as with bands of Amani and Sugi. The Utai gladly left the business of running the planet and dealing with outsiders to the larger Pau’ans, apparently content with menial tasks ranging from animal husbandry to starship maintenance.",https://lumiere-a.akamaihd.net/v1/images/utai-main-image_cd7b2ab6.jpeg,0,species
640b44d4a1996bc1b0f1c321,Ugnaught,"Ugnaughts are a species of diminutive humanoids who divided themselves into a tribal heirarchy. They have pink skin, white hair, upturned noses, and thick layers of jowls. They found work across the galaxy everywhere from the Jedi Temple and Coruscant to Cloud City and Lothal. One notable Ugnaught scholar and antiquities expert was Korin Pers, a sava at the University of Bar’leth.",https://lumiere-a.akamaihd.net/v1/images/ugnaught_999d7ac4.jpeg,0,species
640b44d4a1996bc1b0f1c320,Twi'lek,"Twi'leks are tall, thin humanoids with skin pigment that spans a rainbow of colors. Their most distinctive feature is a pair of shapely prehensile tentacles that grow from the base of their skulls. Few things are as graceful as a female Twi'lek in motion. This beautiful image has forever doomed generations of young Twi'leks into servitude, as the wealthy and corrupt have taken to brandishing Twi'leks as badges of prestige. In the waning years of the Republic, the Twi'lek homeworld of Ryloth was represented in the Galactic Senate by the corpulent blue-skinned politician Orn Free Taa. Even a politician of high office was not above flaunting a pair of lovely Twi'lek aides as a sign of influence and wealth.",https://lumiere-a.akamaihd.net/v1/images/twi-lek-main_93917d40.jpeg,0,species
640b44d4a1996bc1b0f1c31f,Trandoshan,"Trandoshans are reptilian humanoids, with slimy, scaled-skin. They have long arms and legs, and are known to be excellent hunters. In Mos Espa, a rowdy group of the species has been known to try their luck at the gambling tables in Garsa's Sanctuary.",https://lumiere-a.akamaihd.net/v1/images/trandoshian-main_19804be7.jpeg,0,species
640b44d4a1996bc1b0f1c31e,Toydarian,"Toydarian are fly-like humanoids, with wings, a snout, and webbed feed. They are known to be strong-willed and resistant to manipulation through the Force.",https://lumiere-a.akamaihd.net/v1/images/databank_toydarian_01_169_748d4d11.jpeg,0,species
640b44d4a1996bc1b0f1c312,Poletec,"Native to the planet Skako Minor, the Poletecs are a primitive species that use massive reptilian beasts for transport and are uniquely equipped to thrive in the unforgiving environment of the gas planet. The arrival of Separatist droids and later clone troopers puts the simple clan on edge — they do not wish for the war to come to their peaceful planet.",https://lumiere-a.akamaihd.net/v1/images/poletecs-main_a7bed925.jpeg,0,species
640b44d4a1996bc1b0f1c31d,Togruta,"Native to the planet Shili, the Togruta are notable for their striped, horn-like montrals and head-tails. The species has spread beyond their homeworld to colonies such as Kiros, which was despoiled by Zygerrian slavers during the Clone Wars. Notable Togruta include Governor Roshti of Kiros and three members of the Jedi Order: Ashla, a youngling; the Jedi Master Shaak Ti; and Anakin Skywalker’s Padawan, Ahsoka Tano.",https://lumiere-a.akamaihd.net/v1/images/databank_togruta_01_169_4618d329.jpeg,0,species
640b44d4a1996bc1b0f1c31b,Talz,"Orto Plutonia had long been a protectorate of the Pantoran moon, after Pantoran scouts searched the world and found no denizens amid its frozen features. They had missed the Talz population, which lived hidden in the ice canyons in villages carved out of the ice walls, filled with huts made from animal skins pulled over bone-frames. The Talz lived a simple existence, somehow subsisting off the harsh environment, and using the native narglatch cats as mounts and protection. The Talz attacked the newcomers to their world, wiping out both Republic and Separatist outposts during the Clone Wars.",https://lumiere-a.akamaihd.net/v1/images/talz_596c05e8.jpeg,0,species
640b44d4a1996bc1b0f1c31a,Summa-Verminoth,"Often misunderstood, the summa-verminoth are massive tentacled creatures found dwelling among the stars in the treacherous maelstrom surrounding the planet Kessel. Due to their monstrous size and voracious appetite, the beasts are a staple of legends passed between ship captains and crew.",https://lumiere-a.akamaihd.net/v1/images/solo-db-summa-verminoth-main-image_fd4f110a.jpeg,0,species
640b44d4a1996bc1b0f1c319,Sullustan,"Sullustans are humanoid beings from the planet Sullust with two flaps of jowls aound their cheeks; Nien Nunb, co-pilot to Lando Calrissian in the Battle of Endor, was a notable Sullustan.",https://lumiere-a.akamaihd.net/v1/images/databank_sullustan_01_169_01e4c3e0.jpeg,0,species
640b44d4a1996bc1b0f1c318,Sugi (Species),"While the Sugi may be small in stature they have a big reputation as the premier arms dealers in the galaxy. Many Sugi wear “power suits” with four giant insectoid legs that more than double their height and make them physically imposing. On Utapau, a group of Sugi, led by Endente, attempt to get back a giant kyber crystal in the possession of the separatists.",https://lumiere-a.akamaihd.net/v1/images/image_50c03922.jpeg,0,species
640b44d4a1996bc1b0f1c317,snarlfish,"Native to the planet of Castilon, evolution has left the snarlfish with moveable eye stalks to help detect movements in the murky waters of the ocean planet, flexible wings for gliding in the air above water, and an insatiable appetite for puffer pig bacon, a weakness exposed by hungry anglers.",https://lumiere-a.akamaihd.net/v1/images/snarlfish_main_a47a7938.jpeg,0,species
640b44d4a1996bc1b0f1c316,Saurin,"A reptilian species from the Mid Rim planet Durkteel, Saurin had knobby skin, ridges along the length of their heads, and formidable-looking jagged teeth. Two Saurin were among the patrons of the Mos Eisley cantina when Luke Skywalker and Obi-Wan Kenobi arrived in search of a pilot for hire; another was among the sleazy thugs resident in Jabba the Hutt’s palace.",https://lumiere-a.akamaihd.net/v1/images/saurin-main-image_5244342b.jpeg,0,species
640b44d4a1996bc1b0f1c315,rokkna,"Birds flee and creatures in the water below disappear when the massive tentacled rokkna breaks through the surface of the ocean surrounding the Colossus. The adults of the species share some similarities with their young, including a pungent odor and probing yellow eyes. But as they mature, the adults grow in size to a staggering degree.",https://lumiere-a.akamaihd.net/v1/images/resistance-db-rokkna-main-image_0b8f6a27.jpeg,0,species
640b44d4a1996bc1b0f1c314,Rodian,"Rodians are a reptilian species with antennae, green and scaled skin, large round pupil-less eyes, and snouts from the planet Rodia.",https://lumiere-a.akamaihd.net/v1/images/rodian-main_de29c78f.jpeg,0,species
640b44d4a1996bc1b0f1c31c,Tee-muss,"These tan and brown colored quadruped animals were domesticated on their homeworld of Onderon and made their way to many other planets across the galaxy because of their durability. They were useful mounts and cool-headed in battles they were forced to participate in, whether that was attacks against the Separatists or defending against attacks from pirates like Hondo Ohnaka.",https://lumiere-a.akamaihd.net/v1/images/databank_teemuss_01_169_f35773bb.jpeg,0,species
640b44d4a1996bc1b0f1c2fe,Krayt Dragon,"An enormous serpentine-like reptile, the mighty krayt dragon lurks in the loose sands of the Tatooine wastelands. A peril to colonists and natives alike, the krayt dragon is fearsome enough that even Tusken Raiders keep their distance.",https://lumiere-a.akamaihd.net/v1/images/krayt-dragon-main_80edeb91.jpeg,0,species
640b44d4a1996bc1b0f1c2ee,Falumpaset,"Falumpasets were strong but stubborn quadrupeds used as beasts of burden on a number of planets, including Naboo and Onderon. Falumpasets pulled Gungan battle wagons during the Battle of Naboo, and Onderon’s anti-Separatist rebels also made use of them.",https://lumiere-a.akamaihd.net/v1/images/databank_falumpaset_01_169_b6d46698.jpeg,0,species
640b44d4a1996bc1b0f1c2fc,Kindalo,"The creaky-limbed Kindalo are a species that dwell in the underground caverns deep beneath the surface of Aleen. Knowing that the surface world is toxic to those who live below, the tree-like Kindalo carefully guard passage to the underworld. They dwell in a cavern grove illuminated by their own bio-luminescence and the glows of similarly phosphorescent plants that surround them.",https://lumiere-a.akamaihd.net/v1/images/kindalo_82e6cad4.jpeg,0,species
640b44d4a1996bc1b0f1c2e5,Cosian,"Cosians were a species of bipeds with four-fingered hands and four-toed feet. They had mottled green skin that appeared scaly, but they bore hair on their head and at the end of their muscular tails. Their faces were elongated into beaked mouths. A prominent Cosian in the Jedi Order was the extremely long-lived master Tera Sinube.",https://lumiere-a.akamaihd.net/v1/images/databank_cosian_01_169_0623e9ff.jpeg,0,species
640b44d4a1996bc1b0f1c2e4,Chagrian,"These amphibious bipeds had long, black forked tongues, blue skin, and two pairs of horns. The top pair of horns protruded from their skulls and the other pair came from fleshy head tails that grow over their shoulders. A Chagrian, Mas Amedda, rose to the rank of Vice Chair of the Galactic Senate during the waning days of the Republic and became Grand Vizier to Emperor Palpatine at the formation of the Empire.",https://lumiere-a.akamaihd.net/v1/images/databank_chagrain_01_169_e8ce3def.jpeg,0,species
640b44d4a1996bc1b0f1c2e3,Chadra-Fan,"Chadra-Fan are meter-high, rodent-like sentients with big ears and dark eyes. They hail from the planet Chad in the galaxy’s Outer Rim. One Chadra-Fan was a frequent patron at the Mos Eisley Cantina, where her high-pitched squeaks proved an annoying but effective way to get the attention of Wuher, the gruff bartender.",https://lumiere-a.akamaihd.net/v1/images/chadra-fan_6bd45a26.jpeg,0,species
640b44d4a1996bc1b0f1c2e2,Cerean,"Cereans were mammalian humanoids with massive coned craniums that contained complex binary brains. During the last days of the Galactic Republic, a Cerean named Ki-Adi-Mundi was a prominent member of the Jedi Council. They hail from planet Cerea.",https://lumiere-a.akamaihd.net/v1/images/databank_cerean_01_169_61617903.jpeg,0,species
640b44d4a1996bc1b0f1c2e1,Bivall,"These tall, bipedal sentients were an incredibly intelligent species who had large eyes, crested heads, long fingers, and slender bodies. They had scaly skin that ranged in color from white and red all the way to green. They were well suited for the work of doctors, scientists, researchers, and even political advisors.",https://lumiere-a.akamaihd.net/v1/images/image_7ba8a31d_e9825c26.jpeg,0,species
640b44d4a1996bc1b0f1c2e0,Bith,"Large headed aliens with a knack for science and music, the Bith were a peaceful, intelligent race. Hailing from Bith, they participated in Galactic politics and remained loyal to the Republic in the Clone Wars conflict. Perhaps the most famous Biths in the galaxy are Figrin Da’n and the Modal Nodes.",https://lumiere-a.akamaihd.net/v1/images/bith_998c8489.jpeg,0,species
640b44d4a1996bc1b0f1c2df,Besalisk,"Besalisks are a species of humanoid being with four arms and inflatable wattle. Dexter Jettster, a Besalisk, owned the popular eatery Dex's Diner on Coruscant.",https://lumiere-a.akamaihd.net/v1/images/databank_besalisk_01_169_875a3eee.jpeg,0,species
640b44d4a1996bc1b0f1c2de,Belugan,The Belugans were an aquatic species found in the crystal-filled caverns beneath the surface of the planet Quarzite.,https://lumiere-a.akamaihd.net/v1/images/databank_belugan_01_169_158d21dc.jpeg,0,species
640b44d4a1996bc1b0f1c2dd,Balosar,"Like most humanoids, Balosars come in a variety of shapes and sizes, but what sets them apart from humans are the antennapalps on top of their heads. These were sensory appendages that granted them sensory information than would be available to your average human. They were susceptible to Jedi mind tricks, as Obi-Wan Kenobi found out when he helped death stick-dealer Elan Sleazbaggano straighten his life out.",https://lumiere-a.akamaihd.net/v1/images/balosar_f17b9807.jpeg,0,species
640b44d4a1996bc1b0f1c2dc,Angel,"Perhaps the most beautiful creatures in the universe, Angels are a species of winged humanoid that inhabit the moons of Iego. They were legendary throughout the galaxy and stories of their beauty were traded by deep space pilots from the core to the Outer Rim. They’re tall and beautiful, with glowing white skin and six-wings.",https://lumiere-a.akamaihd.net/v1/images/angel_c7933b5e.jpeg,0,species
640b44d4a1996bc1b0f1c2db,Anacondan,"Anacondans are snakelike beings with two expressive eyes and a large mouth, completely sentient.",https://lumiere-a.akamaihd.net/v1/images/databank_anacondan_01_169_33536699.jpeg,0,species
640b44d4a1996bc1b0f1c2da,Amani,"Amani were a species with yellow-and-green colored skin, short legs and large hands connected to arms long enough to reach the ground. Amani often carry with them a staff on which is strung a number of skulls, presumably obtained first-hand. Found on Utapau, they are usually found on the plains or underground, but rarely venture into the cities.",https://lumiere-a.akamaihd.net/v1/images/image_796e6968.jpeg,0,species
640b44d4a1996bc1b0f1c2d9,Aleena,"Aleena are a short, blue- and scaly-skinned people, featuring large mouths filled with tiny teeth. They are a friendly people, welcoming the clone army and seeking peace with fellow co-habitors of Aleen. The podracer Ratts Tyerell is an Aleena.",https://lumiere-a.akamaihd.net/v1/images/databank_aleena_01_169_04301079.jpeg,0,species
640b44d4a1996bc1b0f1c2d7,Aki-Aki,"The native Aki-Aki of Pasaana revere the duality of life, both tenacious and fragile, welcoming offworlders with open arms during their biennial festival season, when food and water are plentiful. But between these colorful and joyous celebrations, the Aki-Aki live an austere life, gathering food and water for the next grand event.",https://lumiere-a.akamaihd.net/v1/images/aki-aki-main_09f2d83b.jpeg,0,species
640b44d4a1996bc1b0f1c2d6,Aiwha,"These massive cetaceans were native to the oceans of Kamino, swimming beneath the waves and sometimes leaping out of the water to soar through the skies. During the Battle of Kamino, Obi-Wan hitched a ride on an aiwha while investigating the planet’s Separatist attackers.",https://lumiere-a.akamaihd.net/v1/images/aiwha_287a799a.jpeg,0,species
640b44d4a1996bc1b0f1c2d5,Abednedo,"A gregarious and clever species, Abednedos are common sights in the galaxy, pursuing a range of professions on many planets. They hail from a planet of the same name, which is noted for its sprawling, colorful and chaotic cities. After the Battle of Endor, the Empire attacked Abednedo with a climate-disruption array; as a result, many Abednedos support the New Republic or the Resistance. Their native language is Abednedish, though many speak Basic.",https://lumiere-a.akamaihd.net/v1/images/tlj-abednedo-databank-main-image_bd8babfb.jpeg,0,species
640b44d4a1996bc1b0f1c2fd,Klatooinian,"Klatooinians were sentient humanoids with skin that ranged in color from green to brown. They had imposing brows and toothy overbites that gave them menacing appearances. Their strong builds and resilient features made it easy for them to find work across the galaxy as bounty hunters and hired muscle, though more than one had found themselves sold into slavery for a variety of reasons.",https://lumiere-a.akamaihd.net/v1/images/klatoonian-main_c9f50db8.jpeg,0,species
640b44d4a1996bc1b0f1c2e6,Dactillion,Dactillion are large winged creatures found on Utapau often used for transportation.,https://lumiere-a.akamaihd.net/v1/images/image_b445c1f9.jpeg,0,species
640b44d4a1996bc1b0f1c2e7,Dalgo,"Dalgos are sure-footed, reptilian quadrupeds capable of long-distance running, swift sprints, and the pulling and carrying of cargo. The long-snouted creature has a heat-radiating crest that runs its length, terminating in a wide, blade-like tail. Three large nostrils top the forward crest, blasting air from the creature's powerful lungs. A dalgo has sharp teeth, including two lower tusks that jut from its jaw. Inside its mouth is a forked tongue that helps in sniffing out signs of dangers wafting in the thick jungle air.",https://lumiere-a.akamaihd.net/v1/images/databank_dalgo_01_169_6be7cd49.jpeg,0,species
640b44d4a1996bc1b0f1c2d8,Alazmec,"The Alazmec of Winsit are adherents of the dark side, and particularly devoted pilgrims journey to Darth Vader’s wrecked castle on Mustafar to venerate his memory. These Sith devotees are the guardians of Mustafar’s Corvax Fen, where they have planted irontrees in its scanty soil. They defend its secrets against seekers they consider unworthy – including First Order Supreme Leader Kylo Ren.",https://lumiere-a.akamaihd.net/v1/images/alazmec-main_f74a4955.jpeg,0,species
640b44d4a1996bc1b0f1c2e9,Devaronian,This sentient humanoid species had skin colors ranging from red-brown all the way to green. Males are characterized by long pointy ears and two horns that grow from the tops of their heads. Females of the species are hornless. They’re well-suited to lives of crime and they all originate from the jungle planet of Devaron.,https://lumiere-a.akamaihd.net/v1/images/devaronian_51b6f148.jpeg,0,species
640b44d4a1996bc1b0f1c2e8,Dathomirian,"Inhabitants of the planet Dathomir. The Dathomirian Zabrak males, known as the Nightbrothers, are easily identifiable by the intimidating crown of horns around their head, as well as the distinct markings on their skin. The females, known as Nightsisters, have pale skin and are known to be powerful witches.",https://lumiere-a.akamaihd.net/v1/images/databank_dathomirian_01_169_7cb460fd.jpeg,0,species
640b44d4a1996bc1b0f1c2fa,Kallidahin,"Though they lacked facial mouths and noses, the Kallidahin could still speak and breath. Small and wiry statures and four-fingered hands are characteristic of the Kallidahin. Though they’re mistakenly referred to as Polis Massans, Kallidahins actually hail from the Kallidah system. The confusion stems from the fact that they’ve spent generations on Polis Massa working on an archeological mining project to uncover the mysteries of the cataclysm that turned the planet known as Polis Massa into the shattered asteroid field it became.",https://lumiere-a.akamaihd.net/v1/images/kallidahin_ee08d268.jpeg,0,species
640b44d4a1996bc1b0f1c2fb,Kaminoan,"Kaminoans are very tall, with long, slender bodies giving them a graceful, gliding walk, and have large black eyes with white pupils. They are known to be expert cloners, and developed the Grand Army of the Republic.",https://lumiere-a.akamaihd.net/v1/images/kaminoan-main-image_8f582a48.jpeg,0,species
640b44d4a1996bc1b0f1c2f8,Jawa,"Jawas are meter-tall humanoids completely hidden behind rough, hand-woven robes. Their faces are concealed within the dark folds of a cowl, from which peer their sickly glowing yellow eyes. They comb the deserts of Tatooine in search of discarded scrap and wayward mechanicals. Using their cobbled-together weaponry, they can incapacitate droids and drag them to their treaded fortress-homes, immense sand-scarred vehicles known as sandcrawlers. They sell their hastily refurbished junk to moisture farmers who are hard-pressed to find a better selection elsewhere.",https://lumiere-a.akamaihd.net/v1/images/jawas-main_a668013b.jpeg,0,species
640b44d4a1996bc1b0f1c2f7,Jablogian,"Jablogians had deep red skin, green eyes, and upturned noses. They boasted four-fingered hands and long pointed ears. They had an almost out of proportion build, with thin legs and arms and massive, overweight torsos. Jablogians were also prone to salivating everywhere. One notable Jablogian was the slaver and trader Azmorigan.",https://lumiere-a.akamaihd.net/v1/images/jablogian_6606af55.jpeg,0,species
640b44d4a1996bc1b0f1c2f6,Ithorians,"Known as “Hammerheads” for their distinctive appearance, Ithorians are native to the planet Ithor but found throughout the galaxy. They have two mouths -- one on either side of their necks – and rumbling voices.",https://lumiere-a.akamaihd.net/v1/images/ithorian-main_0cc7f24e.jpeg,0,species
640b44d4a1996bc1b0f1c2f5,Hutt,"Hutts are large, slug-like creatures known to be gangsters. They control Tatooine and are involved in organized crime throughout the galaxy.",https://lumiere-a.akamaihd.net/v1/images/databank_hutt_01_169_5d0535d2.jpeg,0,species
640b44d4a1996bc1b0f1c2f4,Gungan,"The Gungans are the native inhabitants of the planet Naboo, an amphibious species with hardy lungs capable of holding breath for extended periods. Their skeletal structure is extremely flexible, as it is made of cartilaginous material rather than hard bone. The long Gungan face has a tough yet flexible bill for burrowing and rooting out food. They have long muscular tongues with which they scoop mollusks and lesser amphibians from the Naboo swamps. While most spacefarers would dismiss Gungans as primitives, they have developed an advanced technology.",https://lumiere-a.akamaihd.net/v1/images/ep1_ia_70138_bd7b9296.jpeg,0,species
640b44d4a1996bc1b0f1c2f9,Junker,"No one is quite sure of the origins of the mysterious natives of Lotho Minor, the Junkers. The planet's role as a galactic dumping ground has not encouraged any deep exploration of Junker culture or biology, nor has their violent territoriality. They appear to be a strange hybrid of organic life and mechanical debris. The Junkers live off the scrap found on the planet's surface, augmenting their strange and twisted bodies with cybernetic enhancements. They have lived on Lotho Minor for so long that it is impossible to tell where their bodies end and where the refuse begins.",https://lumiere-a.akamaihd.net/v1/images/databank_junker_01_169_4853dc52.jpeg,0,species
640b44d4a1996bc1b0f1c2f2,Gotal,"Horned sentients with furred faces, Gotals were native to Antar IV but lived on many planets in the galaxy, from Coruscant to Tatooine and Lothal. Their conical horns were sensitive to electromagnetic fields, and the presence of droids could give them fierce headaches. Members of this species included Salikk, Spots Podal and Yoffar.",https://lumiere-a.akamaihd.net/v1/images/screen_shot_2015-08-05_at_3_2e9013ef.jpeg,0,species
640b44d4a1996bc1b0f1c2f1,Givin,"A sentient species from the Inner Rim world of Yag’Dhul, Givins’ white, skeletal-looking faces and seemingly anguished expressions are unsettling to humans. Givins have an innate mathematical ability which makes them experts in a number of scientific fields. A Givin was in the crowd of barflies at the Mos Eisley cantina when Luke Skywalker and Obi-Wan Kenobi met Han Solo and Chewbacca; later, Skywalker pursued a dangerous mission to free the Givin cryptographer Drusil Bephorin so she could lend her skills to the Alliance.",https://lumiere-a.akamaihd.net/v1/images/givin_7840f3ff.jpeg,0,species
640b44d4a1996bc1b0f1c2f0,Geonosian,"Geonosians are insect-like beings, complete with wings, nesting in colonies, who conspired with the Separatists to develop plans for the first Death Star.",https://lumiere-a.akamaihd.net/v1/images/databank_geonosian_01_169_c6020111.jpeg,0,species
640b44d4a1996bc1b0f1c2ef,Gamorreans,"Burly, pig-like brutes who favored axes and other primitive weapons, Gamorreans were often used as muscle by Hutts and other underworld kingpins. Jabba the Hutt employed a gang of intimidating Gamorreans to guard his palace on Tatooine.",https://lumiere-a.akamaihd.net/v1/images/gamorrean-main_5141bc61.jpeg,0,species
640b44d4a1996bc1b0f1c2ed,Falleen,"The Falleen are humanoid but with a distinct alien look, featuring green skin, ridged skulls, and long pony tails. Black Sun is a vast criminal empire controlled by the Falleen.",https://lumiere-a.akamaihd.net/v1/images/databank_falleen_01_169_50d36351.jpeg,0,species
640b44d4a1996bc1b0f1c2ec,Ewok,"The Ewoks are sentient furred bipeds native to the moon of Endor. They are curious individuals that stand about one meter tall. They are  extremely skilled in forest survival and the construction of primitive technology like gliders and catapults. They are quick learners when exposed to advanced technology, however.    The Ewoks accepted members of the Rebel Alliance into their tribe, and allied themselves to their cause. The Ewoks helped in the ground battle to destroy the Imperial shield generator built in their forests, and their primitive weapons felled the stormtroopers and the scout walkers of the Empire. Their help paved the way to victory at the Battle of Endor.",https://lumiere-a.akamaihd.net/v1/images/databank_ewok_01_169_747db03a.jpeg,0,species
640b44d4a1996bc1b0f1c2eb,Duros,"A green-skinned humanoid species with long, noseless faces and red eyes, Duros were a common sight in the galaxy, found everywhere from the corridors of power on Coruscant to dingy cantinas on Tatooine.",https://lumiere-a.akamaihd.net/v1/images/databank_duros_01_169_9a7854b9.jpeg,0,species
640b44d4a1996bc1b0f1c2f3,Gran,"Gran are tan colored humanoids with pronounced snouts and a trio of eye-stalks. They also have small antennae-like nubs on the tops of their head and thick, bulky hands. Hailing from Malastare, Gran found life easy in all classes of citizenship, with some flourishing in the criminal classes on Tatooine (like Ree Yees), others found fame as middle-class podracer pilots (like Mawhonic), and others found prestige in the upper-classes in the Galactic Senate (like Ask Aak.)",https://lumiere-a.akamaihd.net/v1/images/gran_857179a3.jpeg,0,species
640b44d4a1996bc1b0f1c2ea,Dug,"Dugs are a sentient species with elongated faces, walking with their upper limbs.  The podracer Sebulba is a Dug.",https://lumiere-a.akamaihd.net/v1/images/databank_dug_01_169_a36b6959.jpeg,0,species
6429291f021f17e13fbc1dee,Separatist Dreadnought,"One of the biggest ships of the Separatist fleet, the dreadnought's power is enough to hold a blockade almost by itself. A roughly cylindrical warship, the cruiser's surface was dotted with heavy weapons capable of piercing through the shields and hulls of enemy vessels. The bridge of the cruiser was located on a platform resting atop the bow of the vessel. Towards the aft end of the craft was a towering fin-like spire that rose from the rest of the hull. Within this spire were the General's Quarters, a command center with tactical displays, briefing table, and an observation deck with a view of surrounding space.",https://lumiere-a.akamaihd.net/v1/images/databank_separatistdreadnought_01_169_9eb22a1e.jpeg,0,vehicles
6429291f021f17e13fbc1ded,Sebulba's Podracer,"The Podrace champion Sebulba earned riches for his repeated wins in the dangerous sport, and he invested most of them back into his beloved vehicle. Sebulba's Podracer was an imposing giant, an orange-hued bully of a craft whose pounding, thundering engine roar seemed powerful enough to knock down opponents.    Not content to rely solely on his own racing skills, Sebulba outfitted his Podracer with a number of blatantly illegal surprises. A hidden flamethrower could cook nearby opponents who dared to pass the Dug. The massive split-X engines were strong enough for Sebulba to ram and muscle his way past smaller Podracers.",https://lumiere-a.akamaihd.net/v1/images/sebulba-1-1_a92f1148.jpeg,0,vehicles
6429291f021f17e13fbc1dec,sea skiff,"On Kef Bir, Jannah and her company of First Order exiles have cobbled together two sea skiffs from Imperial-era repulsorlift vehicles used during the construction of the second Death Star. The exiles use these agile yet sturdy craft both for fishing and for salvaging wreckage from the moon’s oceans. Rey commandeers one skiff for the perilous journey to the Death Star ruins offshore, with Jannah and Finn following aboard its twin.",https://lumiere-a.akamaihd.net/v1/images/sea-skiff-main_01ee7fa4.jpeg,0,vehicles
6429291f021f17e13fbc1deb,Scythe,"With harsh angles and an intimidating silhouette, the sleek Scythe instantly strikes fear into the hearts of any who would harbor Jedi fugitives. Named for the Sith they serve, the ship carries members of the Inquisitorius back to their fortress.",https://lumiere-a.akamaihd.net/v1/images/scythe-main_93d58f5b.jpeg,0,vehicles
6429291f021f17e13fbc1dea,Sato's Hammer,"Iron Squadron, a trio of young rebels, used Sato’s Hammer – a ship that once belonged to the famed rebel leader, Jun Sato – as their means of transport. The craft was a YT-2400 light freighter, beat-up and without a functioning hyperdrive, but it served them well. The Ghost crew encountered Iron Squadron and the Hammer above Mykapo, where the ship took on and defeated a small Imperial fleet.",https://lumiere-a.akamaihd.net/v1/images/sato_s-hammer_fda9af7d.jpeg,0,vehicles
6429291f021f17e13fbc1de9,Sandcrawler,"Sandcrawlers are huge treaded fortresses used by Jawas as transportation and shelter. The sand-pitted vehicles, many meters in height, are equipped with a magnetic suction tube for sucking droids and scrap into their cargo chambers.",https://lumiere-a.akamaihd.net/v1/images/sandcrawler-main_eb1b036b.jpeg,0,vehicles
6429291f021f17e13fbc1de6,RGC Landspeeder,"The RGC landspeeder was a fast on-world hover vehicle, though it was larger than typical landspeeder models. Featuring two seats, the bulky rear of the RGC supported the transport of heavy cargo. Lothal gangster Cikatro Vizago's thug droids drove an RGC, taking advantage of its speed and size to make quick getaways and move weapons easily. Coruscant thieves Cassie Cryar and Ione Marcy used an RGC airspeeder (a high-altitude model) during the Clone Wars, as these vehicles were non-descript, fast, and cheap. Cad Bane did the same when he kidnapped C-3PO.",https://lumiere-a.akamaihd.net/v1/images/image_f030dc7f.jpeg,0,vehicles
6429291f021f17e13fbc1de7,Rono freighter,"The  Max-7 Rono box freighter is a custom transport model that is kept in the Imperial outpost at Aldhani. To carry out an audacious heist of Imperial credits, a rebel infiltration team plans to steal the track-launched vehicle, with Cassian Andor at the helm of the unwieldy craft.",https://lumiere-a.akamaihd.net/v1/images/rono-freighter-main_ea6b0bc4.jpeg,0,vehicles
6429291f021f17e13fbc1de5,Rey's Speeder,"Rey’s speeder is an ungainly but powerful repulsorlift vehicle built by the young scavenger from salvaged parts. The speeder is fast and can carry considerable cargo, making it ideal for use scavenging in Jakku’s Graveyard of Ships. Rey’s speeder is top-heavy and would be difficult for any other pilot to control – but fortunately Rey is a skilled pilot as well as an ingenious mechanic.",https://lumiere-a.akamaihd.net/v1/images/rey_s-speeder_2d4e3d23.jpeg,0,vehicles
6429291f021f17e13fbc1de4,Resistance Y-wing starfighter,"The last version of a venerable fighter design that dates back to the Clone Wars, the BTA Y­-wing now flies for the Resistance in battle against the First Order.",https://lumiere-a.akamaihd.net/v1/images/resistance-ywing-main_10b5e63d.jpeg,0,vehicles
6429291f021f17e13fbc1de3,Resistance X-Wing,"The Incom T-70 X-wing is the signature combat craft of the Resistance’s Starfighter Corps. Faster than the Alliance-era T-65s, Resistance X-wings are maneuverable enough to engage TIE fighters in dogfights, yet still hold considerable firepower. The credit-strapped Resistance relies on X-wings donated or lent by sympathetic New Republic senators and local security forces. Poe Dameron flew a customized, dark-hulled X-wing called Black One.",https://lumiere-a.akamaihd.net/v1/images/resistance-x-wing_9433981f.jpeg,0,vehicles
6429291f021f17e13fbc1de2,Resistance Transport Pod,"Needing a light shuttle, Resistance techs hit upon the idea of detaching the cockpit of a Resistance transport and attaching a hyperdrive. Their creation, known as a transport pod, is unarmed but proves capable of carrying Rose and Finn to Canto Bight.",https://lumiere-a.akamaihd.net/v1/images/ep8-ff-004338_05caca91.jpeg,0,vehicles
6429291f021f17e13fbc1de8,Rucklin's racer,"The young pilot Jace Rucklin has poured his time and all of his savings into a series of special modifications to ensure his racer will be as light as can be and faster than the rest. Unfortunately, those adjustments also nearly cost Rucklin his life.",https://lumiere-a.akamaihd.net/v1/images/resistance-db-rucklins-racer-main-image_c7eeed7f.jpeg,0,vehicles
6429291f021f17e13fbc1def,Separatist Supply Ship,"The droid armies of the Separatists relied on a well-protected supply chain made of converted corporate transport vessels. Huge ships, like the barbell-shaped transport craft or the heavily-armed Trade Federation battleships, ferried in reinforcements, power supplies, weaponry and other essential materiel to the front. As more and more worlds took up the banner of the Separatist Alliance to do battle with the Republic, the Confederacy military was bolstered by flesh-and-blood warriors, like the natives of Umbara or Mon Cala.",https://lumiere-a.akamaihd.net/v1/images/databank_separatistsupplyship_01_169_979ac94a.jpeg,0,vehicles
6429291f021f17e13fbc1df8,Solar Sailer,"Built by the Geonosians, Count Dooku’s Punworcca 116-class interstellar swoop was an example of a solar sailer, a beautiful and expensive ship notable for the sails it would unfurl for interstellar flight. Dooku’s solar sailer brought him from Geonosis to Coruscant after the opening battle of the Clone Wars, and he later lent solar sailers to his apprentices Asajj Ventress and Savage Opress.",https://lumiere-a.akamaihd.net/v1/images/databank_geonosiansolarsailer_01_169_b3873578.jpeg,0,vehicles
6429291f021f17e13fbc1df1,Sheathipede-class Shuttle,"Small and defenseless, the Sheathipede-class shuttle was nonetheless an effective transport. Its defining characteristic was a large topside fin, enabling it to bank quickly. The craft was just large enough to fit a small crew, making it an ideal ship for battle droids during the Clone Wars.",https://lumiere-a.akamaihd.net/v1/images/sheathipede-class-shuttle_3f807659.jpeg,0,vehicles
6429291f021f17e13fbc1df2,Shydopp Pirate Skiff,"A simple flatbed cargo transport, the Shydopp Pirate Skiff flies a boarding crew to within leaping range, and drops off a mob of pirates to attack their targets.",https://lumiere-a.akamaihd.net/v1/images/shydopp-pirate-skiff-main_09a4b426.jpeg,0,vehicles
6429291f021f17e13fbc1df3,Sith Infiltrator,"A fittingly fearsome vessel for its deadly pilot, the Sith Infiltrator is the personal starship of Darth Maul, Dark Lord of the Sith. Maul used the sleek ship to silently travel wherever his master, Darth Sidious, ordered. The Infiltrator set down on Tatooine during the search for Queen Amidala, and became a mobile base of operations for Maul. From his starship he launched a trio of Sith probe droids to seek out the Queen and her Jedi protectors. Once found, he unloaded his swift Sith Speeder to pursue his quarry.",https://lumiere-a.akamaihd.net/v1/images/databank_sithinfiltrator_01_169_1bd0a638.jpeg,0,vehicles
6429291f021f17e13fbc1df4,Sith Speeder,"A pared-down crescent-shaped conveyance, Darth Maul's Sith Speeder was a very utilitarian craft stripped of all non-essential features to deliver the swiftest speeds possible. Deployed from the Sith Infiltrator, Maul's speeder bike traversed distances across land when use of his starship was deemed unnecessary. When searching for the escaped Queen Amidala of the Naboo, Maul used the Sith Speeder to soar towards the Queen's starship on Tatooine. He lept from the moving vehicle and immediately engaged in a duel with Jedi Master Qui-Gon Jinn.",https://lumiere-a.akamaihd.net/v1/images/databank_sithspeeder_01_169_cfa01a05.jpeg,0,vehicles
6429291f021f17e13fbc1df5,Sith Star Destroyer,"Beneath the barren surface of Exegol waits an armada of hundreds of Xyston-class Star Destroyers. These massive battleships are modeled after the Imperial-era warships that enforced the Emperor’s will, but equipped with belly-mounted superlasers capable of eradicating a planet. Once free of Exegol’s turbulent atmosphere, these Sith Star Destroyers will provide Darth Sidious with unmatched military might.",https://lumiere-a.akamaihd.net/v1/images/sith-star-destroyer-main_1c1712bb.jpeg,0,vehicles
6429291f021f17e13fbc1df6,Slave I,"A powerful pursuit craft made famous by Jango Fett in the days of the Republic, this ship was inherited by Boba Fett for his career as a bounty hunter. The aged but effective ship is loaded with hidden defensive and offensive weaponry and equipment, and has a reputation earned from decades of successfully capturing fugitives.",https://lumiere-a.akamaihd.net/v1/images/slave-1-main_81d5c1c7.jpeg,0,vehicles
6429291f021f17e13fbc1df7,Snowspeeder,"When stationed on Hoth, the Rebel Alliance modified T-47 airspeeders to become snowspeeders, fast flying conveyances for patrol and defense of their hidden base. It took some doing to keep the crippling cold from permanently grounding their airforce, but Rebel ingenuity overcame the relentless Hoth elements. The T-47 airspeeder is a small, wedge-shaped craft with two forward-facing laser cannons. In its rear arc is a harpoon gun fitted with a heavy-duty tow cable. The snowspeeder is a two-man vessel, with a pilot and rear-facing tailgunner.",https://lumiere-a.akamaihd.net/v1/images/snowspeeder_ef2f9334.jpeg,0,vehicles
6429291f021f17e13fbc1df9,Soulless One,"General Grievous piloted this customized Belbullab-22 starfighter, notable for its two sets of triple laser cannons, speed and agility. In the final days of the Clone Wars, Grievous flew the Soulless One to Utapau, and tried to escape the planet aboard his fighter. But Obi-Wan Kenobi killed the Separatist general before he could get away. After Obi-Wan was betrayed by his clone troops, he flew Grievous’s fighter to a rendezvous with Bail Organa and Yoda.",https://lumiere-a.akamaihd.net/v1/images/databank_soullessone_01_169_08305d9b.jpeg,0,vehicles
6429291f021f17e13fbc1dfa,Speeder Bike,"Speeder bikes are common sights throughout the galaxy, with manufacturers turning out both civilian and military models. One of the best-known speeder bikes is the Aratech 74-Z, which saw service during the Clone Wars and remained a mainstay of Imperial forces during the Galactic Civil War. All speeder bikes are capable of high-speed travel and require skill and fast reflexes.",https://lumiere-a.akamaihd.net/v1/images/speeder-bike-main_954f3273.jpeg,0,vehicles
6429291f021f17e13fbc1dfb,STAP,"STAPs are lightweight reconnaissance and patrol vehicles used by the battle droids of the Trade Federation army (and later, the Separatist Alliance). Incorporating repulsorlift technology, the STAP (single trooper aerial platform) is a slim, agile craft sporting a pair of blaster cannons. STAPs are often deployed as support vehicles in conjunction with larger craft.",https://lumiere-a.akamaihd.net/v1/images/databank_stap_01_169_75029522.jpeg,0,vehicles
6429291f021f17e13fbc1dfc,Star Commuter Shuttle,"A small ferry craft, the star commuter shuttle was used to transport passengers on short trips between worlds. For the route between Lothal and Garel, it was piloted by RX-24, a droid that specialized in space travel. During the age of the Resistance, Jarek Yeager piloted such a shuttle to  ensure a clandestine meeting between Poe Dameron and secret spy Kazuda Xiono happened far away from the Colossus platform.",https://lumiere-a.akamaihd.net/v1/images/resistance-db-star-commuter-shuttle-main-image_c741b49b.jpeg,0,vehicles
6429291f021f17e13fbc1dfd,Stealth Ship,"The Republic stealth ship is a heavily-armed vessel used during the Clone Wars, with a cloaking device that makes it completely invisible to nearly all forms of detection.",https://lumiere-a.akamaihd.net/v1/images/stealth_ship_13e7cbb8.jpeg,0,vehicles
6429291f021f17e13fbc1dfe,Stinger Mantis,"The Latero Spaceworks S-161 “Stinger” XL is a luxury yacht built for wealthy executives and oligarchs who want a fast ship that draws stares and rapt attention wherever it goes. Incorporating the latest in performance technology while maintaining the elegant visual aesthetic of the Republic ships from days gone by, the Stinger class starship stands apart from the utilitarian designs favored by the Empire.
In the time after Order 66, Greez Dritus serves as captain of one such ship, dubbed the Stinger Mantis because he likes the image it provokes, despite the fact that no breed of mantis across the known galaxy has anything resembling a stinger.",https://lumiere-a.akamaihd.net/v1/images/copy-of-stinger-mantis-approved-_419a900e.jpeg,0,vehicles
6429291f021f17e13fbc1de1,Resistance Transport,"The Resistance used outdated but reliable U-55 loadlifters – variously called Resistance transports, shuttles or lifeboats – for any number of tasks. On Vice Admiral Holdo’s orders, the transports were outfitted with experimental “baffler” technology to make them harder to detect by enemy sensor scans. Resistance soldiers evacuated the Raddus aboard these transports, though the First Order discovered the ruse and destroyed many of them before they could reach Crait.",https://lumiere-a.akamaihd.net/v1/images/ep8-ff-004996_8ab70142.jpeg,0,vehicles
6429291f021f17e13fbc1df0,Shadow Caster,"The starship of bounty hunter Ketsu Onyo, the Shadow Caster was fast, powerful, and featured some surprises. In addition to laser cannons, the craft was equipped with a tractor beam, which Ketsu used to capture the rebel droid Chopper. The Shadow Caster served its owner well, and was key in evading the Empire when Ketsu and her old friend Sabine finally joined forces.",https://lumiere-a.akamaihd.net/v1/images/shadow-caster_2f43e85e.jpeg,0,vehicles
6429291f021f17e13fbc1de0,Resistance ski speeder,"An older design pre-dating the Rebel Alliance, these low-altitude, high power ski speeders use a stabilizer strut to keep balance when zipping across alien terrain.",https://lumiere-a.akamaihd.net/v1/images/resistance-ski-speeder-b_25397de2.jpeg,0,vehicles
6429291f021f17e13fbc1dcd,Patrol Transport,"During the Clone Wars, security on Coruscant was bolstered with the addition of Republic patrol transports. Smaller, sleeker, and less heavily-armed than the military-grade Republic attack gunship, the patrol transport, sometimes referred to as the police gunship, was better suited to navigate the skyline and was less likely to cause costly collateral damage with its pair of ball-mounted laser turrets that flanked the cockpit, or the a fixed laser cannon that extended from the rear. Four arm-mounted solar gather panels helped power the repulsorlift vehicle. The control cabin had two stacked seats, with the pilot elevated and slightly behind the gunner. The troop bay had side doors that folded upward for entry, and rear ramp for rapid deployment of police forces. After the Clone Wars, the Empire made equally good use of patrol transports, using them to combat rebel threats from world to world.",https://lumiere-a.akamaihd.net/v1/images/Police-Gunship_83e30bfc.jpeg,0,vehicles
6429291f021f17e13fbc1dde,Resistance bomber,"To crack heavily armored targets, the Resistance called upon two squadrons of MG-100 StarFortress bombers laden with powerful proton bombs. The bombers were committed to another mission during the raid on Starkiller Base, but rushed back to D’Qar for the base’s evacuation. Escorted by swift starfighters, Cobalt Squadron attacked the initial wave of First Order warships to buy time for Leia Organa’s freedom fighters to escape. All of the bombers were lost, along with their crews, in this desperate mission.",https://lumiere-a.akamaihd.net/v1/images/resistance-bomber_a2df9e03.jpeg,0,vehicles
6429291f021f17e13fbc1dc1,Naboo Royal Cruiser,"A custom-built J-type diplomatic barge, this chromed Naboo royal cruiser carried no armament, relying on a fighter escort for protection during space travel. Shortly before the Clone Wars, Senator Padmé Amidala’s party traveled to Coruscant aboard her royal cruiser to vote on the creation of a Republic military. The cruiser exploded on the landing pad, seemingly killing Amidala – but she had switched places with her handmaiden Cordé and so survived the assassination attempt.",https://lumiere-a.akamaihd.net/v1/images/naboo-royal-cruiser_70fa0ac3.jpeg,0,vehicles
6429291f021f17e13fbc1dc2,Naboo Royal Starship,"The Naboo Royal Starship boasts a strikingly beautiful design that embodies the craftsmanship that prevailed in the peaceful years of the Republic. The polished, streamlined J-type 327 Nubian vessel lacks any offensive weaponry, but does feature strong shields and a competent hyperdrive.    During the Trade Federation invasion of Naboo, Queen Amidala and her retinue escaped aboard the Royal Starship. Piloted by Ric Olie, the vessel narrowly avoided the Trade Federation blockade, though its hyperdrive was damaged. The ship limped to Tatooine, where a replacement T-14 hyperdrive generator was procured.",https://lumiere-a.akamaihd.net/v1/images/databank_nabooroyalstarship_01_169_e61f677e.jpeg,0,vehicles
6429291f021f17e13fbc1dc3,Nebulon-B Frigate,"These versatile rebel cruisers were often used to escort rebel convoys, protecting ships from Imperial patrols with an array of powerful turbolasers and tractor beams. After his confrontation with Darth Vader on Cloud City, Luke Skywalker recovered from his injuries aboard a Nebulon-B medical frigate. These escort ships were part of the rebel armada that assaulted the second Death Star at Endor.",https://lumiere-a.akamaihd.net/v1/images/nebulon-b-frigate_dce53bc2.jpeg,0,vehicles
6429291f021f17e13fbc1dc4,Neimoidian Escort Shuttle,"For transit from their enormous Trade Federation battleships to the surface of their economically or militarily conquered worlds, Neimoidian officials travel in a distinctively shaped Neimoidian escort shuttle. Curved insect-like landing gears lower from the ship's belly, giving the craft's legs a pincer-like appearance as it settles on a landing pad.",https://lumiere-a.akamaihd.net/v1/images/neimoidian_escort_shuttle_7602d574.jpeg,0,vehicles
6429291f021f17e13fbc1dc5,New Republic prison ship,"The New Republic transports prisoners of the law on heavily fortified, secure ships.",https://lumiere-a.akamaihd.net/v1/images/new-republic-prison-ship-main_c82a29ca.jpeg,0,vehicles
6429291f021f17e13fbc1dc6,New Republic X-wings,The venerable Incom T-65 X-wing that served as a symbol of Rebel Alliance starfighter forces now plays an important role in the New Republic as part of security patrols.,https://lumiere-a.akamaihd.net/v1/images/the-book-of-boba-fett-ch-5-story-gallery-09_f7a28ae7.jpeg,0,vehicles
6429291f021f17e13fbc1dc7,Night Buzzard,The Knights of Ren travel aboard a converted dungeon ship with crudely modified engines that spew noxious smoke – a perfect headquarters for the vicious band of warriors that travel within its ominous black-steeled hull.,https://lumiere-a.akamaihd.net/v1/images/night-buzzard-main_2a77de26.jpeg,0,vehicles
6429291f021f17e13fbc1dc8,Ore Crawler,"As its name suggests, an ore crawler is a massive vehicle that scours terrain for energy sources. Developed by the Mining Guild, an ore crawler also burns up earth as it searches for raw materials, leaving landscapes and natural habitats devastated. The Empire, through the Mining Guild, uses ore crawlers -- and the slaves within -- to support its factories.",https://lumiere-a.akamaihd.net/v1/images/ore-crawler_000d4539.jpeg,0,vehicles
6429291f021f17e13fbc1dc9,Orn Free Taa's Shuttle,"Ryloth's Senator Orn Free Taa's corruption extends to a secret shuttle, kept waiting in a hangar at the Capitol in case he needs to make a hasty retreat back to Coruscant. But the elegant craft isn't as hidden as the politician may believe.",https://lumiere-a.akamaihd.net/v1/images/orn-free-taa-s-shuttle-main_cb1d6bea.jpeg,0,vehicles
6429291f021f17e13fbc1dca,Outer Rim speeder bike,"On the rugged frontier worlds of the galaxy, vehicles like speeder bikes are weather-beaten by the harsh elements and overworked with little time for maintenance. This Mobquet Zephyr-J model has been stripped down to be functional above all else.",https://lumiere-a.akamaihd.net/v1/images/remnant-speeder-bike-main_8b679155.jpeg,0,vehicles
6429291f021f17e13fbc1dcb,Pasaana loader skimmer,"A snub-nosed utility transport that can haul cargo across the badlands of Pasaana, this particular blue model, operated by Resistance pilot Poe Dameron, came in handy during a Resistance mission.",https://lumiere-a.akamaihd.net/v1/images/pasaana-loader-skimmer-main_f4cd76c9.jpeg,0,vehicles
6429291f021f17e13fbc1dcc,Pasaana transport skimmer,"An old, cobbled-together transport that can haul cargo across the badlands of Pasaana, this particular red model came in handy during a Resistance mission and was operated by Rey.",https://lumiere-a.akamaihd.net/v1/images/transport-skimmer-main_9ed20246.jpeg,0,vehicles
6429291f021f17e13fbc1dff,Subtram,"The planet Quarzite's surface was uninhabitable because of its highly pressurized atmosphere. But beneath the surface, subtrams formed a critical transportation network, connecting embarkation points with the strongholds of Quarzite's tyrannical Belugan overlords.",https://lumiere-a.akamaihd.net/v1/images/subtram-main-image_e8206577.jpeg,0,vehicles
6429291f021f17e13fbc1dce,Phantom II,"When Captain Rex and members of the Ghost crew found themselves the target of an Imperial assault at an abandoned Clone Wars-era base, they used a Sheathipede-class shuttle to escape. While devoid of weapons, the transport proved effective, and Kanan saw potential in the craft as the Phantom’s successor. Thus, the Phantom II was born.",https://lumiere-a.akamaihd.net/v1/images/phantom-ii_7f7b2419.jpeg,0,vehicles
6429291f021f17e13fbc1dcf,Phoenix,"A top-of-the-line diplomatic vessel, the Phoenix is especially designed for long, extended missions and tours of constituencies. Its hull bears the crimson hue of Republic vessels of state commonly seen before the galaxy was consumed by the Clone Wars, and its vessels became more muted in tone. The Phoenix has a pilotable secondary pod that detaches from the primary hull, equipped with its own compact hyperdrive -- a contingency that allows delegates to escape the most uncomfortable situations.",https://lumiere-a.akamaihd.net/v1/images/databank_phoenix_01_169_58425933.jpeg,0,vehicles
6429291f021f17e13fbc1dd0,Phoenix Home (Rebel Capital Ship),"The capital ship of a rebel collective, Phoenix Home was a large Pelta-class frigate with a crew of 900. It was under the command of Jun Sato, who welcomed the Ghost rebels onto his ship and into his fleet. Phoenix Home, manufactured by Kuat Drive Yards, was heavily armored and featured turbolasers and point-defence laser cannons. But that mattered little when Darth Vader tracked the Lothal rebels to the larger fleet. The Sith Lord decimated Phoenix Squadron with his TIE Advanced, and destroyed Phoenix Home.",https://lumiere-a.akamaihd.net/v1/images/home-base-main-image_91f083b2.jpeg,0,vehicles
6429291f021f17e13fbc1dd1,Pirate Saucer Mothership,"Employed by Weequay pirates, these immense saucer craft are an imposing, unsettling design to encounter in the space lanes. Spinning about a central axis, the saucer design presents a challenging target, as no obvious weak-spots mar the ship's uniform surface. A distributed power and propulsion system means the saucer ship has no true forward or aft facing, which the pirates use to great advantage to confound prey vessels unsure of which direction to flee. Optimized for space engagements, the saucership can make planet-fall thanks to eight landing struts and a lengthy boarding ramp, though these ships usually remain in orbit and rely on smaller barges or rapier saucers to shuttle booty back to a pirate's lair.",https://lumiere-a.akamaihd.net/v1/images/databank_piratesaucermothership_01_169_0c4866d0.jpeg,0,vehicles
6429291f021f17e13fbc1dd2,Pirate Speeder Tank,"A dangerous vehicle that features heavy armor and firepower, the speeder tank used by Hondo Ohnaka's pirate forces are sandblasted and battle-hardened combat craft used to defend their remote outpost on Florrum, and also to assault ground targets on raided worlds. An exposed gunner operates the speeder tank's primary cannon, while a second gunner provides targeting and sensor information from within the armored cabin. The pirates modify their fleet of tanks so that variations are common: some feature additional antipersonnel armaments. The two massive Podracer-like engines on the rear of the craft give the tanks impressive speed capabilities, though the thrusters themselves become obvious targets for return-fire.",https://lumiere-a.akamaihd.net/v1/images/databank_piratespeedertank_01_169_e2ccc7e1.jpeg,0,vehicles
6429291f021f17e13fbc1dd3,Podracer,"One-man vehicles featuring a cockpit placed behind two huge engines, used across the galaxy in deadly Podraces.",https://lumiere-a.akamaihd.net/v1/images/databank_podracer_01_169_89a8621d.jpeg,0,vehicles
6429291f021f17e13fbc1dd4,Poe Dameron’s X-wing fighter,"The modern incarnation of a classic design, the Incom T-70 X-wing fighter is the signature combat craft of the Resistance forces in their fight against the First Order.",https://lumiere-a.akamaihd.net/v1/images/poe-damerons-x-wing_96d5db37.jpeg,0,vehicles
6429291f021f17e13fbc1dd5,Quadjumper,"Quadjumpers are vital to the operations of orbital transfer yards, where these powerful little craft lock on to freight containers and ferry them to new locations as directed by a yard boss. Their power and maneuverability make them ideal candidates to be customized as smuggling ships and exploration craft. Rey and Finn planned to escape Jakku on a quadjumper, but had to think again when the First Order’s TIE fighters blew the one they were eyeing to bits.",https://lumiere-a.akamaihd.net/v1/images/quadjumper_a936657f.jpeg,0,vehicles
6429291f021f17e13fbc1dd6,Quasar Fire-class cruiser-carrier,"A massive starship, the Quasar Fire-class cruiser-carrier could both transport smaller fighters and act as a base. The Empire would use such ships in orbit of occupied worlds, allowing for easy dispatch of craft when needed. In one case, however, this proved to be a shortsighted tactic; the Ghost crew, alongside Cham Syndulla, stole the Quasar Fire-Class Cruiser-Carrier for the rebellion. With the rebel fleet badly in need of a base, this proved to be the next best thing.",https://lumiere-a.akamaihd.net/v1/images/quasar-fire-class-cruiser-carrier-169_26592dcb.jpeg,0,vehicles
6429291f021f17e13fbc1dd7,Red Ace,"Freya Fenris' ship is a reflection of her cool and calm demeanor, a technologically powerful machine of her own design that's built for precision performance. Matched to appeal to her endurance and efficiency, the ship's features maintain a delicate balance of speed, acceleration, and power.",https://lumiere-a.akamaihd.net/v1/images/resistance-red-ace-racer-main-image_ebbe1266.jpeg,0,vehicles
6429291f021f17e13fbc1dd8,Republic Attack Cruiser,"The Republic attack cruiser was not primarily a cargo transport, troop carrier or other replenishment or supply vessel; it was developed and honed for ship-to-ship combat. Its huge armored shape had an aggressive, dagger-like profile, studded with heavy weapons emplacements capable of punching through powerful shields and sturdy armor. The front half of the ship's spine contained a massive flight deck capable of scrambling the latest in Republic starfighters. The huge hangar doors opened to allow ships to land or takeoff from the deck; the vessel also had a smaller docking bay entrance on its lower side.",https://lumiere-a.akamaihd.net/v1/images/databank_republicattackcruiser_01_169_812f153d.jpeg,0,vehicles
6429291f021f17e13fbc1dd9,Republic Attack Gunship,"Rugged, combat-equipped repulsorcraft, Republic attack gunships rained down blistering barrages of laser and rocket retribution against the droid forces of the Separatists. Each winged gunship was covered in weapons, offering air-to-ground and air-to-air support as well as serving as an infantry transport. The front of the gunship features hunchback-style cockpit bubbles, wherein the gunship pilot and copilot / gunner sit in single file. Chin-mounted on the craft are a pair of laser cannon turrets. On the gunship's dorsal surface are its primary armaments, two massive rocket launchers fed by a rear-mounted missile belts.",https://lumiere-a.akamaihd.net/v1/images/databank_republicattackgunship_01_169_4ed5c0a7.jpeg,0,vehicles
6429291f021f17e13fbc1dda,Republic Attack Shuttle,"Republic attack shuttles serve multiple functions during the Clone Wars. Its roomy interior lined with benches make it well suited as a troop transport, launching from cruisers to travel the interplanetary distances that Republic attack gunships cannot. As the dangers to the Republic's officials grew during the Clone Wars, the attack shuttle was increasingly pressed into service as a principal transport for Republic officers, Senators and Jedi Knights. The transport is well armed with ball-mounted swivel laser cannons that flank the ship's forward snout, as well as fixed laser cannon emplacements along the wing joints.",https://lumiere-a.akamaihd.net/v1/images/databank_republicattackshuttle_01_169_def66530.jpeg,0,vehicles
6429291f021f17e13fbc1ddb,Republic Cruiser,"The distinctive shape and hue of a Republic Cruiser is instantly recognizable throughout the galaxy, indicating a vessel on a mission for the Galactic Senate, the Supreme Chancellor, or the Jedi Order. Chancellor Valorum dispatched a Republic Cruiser carrying two important Jedi ambassadors to negotiate an end to the Trade Federation Blockade of Naboo. The cruiser docked within a Trade Federation battleship's cavernous landing bay. On the orders of Darth Sidious, the Trade Federation ambushed the Jedi ambassadors. The crew of the cruiser was caught by surprise, destroyed by a concealed turbolaser turret.",https://lumiere-a.akamaihd.net/v1/images/databank_republiccruiser_01_169_fd769e33.jpeg,0,vehicles
6429291f021f17e13fbc1ddc,Republic Frigate,"Part of the Galactic Republic fleet during the Clone Wars, the Republic frigate is a converted diplomatic cruiser ready for combat. Battle  armor and laser turrets adorn its hull, giving what was once a peaceful vessel that ferried ambassadors some necessary teeth for combat. Its trio of massive sublight engines give the small craft swift performance, but it is easily outgunned by the larger, dedicated combat craft employed by both the Republic and Separatist Alliance.",https://lumiere-a.akamaihd.net/v1/images/databank_republicfrigate_01_169_44e96d2c.jpeg,0,vehicles
6429291f021f17e13fbc1ddd,Republic Tugboat,"To assist ponderous vessels maneuver through the confines of orbital docks and busy transit corridors, the Republic and other agencies employed specialized tugboats equipped with powerful tractor beams. These force projectors could change and control the vectors of starships many times the size of the tugboat. Sturdily built utility craft, Republic tugboats could also double as emergency vehicles, equipped with firefighting gear and salvage scanners to help sort debris in the event of a catastrophic explosion or collision, and sift the wreckage for any survivors.",https://lumiere-a.akamaihd.net/v1/images/databank_republictugboat_01_169_4d2e1af2.jpeg,0,vehicles
6429291f021f17e13fbc1ddf,Resistance Intersystem Transport Ship (I-TS),"Equipped with a hyperdrive, the I-TS is primarily used as a long-haul troop and cargo transport ship. Built by the Corellian Engineering Corporation, it is equipped with forward and rear guns to repel any pirate attack during transport. The I-TS’ versatility has made it an indispensable vessel for the Resistance and critical in the transport of troops between bases.",https://lumiere-a.akamaihd.net/v1/images/resistance-intersystem-transport-ship-i-ts-main_02aa5899.jpeg,0,vehicles
6429291f021f17e13fbc1e00,Super Star Destroyer,"The Super Star Destroyer is one of the largest, most powerful Imperial vessels ever created. A smooth hull presents an arrowhead shaped profile when viewed from above. Resting in the center of this hull is an ""island"" of habitable volume. Weapons emplacements bristle on the layered city-like surface. The trapezoidal command tower stands near the aft end of this island, capped with two geodesic communication and deflection domes. The underside is a busy network of engineering and superstructure. Thirteen colossal engine thrusters glow blood red as they push the immense craft through space.",https://lumiere-a.akamaihd.net/v1/images/databank_superstardestroyer_01_169_d5757b90.jpeg,0,vehicles
6429291f021f17e13fbc1e14,The Overseer,"The Overseer is an Imperial-class Star Destroyer from Kuat Drive Yards, currently assigned as the flagship of Titan Squadron. It won distinction at Pothor and the Battle of Jeyell, where the Overseer managed to destroy several enemy Nebulon-B frigates despite being heavily outnumbered. Recently, the Overseer responded to a New Republic strike against the Imperial dockyard at Var-Shaa. Though the Overseer was severely damaged in the battle, it was able to throw off New Republic pursuers and return to search for survivors. Now refitted and fully overhauled, the Overseer is ready to return to the front lines.",https://lumiere-a.akamaihd.net/v1/images/the-overseer-main-17e5ma2q9_8580e72b.jpeg,0,vehicles
6429291f021f17e13fbc1e02,Synara's salvaging skiff,"While living on the Colossus, the pirate spy Synara uses a special skiff to make a living going on salvaging missions in the waters surrounding the platform. Sometimes her finds, useful on the surface, bring more trouble than expected.",https://lumiere-a.akamaihd.net/v1/images/resistance-db-synaras-salvaging-main-image_ecc6d001.jpeg,0,vehicles
6429291f021f17e13fbc1e25,TIE silencer,"Reminiscent in design of the Empire's TIE interceptor and Darth Vader's TIE advanced, Kylo Ren's TIE silencer is an angular fighter equipped with laser cannons and missile launchers. Ren is an expert pilot -- thanks to skills passed down from his father -- which he puts to use in exploiting his ship's speed and ferocity. There is no other First Order craft like the TIE silencer, and it is an effective tool in Ren's mission to destroy the Resistance.",https://lumiere-a.akamaihd.net/v1/images/tie-silencer-main-a_9d127916.jpeg,0,vehicles
6429291f021f17e13fbc1e26,TIE striker,"A streamlined variant of the classic TIE fighter design, the TIE striker is designed for atmospheric patrols over important Imperial ground-based installations.",https://lumiere-a.akamaihd.net/v1/images/tie-striker_21f90de5.jpeg,0,vehicles
6429291f021f17e13fbc1e27,Trade Federation Battleship,"At over three kilometers in diameter, these enormous vessels resemble flattened disks with a central sphere containing the ship's bridge and reactor assemblies. The disk is broken at the front of the craft, revealing two mammoth docking bays lined with forward docking claws. The reclusive Neimoidian commanders typically seal themselves in the ship's spacious bridge while their legions of droids handle the operation of the mighty craft. The most important vessel in a Separatist battleship flotilla is the Droid Control Ship, which transmitted signals to the battle droid armies used by the Trade Federation and Separatist forces.",https://lumiere-a.akamaihd.net/v1/images/databank_tradefederationbattleship_01_169_fc5458ce.jpeg,0,vehicles
6429291f021f17e13fbc1e28,Trade Federation Landing Ship,"With its huge wingspan and imposing boot-shaped loading ramp, the Trade Federation landing ship was a daunting sight. Once the immense vessels set down on a clear and secured landing field, they disgorged AATs, MTTs, troop transports and battle droids into the battlefield. These vessels saw heavy use in the military of the Separatist Alliance.",https://lumiere-a.akamaihd.net/v1/images/databank_tradefederationlandingship_01_169_00567a01.jpeg,0,vehicles
6429291f021f17e13fbc1e29,Trandoshan skiff,"The Trandoshans are avid hunters, fashioning rugged skiffs for all manner of sport.",https://lumiere-a.akamaihd.net/v1/images/dangerous-debt-episode-gallery-11_8adf6586.jpeg,0,vehicles
6429291f021f17e13fbc1e2a,treadable,"These lumbering but reliable tracked vehicles are common sights on Pasaana, where they serve as both free-ranging shops and passenger transports. A treadable’s two tracks can be operated independently, allowing the driver to free the vehicle from rocks and sand mires.",https://lumiere-a.akamaihd.net/v1/images/treadable-main_98becf62.jpeg,0,vehicles
6429291f021f17e13fbc1e2b,Trexler Marauder,"The Trexler 906 Armored Marauder is the more combat-ready upgrade of the standard Imperial Troop Transport, featuring thicker armor and more potent weapons. Inside its armored shell, stormtroopers stand ready to deploy into battle.",https://lumiere-a.akamaihd.net/v1/images/trexler-marauder-main_83f95826.jpeg,0,vehicles
6429291f021f17e13fbc1e2c,Trident Drill Assault Craft,"A strange, alien-built type of combat vessel used to deploy large numbers of troops, the Trident assault ship is part of the Separatist fleet of battle craft. The squid-shaped vehicle can ""swim"" through space with the help of engines concealed within its trailing tentacles. When it closes in on an enemy ship, it can blast it apart with laser weaponry or grapple the vessel in an unbreakable tentacle grip. Huge versions of the Trident craft include a powerful drill assembly that can penetrate the armored hull of a starship or bunker, and then disgorge troops through the gaping hole.",https://lumiere-a.akamaihd.net/v1/images/databank_tridentdrillassaultcraft_01_169_694b0b6d.jpeg,0,vehicles
6429291f021f17e13fbc1e2d,truckspeeder,"Moloch uses this hulking Trast Heavy Transports A-A4B truckspeeder for White Worm missions in Coronet City or elsewhere on Corellia. His truckspeeder is formidably armored, with a noisy, powerful engine. A forward cage holds a pack of Corellian hounds trained at sniffing out fugitives.",https://lumiere-a.akamaihd.net/v1/images/truckspeeder-main_9c95a8b6.jpeg,0,vehicles
6429291f021f17e13fbc1e2e,Tuggs’ Grub Sienar-Chall Utilipede Transport,"Strono ""Cookie"" Tuggs is in much demand for his culinary skills, so he travels from site to site in a modified Sienar-Chall Utilipede Transport that becomes a mobile kitchen and restaurant. His travels across the galaxy allow him to fill his pantry with exotic ingredients that he uses to make new and unusual dishes. The transport is a versatile carrier vessel, with a modular cargo cradle that can support several self-contained modules with built-in life support systems. He is proud to present Tuggs’ Grub, a “traveling diner for diners traveling,” inspired by dishes he created during his time on Takodana.",https://lumiere-a.akamaihd.net/v1/images/tuggs-grub-sienar-chall-utilipede-transport-main-b_7ac7be52.jpeg,0,vehicles
6429291f021f17e13fbc1e2f,Turtle Tanker,"A utilitarian starship pressed into essential if unglamorous duty throughout the galaxy, the Turtle Tank is a hybrid space transport and walker vehicle. The starship has spacious holds that can be partitioned to allow for simultaneous transport of a variety of cargo, including bulk supplies to outland colonists or refuse from industrial worlds to distant dumping grounds. To assist landing on worlds with minimal or no docking facilities, the ship features four all-terrain walker legs. The minimal Turtle Tank control cabin also doubles as an escape pod, and can detach from the main hull of the ship.",https://lumiere-a.akamaihd.net/v1/images/databank_turtletanker_01_169_c6b1fa9f.jpeg,0,vehicles
6429291f021f17e13fbc1e30,Twilight,"Anakin Skywalker and Ahsoka Tano escaped from Teth aboard the battered spice freighter Twilight, surviving a crash landing on Tatooine. Anakin had the ship salvaged and repaired for a number of reasons. He'd become fond of her, she'd proved surprisingly maneuverable, she offered Anakin plenty of opportunities for tinkering with machinery, and a nondescript freighter could prove useful on secret missions. While Anakin enjoyed tinkering with the Twilight, she proved difficult to keep spaceworthy -- as Obi-Wan Kenobi discovered when he borrowed the freighter to rescue Duchess Satine from captivity on Mandalore. The Twilight barely held together long enough to land, and was later shot down by Death Watch commandos. Obi-Wan and Satine escaped the crash, but the old freighter had finally met her end.",https://lumiere-a.akamaihd.net/v1/images/databank_twilight_01_169_9b1eb370.jpeg,0,vehicles
6429291f021f17e13fbc1e31,U-wing,"A sturdy troop transport and gunship used by the Rebel Alliance, the U-wing starfighter is a well-armed swing-wing vessel that must penetrate heavy fire zones to deposit soldiers onto battlefields and then fly air support during dangerous missions against the Empire.",https://lumiere-a.akamaihd.net/v1/images/u-wing_3a89a295.jpeg,0,vehicles
6429291f021f17e13fbc1e32,UA-TT Walker,"The Urban Assault Tripod Transport is the First Order’s favored ground vehicle for operations in cities, offering an ideal mix of firepower, mobility and defensive capabilities. The three-legged craft’s design draws inspiration from the AT-APs used more than a half-century earlier by the Republic in the Clone Wars.",https://lumiere-a.akamaihd.net/v1/images/ua-tt-walker-main_03e2474f.jpeg,0,vehicles
6429291f021f17e13fbc1e24,TIE Interceptor,"Faster and better-armed descendents of regular TIE fighters, TIE interceptors defended the second Death Star at the Battle of Endor. The bent-winged fighters swarmed the Rebel fleet in a terrifying display of the Empire's military might.",https://lumiere-a.akamaihd.net/v1/images/tie-interceptor-2_b2250e79.jpeg,0,vehicles
6429291f021f17e13fbc1e33,Umbaran Crawler Tank,"Also known as an Impeding Assault Tank (IAT), the Umbaran crawler tank is a horrifying mechanical monster created by the advanced technology of the Umbaran people. The crawler tank is armed with blaster cannons, shield generators, and designed to have multiple redundancies to cope for heavy damage.",https://lumiere-a.akamaihd.net/v1/images/acw_ia_88843_1f36af16.jpeg,0,vehicles
6429291f021f17e13fbc1e35,Umbaran Starfighter,"Using the highly advanced technology native to its planet of development, the Umbaran starfighter is the most intuitively-designed ship in the galaxy. Its shielded cockpit surrounded the pilot with touch-sensitive holographic displays that react instantly to touch. The ship's unique construction allows its airframe to flex and bend, not only adding to its maneuverability, but allowing it to land and take off with a minimal of mechanical effort. It boasts the energetic plasma weapons found on many Umbaran craft, as well as modular missile pods.",https://lumiere-a.akamaihd.net/v1/images/databank_umbaranstarfighter_01_169_25cb5f41.jpeg,0,vehicles
6429291f021f17e13fbc1e36,V-19 Torrent,"A fast, maneuverable starfighter, the V-19 saw service during the Clone Wars in battles above planets such as Teth and Ryloth. The craft’s blaster cannons and concussion missile launchers gave it a formidable weapons complement. Many of its technologies were later adapted for the V-wing fighter. V-19s were tricky to fly, as the bounty hunter Cad Bane discovered when he stole one to escape from the Jedi Cruiser Resolute.",https://lumiere-a.akamaihd.net/v1/images/v-19-torrent_faddac67.jpeg,0,vehicles
6429291f021f17e13fbc1e37,V-35 Landspeeder,"The V-35 landspeeder is an inexpensive, older-model ground transport, commonly found on Outer Rim worlds like Lothal. It features a one-driver, open-air port, and is easily recognized by its pointed nose and raised repulsorlift thrusters.",https://lumiere-a.akamaihd.net/v1/images/image_6da46a10.jpeg,0,vehicles
6429291f021f17e13fbc1e38,V-wing Fighter,"First deployed by the Galactic Republic during the Clone Wars, after the rise of the Empire the V-wing joins other small craft in the government's formidable defense forces. A striking silhouette, the V-wing cockpit is positioned between two ion engines that taper at the base of the craft.",https://lumiere-a.akamaihd.net/v1/images/v-wing-main_37a7dec1.jpeg,0,vehicles
6429291f021f17e13fbc1e39,Venator-class Star Destroyer,"In the Empire's fleet, the Venator-class Star Destroyer stands out for its ability to dominate. In the time after the fall of the Republic, Vice Admiral Rampart operates a Venator among a small group tasked with securing Kaminoan cloning technology and obliteraing all other evidence of the birthplace of the Grand Army of the Republic.",https://lumiere-a.akamaihd.net/v1/images/venator-class-star-destroyer-main_b8669a84.jpeg,0,vehicles
6429291f021f17e13fbc1e3a,Wookiee Catamaran,"These slim, twin-hulled vehicles combine traditional Wookiee craftsmanship with advanced technology, joining carefully shaped wood with powerful repulsorlifts and engines. Catamarans are agile both in the water and in the air, and proved instrumental to the Wookiees’ defense of Kashyyyk during the Separatist invasion in the Clone Wars.",https://lumiere-a.akamaihd.net/v1/images/wookiee-catamaran_ae2deacf.jpeg,0,vehicles
6429291f021f17e13fbc1e3b,X-34 Landspeeder,"Luke Skywalker owned one of these nondescript but speedy landspeeders, racing the sand-pocked and sun-faded craft across the desert between the Lars homestead and outposts such as Tosche Station and Anchorhead. The X-34’s powerful repulsorlift engine that allows it to float about a meter above the ground, augmented by a trio of air-cooled thrust turbines. Luke’s speeder was old and battered, and missing the port turbine’s cowling, but tinkering and careful maintenance – essential in the harsh environment of Tatooine -- kept it in good working order. After the death of his aunt and uncle, Luke sold his speeder in Mos Eisley to help pay for passage to Alderaan.",https://lumiere-a.akamaihd.net/v1/images/landspeeder-1-1_68b36956.jpeg,0,vehicles
6429291f021f17e13fbc1e3c,X-wing Starfighter,"The X-wing is a versatile Rebel Alliance starfighter that balances speed with firepower. Armed with four laser cannons and two proton torpedo launchers, the X-wing can take on anything the Empire throws at it. Nimble engines give the X-wing an edge during dogfights, and it can make long-range jumps with its hyperdrive and its astromech droid co-pilot. Luke Skywalker is famous for destroying the Death Star behind the controls of an X-wing.",https://lumiere-a.akamaihd.net/v1/images/X-Wing-Fighter_47c7c342.jpeg,0,vehicles
6429291f021f17e13fbc1e3d,XJ-6 Airspeeder,"When Zam Wesell fled after trying to assassinate Padmé Amidala, Anakin Skywalker commandeered a flashy yellow airspeeder to chase the bounty hunter across the skylanes of Coruscant. The open-air cockpit and oversized engines made the XJ-6 an ideal pursuit vehicle, and the gonzo color struck Anakin’s fancy. After all, nothing in the Jedi code forbade looking flashy while defending the Republic.",https://lumiere-a.akamaihd.net/v1/images/xj-6-air-speeder-square_34ff8062.jpeg,0,vehicles
6429291f021f17e13fbc1e3e,Y-wing Starfighter,"The Y-wing is a workhorse starfighter has been in use since the Clone Wars. Used for dogfights and for bombing runs against capital ships and ground targets, Y-wings are often overshadowed by newer models such as the X-wing and the A-wing. But the Y-wing's historical importance is remarkable, and it has reliably served multiple generations of star pilots.",https://lumiere-a.akamaihd.net/v1/images/Y-Wing-Fighter_0e78c9ae.jpeg,0,vehicles
6429291f021f17e13fbc1e3f,Yeager's hoverlift,"Jarek Yeager's days as a pilot show when he hops behind the controls of any vehicle, including a simple hoverlift. It takes finesse and skill to maneuver the repulsorlifts and help nudge the Colossus targeting computer back into place, a task made all the more difficult by the arrival of an errant pirate ready for a brawl.",https://lumiere-a.akamaihd.net/v1/images/resistance-db-yeagers-hoverlift-main-image_c92e3f49.jpeg,0,vehicles
6429291f021f17e13fbc1e40,Yeager's ship,"Vastly more powerful than the rickety bucket of bolts that is the Fireball, Jarek Yeager's private ship is an elegant, golden-hued craft. With Yeager seated at the controls, the ship nimbly arcs through the course on the Platform Classic, an unbeatable combination of racer and machine.",https://lumiere-a.akamaihd.net/v1/images/resistance-db-yeagers-ship-main-image_0594596f.jpeg,0,vehicles
6429291f021f17e13fbc1e41,Yellow Ace,"To achieve his many high-flying stunts, Bo Keevil's ship has been customized for agility, with wings that shift into a variety of configurations to complete his death-defying tricks. For a less-practiced pilot, the machine can be a little difficult to handle; even Keevil wears an extra crash helmet and visor just to be safe.",https://lumiere-a.akamaihd.net/v1/images/resistance-db-yellow-ace-racer-main-image_e18c1df4.jpeg,0,vehicles
6429291f021f17e13fbc1e42,Yoda's Fighter,"During the Clone Wars, Yoda flew a modified Jedi starfighter on some missions. The fighter – smaller than the standard Jedi fighter of the time – featured an astromech droid socket set aft of the cockpit and above it. With Anakin Skywalker’s help, Yoda fled enforced medical observation in the Jedi Temple aboard his starfighter, with R2-D2 accompanying him on adventures to a series of exotic and dangerous worlds.",https://lumiere-a.akamaihd.net/v1/images/image_2780d5ff.jpeg,0,vehicles
6429291f021f17e13fbc1e34,Umbaran Hover Tank,"The Shadow People of Umbara have excelled in the science of technology despite their isolation from the rest of the galaxy. In their pocket of territory within the Ghost Nebula, they have engineered potent examples of energy weaponry and anti-gravity systems with performance that exceeds galactic standards. One impressive example is the Umbaran hover tank. The single-pilot vehicle is built around an armored control pod bracketed by twin conducting vanes that each house an electromagnetic plasma cannon that can decimate entire platoons of enemy troops with a single blast. When the tank is powered down, in docked configuration, the conducting vanes rotate and split open to serve as landing struts.",https://lumiere-a.akamaihd.net/v1/images/umbaran_hover_tank_9e088750.jpeg,0,vehicles
6429291f021f17e13fbc1e01,Swoop,"Swoops are repulsorlift vehicles that are more powerful (and dangerous) than speeder bikes. Swoop racing is a popular spectator sport on many planets, with fans loving the sport’s excitement as well as its outlaw image. During his search for his mother on Tatooine, Anakin Skywalker borrowed a swoop from Owen Lars. Later, Hondo Ohnaka’s pirates used swoops to patrol their territory on Florrum.",https://lumiere-a.akamaihd.net/v1/images/solo-db-swoop-main-image_d041c11a.jpeg,0,vehicles
6429291f021f17e13fbc1e23,TIE Fighter,"The TIE fighter was the unforgettable symbol of the Imperial fleet. Carried aboard Star Destroyers and battle stations, TIE fighters were single-pilot vehicles designed for fast-paced dogfights with Rebel X-wings and other starfighters. The iconic TIE fighter led to other models in the TIE family including the dagger-shaped TIE Interceptor and the explosive-laden TIE bomber. The terrifying roar of a TIE's engines would strike fear into the hearts of all enemies of the Empire.",https://lumiere-a.akamaihd.net/v1/images/TIE-Fighter_25397c64.jpeg,0,vehicles
6429291f021f17e13fbc1e21,TIE defender,"The TIE defender is an experimental fighter of the TIE series, armed with heavy cannons and shields, and is equipped with a hyperdrive. A major weapon for the Empire, the TIE defender proves much more difficult to destroy than standard TIE fighters.",https://lumiere-a.akamaihd.net/v1/images/tie-defender_43d5e0ab.jpeg,0,vehicles
6429291f021f17e13fbc1e03,T-16 Skyhopper,"A high-performance airspeeder capable of reaching a planet’s troposphere, T-16 skyhoppers were fast and maneuverable – a combination that could be dangerous for young pilots. Luke Skywalker owned a two-man skyhopper, but burned out the instrumentation during a reckless trip through Beggar’s Canyon. He was left to play idly with a model of his beloved craft until he could make the T-16 airworthy again. The controls of a T-16 were similar to those of a T-65 X-wing, which allowed Luke to join the rebel attack on the Death Star at Yavin.",https://lumiere-a.akamaihd.net/v1/images/databank_t16skyhopper_01_169_ad69e901.jpeg,0,vehicles
6429291f021f17e13fbc1e04,T-47 airspeeder,"A versatile and nimble repulsorcraft, the T-47 airspeeder is a popular civilian model, capable of meeting a wide variety of needs. Its harpoon and tow cable are useful in cargo hauling operations, and although not standard, these speeders can easily be equipped with weaponry and armor.",https://lumiere-a.akamaihd.net/v1/images/t-47-airspeeder-main_93f089db.jpeg,0,vehicles
6429291f021f17e13fbc1e05,T-85 X-wing,"The New Republic T-85 X-wing fleet, painted in the distinct colors of the yellow and blue crest, flew missions including a fateful rendezvous between Kazuda Xiono and Poe Dameron that led to Kaz's mission on Castilon. The T-85 is the successor to both the classic T-65 X-wing flown by Rebel hero Luke Skywalker during the Galactic Civil War and the T-70 used by the Resistance.",https://lumiere-a.akamaihd.net/v1/images/resistance-db-t-85-x-wing-main-image_a006d7bd.jpeg,0,vehicles
6429291f021f17e13fbc1e06,Tactical Infiltration Pod,"A small, single-passenger craft, the Imperial tactical infiltration pod was used for short-distance transportation and recon missions. As such, it sacrificed maneuverability and weaponry for advanced communications tech, including a long-range transmitter and encryption abilities. Designed to look like a normal escape pod, it was made for much more nefarious purposes.",https://lumiere-a.akamaihd.net/v1/images/tactical-infiltration-pod_13b5a34b.jpeg,0,vehicles
6429291f021f17e13fbc1e07,Tantive IV,"Both Bail Organa and his adopted daughter Leia used this Alderaanian starship on public missions for the Senate and secret ones for the Alliance. Leia became famous for mercy missions undertaken aboard the Tantive IV, but the Empire suspected her altruistic acts were cover for treasonous activities. After the Tantive IV intercepted rebel transmissions of the Death Star plans at Scarif, Darth Vader captured the blockade runner above Tatooine. A generation later, Leia reclaimed her ship. It was destroyed at the Battle of Exegol.",https://lumiere-a.akamaihd.net/v1/images/tantive-iv-main_f1ea3fa5.jpeg,0,vehicles
6429291f021f17e13fbc1e08,Tatooine repulsor train,"A massive hovering train that glides meters above the dunes of Tatooine, a repulsor train moves from town to town on criminal business.",https://lumiere-a.akamaihd.net/v1/images/tatooine-repulsor-train-main_7aa744e8.jpeg,0,vehicles
6429291f021f17e13fbc1e09,Taylander shuttle,"Taylander shuttle is a model of civilian craft found throughout the galaxy, from the bustling cargo lanes streaming towards Coruscant to the dusty docking bays on Tatooine. The early rebellion used the innocuous craft as a transport ship during undercover operations.",https://lumiere-a.akamaihd.net/v1/images/tylander-shuttle_78f7a3bd.jpeg,0,vehicles
6429291f021f17e13fbc1e0a,The Anodyne,"A converted New Republic Nebulon-C frigate, the Anodyne serves the Resistance as a hospital ship. Despite this role, its military capabilities are intact and it often carries a complement of starfighters.",https://lumiere-a.akamaihd.net/v1/images/last-jedi-databank-anodyne-main-image_aacd1684.jpeg,0,vehicles
6429291f021f17e13fbc1e0b,The Eravana,"A poor replacement for the lost Millennium Falcon, the Eravana was a Baleen-class bulk freighter used by Han Solo and Chewbacca to move cargoes – some legal, some decidedly not – across the galaxy. The massive ship’s bow section was dominated by a forward hold that doubled as a docking bay, while a transport grid created a labyrinth of cargo containers bound for various starports. After Han and Chewie retrieved the Falcon, they left the Eravana in the hands of the Guavian Death Gang.",https://lumiere-a.akamaihd.net/v1/images/the-eravana_6d2aa8cb.jpeg,0,vehicles
6429291f021f17e13fbc1e0c,The Fulminatrix,"A massive Mandator IV-class Siege Dreadnought, the Fulminatrix was armed with deadly orbital bombardment cannons that could penetrate planetary shields. The First Order assigned this huge warship, commanded by Moden Canady, the task of incinerating D’Qar’s Resistance base. Canady succeeded, but the Fulminatrix was destroyed by a Resistance bomber run.",https://lumiere-a.akamaihd.net/v1/images/first-order-dreadnought_ae4dd359.jpeg,0,vehicles
6429291f021f17e13fbc1e0d,The Ghost,"The Ghost, piloted by the gifted Hera Syndulla, was the starship and home base of a small band of Lothal rebels. Named for its ability to travel past Imperial sensors without detection, the craft included many hidden surprises that aided the crew in their fight against the Empire. Among its many features were a 360-degree dorsal laser cannon turret, two forward laser cannons, and two rear laser cannons, as well as sleeping quarters. It also included the Phantom, a secondary shuttle that acted as a fully-armed starfighter.",https://lumiere-a.akamaihd.net/v1/images/the-ghost-s3_499fca79.jpeg,0,vehicles
6429291f021f17e13fbc1e0e,The Hazard's boat,"When Lyana Hazard needs some time away from the friendly island where the Hazards make their home, she takes the small family boat into the open water. But a perfectly safe excursion can turn treacherous when natural tremors ripple through the ocean floor below.",https://lumiere-a.akamaihd.net/v1/images/the-hazards-boat-main_f4fb6f77.jpeg,0,vehicles
6429291f021f17e13fbc1e0f,The Liberator,"The Liberator was an Alderaanian crusier and the command ship of Sato, leader of the rebel fleet. It was nearly caught in the tractor beam of a Star Destroyer during a surprise attack from the Empire, but some last-minute heroics from the Ghost crew freed the Liberator, allowing it to make the jump to lightspeed and escape.",https://lumiere-a.akamaihd.net/v1/images/the-liberator_b55a076d.jpeg,0,vehicles
6429291f021f17e13fbc1e10,The Libertine,"A sleek and stylish star yacht whose powerful engines give it impressive speed, the Libertine is the property of an arms dealer visiting Canto Bight for a little restorative downtime. Or at least it is until DJ gets to work on the yacht’s anti-theft defenses.",https://lumiere-a.akamaihd.net/v1/images/ep8-ff-006836_e8217d07.jpeg,0,vehicles
6429291f021f17e13fbc1e22,TIE defender elite,"With nearly unmatched speed and maneuverability, the TIE defender elite is a marvel of Imperial engineering. The prototype is housed on Lothal, where ace pilot Vult Skerris personally tests the experimental craft.",https://lumiere-a.akamaihd.net/v1/images/tie-defender-elite_aefde184.jpeg,0,vehicles
6429291f021f17e13fbc1e11,The Marauder,"A modified Omicron-class attack shuttle, the Marauder serves as the Bad Batch's personal transport and gunship. Having used it on covert missions throughout the Clone Wars, the Batch continues to depend on the ship as they travel the galaxy. Since welcoming Omega to the team, they've given their newest recruit her own private quarters onboard.",https://lumiere-a.akamaihd.net/v1/images/the-bad-batch-first-look-war-mantle-the-marauder-298638_085c1b69.jpeg,0,vehicles
6429291f021f17e13fbc1e13,The Ninka,"A Virgillian “Bunkerbuster” designed to destroy tough ground targets from orbit, the Ninka is commanded by Vice Admiral Holdo before she transfers her flag to the Raddus. The Ninka brought the Resistance’s bombers back from a staging area in the Refnu system in time for the evacuation of D’Qar.",https://lumiere-a.akamaihd.net/v1/images/last-jedi-databank-ninka-2-main-image_01457383.jpeg,0,vehicles
6429291f021f17e13fbc1dc0,Naboo N-1 Starfighter,"Protecting the skies and space around Naboo is the N-1 starfighter. Its sleek design exemplifies the philosophy of art and function witnessed throughout Naboo technology. Its twin radial J-type engines are capped in gleaming chrome and trail long delicate-looking finials behind the ship's single-pilot compartment. Behind the pilot sits a standard astromech droid, plugged into an abbreviated, ventrally-fed socket which requires the droid to compress slightly in order to fit within the vessel's curves. The fighter features twin blaster cannons, twin fire-linked torpedo launchers, and a capable automatic pilot feature.",https://lumiere-a.akamaihd.net/v1/images/databank_naboon1starfighter_01_169_26691adf.jpeg,0,vehicles
6429291f021f17e13fbc1e15,The Phantom,"The Phantom was the short-range shuttle craft of the Ghost. While it was a secondary vehicle, the Phantom was a solid starfighter in its own right. It was equipped with forward laser cannons, a dorsal laser turret, and cargo compartments, making the Phantom ideal for supply runs or close encounters with TIE fighters.",https://lumiere-a.akamaihd.net/v1/images/image_e61296b4.jpeg,0,vehicles
6429291f021f17e13fbc1e16,The Profundity,"The Profundity began its life as a daring ruse: it was built as a tower in a city beneath Mon Cala’s northern ice floes, and launched into space when the Empire subjugated the planet. A quick conversion by Mon Calamari engineers turned the Profundity into the Alliance’s flagship – a modified MC75 star cruiser defended by laser cannons, torpedo launchers and a complement of starfighters.",https://lumiere-a.akamaihd.net/v1/images/the-profundity-main_b7347934.jpeg,0,vehicles
6429291f021f17e13fbc1e17,The Raddus,"Named for a legendary Mon Calamari commander from the early days of the Rebel Alliance, the Raddus served as Leia Organa’s mobile headquarters and flagship of the ragtag Resistance task force fleeing D’Qar. The MC85 Star Cruiser’s experimental deflector shields could withstand massive damage before failing. That innovation proved critical when Vice Admiral Holdo jumped the cruiser to hyperspace through a First Order task force. The Raddus was destroyed, but its sacrifice bought the Resistance time to escape to Crait.",https://lumiere-a.akamaihd.net/v1/images/last-jedi-databank-raddus-main-image_73540454.jpeg,0,vehicles
6429291f021f17e13fbc1e18,The Silver Angel,"A Nebula-class freighter repurposed for a bit more speed, the Silver Angel is Trace Martez's pride and joy. For a long time, the aspiring pilot and mechanic tinkered on the massive ship with the aim of using the vessel as a means to escape her life in the Coruscant underworld. After the Empire comes to power, the sisters use the ship as a homebase on offworld missions.",https://lumiere-a.akamaihd.net/v1/images/the-silver-angel-main_081a385f.jpeg,0,vehicles
6429291f021f17e13fbc1e19,the Starhawk,"Built from salvaged Imperial Star Destroyers at a secret location, the Starhawk is a prototype New Republic battleship. It is designed to take on the Empire’s capital ships, finally giving the New Republic the ability to face Imperial fleets on equal terms. The Starhawk has heavy durasteel armor, deflector shields, multiple turbolaser batteries, and a tractor beam array with ten times the power of a Star Destroyer’s beam. The New Republic Senate has already voted to build three more Starhawk-class battleships, hoping to end the war as quickly as possible.",https://lumiere-a.akamaihd.net/v1/images/the-starhawk-main-4a3e80pp2x_e7f5657c.jpeg,0,vehicles
6429291f021f17e13fbc1e1a,The Supremacy,"A capital ship built on a nearly unimaginable scale, the Supremacy is a vast flying wing more than 60 kilometers wide. In addition to being a warship with enormous firepower, it serves Supreme Leader Snoke as throne room and the First Order as mobile capital. Its vast interior houses army training grounds, shipyards, production lines and R&D labs. The mighty ship was torn in two before the Battle of Crait, ripped apart when Vice Admiral Holdo sent the Raddus into hyperspace along a path that passed through the larger craft.",https://lumiere-a.akamaihd.net/v1/images/ep8-ff-003419_7bd5f27c.jpeg,0,vehicles
6429291f021f17e13fbc1e1b,The Temperance,"The Temperance is an MC75 star cruiser built on Mon Cala. Alongside its sister ship Accordance, the Temperance defended the borders of the Hosnian system during the Battle of Endor, repulsing an Imperial armada that was attempting a surprise attack against the Core Worlds. The Accordance was lost in the battle, but the Temperance took on the survivors and carried the day. It currently serves as Vanguard Squadron's flagship.",https://lumiere-a.akamaihd.net/v1/images/the-temperance-main-10a7r9qa2_1b5a80e1.jpeg,0,vehicles
6429291f021f17e13fbc1e1c,The Vigil,The Vigil is a Kuat Drive Yards cargo frigate that entered Resistance service after being captured by pirates. The ship becomes a target of the First Order’s starfighters following the evacuation of D’Qar.,https://lumiere-a.akamaihd.net/v1/images/tlj-db-the-vigil-main-image_4f527c7c.jpeg,0,vehicles
6429291f021f17e13fbc1e1d,The Windfall,"Alongside co-pilot ZO-E3, the captains of the Windfall have found the ship to be sturdy and reliable, with plenty of storage for completely legitimate business opportunities.",https://lumiere-a.akamaihd.net/v1/images/the-windfall-main_6c07dd7f.jpeg,0,vehicles
6429291f021f17e13fbc1e1e,TIE Bomber,"The Empire uses flights of its specialized double-hulled TIE bombers to drop vast quantities of munitions on rebellious planets and targets in space, delivering devastating attacks with frightening accuracy.",https://lumiere-a.akamaihd.net/v1/images/tie-bomber-main_d4d9b979.jpeg,0,vehicles
6429291f021f17e13fbc1e1f,TIE Brute,"The TIE/rb heavy starfighter, nicknamed the “TIE Brute,” boasts heavier armor and firepower than a standard TIE, with pivoting twin laser cannons arrayed on an outrigger. An MGX-300 integrated droid intelligence assists the pilot with operations.",https://lumiere-a.akamaihd.net/v1/images/heavy-tie-main_3dd47ac6.jpeg,0,vehicles
6429291f021f17e13fbc1e20,TIE dagger,"Forged in secret by sinister forces, this new generation of TIE fighter swoops into action, with triangular wings that give the sleek Sith vessel a menacing profile.",https://lumiere-a.akamaihd.net/v1/images/tie-dagger-main_240a463b.jpeg,0,vehicles
6429291f021f17e13fbc1e12,The Nightbrother,"Darth Maul called his fighter the Nightbrother -- it was a Gauntlet starfighter in the Mandalorian tradition, but customized with a black and red color scheme and other modifications. Like other Gauntlets, it featured rotating wings, a large hull, and was armed with two forward laser cannons and a pair of rearward facing cannons.",https://lumiere-a.akamaihd.net/v1/images/the-nightbrother_819af60c.jpeg,0,vehicles
6429291f021f17e13fbc1dbf,MTT,"A terrifying display of Trade Federation efficiency, the mammoth MTT (Multi Troop Transport) is an armored giant capable of disgorging over a hundred battle droid soldiers into the thick of combat. The vehicle's bulbous armored front end opens to reveal an articulated deployment rack, upon which rest dozens of compressed battle droids. The rack extends forward and deposits the droids into neatly organized rows. Upon activation from an orbiting Droid Control Ship, the droids unfold into their humanoid configuration. During the Clone Wars, the Separatist Army used MTTs in Confederacy livery to transport their infantry troops to many battlefields.",https://lumiere-a.akamaihd.net/v1/images/databank_mtt_01_169_efb8a98a.jpeg,0,vehicles
6429291f021f17e13fbc1dab,Krennic’s Imperial Shuttle,"With its starkly geometric hull shape and bat-like wings, the approach of Delta-class T-3c shuttle is an imposing sight. Once it lands and deploys its passengers – the cruel director Krennic and his squad of elite troopers, all sense of dread proves extremely warranted.",https://lumiere-a.akamaihd.net/v1/images/krennics-imperial-shuttle-main_ab4c37b7.jpeg,0,vehicles
6429291f021f17e13fbc1dbd,Modified AT-TE Walker,"All Terrain Tactical Enforcers could be modified as seen in the vehicle of Clone Captain Rex and Clone Commanders Wolffe and Gregor during their retirement. While traveling the dusty plains of Seelos, the clones used their modified AT-TE as both a mobile home and a hunting platform. The hulking walker was equipped with a kitchen, sleeping bunks, and railed walkways and adorned with lanterns and bug catchers.",https://lumiere-a.akamaihd.net/v1/images/modified-at-te_4f8823ee.jpeg,0,vehicles
6429291f021f17e13fbc1d5b,Combat assault tank,"The Imperial combat assault tank has great maneuverability in tight quarters, such as the streets of occupied cities. Its laser cannons can devastate enemy troops, and the powerful engines can transport heavy payloads.",https://lumiere-a.akamaihd.net/v1/images/imperial-assault-hovertank-main_6fb9fb47.jpeg,0,vehicles
6429291f021f17e13fbc1d5c,Conveyex,"A conveyex is an imposing sight: a long train of armored cargo cars strung between a drive engine and a caboose with a turret cannon. A conveyex is two-tiered, with cargo cars arrayed on each side of the track in an over-under configuration. On Vandor, the Beckett gang launches a bold plan to steal a shipment of valuable coaxium from an Imperial conveyex.",https://lumiere-a.akamaihd.net/v1/images/conveyex-main_11f86558.jpeg,0,vehicles
6429291f021f17e13fbc1d5d,Coronet,"A liner like those from a bygone age, the Coronet was a showcase of Mandalorian engineering. Duchess Satine often used the stately vessel as a venue for meetings with planetary leaders she hoped to attract to her peace movement.",https://lumiere-a.akamaihd.net/v1/images/coronet-main-image_405355e7.jpeg,0,vehicles
6429291f021f17e13fbc1d5e,Coruscant Air Taxi,"Transportation on one of the most populated planets of the galaxy has moved high into the air, weaving between the towering buildings that envelope the world of Coruscant. A great many of these vehicles are Coruscant air taxis, small open-air speeders that carry passengers to their destination.",https://lumiere-a.akamaihd.net/v1/images/databank_coruscantairtaxi_01_169_a36dcf1f.jpeg,0,vehicles
6429291f021f17e13fbc1d5f,Corvus (ship),"Inferno Squad’s primary vessel and home, the Raider II-class corvette Corvus was assigned to Captain Iden Versio following the Battle of Yavin. Outfitted with turbolasers, a hyperdrive, and room for a sizable crew, the agile Corvus is a dangerous enemy for Rebel starfighters. Since Yavin 4, the Corvus has been on hundreds of black operations, as well as plenty of known battles such as the Battle of Endor.",https://lumiere-a.akamaihd.net/v1/images/corvus_433bd0f7.jpeg,0,vehicles
6429291f021f17e13fbc1d60,Count Dooku's Speeder,"This speederbike was a favorite of Count Dooku’s. Sometimes referred to as a “Flitknot Speeder,” these bikes are fast and maneuverable, able to outrun Republic gunships. Dooku used one to escape the first battle of Geonosis and make it back to his Solar Sailer to fight another day. They are of simple design, with more bulk at the back in the engines than anywhere else. They have two handholds and two footholds, making them perfect for bipeds.",https://lumiere-a.akamaihd.net/v1/images/count-dookus-speeder_099a9e27.jpeg,0,vehicles
6429291f021f17e13fbc1d61,Crucible,"The Crucible was an ancient Jedi vessel, dating back to the days of the Old Republic. For centuries, it ferried Jedi students from Coruscant to the sacred world of Ilum, where the pupils would undergo the Jedi ritual known as The Gathering. Once a Jedi youngling uncovered a kyber crystal on Ilum, he or she would spend the return trip learning how to assemble a lightsaber. The children would learn from the ancient, wise architect droid, Huyang.",https://lumiere-a.akamaihd.net/v1/images/databank_crucible_01_169_f6fa9066.jpeg,0,vehicles
6429291f021f17e13fbc1d62,Customized grav scoot,Swift and sleek grav scoots are heavily customized rides with intense metal flake paint jobs that make them stand out.,https://lumiere-a.akamaihd.net/v1/images/customized-grav-scoot-main_d2a9019e.jpeg,0,vehicles
6429291f021f17e13fbc1d63,Dalkor Dagger,"To match the fearsome bounty hunter's menacing physique, Ax Tagrin's ship, the Dalkor Dagger, has been fortified and outfitted with an impressive arsenal of weaponry. But the delicate technical aspects that comprise the ship's computer are still vulnerable to attack from within.",https://lumiere-a.akamaihd.net/v1/images/ax-tagrin-ship-main_d5f72bb1.jpeg,0,vehicles
6429291f021f17e13fbc1d64,Darius G-class freighter,"A cargo ship of this class, commonly used throughout the galaxy, was carrying live and dangerous cargo when it was attacked by a pirate caravan. Unfortunately for the pirates, the freight devoured nearly every member of the plundering crew.",https://lumiere-a.akamaihd.net/v1/images/resistance-db-g-class-freighter-main-image_19642498.jpeg,0,vehicles
6429291f021f17e13fbc1d65,Darth Vader's TIE Fighter,"Darth Vader piloted this distinctive experimental TIE fighter above the first Death Star, using its blaster cannons and his uncanny abilities with the Force to blast Rebel starfighters into glittering fragments.",https://lumiere-a.akamaihd.net/v1/images/vaders-tie-fighter_8bcb92e1.jpeg,0,vehicles
6429291f021f17e13fbc1d66,DDT tank,"Lok Durd, a weapons developer and general in the Separatist army, conceived of the Defoliator as a means of eradicating living troops and terrain while leaving the battle droid forces unscathed. Once detonated, a Defoliator capsule creates a growing radius of destructive energy that scorches all living matter in its path. To launch these specialized warheads, Durd developed the DDT -- the Defoliator deployment tank -- a modified AAT that can support a heavy artillery launcher as its primary turret armament. For increased stabilization, the tanks lower skirt extends further back than a standard AAT, increasing the length of the vehicle to over 12 meters.",https://lumiere-a.akamaihd.net/v1/images/databank_ddttank_01_169_8b178f02.jpeg,0,vehicles
6429291f021f17e13fbc1d67,Delta-7 Jedi Starfighter,"These wedge-shaped one-man starfighters were built for the Jedi Order. The Delta-7’s designers worked with the Jedi to create a starfighter for pilots with Force-aided reflexes, stripping down the fighters’ systems and making their controls as responsive as possible. With skilled pilots such as Anakin Skywalker and Saesee Tiin at the controls, Delta-7s were lightning-quick in combat, darting in for attack runs and then skipping nimbly away from retaliatory fire. During one famous encounter, Obi-Wan Kenobi piloted a Delta-7 through Geonosis’s planetary ring, pursued by Jango Fett in his starship Slave I. Plo Koon was piloting his Delta-7 above Cato Neimoidia when Chancellor Palpatine ordered the clones to execute Order 66. Plo’s wingman caught the Jedi General by surprise and blew his fighter out of the sky.",https://lumiere-a.akamaihd.net/v1/images/delta-7-starfighter_fe9a59bc.jpeg,0,vehicles
6429291f021f17e13fbc1d68,Desert Skiff,"The Bantha-II cargo skiff was a common repulsor-based transport outside the Republic (and later the Empire.) They were extremely durable making them an austere choice for desert climes and perfect transports for passengers, cargo, or slaves for the Hutt Crime Syndicate or the slave traders of Zygerria. They were little more than floating platforms, and easily identified by their rust coloring, reinforced bows, and intermittent guard-rails around the perimeter. They came equipped with planks, making them the preferred execution conveyance for the vile gangster Jabba the Hutt, who loved to drop his enemies into pits full of monsters. Shortly before his untimely demise, Jabba forced Luke Skywalker to walk a skiff’s plank over the Great Pit of Carkoon. That was the last mistake he ever made.",https://lumiere-a.akamaihd.net/v1/images/skiff_9d81647a.jpeg,0,vehicles
6429291f021f17e13fbc1d69,Droid Gunship,"Debuting late in the Clone Wars was this powerful automated predator, a heavily armed and ray-shielded air support unit capable of wiping out infantry and armor units in relentless barrages of explosive ordnance. The underside of the gunship's flat fuselage carries two clusters of missile pods, and can be fitted with droid deployment racks for insertion and extraction into the heaviest combat zones.",https://lumiere-a.akamaihd.net/v1/images/droid_gunship_20546779.jpeg,0,vehicles
6429291f021f17e13fbc1d6a,Enfys Nest's swoop bike,"The Cloud-Rider gang led by Enfys Nest terrorizes the skies atop their mean-looking swoop bikes. Little more than engines with seats, swoops are hard to control but capable of incredible speed.",https://lumiere-a.akamaihd.net/v1/images/enfys-nests-swoop-main_1024ae3a.jpeg,0,vehicles
6429291f021f17e13fbc1d6b,Escape Pod,"Escape pods are small emergency craft designed to detach from a larger vessel or launch from a planetary surface as a means of escape from a disaster. As such, these pods feature a simplified design to make them easy to use. Some planets maintain a network of escape pods to flee from surface danger into the upper atmosphere. When at a high altitude, these pods then transmit distress signals. Some pods are used for interstellar travel, and are equipped with hyperdrives, but these are rare. Use of pods is usually restricted only to organic lifeforms -- not droids. As such these pods are also known as lifepods.",https://lumiere-a.akamaihd.net/v1/images/databank_escapepod_01_169_2d71b62d.jpeg,0,vehicles
6429291f021f17e13fbc1d6c,Eta-2 Jedi Starfighter,"With the outbreak of the Clone Wars, the Jedi were pressed into the forefront of military activity, serving as generals in the campaign against the Separatists. The demands of combat drove advancements in the Jedi starfighter arsenal, resulting in modifications to existing craft and a new generation of fighters. The Eta-2 was smaller than the earlier Delta-7 but boasted greater firepower. Anakin Skywalker and Obi-Wan Kenobi flew Eta-2s during the Battle of Coruscant, where Obi-Wan’s fighter was badly damaged by Separatist buzz droids. Some design elements of the Eta-2 were later incorporated into the Empire’s TIE fighters.",https://lumiere-a.akamaihd.net/v1/images/1-1-starfighter_decf3188.jpeg,0,vehicles
6429291f021f17e13fbc1d6d,Executor,"The mighty flagship of Darth Vader, the Executor led Death Squadron during the Empire’s assault on Hoth and pursued the Millennium Falcon to Bespin, where Luke Skywalker and his friends narrowly escaped her tractor beams. First commanded by Admiral Ozzel and later by Admiral Piett, the massive warship met her end during the Battle of Endor, when a rebel A-wing smashed through her command bridge. Out of control, the Executor careened into the Death Star and exploded.",https://lumiere-a.akamaihd.net/v1/images/databank_executor_01_169_8157df82.jpeg,0,vehicles
6429291f021f17e13fbc1d6e,Ezra's Speeder Bike,"Ezra's speeder bike was actually a surplus Imperial model, repainted to match the Padawan's tastes and blend into traffic. Built by Aratech Repulsor Company, it featured twin BlasTech JB-37 blaster cannons at the front of the vehicle, and standard steering.",https://lumiere-a.akamaihd.net/v1/images/Ezra's-Speeder-Bike_ac163252.jpeg,0,vehicles
6429291f021f17e13fbc1d6f,Fang Fighter,"The starship of choice for the Mandalorian Protectors of Concord Dawn, the Fang fighter was a formidable craft. It was tailor-made for combat, featuring wing-mounted laser cannons and a hidden proton torpedo port in its belly. The Fang’s pivot wings provided a vector thrust control, allowing it to make turns of which few ships are capable; in order to handle such a ship, the legendary Fenn Rau personally trained all Fang pilots. In battle, it was hard for any fighter to match the Protectors and the Fang.",https://lumiere-a.akamaihd.net/v1/images/gauntlet-fighter_b0ddbdb6.jpeg,0,vehicles
6429291f021f17e13fbc1d70,Finalizer,"The powerful flagship shared by General Hux and Kylo Ren, the dagger-shaped Finalizer is nearly twice the length of an Imperial-era Star Destroyer. The first of the new Resurgent class constructed in violation of treaties with the New Republic, the Finalizer’s heavy weapons are augmented by two starfighter wings, a hundred assault craft and a full legion of stormtroopers. Her turbolasers are more powerful and faster to recharge than Imperial-era weapons, a product of kyber crystals harvested in the Unknown Regions.",https://lumiere-a.akamaihd.net/v1/images/finalizer_9c490246.jpeg,0,vehicles
6429291f021f17e13fbc1d71,Fireball,"A decrepit racing ship that earns its colorful name Fireball due to its tendency to erupt in flames, this sleek vessel is a focus of constant and sometimes frustrated attention from the repair crew of Jarek Yeager’s garage. Team Fireball -- including Kaz Xiono, Neeku Vozo, and Tam Ryvora -- invests a lot of time, effort, and care into keeping the Fireball in high-flying shape.",https://lumiere-a.akamaihd.net/v1/images/resistance-db-fireball-main-image_be52aeea.jpeg,0,vehicles
6429291f021f17e13fbc1d72,First Light,"Dryden Vos travels the galaxy in a ship as refined as he is – an elegant Kalevalan yacht with a night-black finish known as the First Light. The yacht boasts elegant staterooms and six main viewing decks, with Vos’s private study at the apex. While moored on Vandor, the First Light is the site of lavish parties – and tense meetings with the Crimson Dawn kingpin.",https://lumiere-a.akamaihd.net/v1/images/solo-db-first-light-main-image_20f4368c.jpeg,0,vehicles
6429291f021f17e13fbc1d73,First Order AT-AT Walker,"Despite designing giant vehicles such as the fearsome AT-M6, the First Order has not forgotten the Imperial walkers that terrorized rebels on countless battlefields. The regime’s All Terrain Armored Transport looks much the same as its Imperial ancestor, but its weapons recharge more quickly and its armor is both lighter and stronger.",https://lumiere-a.akamaihd.net/v1/images/tlj-db-first-order-at-at-walker-main-image_2cd57eb2.jpeg,0,vehicles
6429291f021f17e13fbc1d74,First Order AT-HH Walker,"Tug walkers, formally known as All Terrain Heavy Haulers, are crustacean-like vehicles with many sets of legs to help them remain functional despite taking battle damage. AT-HH walkers are deployed on Crait, using ultra-dense cables to tow the First Order’s battering-ram cannon into position.",https://lumiere-a.akamaihd.net/v1/images/last-jedi-databank-at-hh-5-main-image_34fc2fc0.jpeg,0,vehicles
6429291f021f17e13fbc1d75,First Order AT-ST Walker,"The First Order’s ground-assault forces use two-legged scout walkers for reconnaissance and anti-personnel missions. The First Order’s take on the venerable AT-ST design offers improved gyroscopic systems and next-generation armor that’s both strong and lightweight. BB-8 took control of a First Order AT-ST aboard the Supremacy, allowing Rose Tico and Finn to escape to Crait.",https://lumiere-a.akamaihd.net/v1/images/tlj-first-order-atst_dd236e34.jpeg,0,vehicles
6429291f021f17e13fbc1d76,First Order Light Shuttle,"Small but hardy, Xi-class shuttles are used by the First Order for tasks ranging from transporting officers between ships to ferrying equipment. These light shuttles are unarmed and regard on fighter escorts – or frantic maneuvering – for defense.",https://lumiere-a.akamaihd.net/v1/images/tlj-first-order-light-shuttle_a781f283.jpeg,0,vehicles
6429291f021f17e13fbc1d77,First Order Special Forces TIE Fighter,"A two-seat strike fighter used by the First Order’s elite Special Forces pilots, the TIE/SF boasts weapons far more powerful than a standard TIE, combining laser cannons with a heavy turret and warhead launcher. Special Forces TIEs have hyperdrives, deflector shields and high-yield cells that provide additional power to onboard systems. These versatile attack ships are used for everything from reconnaissance to combat operations.",https://lumiere-a.akamaihd.net/v1/images/first-order-special-forces-tie-fighter_544db559.jpeg,0,vehicles
6429291f021f17e13fbc1d5a,Cobb Vanth’s speeder,"Marshal Cobb Vanth rides a modified podracer engine equipped with a saddle and flight controls.
He uses it to travel swiftly to and from Mos Pelgo and the Jundland Wastes.",https://lumiere-a.akamaihd.net/v1/images/cobb-vanth-s-speeder-main_e26efd00.jpeg,0,vehicles
6429291f021f17e13fbc1d59,Cloud Car,"These brick-colored atmospheric vehicles keep the peace in the skies of Bespin. Cloud cars feature twin “pods” connected by a repulsorlift engine, and are equipped with light blaster cannons. Each cloud car has a pilot and a gunner, who work in tandem to intercept starships bound for Cloud City, question their captains and take defensive measures as needed.",https://lumiere-a.akamaihd.net/v1/images/cloud-car-main-image_8d2e4e89.jpeg,0,vehicles
6429291f021f17e13fbc1d58,Clone Z-95 Starfighter,"Though an outdated starfighter, the Z-95 boasts endurance and adaptability. The clone pilots of the Galactic Republic used the Z-95 Headhunter during the Clone Wars. A multi-purpose starfighter, the Z-95 has spawned countless variants, with the Republic making its own mark on the Headhunter's large production run with a clone trooper-specific model. The Z-95 is largely recognized as a respectable and versatile snub-fighter of its era, and was the forerunner of the incredibly successful X-wing starfighter.",https://lumiere-a.akamaihd.net/v1/images/Z-95-starfighter_95f8ed4b.jpeg,0,vehicles
6429291f021f17e13fbc1d57,Chandrila Mistress,"The Chandrila Mistress is Mon Mothma's personal shuttle, used within Gold Squadron for sensitive missions. It is equipped with a signature modulator to mask its real name, allowing Mothma to travel without Imperial notice.",https://lumiere-a.akamaihd.net/v1/images/chandrila-mistress_c629d164.jpeg,0,vehicles
6429291f021f17e13fbc1e43,Zeta-class Imperial Shuttle,"The Zeta-class shuttle is a versatile transport used by the Empire for military and civilian purposes, with a modular cargo pod housed below the holding bay and crew cabin. Bodhi Rook and K-2SO steal Shuttle SW-0608 from Eadu and then fly the craft to Scarif as part of the Rogue One raid.",https://lumiere-a.akamaihd.net/v1/images/zeta-class-imperial-shuttle-main_70266d5a.jpeg,0,vehicles
6429291f021f17e13fbc1d3a,A-wing Fighter,"With its sleek arrowhead shape, streamlined cockpit, and massive twin engines, the A-wing starfighter suggests raw speed even when parked within Alliance hangar bays. Faster than even the TIE interceptor, the A-wing is well suited for lightning strikes. It sports a pair of pivoting laser cannons on each wingtip. The starfighters of Green Squadron, which flew in the Battle of Endor, were made up of A-wing starfighters. The A-wing continued to evolve, and was part of the Resistance’s starfighter corps during its fight against the First Order.",https://lumiere-a.akamaihd.net/v1/images/screen_shot_2015-05-26_at_5_16a39e17.png,0,vehicles
6429291f021f17e13fbc1d3b,A-wing trainer (RZ-1T),"The RZ-1T, an A-wing trainer, featured room for two passengers, allowing for novice pilots to have an instructor on board. It was developed in the early days of the rebellion against the Empire, and used by Kanan and Ezra of the Ghost team.",https://lumiere-a.akamaihd.net/v1/images/a-wing-trainer_72ac4ed9.jpeg,0,vehicles
6429291f021f17e13fbc1d3c,AA-9 Coruscant freighter,"In the days leading up to the Clone Wars, these ships were transports favored by refugees trying to escape Coruscant since travelers had no need to register themselves. It was for that reason that Jedi Master Mace Windu suggested this method of transportation to then-padawan Anakin Skywalker when he was escorting Senator Amidala back to Naboo after an attempt on her life. The ships were outfitted with everything needed to carry a massive amount of people of various species across the galaxy, including cafeterias and various servant droids.",https://lumiere-a.akamaihd.net/v1/images/aa-9-coruscant-freighter_a856053d.jpeg,0,vehicles
6429291f021f17e13fbc1d3d,AAT Battle Tank,"The marriage of repulsorlift technology and heavy armor has resulted in formidable floating tanks known as AATs. These assault tanks form the frontline of Trade Federation armored infantry divisions, as well as Separatist forces during the Clone Wars. A crew of battle droids drives the battle tank and operates the array of laser and projectile weaponry carried by the vehicle.",https://lumiere-a.akamaihd.net/v1/images/databank_aatbattletank_01_169_9de46aea.jpeg,0,vehicles
6429291f021f17e13fbc1d3e,Alderaan Cruiser,"Both Bail Organa and his adoptive daughter, Princess Leia, used their position in the Senate to benefit their heartfelt causes of freedom and to aid those that desperately needed it in war-weary times. Their consular vessels were afforded diplomatic immunity due to their ambassadorial status, and frequently ran mercy missions into dangerous territory. Bail's vessels of choice ranged from a streamlined diplomatic cruiser to the more rugged, war-ready Tantive IV that served as his transport to Toydaria during the Clone Wars. Alderaan cruisers were a key part of the rebel task force that rescued Kanan Jarrus from Mustafar, marking an escalation of anti-Imperial activities in the Outer Rim.",https://lumiere-a.akamaihd.net/v1/images/databank_alderaancruiser_01_169_c60ce268.jpeg,0,vehicles
6429291f021f17e13fbc1d3f,Alderaan royal speeder,"For transport within the city of Aldera, between the spaceport and the palace, the Royal Family of Alderaan and its staff travels aboard roomy speeders with large windows that let the public see their passengers.",https://lumiere-a.akamaihd.net/v1/images/alderaan-royal-speeder-main_4d3511f9.jpeg,0,vehicles
6429291f021f17e13fbc1d40,Anakin Skywalker's Podracer,"Built in secret by the young slave Anakin Skywalker, this shiny blue and silver Podracer was boasted to be the fastest ever to compete in the Boonta Eve Classic. It wasn't idle puffery by its creator -- when thrown into the cutthroat racing competition, this Podracer's performance gave Anakin the edge he needed to win the race and his freedom. Smaller and leaner than all the other competing Podracers, Anakin's vehicle follows the same basic design found throughout the sport: a small cockpit pulled by two high-powered engines. The engines are locked to each other via an energy binder, and durable control cables connect the engines to the cockpit.",https://lumiere-a.akamaihd.net/v1/images/databank_anakinskywalkerspodracer_01_169_fe359d32.jpeg,0,vehicles
6429291f021f17e13fbc1d41,Antique N-1 starfighter,"Long after the fall of the Republic, a handcrafted Naboo N-1 starfighter remains as a relic from a simpler time. In the hands of Peli Motto, such an artifact can be extensively modified to be truly one-of-a-kind, an off-the-grid combination of speed, precision, and style.",https://lumiere-a.akamaihd.net/v1/images/antique-n-1-starfighter-main_d9ea1e4a.jpeg,0,vehicles
6429291f021f17e13fbc1d42,ARC-170 Starfighter,"Protecting the skies over Republic worlds were specialized clone fighter forces flying the latest in starfighter technology. The ARC-170 fighter was a bulky, aggressive ship covered with weapons. Three clone trooper pilots operated this advanced combat craft, with a pilot handling the flight maneuvers, a copilot operating the laser cannons mounted on the ship's wide wings, and a tailgunner operating the dorsal rear-facing cannon. The fighter also carried an astromech droid for onboard repairs.",https://lumiere-a.akamaihd.net/v1/images/databank_arc170starfighter_01_169_f932abcb.jpeg,0,vehicles
6429291f021f17e13fbc1d43,AT-ACT walker,"A larger version of the standard combat AT-AT, the AT-ACT walker features a dedicated cargo bed for the transportation of heavy building materials or combat munitions. It was deployed at major Imperial construction projects, such as shipyards and sprawling research installations.",https://lumiere-a.akamaihd.net/v1/images/at-act-walker_78783f1b.jpeg,0,vehicles
6429291f021f17e13fbc1d44,AT-AT Walker (All Terrain Armored Transport),"The All Terrain Armored Transport, or AT-AT walker, is a four-legged transport and combat vehicle used by the Imperial ground forces. Standing over 20 meters tall with blast-impervious armor plating, these massive constructs are used as much for psychological effect as they are for tactical advantage.",https://lumiere-a.akamaihd.net/v1/images/AT-AT_89d0105f.jpeg,0,vehicles
6429291f021f17e13fbc1d45,AT-DP Walker,"AT-DP (All Terrain Defence Pod) walkers were among the fastest Imperial vehicles of their type, designed primarily for patrols and scouting missions. They had more nefarious purposes, however. When the Empire wanted more land on the Outer Rim planet of Lothal, AT-DPs were used to quickly clear out farmers from their property. The walking tanks were also employed to combat rebel threats, including the crew of the Ghost.",https://lumiere-a.akamaihd.net/v1/images/AT-DP_11f721ba.jpeg,0,vehicles
6429291f021f17e13fbc1d46,AT-DT walker,"A stout two-legged walker, the All Terran Defense Turret, or AT-DT, is a mobile artillery piece designed to protect infantry and Imperial installations during ground combat. The AT-DT’s head is protected by extra layers of armor plating and shielding against artillery flashback.",https://lumiere-a.akamaihd.net/v1/images/at-dt-main-b_ccc8b99d.jpeg,0,vehicles
6429291f021f17e13fbc1d78,First Order Star Destroyer,"The First Order’s Resurgent-class Star Destroyers recall the wedge-shaped warships of the Galactic Empire, but boast more efficient turbolasers powered by kyber crystals and can launch starfighters more quickly than their predecessors. More than two dozen First Order Star Destroyers join the pursuit of the Resistance fleet.",https://lumiere-a.akamaihd.net/v1/images/tlj-db-first-order-star-destroyer-main-image-2_99142f23.jpeg,0,vehicles
6429291f021f17e13fbc1d47,AT-Hauler,"A specialized cargo vehicle, the AT-hauler deploys walkers on the battlefield. It can carry enormous loads thanks to powerful engines and heavy-duty cargo lifter arms augmented with tensile fields. A pilot handles flight operations, while a co-pilot takes responsibility for any cargo. Tobias Beckett’s gang steals an AT-hauler on Mimban to use in an audacious heist on Vandor.",https://lumiere-a.akamaihd.net/v1/images/solo-db-at-hauler-main-image-2_eb1daf05.jpeg,0,vehicles
6429291f021f17e13fbc1d49,AT-RT Walker,"While clone troopers were best deployed in large numbers, articulated battlefield armor such as this Republic scout walker transformed a single clone trooper into a formidable anti-infantry unit. Designed primarily as a reconnaissance vehicle, this two-legged open-cockpit walker is nonetheless swift and heavily armed, letting a clone trooper cut through battle droids easily. It was employed in such campaigns as the Battle of Kashyyyk. It was the precursor to the All Terrain Scout Transport seen during the Galactic Civil War.",https://lumiere-a.akamaihd.net/v1/images/databank_atrtwalker_01_169_dc4f22ad.jpeg,0,vehicles
6429291f021f17e13fbc1d4a,AT-ST Walker,"While not as imposing as its larger AT-AT walker cousin, the AT-ST nonetheless served as a significant addition to the Imperial side of battlefields in the Galactic Civil War. The two-man craft is lightly armed with chin-mounted laser cannons, and side-mounted weapon pods. The two-legged transport, dubbed the scout walker by many, serves as a reconnaisance and patrol vehicle, often flanking approaching AT-ATs and mopping up infantry that sneaks past the larger walkers. The Imperials used AT-STs in both the Battle of Hoth and the Battle of Endor.",https://lumiere-a.akamaihd.net/v1/images/e6d_ia_5724_a150e6d4.jpeg,0,vehicles
6429291f021f17e13fbc1d4b,AT-TE Walker,"The principal battle tank of the Grand Army of the Republic, the All Terrain Tactical Enforcer features six articulated legs for propulsion. The legs are low to the ground, which reduces the walker's top speed but does provide it with increased stability. The body of the walker consists of two armored halves connected by a flexible sleeve that increases its mobility on the field. The walker is truly all terrain, able to climb sheer surfaces and survive in the vacuum of outer space.    The front of the walker is lined with four ball-turret laser cannons, while a single heavy projectile cannon is turret-mounted on the vehicle's dorsal surface. Its rear fire arc is protected by a pair of laser cannon turrets. Though the walker's armor can easily deflect small arms fire, tanksmasher rockets can pierce an AT-TE's armor and destroy its complex propulsion mechanisms.",https://lumiere-a.akamaihd.net/v1/images/at-te-main_09471f2b.jpeg,0,vehicles
6429291f021f17e13fbc1d4c,AV-7 Anti-vehicle Artillery Cannon,"These self-propelled artillery cannons were in use during the Clone Wars by the Grand Army of the Republic. Known as heavy cannons, they typically had four legs (though some moved via repulsorsled) that would spread out and stabilize the gun while it’s firing. It only required a single clone trooper to operate them, ma",https://lumiere-a.akamaihd.net/v1/images/a7-anti-vehicle-artillery-cannon_d7fb0e85.jpeg,0,vehicles
6429291f021f17e13fbc1d4d,B-wing Fighter,"Perhaps the oddest-looking starfighter in the Rebel Alliance fleet, the B-wing fighter is as powerful as it is ungainly. The ship's structure is almost entirely taken up by its primary airfoil, which houses a cylindrical cockpit on one end, an engine cluster in the center, and a heavy weapons pod at its base. Located just below the engine cluster are a pair of S-foils which can deploy to extend the firing arc of twin laser cannons. The B-wing's command pod has a unique gyroscopic control system. The pilot can orient it so that it always stays level with a horizon line. No matter which way the B-wing may maneuver laterally, its pilot remains upright.",https://lumiere-a.akamaihd.net/v1/images/databank_bwingfighter_01_169_460cc528.jpeg,0,vehicles
6429291f021f17e13fbc1d4e,B-wing Prototype (Blade Wing),"Created by Quarrie, a master engineer, the Blade Wing prototype — later nicknamed the B-wing — was unlike any starfighter previously known. It featured on-board ion cannons and proton torpedoes, advances in speed, and a gyroscopic rotating cockpit. Quarrie built the Blade Wing in secret on Shantipole, where the Empire had no presence. The craft would not take to the skies, however, until the arrival the rebels Hera, Sabine, and Zeb, who were looking for a powerful new starfighter to bust Imperial blockades.  Hera became the Blade Wing’s test pilot and shortly after took it into battle, where it decimated an Imperial battleship and led to a successful mission.",https://lumiere-a.akamaihd.net/v1/images/prototype-b-wing_4a86a3b4.jpeg,0,vehicles
6429291f021f17e13fbc1d4f,BARC Speeder,"An army is only as effective as its mobility, so the Grand Army of the Republic was outfitted with an increasingly varied and versatile vehicle pool as the Clone Wars progressed. The BARC speeder gave a single clone trooper increased operational range, great speed, mobility, and firepower otherwise unavailable to the foot soldier. A more aggressive and bulkier design than slimmer speeder bikes used by the Jedi, the BARC speeder was used in scouting and escort missions on a variety of worlds. They were easily adaptable, with support struts that could be added to hold a stretcher or sidecar.",https://lumiere-a.akamaihd.net/v1/images/databank_barcspeeder_01_169_5fd4ce29.jpeg,0,vehicles
6429291f021f17e13fbc1d50,Bestoon Legacy,"When Ochi of Bestoon met his end in a vexis burrow on Pasaana, his ship remained where he left it atop a nearby bluff. With the First Order having confiscated the Millennium Falcon, Poe Dameron and Finn revive the Bestoon Legacy for a hasty trip to Kijimi. Rey has a strange feeling that she’s seen the ship before, and will soon discover its story is bound up with her traumatic exile on Jakku.",https://lumiere-a.akamaihd.net/v1/images/bestoon-legacy-main_b723f688.jpeg,0,vehicles
6429291f021f17e13fbc1d51,Black Ace,"Griff Hollaron has made a lot of special modifications himself to turn his own Imperial-issue TIE fighter into a unique and fearsome machine. Although his extensive refittings are regarded by some as a little too drastic, it's inarguable that he's created an aggressively powerful and aerodynamic machine.",https://lumiere-a.akamaihd.net/v1/images/resistance-db-black-ace-racer-main-image_000c700a.jpeg,0,vehicles
6429291f021f17e13fbc1d52,Black One,"Poe Dameron’s personal T-70 X-wing, Black One delivered the critical blows against Starkiller Base, returning to D’Qar with a bad case of carbon-scoring and frayed fire-control linkages. With the Resistance in grave danger, Poe and BB-8 flew with an experimental thrust accelerator pod designed to give Black One even greater combat speed. The X-wing played a key role in the attack on a First Order Dreadnought, but was destroyed by Kylo Ren’s attack run against the Raddus.",https://lumiere-a.akamaihd.net/v1/images/ep8-ff-002405_46c7d26b.jpeg,0,vehicles
6429291f021f17e13fbc1d53,Blue Ace,"No cost has been spared to build Torra Doza a state-of-the-art ship, a bright blue-hued custom creation. Regarded for its aerodynamic design and artistic elements that match her personality and racing style, her #5 racer was built for speed.",https://lumiere-a.akamaihd.net/v1/images/resistance-db-blue-racer-main-image_fa383533.jpeg,0,vehicles
6429291f021f17e13fbc1d54,Broken Horn,"The Broken Horn was the flagship of Cikatro Vizago, an Outer Rim smuggler. The vessel was a modified C-ROC Gozanti-class cruiser, and manufactured by the Corellian Engineering Corp. Measuring more than 70 meters long, it was perfect for Vizago's needs, with significant cargo holds for illegal goods. The ship was not designed for combat, however, and had few weapons; instead, Vizago relied on its shields and speed to make quick escapes.",https://lumiere-a.akamaihd.net/v1/images/image_b15d04ff.jpeg,0,vehicles
6429291f021f17e13fbc1d55,Canto Bight Police Speeder,"To navigate the maze of Canto Bight’s streets, the resort city’s police rely on GB-134 repulsorcraft, known informally as jet-sticks. Officers direct them by leaning one way or another, accelerating and braking with hand-held throttles and foot pedals. Their cannons are generally set for stun, but can be dialed up to lethal intensity.",https://lumiere-a.akamaihd.net/v1/images/tlj-canto-bight-police-speeder_7693bdab.jpeg,0,vehicles
6429291f021f17e13fbc1d56,Canto Bight Speeders,"The streets outside Canto Bight’s casinos and nightclubs serve as showcases for a dizzying array of luxury speeders, many of them heavily customized by their owners. Well-heeled tourists travel to Canto Bight’s Old City, where mod shops can transform anything into a hovering, growling work of mobile art.",https://lumiere-a.akamaihd.net/v1/images/tlj-db-canto-bight-speeder-main-image_182499ed.jpeg,0,vehicles
6429291f021f17e13fbc1d48,AT-M6 Walker,"Lumbering armored beasts that are the latest generation in walkers, these enormous transports help the First Order secure the worlds of their expanding territories.",https://lumiere-a.akamaihd.net/v1/images/at-m6-walker-main_99ddc753.jpeg,0,vehicles
6429291f021f17e13fbc1d79,First Order TIE echelon,"A TIE assault shuttle manufactured by Sienar-Jaemus Fleet Systems as part of the TIE series, this shuttle is used mainly for small troop and cargo transport. Equipped with twin clusters of three ion engines on each side, heavy laser cannons, a shield generator, and advanced sensors to monitor and scan enemy communications to effectively avoid hostile encounters, the shuttle accommodates up to twelve crew members as well as additional cargo. In addition to a turret in the cockpit, the TIE echelon also has the ability to fully customize its armaments as needed.",https://lumiere-a.akamaihd.net/v1/images/first-ordr-tie-echelon-scaledown_4c474787.png,0,vehicles
6429291f021f17e13fbc1d7a,First Order TIE Fighter,"The latest starfighter in the storied TIE line looks similar to its predecessors, but the TIE/FO boasts improved solar cells and higher-capacity converters, making these ships deadlier than the TIEs that saw service in the Imperial era. Unlike the Empire, the First Order values its pilots as key military assets, protecting them with onboard deflector shields.",https://lumiere-a.akamaihd.net/v1/images/first-order-tie-fighter_a795ceaf.jpeg,0,vehicles
6429291f021f17e13fbc1d7b,First Order Transporter,"The First Order’s stormtrooper transports – formally known as Atmospheric Assault Landers – are designed for the speedy delivery of up to 20 stormtroopers to the battlefield for ground operations. A pilot guides the transport to its drop zone from an elevated cockpit, while a gunner protects the no-frills craft during its final approach.",https://lumiere-a.akamaihd.net/v1/images/first-order-transporter_2e0b9ea3.jpeg,0,vehicles
6429291f021f17e13fbc1d9e,Imperial Shuttle,"An elegant example that stands apart from typical brutish Imperial engineering, the Lambda-class shuttle is a multi-purpose transport used in the Imperial starfleet. The Empire pressed the shuttle into service for both cargo ferrying and passenger duty. Even the Empire's elite, like Darth Vader and the Emperor Palpatine used these shuttles.    It has three wings: a stationary center foil and two articulated flanking wings. When in flight, the side wings fold out for greater stabilization. When landing, the wings fold in, shrinking the vessel's silhouette.The well-armed vessel has two forward-facing double laser cannons, two wing-mounted double cannons, and a rear-facing double laser cannon. It is equipped with a hyperdrive.",https://lumiere-a.akamaihd.net/v1/images/veh_ia_1752_040381b2.jpeg,0,vehicles
6429291f021f17e13fbc1d9f,Imperial Star Destroyer,"The wedge-shaped Imperial Star Destroyer is a capital ship bristling with weapons emplacements. Turbolasers and tractor beam projectors dot its surface. Its belly hangar bay can launch TIE fighters, boarding craft, land assault units, hyperspace probes, or be used to hold captured craft. In the days of the Empire, its bustling bridge would be staffed by the finest crewers in the Imperial starfleet. Its presence in a system mark matters of extreme Imperial import. Though, as is typical of the Empire, not even the Star Destroyer was enough to sate the Imperial hunger for displays of power. Larger vessels, such as the Super Star Destroyer, dwarf even these giants.",https://lumiere-a.akamaihd.net/v1/images/Star-Destroyer_ab6b94bb.jpeg,0,vehicles
6429291f021f17e13fbc1da0,Imperial Troop Transport (ITT),"The Imperial Troop Transport was used to move the Empire's soldiers from location to location, or to forcibly relocate prisoners on occupied worlds. It was developed by Ubrikkian Industries, and while not designed for combat, the vehicle is still an intimidating threat, well armed and with sturdy armor.",https://lumiere-a.akamaihd.net/v1/images/imperial-troop-transport-main_85633330.jpeg,0,vehicles
6429291f021f17e13fbc1da1,Inquisitor's TIE Advanced Prototype,"Tasked personally by Darth Vader with a mission to destroy all children of the Force, the Inquisitor was given access to the Empire's latest technologies. The Inquisitor's TIE Advanced prototype was superior to typical TIE fighters, featuring faster engines, S-foils with more efficient solar gather panels, upgraded laser cannons, and a projectile launcher that fired Imperial XX-23 S-Thread Tracers.",https://lumiere-a.akamaihd.net/v1/images/image_3aaf40b1.jpeg,0,vehicles
6429291f021f17e13fbc1da2,Jedi T-6 Shuttle,"An older design used by the Jedi Knights, the T-6 shuttle was pressed into heavier service by the necessities of the Clone Wars. The half-circle shaped ship has a rotating body, allowing for flexibility of configurations when landing on planetary surfaces or docking with starships and stations. The Jedi primarily used the T-6 as a peacetime conveyance, hence it has no weapons. The ship's reliable hyperdrive and larger interior space meant that interstellar travel in a T-6 was far more comfortable than in a cramped Jedi starfighter. In case of emergency, the ship's crew could launch ejection seats that deploy spheroid survival capsules that not only contain vital atmospheric pressure, but also cushion impact.",https://lumiere-a.akamaihd.net/v1/images/databank_jedit6shuttle_01_169_2fd46362.jpeg,0,vehicles
6429291f021f17e13fbc1da3,Joopa Base,"Clones Wolffe and Gregor named their mobile headquarters -- a repurporsed AT-AT -- Joopa Base, after the creatures they hunt on the dusty planet Seelos.",https://lumiere-a.akamaihd.net/v1/images/rebels-414-databank-joopa-base-main-image_68496789.jpeg,0,vehicles
6429291f021f17e13fbc1da4,Juggernaut Transport Vehicle,"Inspired by the turbo tanks of the Clone Wars, the Empire created immense transports called Juggernauts. The Juggernauts move cargo and prisoners across rough terrain on enormous wheels, protecting passengers with thick armor.",https://lumiere-a.akamaihd.net/v1/images/juggernaut-transport-vehicle-main_09946f42.jpeg,0,vehicles
6429291f021f17e13fbc1da5,Jumpspeeder,"A different form of speeder bike, jumpspeeders were originally used as emergency transports for the Jedi and military patrols. Upon the end of the Clone Wars, however, jumpspeeders were repurposed for civilian use. Sabine of the Lothal rebels drove an Undicur-class model, manufactured by Kuat Vehicles and foldable, making for easy storage.",https://lumiere-a.akamaihd.net/v1/images/image_07eb7a3a.jpeg,0,vehicles
6429291f021f17e13fbc1da6,Justifier,"Whether he's fulfilling a simple bounty hunting mission or trying to kidnap a high-ranking politician, Cad Bane does his job in style. Aboard the Justifier, he and his faithful droid Todo 360 eke out a living among the stars, jumping across hyperspace with numerous compartments perfect for smuggling precious cargo and the latest captive securely locked in the ship's prison hold.",https://lumiere-a.akamaihd.net/v1/images/justifier-main_a0650300.jpeg,0,vehicles
6429291f021f17e13fbc1da7,Kanan's Speeder Bike,"With a green and off-white color scheme, raised handlebars, and a single headlight, Kanan's Joben T-85 speeder bike was distinctive and unique. The vehicle, designed by the Zebulon Dak Speeder Corporation, was usually stored on the Ghost, and used for supply runs.",https://lumiere-a.akamaihd.net/v1/images/Kanan's-Speeder-Bike2_162d9fd7.jpeg,0,vehicles
6429291f021f17e13fbc1da8,Katooni (Ship),"Hondo’s freighter, the Katooni, is a modified ZH-40 Tribune-class light freighter manufactured by Starfeld Industries. A relative of the older model ZH-25 Questor-class, the ZH-40 Tribune-class is equipped with quad Novaldex JV-74 engines, two paired laser cannons on the starboard size, a fixed heavy laser cannon on the port side, and four fixed laser cannons on the cargo pods (two on each tip) that can be fire-linked to quad-fire. The freighter can be flown by a single pilot, but has recommended crew stations for a total of four. Other features include a Corellian-style turret on its dorsal side, two pod-like arms that contain cargo grippers, and the capability to hold up to 85 metric tons of cargo in the mail hull. Hondo doesn't talk about where he got the freighter, but on those instances that he does, the story always changes. He does appear to have some fondness for it, some might say sentimentality.",https://lumiere-a.akamaihd.net/v1/images/the-katooni-main_ee73713f.jpeg,0,vehicles
6429291f021f17e13fbc1da9,keelboat,"On the banks of the lava rivers burning their way through the plains of Nevarro, special keelboats are the primary form of safe passage for mechanical and organic beings alike.",https://lumiere-a.akamaihd.net/v1/images/keelboat-main_e9ed446f.jpeg,0,vehicles
6429291f021f17e13fbc1daa,Kintan Strider speeder bike,"The speeder bikes of the Kintan Striders Gang are overpowered repulsorcraft that are as dangerous as the Niktos often found riding them. With many of the comforts and safety features of civilian models stripped away, the speeders are crafted for maximum speed and marked by the skeletal gang symbol.",https://lumiere-a.akamaihd.net/v1/images/weequay-main_cf59bdbf.jpeg,0,vehicles
6429291f021f17e13fbc1dac,Kylo Ren's Command Shuttle,"The First Order’s top officers travel in Upsilon-class command shuttles that look like grim birds of prey. These ships’ massive wings are packed with defensive systems to protect their valuable passengers. The upper wings contain advanced sensor suites that scan for enemies, while the lower wings house efficient shield projectors and powerful jammers. Upon landing, the wings rise from flight mode and then retract, encasing the upper wings’ sensor arrays in thick armor.",https://lumiere-a.akamaihd.net/v1/images/kylo-ren_s-command-shuttle_0b43b874.jpeg,0,vehicles
6429291f021f17e13fbc1d9d,Imperial Sentinel-Class Shuttle,"Designed by Sienar Fleet Systems, the Sentinel-class shuttle was a larger-scale troop transport used by the Empire. Much like its cousin, the Lambda-class shuttle, these vehicles featured three wings in a triangular layout: a stationary center foil and two articulated flanking wings. Imperials used the shuttle for missions that spanned the galaxy, from a search for droids on Tatooine to conflicts with the Lothal rebels.",https://lumiere-a.akamaihd.net/v1/images/Imperial-Sentinel-Class-Shuttle_a2dc7d3b.jpeg,0,vehicles
6429291f021f17e13fbc1dad,Kylo Ren’s modified TIE whisper,"Supreme Leader Kylo Ren speeds into battle aboard a TIE whisper modified to his exacting specifications, boasting increased range, speed, and firepower than the standard model. The whisper carries sensor-confusing technology that allows Ren to avoid enemy detection.",https://lumiere-a.akamaihd.net/v1/images/tie-whisper_ec973722.jpeg,0,vehicles
6429291f021f17e13fbc1daf,Loth-bat glider,"Loth-bat gliders two-passenger aerial transports created by rebels Ezra Bridger and Sabine Wren, designed to look like Loth-bats. In an effort to evade Imperial detection while infiltrating one of the Empire's Lothal bases, the Ghost crew flew in with a pack of the winged creatures and successfully rescued their friend, Hera Syndulla.",https://lumiere-a.akamaihd.net/v1/images/rebels-databank-410-loth-bat-glider-main-image_fe81d58b.jpeg,0,vehicles
6429291f021f17e13fbc1db0,Lothal Speeder Bike,"One-man vehicles designed for speed, Lothal Speeder Bikes featured a white color scheme and were outfitted with forward blaster cannons. Cargo could be attached to the rear of the hovering vehicles and moved quickly, though the real value of Imperial Speeder Bikes came from their ability to chase suspected rebels or suspects.",https://lumiere-a.akamaihd.net/v1/images/image_ba7e8b9d.jpeg,0,vehicles
6429291f021f17e13fbc1db1,Luxury 3000 Space Yacht,"When style's your name and comfort's your game, look no further than the Luxury 3000 space yacht when you want to travel the stars. The sleek, precision-crafted starship hails from one of the finest starship manufacturers in the galaxy. It has spacious interiors, often modified for the heights of opulence. Such vessels are not typically armed -- besides, weapons would ruin its graceful lines -- but in the unpredictable and rambunctious sectors of the Outer Rim, skippers often equip their yachts with defenses. In some cases, they even conceal laser cannons in the existing sensor ports and communication masts as to not mar the ship's beauty.",https://lumiere-a.akamaihd.net/v1/images/luxury_3000_space_yacht_c99dcd1a.jpeg,0,vehicles
6429291f021f17e13fbc1db2,MagnaGuard Fighter,"Formally known as Rogue-class starfighters, these ships had bulbous cockpits and heavy laser cannons on both wings. They were often flown by specially programmed MagnaGuards, but Separatist leaders and hirelings could also be found behind the stick.",https://lumiere-a.akamaihd.net/v1/images/magnaguard-fighter-main-image_078e5f8b.jpeg,0,vehicles
6429291f021f17e13fbc1db3,Major Vonreg's TIE interceptor,"Even in the midst of a dogfight, Major Baron Elrik Vonreg easily sets himself apart from the other First Order pilots, at the helm of a flashy crimson TIE fighter.",https://lumiere-a.akamaihd.net/v1/images/resistance-db-major-vonregs-tie-interceptor-main-image_009a51b1.jpeg,0,vehicles
6429291f021f17e13fbc1db4,Malevolence,"A gargantuan heavy cruiser, the Malevolence is known for its immense ion cannons,  which became a dire threat to the Republic fleet early in the Clone Wars. The cruiser's deadly two-step  attack begins with knocking out the power systems of a target vessel with its primary weapon. Then  the cruiser finishes off the defenseless spacecraft with blasts from its secondary laser cannons and  turbolaser batteries.",https://lumiere-a.akamaihd.net/v1/images/databank_malevolence_01_169_221c369f.jpeg,0,vehicles
6429291f021f17e13fbc1db5,Mandalorian Gauntlet starfighter,"The Gauntlet starfighter is a sleek combat ship that also serves as a troop transport. It has a sleek primary hull flanked by large pivoting wings that contain the craft's drives. The wings are on a collared mount, which can rotate independently from the hull, offering the ship remarkable maneuverability for a fighter of its size. In addition, the Gauntlet packs a punch, carrying two forward laser cannons and a pair of rearward-facing cannons that flank its boarding tube.",https://lumiere-a.akamaihd.net/v1/images/mandalorian-gauntlet-starfighter_8a053bd5.jpeg,0,vehicles
6429291f021f17e13fbc1db6,Marauder,"A modified Omicron-class attack shuttle, the Marauder serves as the Bad Batch's personal transport and gunship. Having used it on covert missions throughout the Clone Wars, the Batch continues to depend on the ship as they travel the galaxy.",https://lumiere-a.akamaihd.net/v1/images/marauder-main_b64030c9.jpeg,0,vehicles
6429291f021f17e13fbc1db7,Merchant One,"Space vessel of the crime lord Azmorigan, the Merchant One was a C-ROC carrier ship featuring powerful weapons and a few surprises. The craft was equipped with one dorsal laser turret, two forward laser cannons, and two rear laser cannons -- essential heavy weaponry in Azmorigan's line of work. The Merchant One also carried a number of escape pods, which the Lothal rebel Hera used to escape the gangster's clutches.",https://lumiere-a.akamaihd.net/v1/images/image_070e5a4a.jpeg,0,vehicles
6429291f021f17e13fbc1db8,Meson Martinet,"The Meson Martinet was a modified freighter commanded by the dread pirate Sidon Ithano, also known along the spacelanes as the Crimson Corsair, Blood Buccaneer and the Red Raider. Finn took service aboard the pirate ship after meeting Ithano and First Mate Quiggold at Maz’s castle, but his time as a member of the Martinet’s was measured in minutes.",https://lumiere-a.akamaihd.net/v1/images/the-meson-martinet_03ecc4c5.jpeg,0,vehicles
6429291f021f17e13fbc1db9,Millennium Falcon,"An extensively modified Corellian light freighter, the Millennium Falcon is a legend in smuggler circles and is coveted by many for being the fastest hunk of junk in the galaxy. Despite her humble origins and shabby exterior, the ship that made the Kessel Run in less than 12 parsecs has played a role in some of the greatest victories of the Rebel Alliance and the New Republic. The Falcon looks like a worn-out junker, but beneath her hull she’s full of surprises. A succession of owners, including Lando Calrissian and Han Solo, have made special modifications that boosted the freighter’s speed, shielding and firepower to impressive – and downright illegal – levels. The price of such tinkering? The Falcon can be unpredictable, with her hyperdrive particularly balky. Despite her flaws, she’s beloved by her owners – Han Solo and Chewbacca spent years searching the galaxy for the ship they once called home, rejoicing when they finally reclaimed her.",https://lumiere-a.akamaihd.net/v1/images/millennium-falcon-main-tlj-a_7cf89d3a.jpeg,0,vehicles
6429291f021f17e13fbc1dba,Mining Guild excavation driller,"The excavation driller is a large, single-operator machine utilized by the Mining Guild for large-scale excavation and mining operations -- including aiding with the Imperial excavation of the Lothal Jedi Temple.",https://lumiere-a.akamaihd.net/v1/images/rebels-412-413-databank-mining-guild-exavation-driller-_a9750aea.jpeg,0,vehicles
6429291f021f17e13fbc1dbb,Mining Guild TIE fighter,"As the Mining Guild was in league with the Empire, its forces were granted certain Imperial weaponry and craft, including TIE fighters. Mining Guild TIE fighters, however, had a distinct yellow color scheme, clearly delineating that they were not in direct service of the Empire. They also had a notch cut in their stabilizers, allowing for improved visibility, but making them lackluster when it came to combat.",https://lumiere-a.akamaihd.net/v1/images/mining-guild-tie-fighter_33cd0df7.jpeg,0,vehicles
6429291f021f17e13fbc1dbc,Mobile Command center,"Imperial mobile command centers are easily transportable, prefabricated buildings used to create a temporary base of operations. The buildings can be made to function as a war room, barracks, mess hall, and more depending on the needs of the operation.",https://lumiere-a.akamaihd.net/v1/images/rebels-412-413-databank-mobile-command-center-main-imag_c3be35e2.jpeg,0,vehicles
6429291f021f17e13fbc1dae,Last Chance,"The Last Chance was an Imperial shuttle that belonged to the pirate Hondo Ohnaka. It was stolen, naturally.",https://lumiere-a.akamaihd.net/v1/images/last-chance_e5de715b.jpeg,0,vehicles
6429291f021f17e13fbc1dbe,Mon Calamari Star Cruiser,"The gentle Mon Calamari people brought more than their determination to restore freedom to the galaxy when they joined the Rebel Alliance. They also brought a fleet of powerful capital ships. These immense vehicles were a startling contrast to the straight-lined shapes favored by the Imperial fleet. Whereas the Imperial Star Destroyer resembles a pointed dagger in shape, a Mon Calamari cruiser lacks hard angles, and is covered with ovoid forms suggesting an organic sculpture. Despite their smooth lines, these vessels pack an enormous punch. Turbolasers, ion cannons, tractor beam projectors and shield generators dot the flowing surface of the ships.",https://lumiere-a.akamaihd.net/v1/images/e6d_ia_2581_47f64de7.jpeg,0,vehicles
6429291f021f17e13fbc1d9c,Imperial Planetary Occupation Facility (I.P.O.F.),"Essentially a ready-made headquarters, an Imperial Planetary Occupation Facility is delivered to worlds under fresh occupation by the Empire. While it is mobile, an I.P.O.F. rarely, if ever, moves after deposit.",https://lumiere-a.akamaihd.net/v1/images/rebels-415-416-databank-imperial-planetary-occupation-f_62951c5e.jpeg,0,vehicles
6429291f021f17e13fbc1d9a,Imperial listener ship,"An Imperial listener ship, technically known as an IGV-55 surveillance vessel, is one of the Empire's tools for surveillance, intel, and recon. Utilized by the Imperial Intelligence, these ships monitor communications and scan data, looking for signs of rebel acts and sedition.",https://lumiere-a.akamaihd.net/v1/images/imperial-listener-ship_ba0f7f6e.jpeg,0,vehicles
6429291f021f17e13fbc1d7c,First Order treadspeeder,"First Order treadspeeders are rugged, shielded patrol bikes with a design that grants greater traction on unstable terrain, and can avoid countermeasures that jam traditional speeders.",https://lumiere-a.akamaihd.net/v1/images/first-order-treadspeeder-main_c660d82a.jpeg,0,vehicles
6429291f021f17e13fbc1d7d,First Order treadspeeder drivers,"Specialized stormtroopers of the First Order, these armored soldiers operate the rugged treadspeeders in combat and pursuit operations.",https://lumiere-a.akamaihd.net/v1/images/first-order-treadspeeder-driver-main_0f8c6374.jpeg,0,vehicles
6429291f021f17e13fbc1d7e,Flash Speeder,"The Flash speeder is a sleek, lightweight repulsorlift vehicle used by Naboo's volunteer security force for patrolling the tranquil streets of their peaceful cities. The open-air canopy seats two soldiers. Turret-mounted on the rear spoiler is a blaster cannon. During the Trade Federation invasion of Naboo, the resistance groups organized by Captain Panaka and Queen Amidala employed Flash and Gian speeders to infiltrate the besieged city of Theed. Flash speeders continued to be used during the age of the Empire, and on worlds other than Naboo. The rebel Zeb Orrelios employed a Flash speeder to travel on Atollon, location of Chopper Base.",https://lumiere-a.akamaihd.net/v1/images/databank_flashspeeder_01_169_48978def.jpeg,0,vehicles
6429291f021f17e13fbc1d7f,Flight pods,"In an abandoned cloning facility on Bora Vio, unfinished embryos float in fetid tanks of green liquid with no hope of being brought to life. But wayward travelers who find this place have a better chance of escape thanks to the flight pods that dot the floating facility, spherical crafts once intended for travel over short distances when the place was fully operational.",https://lumiere-a.akamaihd.net/v1/images/the-bad-batch-bounty-lost-story-gallery-20_a82449e9.jpeg,0,vehicles
6429291f021f17e13fbc1d80,Fork Lift,"Used for lifting heavy cargo or machinery, fork lifts were found throughout the galaxy in industrial complexes or starship hangars.",https://lumiere-a.akamaihd.net/v1/images/forklift_988879af.jpeg,0,vehicles
6429291f021f17e13fbc1d81,Freeco Bike,"Thanks to modified systems, freeco bikes functioned in frigid weather that would ground a Repulic gunship. These speeder bikes were properly known as CK-6 swoop bikes, and their nickname was a nod to the ""freezing cold"" conditions for which they were designed.",https://lumiere-a.akamaihd.net/v1/images/databank_freecobike_01_169_0c57738f.jpeg,0,vehicles
6429291f021f17e13fbc1d82,Galaxy's Glory,"In the skies, Marcus Speedstar's distinct purple, black, and silver ship effortlessly traces the curves of the race course, gliding through each marker with ease. Speedstar has been known to juice his ride with hyperfuel in the pursuit of winning at any cost. But when he goes up against his brother Jarek Yeager in the Platform Classic, he races honestly to atone for his past.",https://lumiere-a.akamaihd.net/v1/images/resistance-db-galaxy-glory-main-image_83a015a9.jpeg,0,vehicles
6429291f021f17e13fbc1d83,Galleon,"With a patchwork of sails and scrawls of graffiti, Kragan Gorr's hulking pirate ship, the Galleon, emerges from the mist, as imposing as the notorious leader himself.  Serving as the main base of operations for Gorr and his Warbird gang, the ship is a mobile port for swoops, skiffs, and fighters cobbled together from secondhand parts: a crow’s nest has been fashioned from a hollowed out AT-TE foot, Lamdba-class shuttle wings balance the behemoth, and its hull has been crafted from what appears to be a discarded AT-AT.",https://lumiere-a.akamaihd.net/v1/images/resistance-db-galleon-main-image_1529e5e1.jpeg,0,vehicles
6429291f021f17e13fbc1d84,Gauntlet Fighter,"Part of Pre Vizsla's arsenal were Gauntlet starfighters -- sleek combat ships that also served as troop transports. A Gauntlet has a sleek primary hull flanked by large pivoting wings that contain the ship's drives. The wings are on a collared mount, which can rotate independently from the hull, offering the ship remarkable maneuverability for a ship of its size. Within the hull is a drop-seat bay where 24 armored Death Watch troopers can egress via jetpack as the Gauntlet provides air support. The ship is armed with two forward laser cannons, and a pair of rearward facing cannons that flank its boarding tube.",https://lumiere-a.akamaihd.net/v1/images/databank_gauntletfighter_01_169_0f9c1f48.jpeg,0,vehicles
6429291f021f17e13fbc1d85,General Grievous' Speeder,"General Grievous believed the personal conveyance of a battlefield commander should instantly demonstrate his authority and lethality. The dim-witted droids under his command had no programming to respond to such inspiration, so Grievous' displays of power were firmly rooted in his own vanity. His combat speeder is a slim vehicle that nonetheless boasts power in the form of its massive turbine engine. It elevates Grievous above the fray so those beneath him need to crane their necks to observe the warrior. Bulkier than a STAP, this chariot consists of a simple column that steers the directional vanes. A pair of laser cannons extends from the base of the column, and the platform itself includes recessed rocket launchers on its forward edge.",https://lumiere-a.akamaihd.net/v1/images/Grievous-Speeder-Bike_94b51966.jpeg,0,vehicles
6429291f021f17e13fbc1d86,General Grievous’ TSMEU-6 Wheel Bike,"Lightning-quick, the TSMEU-6 wheel bike was General Grievous’ vehicle of choice during the Separatist invasion of Utapau. As its name implied, the wheel bike featured a large wheel which would spin and give the transport its fast movement and maneuverability. The TSMEU-6 was a single-passenger vehicle, with one seat next to its wheel, and could reach speeds of up to 330 kilometers per hour when rolling, and 10 kilometers per hour when running on its retractable legs. It also had significant firepower, with a powerful double laser cannon. Despite this functionality, Grievous’ wheel bike would be destroyed during a failed attempt to flee from Obi-Wan Kenobi in one of the last battles of the Clone Wars.",https://lumiere-a.akamaihd.net/v1/images/ep3_ia_96565_46396938.jpeg,0,vehicles
6429291f021f17e13fbc1d87,Geonosian Fighter,"These nimble, needle-nosed fighters were in use by the Geonosians through the Clone Wars in defense of their droid foundries. They worked as well in atmosphere as they did in space and offered 360-degree fields of view for the pilots who were situated in the flight on the top of the ship. In between the “needle-noses” was a laser cannon capable of firing purple laser bursts in a variety of angles.",https://lumiere-a.akamaihd.net/v1/images/geonosian-fighter_119560e5.jpeg,0,vehicles
6429291f021f17e13fbc1d88,Gian Speeder,The Gian speeder is a repulsorlift vehicle used by Naboo's volunteer security force for crowd control and urban defense. It is a heavier design than the sleek Flash speeder. The open-air canopy seats four soldiers. Flanking the sides of the craft are standard laser cannons. Modified models come equipped with a hood-mounted laser cannon capable of penetrating the armor of a Trade Federation battle tank.,https://lumiere-a.akamaihd.net/v1/images/databank_gianspeeder_01_169_70b62187.jpeg,0,vehicles
6429291f021f17e13fbc1d89,Gobi Glie's Starship,"Gobi Glie's starship may not look like much from the outside, but it holds untold riches for a young Hera Syndulla. At the controls of the craft, Gobi teaches the young girl how to fly on instinct, entrusting her with his ship with the exception of take-off and landing. The craft is also an essential part of the freedom fighter's work to shore up armaments for Ryloth after the Imperial occupation begins in the time of the Empire. On one occasion, Gobi and Hera met Clone Force 99 on Ryloth's moon to secure weapons for the coming civil war, smuggling the elicit cargo inside the ship's ample hold.",https://lumiere-a.akamaihd.net/v1/images/gobi-gile-s-starship-main_51805deb.jpeg,0,vehicles
6429291f021f17e13fbc1d9b,Imperial patrol speeder,"Aratech C-PH patrol speeder bikes are used by the Empire to police shipyards and other industrial facilities of value to the Imperial war machine. For maneuverability, these craft use a bank of forward-facing repulsorfield vector guides rather than the outrigger vanes featured on smaller speeder bikes. A positive traction field helps secure the driver during tight turns.",https://lumiere-a.akamaihd.net/v1/images/imperial-patrol-trooper-main_d5c91e05.jpeg,0,vehicles
6429291f021f17e13fbc1d8a,GR-75 Medium Transport,"A military version of a civilian transport, the GR-75 proved critical to the rebel retreat from Hoth, as starfighters protected personnel and equipment evacuating aboard these minimally armed craft. The GR-75’s clamshell-like outer hull offers protection for its interior, which can be filled with cargo pods.",https://lumiere-a.akamaihd.net/v1/images/medium-transport-1-1_db17a48f.jpeg,0,vehicles
6429291f021f17e13fbc1d8c,Guavian Death Gang ships,"As sleek and menacing as the blank masks worn by the members of the Guavian Death Gang, the collective's scout ships and fighters may be painted a bright red but they can still adeptly hide in the safety of an asteroid field, lurking in the shadows to survey oncoming threats. Then, long before they're spotted, their swarm of ships can launch a fierce attack against a much larger opponent.",https://lumiere-a.akamaihd.net/v1/images/guavian-death-gang-ships_72156d9a.jpeg,0,vehicles
6429291f021f17e13fbc1d8d,Gungan Bongo Submarine,"Though the Gungans are naturally powerful swimmers, they do rely on submersible vehicles to travel the depths of Naboo's waters. One of their most striking technological achievements is the Gungan bongo submarine.    Sporting the distinctive organic lines of Gungan technology, the bongo's manta-shaped hull is organically grown through secret Gungan techniques. Hydrostatic bubble shields keep the cockpit and cargo areas dry and filled with air. A semi-rigid assembly of tentacle-like fins spins to provide the bongo with thrust. From a distance, the bongo resembles an exotic Naboo squid or similar creature of the deep.",https://lumiere-a.akamaihd.net/v1/images/databank_gunganbongosubmarine_01_169_fc9286be.jpeg,0,vehicles
6429291f021f17e13fbc1d8e,GX1 Short Hauler,"The GX1 short hauler was a shuttle, ferrying commuters from one location to another. Piloted by an RX-series droid, It was commandeered by Sabine and Ezra of the Ghost crew while they looked to escape both Imperials and a bounty hunter. Eventually, with the Empire closing in, they abandoned ship and set the GX1 to explode, damaging an Imperial Light Cruiser’s reactor. The droid pilot, newly reactivated, was a casualty of the battle.",https://lumiere-a.akamaihd.net/v1/images/gx-1-short-hauler_fdf7eb27.jpeg,0,vehicles
6429291f021f17e13fbc1d8f,H-type Nubian yacht,"The H-Type Nubian yacht was a sleek luxury yacht and what it lacked in weapons it made up for in style and a strong deflector shield. The signature silver finish is a mark that the ship belongs to a former member of Naboo’s monarchy. Padme Amidala used a ship like this after her J-Type diplomatic barge was destroyed in an assassins attack. It was an H-Type that whisked Padme and Anakin Skywalker from Naboo to Tatooine, and then to Geonosis where the Clone Wars would begin.",https://lumiere-a.akamaihd.net/v1/images/h-type-nubian-yacht_7d67bc00.jpeg,0,vehicles
6429291f021f17e13fbc1d90,Hammerhead Corvette,"Receiving its name thanks to a time-honored design that stretches back centuries, the Hammerhead Corvette is a powerful transport. While not flashy, this starship has a strong body, forceful engines, and heavy weaponry; Princess Leia Organa once delivered a trio of Hammerhead Corvettes to the Phoenix Squadron rebels on Lothal, adding some much-needed craft to the rebel fleet. Indeed, they were the key to the Alliance's victory at the Battle of Scarif, as a Hammerhead Corvette was used to drive a Star Destroyer into Scarif's shield generator. This allowed rebels on the surface to successfully beam the Death Star plans back to the Rebellion.",https://lumiere-a.akamaihd.net/v1/images/hammerhead-corvette-rogue-update_453ce60b.jpeg,0,vehicles
6429291f021f17e13fbc1d91,Han Solo's landspeeder,"Han Solo acquired an overpowered Mobquet M-68 landspeeder under circumstances he doesn’t care to explain. The M-68 is a favorite of Corellian speeder enthusiasts, as its repulsorlift generator is easily modified and overcharged. Han has decorated the speeder’s windshield with a lucky charm – a pair of chance cubes used in sabacc games.",https://lumiere-a.akamaihd.net/v1/images/hans-speeder-main-b_e7ca0176.jpeg,0,vehicles
6429291f021f17e13fbc1d92,HH-87 Starhopper,"Mostly used by the Hutt families and other nefarious types, the HH-87 Starhopper is a versatile, long range single-person starfighter perfect for hunting down wayward debtors. The vessel's strong prow and visible armor plate are indicative of aggressive attributes admired by the Hutts. The Starhopper's outer stabilizer wings fold up vertically for compact landings, and its wing mounts feature a pair of double laser cannons. The Hutts used Starhoppers to patrol the skies of Nal Hutta.",https://lumiere-a.akamaihd.net/v1/images/starhopper_f2aae388.jpeg,0,vehicles
6429291f021f17e13fbc1d93,Home One,"The headquarters frigate of the Rebel Alliance fleet, Home One began its existence as a civilian exploration vessel and was retrofitted for military service, up-armored with heavy hull plating, triple-strength shields and extensive offensive weapons. Home One served as Admiral Ackbar’s flagship at the Battle of Endor, withstanding attacks from swarms of Imperial starfighters and witnessing the destruction of the second Death Star.",https://lumiere-a.akamaihd.net/v1/images/home-one_823f7f7b.jpeg,0,vehicles
6429291f021f17e13fbc1d94,Hound's Tooth,"The personal ship of Bossk, the Hound's Tooth was a perfect fit for the Trandoshan hunter: imposing, deadly, and reliable. The bridge sits high atop an elongated, rectangular hull, giving Bossk a commanding view of landing fields or spacebound prey. The vessel's engines, power core and weapon systems take up the lower decks.",https://lumiere-a.akamaihd.net/v1/images/houndstooth_f22beddc.jpeg,0,vehicles
6429291f021f17e13fbc1d95,Imperial Assault Carrier,"A versatile transport used extensively by the Empire, the Imperial assault carrier could transport TIEs, troops, and even walkers across the galaxy. Manufactured by the Corellion Engineering Corporation, it featured heavier shields, faster engines, and more powerful weapons than the standard civilian version of the Gozanti cruiser.",https://lumiere-a.akamaihd.net/v1/images/imperial-assault-carrier-main_1c7e445a.jpeg,0,vehicles
6429291f021f17e13fbc1d96,Imperial Cargo Ship,"Enormous craft, Imperial cargo ships were designed to haul large numbers of crates and containers from port to port. They required the presence of an inventory droid to track and monitor all cargo. During one notable instance, the rebel astromech Chopper stowed away on an Imperial cargo ship, eventually joining forces with inventory droid AP-5 to steal the vessel.",https://lumiere-a.akamaihd.net/v1/images/imperial-cargo-ship_40565cbb.jpeg,0,vehicles
6429291f021f17e13fbc1d97,Imperial Gozanti-Class Cruiser,"Used extensively by the Empire, the Imperial Gozanti-Class Cruiser could transport TIEs and troops across the galaxy. Manufactured by the Corellian Engineering Corporation, it featured heavier shields, faster engines, and upgraded weaponry than normal Gozanti cruisers.",https://lumiere-a.akamaihd.net/v1/images/image_c5bf105d.jpeg,0,vehicles
6429291f021f17e13fbc1d98,Imperial Interdictor,"A massive and experimental craft, the Imperial Interdictor was equipped with a gravity well. It could pull other ships out of hyperspace, making it a dangerous tool for the Empire. One of its first catches was a rebel ship carrying Commander Sato and Ezra Bridger, and Admiral Brom Titus of the Interdictor quickly placed them under arrest. When Rex, Kanan, and Chopper came to rescue them, the rebels would turn out to be more than Titus bargained for. Chopper rigged the gravity weapon to malfunction; when the rebels escaped and the Interdictor tried to draw them in, it also pulled in other large Imperial ships. The Interdictor was destroyed, and the rebels returned home.",https://lumiere-a.akamaihd.net/v1/images/imperial-interdictor_f797f8ad.jpeg,0,vehicles
6429291f021f17e13fbc1d99,Imperial Light Cruiser,"Swifter and more maneuverable than a lumbering Star Destroyer, the Imperial light cruiser is armed with multiple quad laser turrets and turbolaser batteries. The small but formidable warship is also capable of launching fighter craft.",https://lumiere-a.akamaihd.net/v1/images/imperial-light-cruiser-main_caba938c.jpeg,0,vehicles
6429291f021f17e13fbc1d8b,Green Ace,"Hype Fazon's racer is a perfect match for his own pomposity: an over-the-top ship plastered with the names and logos of his many high-end sponsors. Beyond its extravagance, the racer boasts wings that can shift angles for maximum maneuverability while speeding through turns.",https://lumiere-a.akamaihd.net/v1/images/resistance-db-green-ace-racer-main-image_d8e30b2e.jpeg,0,vehicles
6429291f021f17e13fbc1e44,Zygerrian Slave Ship,"Highly durable freighters used by the Zygerrians, these blocky transports often have their spacious storage bays outfitted for live cargo. Primitive yet powerful thruster engines sit on articulated boom arms that extend from the ship's primary hull. Though the ship's hold can carry dozens of miserable passengers in appalling conditions, the vessel can be competently operated by a single pilot.",https://lumiere-a.akamaihd.net/v1/images/zygerrian_slave_ship_e5edce00.jpeg,0,vehicles
