collection_order,collection_name,table_order,table_group,web_table_id,figure_order,figure_number,figure_name,wave,year,number_sold,retail_price,average_price,difference,high_price,unique_id,detail_reference,year_datetime,matched_character_name,similarity_score
1,"6"" Black Series",1,Orange Wave 2013,groupTable1,1,01,Luke Skywalker (X-Wing Pilot),1,2013,7,19.99,19.74,-0.25,30.0,697efbd72af78107269fbb094b02601b,https://www.actionfigure411.com/star-wars/6-black-series/orange-wave-2013/luke-skywalker-x-wing-pilot-1.php,2013-01-01,Luke Skywalker,0.8305905453308053
1,"6"" Black Series",1,Orange Wave 2013,groupTable1,2,02,Darth Maul ( $-5.96),1,2013,14,19.99,33.17,13.18,70.0,6268220933c0c52fdb4379aea3b1d311,https://www.actionfigure411.com/star-wars/6-black-series/orange-wave-2013/darth-maul-2.php,2013-01-01,Maul,0.7534510784814418
1,"6"" Black Series",1,Orange Wave 2013,groupTable1,4,04,R2-D2,1,2013,11,19.99,46.85,26.86,55.0,e77aa955b579601d0bc73d2013d59322,https://www.actionfigure411.com/star-wars/6-black-series/orange-wave-2013/r2-d2-4.php,2013-01-01,R2-D2,1.0
1,"6"" Black Series",1,Orange Wave 2013,groupTable1,6,06,Boba Fett,2,2013,1,19.99,24.99,5.0,24.99,f8b296adbceeb548aec2479d0d9a7250,https://www.actionfigure411.com/star-wars/6-black-series/orange-wave-2013/boba-fett-6.php,2013-01-01,Boba Fett,1.0
1,"6"" Black Series",1,Orange Wave 2013,groupTable1,7,07,Greedo,2,2013,4,19.99,30.0,10.01,32.0,a54b9af652cef9d0b8d6b5b316a5f8a3,https://www.actionfigure411.com/star-wars/6-black-series/orange-wave-2013/greedo-7.php,2013-01-01,Greedo,1.0
1,"6"" Black Series",1,Orange Wave 2013,groupTable1,8,08,Han Solo (ANH),2,2013,9,19.99,19.41,-0.58,25.0,0e9099d9029a3ff8f9010faa0e294465,https://www.actionfigure411.com/star-wars/6-black-series/orange-wave-2013/han-solo-anh-8.php,2013-01-01,Han Solo,1.0000000000000002
1,"6"" Black Series",1,Orange Wave 2013,groupTable1,10,10,Obi Wan Kenobi (Orange Line),3,2014,3,19.99,24.0,4.01,29.99,c54cb941bf91570ad3c42b5d9bfbc6cb,https://www.actionfigure411.com/star-wars/6-black-series/orange-wave-2013/obi-wan-kenobi-orange-line-10.php,2014-01-01,Obi-Wan Kenobi,1.0
1,"6"" Black Series",1,Orange Wave 2013,groupTable1,11,11,Luke Skywalker (Bespin),3,2014,2,19.99,18.99,-1.0,22.99,51c4b5738f92ad5ab3a13e7d5520f76c,https://www.actionfigure411.com/star-wars/6-black-series/orange-wave-2013/luke-skywalker-bespin-11.php,2014-01-01,Luke Skywalker,1.0000000000000002
1,"6"" Black Series",1,Orange Wave 2013,groupTable1,12,12,Anakin Skywalker,4,2014,6,19.99,83.5,63.51,125.0,02c29d45f0583b37b6ff908367767142,https://www.actionfigure411.com/star-wars/6-black-series/orange-wave-2013/anakin-skywalker-12.php,2014-01-01,Anakin Skywalker,1.0000000000000002
1,"6"" Black Series",1,Orange Wave 2013,groupTable1,13,14,Clone Trooper,4,2014,4,19.99,13.87,-6.12,19.99,9edf7b1629ceb249edded1f8a3cc9a84,https://www.actionfigure411.com/star-wars/6-black-series/orange-wave-2013/clone-trooper-13.php,2014-01-01,Clone X trooper,1.0
1,"6"" Black Series",2,Blue Wave 2014-2015,groupTable2,15,02,Darth Vader,5,2014,8,19.99,18.16,-1.83,26.69,41f70c5248cc48d100d0bb88f96871ce,https://www.actionfigure411.com/star-wars/6-black-series/blue-wave-2014-2015/darth-vader-15.php,2014-01-01,Darth Vader,1.0
1,"6"" Black Series",2,Blue Wave 2014-2015,groupTable2,16,03,Luke Skywalker (Jedi Knight),5,2014,1,19.99,29.0,9.01,29.0,069d017fa98d5dbefdc4095f38adbc1b,https://www.actionfigure411.com/star-wars/6-black-series/blue-wave-2014-2015/luke-skywalker-jedi-knight-16.php,2014-01-01,Luke Skywalker,1.0000000000000002
1,"6"" Black Series",2,Blue Wave 2014-2015,groupTable2,17,04,Chewbacca (Blue Line),5,2014,8,19.99,13.87,-6.12,23.99,2d164943d5c4b0383d7eb6ddd939627e,https://www.actionfigure411.com/star-wars/6-black-series/blue-wave-2014-2015/chewbacca-blue-line-17.php,2014-01-01,Chewbacca,0.7071067811865476
1,"6"" Black Series",2,Blue Wave 2014-2015,groupTable2,19,06,Yoda,6,2014,5,19.99,28.29,8.3,40.0,c1bd738b57479ace43343ae97d19f725,https://www.actionfigure411.com/star-wars/6-black-series/blue-wave-2014-2015/yoda-18.php,2014-01-01,Yoda,1.0
1,"6"" Black Series",2,Blue Wave 2014-2015,groupTable2,20,07,Clone Trooper Sergeant,6,2014,6,19.99,24.92,4.93,34.99,d645f09d3eb5a731774001f9896a9dc8,https://www.actionfigure411.com/star-wars/6-black-series/blue-wave-2014-2015/clone-trooper-sergeant-20.php,2014-01-01,Clone X trooper,1.0
1,"6"" Black Series",2,Blue Wave 2014-2015,groupTable2,21,08,Obi Wan Kenobi (Blue Line),6,2014,4,19.99,20.47,0.48,23.95,0e0fb56b587196ea63b39dea2e7e14b8,https://www.actionfigure411.com/star-wars/6-black-series/blue-wave-2014-2015/obi-wan-kenobi-blue-line-21.php,2014-01-01,Obi-Wan Kenobi,0.8660254037844386
1,"6"" Black Series",2,Blue Wave 2014-2015,groupTable2,22,09,Han Solo Stormtrooper Disguise,7,2014,7,19.99,21.14,1.15,27.99,a519033a87ffdce2d185b09c1d077620,https://www.actionfigure411.com/star-wars/6-black-series/blue-wave-2014-2015/han-solo-stormtrooper-disguise-22.php,2014-01-01,Han Solo,1.0000000000000002
1,"6"" Black Series",2,Blue Wave 2014-2015,groupTable2,23,10,Bossk,7,2014,7,19.99,23.52,3.53,30.0,ef3bfb47431779e5cd4cbf3f80f81ef3,https://www.actionfigure411.com/star-wars/6-black-series/blue-wave-2014-2015/bossk-23.php,2014-01-01,Bossk,1.0
1,"6"" Black Series",2,Blue Wave 2014-2015,groupTable2,24,11,Emperor Palpatine,8,2015,4,19.99,12.8,-7.19,19.99,b882baa5ed651a251f68f3038c19fe87,https://www.actionfigure411.com/star-wars/6-black-series/blue-wave-2014-2015/emperor-palpatine-24.php,2015-01-01,Emperor Palpatine (Darth Sidious),0.7291766797036204
1,"6"" Black Series",2,Blue Wave 2014-2015,groupTable2,25,12,Luke Skywalker Stormtrooper Disguise,8,2015,7,19.99,19.14,-0.85,24.99,7e2c13059b7466d4f3a95e14a4a3b893,https://www.actionfigure411.com/star-wars/6-black-series/blue-wave-2014-2015/luke-skywalker-stormtrooper-disguise-25.php,2015-01-01,Luke Skywalker,1.0000000000000002
1,"6"" Black Series",2,Blue Wave 2014-2015,groupTable2,26,13,Clone Trooper Captain,8,2015,4,19.99,20.25,0.26,24.99,0b27ddb4b41861410d8be689ad90cce6,https://www.actionfigure411.com/star-wars/6-black-series/blue-wave-2014-2015/clone-trooper-captain-26.php,2015-01-01,Clone X trooper,0.8445563536526919
1,"6"" Black Series",2,Blue Wave 2014-2015,groupTable2,27,14,Clone Commander Cody,9,2015,1,19.99,25.0,5.01,25.0,dc35fcde294665acef2e78744a470a6d,https://www.actionfigure411.com/star-wars/6-black-series/blue-wave-2014-2015/clone-commander-cody-27.php,2015-01-01,Clone Commander Cody,0.9999999999999998
1,"6"" Black Series",2,Blue Wave 2014-2015,groupTable2,28,15,IG-88 ( $-4.60),9,2015,9,19.99,29.55,9.56,45.0,b756faf94211cea0ff357cc29fe4e181,https://www.actionfigure411.com/star-wars/6-black-series/blue-wave-2014-2015/ig-88-28.php,2015-01-01,IG-88,1.0000000000000002
1,"6"" Black Series",2,Blue Wave 2014-2015,groupTable2,29,16,Princess Leia Organa (Boushh),9,2015,5,19.99,13.59,-6.4,19.95,2730efe9375b6d992019cd509662cae2,https://www.actionfigure411.com/star-wars/6-black-series/blue-wave-2014-2015/princess-leia-organa-boushh-29.php,2015-01-01,Leia Organa,1.0000000000000002
1,"6"" Black Series",3,Force Awakens 2015-2018,groupTable3,30,01,Finn Jakku,1,2015,7,19.99,9.59,-10.4,13.99,2c934e6c570d8c64bbfbecc7b4cc3e08,https://www.actionfigure411.com/star-wars/6-black-series/force-awakens-2015-2018/finn-jakku-30.php,2015-01-01,Finn,1.0
1,"6"" Black Series",3,Force Awakens 2015-2018,groupTable3,32,03,Kylo Ren,1,2015,13,19.99,13.89,-6.1,19.99,64ca36f926c2b8180ddc8c0d3c943168,https://www.actionfigure411.com/star-wars/6-black-series/force-awakens-2015-2018/kylo-ren-32.php,2015-01-01,Supreme Leader Kylo Ren,0.7345111134705395
1,"6"" Black Series",3,Force Awakens 2015-2018,groupTable3,33,04,First Order Stormtrooper,1,2015,7,19.99,14.28,-5.71,19.99,15a3ab49d01d640f8e6f732e4f3aaf38,https://www.actionfigure411.com/star-wars/6-black-series/force-awakens-2015-2018/first-order-stormtrooper-33.php,2015-01-01,First Order Raiders,0.794103136389463
1,"6"" Black Series",3,Force Awakens 2015-2018,groupTable3,34,05,Chewbacca,1,2015,9,19.99,11.97,-8.02,15.0,2908ae510aa6a463372144b29750f887,https://www.actionfigure411.com/star-wars/6-black-series/force-awakens-2015-2018/chewbacca-34.php,2015-01-01,Chewbacca,1.0
1,"6"" Black Series",3,Force Awakens 2015-2018,groupTable3,35,06,Captain Phasma,2,2015,11,19.99,12.29,-7.7,18.99,2c176ffdf87980e74ef2a034dd072a45,https://www.actionfigure411.com/star-wars/6-black-series/force-awakens-2015-2018/captain-phasma-35.php,2015-01-01,Captain Phasma,1.0
1,"6"" Black Series",3,Force Awakens 2015-2018,groupTable3,36,07,Poe Dameron,2,2015,6,19.99,9.45,-10.54,10.0,a7afc9fcb1e4f69d32cc20e264be9847,https://www.actionfigure411.com/star-wars/6-black-series/force-awakens-2015-2018/poe-dameron-36.php,2015-01-01,Poe Dameron,1.0000000000000002
1,"6"" Black Series",3,Force Awakens 2015-2018,groupTable3,38,09,Constable Zuvio,2,2015,2,19.99,12.4,-7.59,14.8,054e2772fcefd80acaf938cb47d2e354,https://www.actionfigure411.com/star-wars/6-black-series/force-awakens-2015-2018/constable-zuvio-38.php,2015-01-01,Constable Zuvio,1.0000000000000002
1,"6"" Black Series",3,Force Awakens 2015-2018,groupTable3,39,10,Resistance Trooper,3,2015,8,19.99,10.09,-9.9,12.0,ea60d4e9328c96f97776d5c62ff3bef2,https://www.actionfigure411.com/star-wars/6-black-series/force-awakens-2015-2018/resistance-trooper-39.php,2015-01-01,Clone X trooper,0.7772933980533595
1,"6"" Black Series",3,Force Awakens 2015-2018,groupTable3,41,12,First Order Snowtrooper,4,2015,6,19.99,9.24,-10.75,11.99,97b1d4ada03cf8cf5380b27bb4ae6ef9,https://www.actionfigure411.com/star-wars/6-black-series/force-awakens-2015-2018/first-order-snowtrooper-41.php,2015-01-01,First Order Raiders,0.794103136389463
1,"6"" Black Series",3,Force Awakens 2015-2018,groupTable3,42,13,General Hux,4,2015,5,19.99,18.72,-1.27,23.99,21ae6fff6361a6f3bbc01cb5f8bd1505,https://www.actionfigure411.com/star-wars/6-black-series/force-awakens-2015-2018/general-hux-42.php,2015-01-01,General Hux,0.9999999999999998
1,"6"" Black Series",3,Force Awakens 2015-2018,groupTable3,44,15,Jango Fett,5,2016,9,19.99,28.1,8.11,39.99,31af4ed2bcb6a7164a7a77cef12f4a1e,https://www.actionfigure411.com/star-wars/6-black-series/force-awakens-2015-2018/jango-fett-44.php,2016-01-01,Jango Fett,1.0
1,"6"" Black Series",3,Force Awakens 2015-2018,groupTable3,45,16,First Order Flametrooper,5,2016,9,19.99,8.99,-11.0,14.99,4d7c8b09f11cd74cb0161e1579f6720d,https://www.actionfigure411.com/star-wars/6-black-series/force-awakens-2015-2018/first-order-flametrooper-45.php,2016-01-01,First Order Raiders,0.794103136389463
1,"6"" Black Series",3,Force Awakens 2015-2018,groupTable3,46,17,Finn FN-2187,5,2016,9,19.99,18.06,-1.93,28.0,29285372a9a0eb567bab033295db0765,https://www.actionfigure411.com/star-wars/6-black-series/force-awakens-2015-2018/finn-fn-2187-46.php,2016-01-01,Finn,0.7071067811865476
1,"6"" Black Series",3,Force Awakens 2015-2018,groupTable3,47,18,Han Solo (TFA),5,2016,4,19.99,8.59,-11.4,13.99,22eedaabc7054f2424d9720b63e70536,https://www.actionfigure411.com/star-wars/6-black-series/force-awakens-2015-2018/han-solo-tfa-47.php,2016-01-01,Han Solo,1.0000000000000002
1,"6"" Black Series",3,Force Awakens 2015-2018,groupTable3,48,19,Kanan Jarrus,6,2016,7,19.99,17.37,-2.62,19.99,8b1a68ecd91df89956b9da70c6b29fb3,https://www.actionfigure411.com/star-wars/6-black-series/force-awakens-2015-2018/kanan-jarrus-48.php,2016-01-01,Kanan Jarrus   Caleb Dume,0.7169910057829517
1,"6"" Black Series",3,Force Awakens 2015-2018,groupTable3,49,20,Ahsoka Tano,6,2016,5,19.99,13.52,-6.47,15.99,14ff4efd8fe6c843472d661ee01d83ce,https://www.actionfigure411.com/star-wars/6-black-series/force-awakens-2015-2018/ahsoka-tano-49.php,2016-01-01,Ahsoka Tano,1.0000000000000002
1,"6"" Black Series",3,Force Awakens 2015-2018,groupTable3,50,21,Luke Skywalker (ANH),6,2016,8,19.99,16.59,-3.4,24.29,0757bf446904de95f8091bdc9540af4c,https://www.actionfigure411.com/star-wars/6-black-series/force-awakens-2015-2018/luke-skywalker-anh-50.php,2016-01-01,Luke Skywalker,1.0000000000000002
1,"6"" Black Series",3,Force Awakens 2015-2018,groupTable3,51,22,Sergeant Jyn Erso,7,2016,1,19.99,13.77,-6.22,13.77,ec39d4eac655c979ad5719e5d2e6107a,https://www.actionfigure411.com/star-wars/6-black-series/force-awakens-2015-2018/sergeant-jyn-erso-146.php,2016-01-01,Jyn Erso,1.0000000000000002
1,"6"" Black Series",3,Force Awakens 2015-2018,groupTable3,52,23,Captain Cassian Andor (Eadu),7,2016,5,19.99,8.53,-11.46,12.95,1b559fab1d3f2421233177eeb9200ea8,https://www.actionfigure411.com/star-wars/6-black-series/force-awakens-2015-2018/captain-cassian-andor-eadu-147.php,2016-01-01,Cassian Andor,0.9050867118516728
1,"6"" Black Series",3,Force Awakens 2015-2018,groupTable3,55,26,Kylo Ren Unmasked,7,2016,6,19.99,15.77,-4.22,19.99,51f8fae11fe449356e708b28795a9d65,https://www.actionfigure411.com/star-wars/6-black-series/force-awakens-2015-2018/kylo-ren-unmasked-150.php,2016-01-01,Supreme Leader Kylo Ren,0.7345111134705395
1,"6"" Black Series",3,Force Awakens 2015-2018,groupTable3,56,27,Director Krennic,8,2016,5,19.99,10.54,-9.45,18.99,66f5597b4be9e5ba596ffe8b2b4c3065,https://www.actionfigure411.com/star-wars/6-black-series/force-awakens-2015-2018/director-krennic-175.php,2016-01-01,Director Orson Krennic,0.816496580927726
1,"6"" Black Series",3,Force Awakens 2015-2018,groupTable3,59,30,Princess Leia Organa,9,2016,3,19.99,11.66,-8.33,14.99,526835dfbbff73db7782189f3038d61d,https://www.actionfigure411.com/star-wars/6-black-series/force-awakens-2015-2018/princess-leia-organa-178.php,2016-01-01,Leia Organa,1.0000000000000002
1,"6"" Black Series",3,Force Awakens 2015-2018,groupTable3,61,32,Obi Wan Kenobi (ANH),9,2016,14,19.99,40.17,20.18,69.95,12d0af73926207a01af9f5d86d80c348,https://www.actionfigure411.com/star-wars/6-black-series/force-awakens-2015-2018/obi-wan-kenobi-anh-180.php,2016-01-01,Obi-Wan Kenobi,1.0
1,"6"" Black Series",3,Force Awakens 2015-2018,groupTable3,62,33,Sabine Wren (#33),9,2016,10,19.99,13.62,-6.37,21.99,fc7fdc08bd4fed201e5a012732c0e644,https://www.actionfigure411.com/star-wars/6-black-series/force-awakens-2015-2018/sabine-wren-33-181.php,2016-01-01,Sabine Wren,1.0
1,"6"" Black Series",3,Force Awakens 2015-2018,groupTable3,65,36,Chirrut Imwe (#36),10,2016,2,19.99,11.47,-8.52,14.95,3f8fef05df41e4e12d3b0604c280b456,https://www.actionfigure411.com/star-wars/6-black-series/force-awakens-2015-2018/chirrut-imwe-36-197.php,2016-01-01,Chirrut  mwe,0.7071067811865476
1,"6"" Black Series",3,Force Awakens 2015-2018,groupTable3,66,37,Baze Malbus,10,2016,2,19.99,8.23,-11.76,10.95,46ab6fb7e753c5588ce2f0bc37374fbb,https://www.actionfigure411.com/star-wars/6-black-series/force-awakens-2015-2018/baze-malbus-198.php,2016-01-01,Baze Malbus,1.0000000000000002
1,"6"" Black Series",3,Force Awakens 2015-2018,groupTable3,68,39,Lando Calrissian,11,2017,2,19.99,18.75,-1.24,24.5,364c6d8fc35198230376942e2189092e,https://www.actionfigure411.com/star-wars/6-black-series/force-awakens-2015-2018/lando-calrissian-258.php,2017-01-01,Lando Calrissian,1.0000000000000002
1,"6"" Black Series",3,Force Awakens 2015-2018,groupTable3,69,40,Qui-Gon Jinn,11,2017,7,19.99,43.43,23.44,55.0,c528f8780759c2999cd285b41101cf46,https://www.actionfigure411.com/star-wars/6-black-series/force-awakens-2015-2018/qui-gon-jinn-261.php,2017-01-01,Qui-Gon Jinn,1.0
1,"6"" Black Series",3,Force Awakens 2015-2018,groupTable3,71,42,Hera Syndulla (#42),12,2017,4,19.99,16.5,-3.49,17.99,ea2b498c86e98f17e358aed230dcea09,https://www.actionfigure411.com/star-wars/6-black-series/force-awakens-2015-2018/hera-syndulla-42-262.php,2017-01-01,Hera Syndulla,1.0
1,"6"" Black Series",3,Force Awakens 2015-2018,groupTable3,72,43,Darth Vader (ANH),12,2017,6,19.99,19.5,-0.49,29.99,862693d39c77ed7be38257f6508aa0f0,https://www.actionfigure411.com/star-wars/6-black-series/force-awakens-2015-2018/darth-vader-anh-257.php,2017-01-01,Darth Vader,1.0
1,"6"" Black Series",3,Force Awakens 2015-2018,groupTable3,73,44,Rey (Jedi Training),12,2017,4,19.99,12.67,-7.32,17.99,b88cc6343a6e8f32e61c52a025639458,https://www.actionfigure411.com/star-wars/6-black-series/force-awakens-2015-2018/rey-jedi-training-578.php,2017-01-01,Rey,1.0
1,"6"" Black Series",3,Force Awakens 2015-2018,groupTable3,74,45,Kylo Ren (Last Jedi),12,2017,2,19.99,13.97,-6.02,14.99,22801a11b8b64f74583f35263205e1b6,https://www.actionfigure411.com/star-wars/6-black-series/force-awakens-2015-2018/kylo-ren-last-jedi-580.php,2017-01-01,Supreme Leader Kylo Ren,0.7345111134705395
1,"6"" Black Series",3,Force Awakens 2015-2018,groupTable3,76,47,Grand Admiral Thrawn,12,2017,2,19.99,16.49,-3.5,19.99,4ddb83cfae3188c1891cbc3bbc972fde,https://www.actionfigure411.com/star-wars/6-black-series/force-awakens-2015-2018/grand-admiral-thrawn-641.php,2017-01-01,Grand Admiral Thrawn,1.0
1,"6"" Black Series",3,Force Awakens 2015-2018,groupTable3,78,49,Maz Kanata,13,2017,3,19.99,8.91,-11.08,14.99,42ffa691181dd225c3819030655691d8,https://www.actionfigure411.com/star-wars/6-black-series/force-awakens-2015-2018/maz-kanata-356.php,2017-01-01,Maz Kanata,1.0000000000000002
1,"6"" Black Series",3,Force Awakens 2015-2018,groupTable3,79,50,Elite Praetorian Guard,13,2017,7,19.99,15.67,-4.32,19.99,555c3d8b67705a19954df15462d40cfd,https://www.actionfigure411.com/star-wars/6-black-series/force-awakens-2015-2018/elite-praetorian-guard-657.php,2017-01-01,Pyke Guard,0.7534510784814418
1,"6"" Black Series",3,Force Awakens 2015-2018,groupTable3,82,53,Captain Poe Dameron,13,2017,2,19.99,12.23,-7.76,12.49,91701979f79942fb620a40a7075015da,https://www.actionfigure411.com/star-wars/6-black-series/force-awakens-2015-2018/captain-poe-dameron-656.php,2017-01-01,Poe Dameron,0.9126842697664319
1,"6"" Black Series",3,Force Awakens 2015-2018,groupTable3,84,55,Rose,14,2017,4,19.99,11.69,-8.3,15.29,acfe5c86b511aba466fad091b7e7e06c,https://www.actionfigure411.com/star-wars/6-black-series/force-awakens-2015-2018/rose-684.php,2017-01-01,Rose Tico,0.7273016634383198
1,"6"" Black Series",3,Force Awakens 2015-2018,groupTable3,85,56,Jaina Solo,14,2017,10,19.99,28.09,8.1,34.99,8bd11fcc2daede5010cc676ce61e6d2a,https://www.actionfigure411.com/star-wars/6-black-series/force-awakens-2015-2018/jaina-solo-344.php,2017-01-01,Han Solo,0.7071067811865476
1,"6"" Black Series",3,Force Awakens 2015-2018,groupTable3,86,57,DJ Canto Bight (The Last Jedi),15,2018,1,19.99,8.0,-11.99,8.0,c3133aad186b468d247476bed362ee64,https://www.actionfigure411.com/star-wars/6-black-series/force-awakens-2015-2018/dj-canto-bight-the-last-jedi-792.php,2018-01-01,DJ,0.8366596504503009
1,"6"" Black Series",3,Force Awakens 2015-2018,groupTable3,87,58,Rey (Island Journey),15,2018,6,19.99,14.97,-5.02,19.88,3337336f0cedc5df33c8bd8bbd652016,https://www.actionfigure411.com/star-wars/6-black-series/force-awakens-2015-2018/rey-island-journey-794.php,2018-01-01,Rey,1.0
1,"6"" Black Series",3,Force Awakens 2015-2018,groupTable3,88,59,Clone Captain Rex,15,2018,11,19.99,29.14,9.15,44.0,56d614927904b76789e04272e7224402,https://www.actionfigure411.com/star-wars/6-black-series/force-awakens-2015-2018/clone-captain-rex-934.php,2018-01-01,Clone Captain Rex,0.9999999999999997
1,"6"" Black Series",3,Force Awakens 2015-2018,groupTable3,89,60,Death Star Trooper,16,2018,4,19.99,16.24,-3.75,17.99,f0de97055410e2cda68f68098894e3b6,https://www.actionfigure411.com/star-wars/6-black-series/force-awakens-2015-2018/death-star-trooper-1025.php,2018-01-01,Clone X trooper,0.7772933980533595
1,"6"" Black Series",3,Force Awakens 2015-2018,groupTable3,91,62,Han Solo (Solo),16,2018,4,19.99,13.48,-6.51,14.99,ddfeca128cd7810f6d2ce8b077fbcc11,https://www.actionfigure411.com/star-wars/6-black-series/force-awakens-2015-2018/han-solo-solo-1012.php,2018-01-01,Han Solo,0.948683298050514
1,"6"" Black Series",3,Force Awakens 2015-2018,groupTable3,92,63,Grand Moff Tarkin,16,2017,5,19.99,11.88,-8.11,17.99,edfc2917981dd8ef023768fc5bfe6dab,https://www.actionfigure411.com/star-wars/6-black-series/force-awakens-2015-2018/grand-moff-tarkin-345.php,2017-01-01,Grand Moff Tarkin,1.0000000000000002
1,"6"" Black Series",3,Force Awakens 2015-2018,groupTable3,93,64,Range Trooper,16,2018,2,19.99,13.47,-6.52,13.99,13b0ec5bde3b74e0d56649679ac91f96,https://www.actionfigure411.com/star-wars/6-black-series/force-awakens-2015-2018/range-trooper-1022.php,2018-01-01,Clone X trooper,0.7772933980533595
1,"6"" Black Series",3,Force Awakens 2015-2018,groupTable3,94,65,Lando,16,2018,2,19.99,12.0,-7.99,12.0,61309c8aa95b7a2fbd6dfe3053553ec4,https://www.actionfigure411.com/star-wars/6-black-series/force-awakens-2015-2018/lando-1015.php,2018-01-01,Lando Calrissian,0.7071067811865476
1,"6"" Black Series",3,Force Awakens 2015-2018,groupTable3,95,66,Qi-Ra,17,2018,1,19.99,12.99,-7.0,12.99,896ce4700dc2525b2230e5f9ef6dcc61,https://www.actionfigure411.com/star-wars/6-black-series/force-awakens-2015-2018/qi-ra-1014.php,2018-01-01,Qi ra,1.0
1,"6"" Black Series",3,Force Awakens 2015-2018,groupTable3,96,67,4-Lom,17,2017,8,19.99,16.87,-3.12,21.49,b727282e827f9361dbc02680f37e441d,https://www.actionfigure411.com/star-wars/6-black-series/force-awakens-2015-2018/4-lom-790.php,2017-01-01,4-LOM,1.0
1,"6"" Black Series",3,Force Awakens 2015-2018,groupTable3,97,68,Tobias Beckett,18,2018,5,19.99,22.5,2.51,24.99,f839762480dc6e5a7042e7ca03eb73c8,https://www.actionfigure411.com/star-wars/6-black-series/force-awakens-2015-2018/tobias-beckett-1013.php,2018-01-01,Tobias Beckett,1.0000000000000002
1,"6"" Black Series",3,Force Awakens 2015-2018,groupTable3,98,69,Rebel Fleet Trooper,18,2018,2,19.99,20.44,0.45,22.87,dfca50b7db95522664bb1bac45a8abbf,https://www.actionfigure411.com/star-wars/6-black-series/force-awakens-2015-2018/rebel-fleet-trooper-354.php,2018-01-01,Clone X trooper,0.7772933980533595
1,"6"" Black Series",3,Force Awakens 2015-2018,groupTable3,99,70,Han Solo (Bespin),18,2018,2,19.99,18.49,-1.5,21.99,726998d541b341ab785c5db68f9b7d5f,https://www.actionfigure411.com/star-wars/6-black-series/force-awakens-2015-2018/han-solo-bespin-1045.php,2018-01-01,Han Solo,1.0000000000000002
1,"6"" Black Series",3,Force Awakens 2015-2018,groupTable3,100,71,Val (Vandor-1),19,2018,2,19.99,7.5,-12.49,8.0,2e361af2403532a7bd011184dea6d65f,https://www.actionfigure411.com/star-wars/6-black-series/force-awakens-2015-2018/val-vandor-1-1046.php,2018-01-01,Val,1.0
1,"6"" Black Series",3,Force Awakens 2015-2018,groupTable3,102,73,L3-37,19,2018,5,19.99,28.6,8.61,35.5,661f273b8fb9c9d56415ba232f05c1e4,https://www.actionfigure411.com/star-wars/6-black-series/force-awakens-2015-2018/l3-37-1048.php,2018-01-01,L3-37,1.0000000000000002
1,"6"" Black Series",3,Force Awakens 2015-2018,groupTable3,103,74,Dengar,19,2018,6,19.99,12.66,-7.33,15.25,5a8b373f9dd1d224b08afe46f3880b19,https://www.actionfigure411.com/star-wars/6-black-series/force-awakens-2015-2018/dengar-791.php,2018-01-01,Dengar,1.0
1,"6"" Black Series",3,Force Awakens 2015-2018,groupTable3,104,75,Princess Leia Organa (Hoth),19,2018,2,19.99,15.18,-4.81,15.36,b8ef956a72ee88f18903a4f35b4e1bb1,https://www.actionfigure411.com/star-wars/6-black-series/force-awakens-2015-2018/princess-leia-organa-hoth-1011.php,2018-01-01,Leia Organa,1.0000000000000002
1,"6"" Black Series",3,Force Awakens 2015-2018,groupTable3,105,76,Lando Calrissian (Skiff Guard Disguise),19,2018,3,19.99,10.86,-9.13,12.95,2066f2cac50c940a83d3b418bf165312,https://www.actionfigure411.com/star-wars/6-black-series/force-awakens-2015-2018/lando-calrissian-skiff-guard-disguise-793.php,2018-01-01,Lando Calrissian,0.816496580927726
1,"6"" Black Series",3,Force Awakens 2015-2018,groupTable3,106,77,Rio Durant,19,2018,10,19.99,22.91,2.92,29.99,c87a050562bacb90458a731377e1b66d,https://www.actionfigure411.com/star-wars/6-black-series/force-awakens-2015-2018/rio-durant-1093.php,2018-01-01,Rio Durant,1.0000000000000002
1,"6"" Black Series",3,Force Awakens 2015-2018,groupTable3,107,78,Han Solo (Mimban),20,2019,7,19.99,20.13,0.14,23.99,6e9bff3bc3d100033fb8a77480ee9c4a,https://www.actionfigure411.com/star-wars/6-black-series/force-awakens-2015-2018/han-solo-mimban-1221.php,2019-01-01,Han Solo,1.0000000000000002
1,"6"" Black Series",3,Force Awakens 2015-2018,groupTable3,108,79,Dryden Vos,20,2018,2,19.99,4.5,-15.49,5.0,a4d8d647a299e21de761bb0eb0c1b246,https://www.actionfigure411.com/star-wars/6-black-series/force-awakens-2015-2018/dryden-vos-1125.php,2018-01-01,Dryden Vos,1.0
1,"6"" Black Series",3,Force Awakens 2015-2018,groupTable3,110,81,Padme Amidala,20,2019,16,19.99,18.82,-1.17,25.99,92ec7b888e7c57bc5ae50fb2be8b1dfd,https://www.actionfigure411.com/star-wars/6-black-series/force-awakens-2015-2018/padme-amidala-1220.php,2019-01-01,Padm  Amidala,0.7071067811865476
1,"6"" Black Series",3,Force Awakens 2015-2018,groupTable3,111,82,Mace Windu,20,2019,15,19.99,26.41,6.42,31.99,e76b6d08ee7fb46596b690ba09e45793,https://www.actionfigure411.com/star-wars/6-black-series/force-awakens-2015-2018/mace-windu-1218.php,2019-01-01,Mace Windu,1.0000000000000002
1,"6"" Black Series",3,Force Awakens 2015-2018,groupTable3,112,83,Battle Droid,20,2019,5,19.99,33.68,13.69,34.99,dc1b17e0aeff37b926fb964c7bbbe8d5,https://www.actionfigure411.com/star-wars/6-black-series/force-awakens-2015-2018/battle-droid-1219.php,2019-01-01,Battle Droid 513,0.7892379838534719
1,"6"" Black Series",3,Force Awakens 2015-2018,groupTable3,114,85,Obi Wan Kenobi (Padawan),21,2019,7,19.99,21.7,1.71,34.99,15cb9205c769750225a2555927ae27f1,https://www.actionfigure411.com/star-wars/6-black-series/force-awakens-2015-2018/obi-wan-kenobi-padawan-1242.php,2019-01-01,Obi-Wan Kenobi,1.0
1,"6"" Black Series",3,Force Awakens 2015-2018,groupTable3,115,86,Ezra Bridger (#86),21,2019,4,19.99,24.52,4.53,26.48,f32edefc4d40d3fde29464407538bb58,https://www.actionfigure411.com/star-wars/6-black-series/force-awakens-2015-2018/ezra-bridger-86-1245.php,2019-01-01,Ezra Bridger,0.8030965629369695
1,"6"" Black Series",3,Force Awakens 2015-2018,groupTable3,118,89,0-0-0 (Triple Zero),21,2019,5,19.99,17.08,-2.91,28.69,c4085f984356ef90bd05ee3fe88a2a13,https://www.actionfigure411.com/star-wars/6-black-series/force-awakens-2015-2018/0-0-0-triple-zero-1241.php,2019-01-01,Q9-0 (Zero),0.7071067811865476
1,"6"" Black Series",3,Force Awakens 2015-2018,groupTable3,119,90,Supreme Leader Kylo Ren,22,2019,5,19.99,35.6,15.61,44.0,79ac54340bf9834c3c9287b4e506de62,https://www.actionfigure411.com/star-wars/6-black-series/force-awakens-2015-2018/supreme-leader-kylo-ren-1287.php,2019-01-01,Supreme Leader Kylo Ren,0.9999999999999999
1,"6"" Black Series",3,Force Awakens 2015-2018,groupTable3,120,90,Supreme Leader Kylo Ren (First Edition),22,2019,9,19.99,28.71,8.72,38.0,98598f97be9ab1d66e2332ee8e65bf31,https://www.actionfigure411.com/star-wars/6-black-series/force-awakens-2015-2018/supreme-leader-kylo-ren-first-edition-1864.php,2019-01-01,Supreme Leader Kylo Ren,0.9052517365791659
1,"6"" Black Series",3,Force Awakens 2015-2018,groupTable3,121,91,Rey & D-O (First Edition),22,2019,6,19.99,20.99,1.0,30.0,0d22eec7f9e92bd364ec3c04df118acd,https://www.actionfigure411.com/star-wars/6-black-series/force-awakens-2015-2018/rey-d-o-first-edition-1865.php,2019-01-01,Rey,0.7419392967573335
1,"6"" Black Series",3,Force Awakens 2015-2018,groupTable3,122,91,Rey & D-O,22,2019,9,19.99,16.16,-3.83,17.99,6fbd0bbc4c5a9a1db0ef30aadd23568e,https://www.actionfigure411.com/star-wars/6-black-series/force-awakens-2015-2018/rey-d-o-1288.php,2019-01-01,Rey,1.0
1,"6"" Black Series",3,Force Awakens 2015-2018,groupTable3,124,92,Sith Trooper,22,2019,4,19.99,15.93,-4.06,21.99,6af437303a148f5c6e0f3cb252f23f41,https://www.actionfigure411.com/star-wars/6-black-series/force-awakens-2015-2018/sith-trooper-1289.php,2019-01-01,Clone X trooper,0.7772933980533595
1,"6"" Black Series",3,Force Awakens 2015-2018,groupTable3,125,93,Cal Kestis (First Edition),22,2019,1,19.99,45.99,26.0,45.99,cda01c82d094745a450351fd0a16f9d3,https://www.actionfigure411.com/star-wars/6-black-series/force-awakens-2015-2018/cal-kestis-first-edition-1867.php,2019-01-01,Cal Kestis,0.842657594279938
1,"6"" Black Series",3,Force Awakens 2015-2018,groupTable3,126,93,Cal Kestis,22,2019,6,19.99,19.61,-0.38,24.95,2691120b50a2fb96728c1dd0dbc3eb50,https://www.actionfigure411.com/star-wars/6-black-series/force-awakens-2015-2018/cal-kestis-1290.php,2019-01-01,Cal Kestis,1.0000000000000002
1,"6"" Black Series",3,Force Awakens 2015-2018,groupTable3,129,95,Second Sister Inquisitor (First Edition),22,2019,8,19.99,22.61,2.62,28.0,8c21f97f27094a393e7af204328b1fbc,https://www.actionfigure411.com/star-wars/6-black-series/force-awakens-2015-2018/second-sister-inquisitor-first-edition-1868.php,2019-01-01,Second Sister,0.7429381736842027
1,"6"" Black Series",3,Force Awakens 2015-2018,groupTable3,130,95,Second Sister Inquisitor,22,2019,10,19.99,18.79,-1.2,27.99,199fd13536cdbe51deaafe09d8fc98a5,https://www.actionfigure411.com/star-wars/6-black-series/force-awakens-2015-2018/second-sister-inquisitor-1292.php,2019-01-01,Second Sister,0.8513271216136125
1,"6"" Black Series",3,Force Awakens 2015-2018,groupTable3,133,97,First Order Stormtrooper (First Edition),22,2019,2,19.99,23.68,3.69,23.96,39bdd1c7f820ffc657cb1f3fb5894793,https://www.actionfigure411.com/star-wars/6-black-series/force-awakens-2015-2018/first-order-stormtrooper-first-edition-1870.php,2019-01-01,First Order Raiders,0.7523166760588199
1,"6"" Black Series",3,Force Awakens 2015-2018,groupTable3,134,97,First Order Stormtrooper (Riot Baton),22,2019,4,19.99,17.08,-2.91,20.0,7962078a12a04e941d0e70cc688806c8,https://www.actionfigure411.com/star-wars/6-black-series/force-awakens-2015-2018/first-order-stormtrooper-riot-baton-1295.php,2019-01-01,First Order Raiders,0.794103136389463
1,"6"" Black Series",3,Force Awakens 2015-2018,groupTable3,135,98,Jannah,23,2019,5,19.99,9.62,-10.37,14.99,f7816ca9b9b7114863e02d4454f3c2d9,https://www.actionfigure411.com/star-wars/6-black-series/force-awakens-2015-2018/jannah-1313.php,2019-01-01,Jannah,1.0
1,"6"" Black Series",3,Force Awakens 2015-2018,groupTable3,137,100,Luke Skywalker (Yavin Ceremony),23,2019,4,19.99,9.56,-10.43,11.99,d1843f3af57e7fb0b1456249517d8034,https://www.actionfigure411.com/star-wars/6-black-series/force-awakens-2015-2018/luke-skywalker-yavin-ceremony-1296.php,2019-01-01,Luke Skywalker,1.0000000000000002
1,"6"" Black Series",3,Force Awakens 2015-2018,groupTable3,138,101,Cara Dune,23,2019,22,19.99,37.7,17.71,46.0,3a5d6b801e897c96007c665647127fdf,https://www.actionfigure411.com/star-wars/6-black-series/force-awakens-2015-2018/cara-dune-1312.php,2019-01-01,Cara Dune,1.0000000000000002
1,"6"" Black Series",3,Force Awakens 2015-2018,groupTable3,139,102,Wedge Antilles,23,2019,12,19.99,18.68,-1.31,27.95,2b1056b00cc67d1fbe6c7de36eb97a13,https://www.actionfigure411.com/star-wars/6-black-series/force-awakens-2015-2018/wedge-antilles-1297.php,2019-01-01,Wedge Antilles,1.0
1,"6"" Black Series",3,Force Awakens 2015-2018,groupTable3,140,103,Zorii Bliss,24,2020,2,19.99,9.99,-10.0,9.99,794484a1bf418ddc53f0c4bd4647bd6d,https://www.actionfigure411.com/star-wars/6-black-series/force-awakens-2015-2018/zorii-bliss-1341.php,2020-01-01,Zorii Bliss,1.0000000000000002
1,"6"" Black Series",3,Force Awakens 2015-2018,groupTable3,141,104,Clone Commander Bly,24,2020,16,19.99,19.32,-0.67,24.99,c5bdc7f5e42ebfb94472c51cfd009e3c,https://www.actionfigure411.com/star-wars/6-black-series/force-awakens-2015-2018/clone-commander-bly-1401.php,2020-01-01,Clone Commander Bly,0.9999999999999998
1,"6"" Black Series",3,Force Awakens 2015-2018,groupTable3,144,107,Count Dooku,24,2020,13,19.99,30.95,10.96,39.88,c2b882fa3fee26301bf56d8e87bc9b1d,https://www.actionfigure411.com/star-wars/6-black-series/force-awakens-2015-2018/count-dooku-1403.php,2020-01-01,Count Dooku,1.0000000000000002
1,"6"" Black Series",3,Force Awakens 2015-2018,groupTable3,145,108,Geonosis Battle Droid,25,2020,9,19.99,28.26,8.27,33.0,07ba2f77a9afc71d446f6389d273db19,https://www.actionfigure411.com/star-wars/6-black-series/force-awakens-2015-2018/geonosis-battle-droid-1404.php,2020-01-01,Battle Droid 513,0.7892379838534719
1,"6"" Black Series",3,Force Awakens 2015-2018,groupTable3,146,109,Plo Koon ( $-5.80),25,2020,14,19.99,27.72,7.73,41.59,29495beaf95b9d36551fc3461dac3389,https://www.actionfigure411.com/star-wars/6-black-series/force-awakens-2015-2018/plo-koon-1405.php,2020-01-01,Plo Koon,1.0000000000000002
1,"6"" Black Series",3,Force Awakens 2015-2018,groupTable3,147,110,Anakin Skywalker (Padawan),25,2020,13,19.99,33.49,13.5,38.0,67776914d03d709513be02c751627a3e,https://www.actionfigure411.com/star-wars/6-black-series/force-awakens-2015-2018/anakin-skywalker-padawan-1343.php,2020-01-01,Anakin Skywalker,1.0000000000000002
1,"6"" Black Series",3,Force Awakens 2015-2018,groupTable3,148,111,Obi Wan Kenobi (Jedi Knight),25,2020,7,19.99,28.71,8.72,40.0,a5bef03cebeb592bd5b90cc36f67bd45,https://www.actionfigure411.com/star-wars/6-black-series/force-awakens-2015-2018/obi-wan-kenobi-jedi-knight-1344.php,2020-01-01,Obi-Wan Kenobi,1.0
1,"6"" Black Series",3,Force Awakens 2015-2018,groupTable3,149,112,Kit Fisto,25,2020,9,19.99,29.12,9.13,39.99,6cd0a6f6a7d47c895a1a44ed4f7e0a9c,https://www.actionfigure411.com/star-wars/6-black-series/force-awakens-2015-2018/kit-fisto-1406.php,2020-01-01,Kit Fisto,1.0000000000000002
1,"6"" Black Series",4,Galaxy,groupTable112,153,,Purge Trooper & Patrol Trooper,Walmart,2025,0,44.97,,,0.0,a0961be4f0361e80f3ffc08ea91abd75,https://www.actionfigure411.com/star-wars/6-black-series/galaxy/purge-trooper-patrol-trooper-12165.php,2025-01-01,Clone X trooper,0.7772933980533595
1,"6"" Black Series",4,Galaxy,groupTable112,154,AHS 01,Ahsoka Tano (Ahsoka),,2023,3,24.99,15.33,-9.66,20.0,432a5664833fc35e5661b2283e54c0e3,https://www.actionfigure411.com/star-wars/6-black-series/galaxy/ahsoka-tano-ahsoka-7128.php,2023-01-01,Ahsoka Tano,0.948683298050514
1,"6"" Black Series",4,Galaxy,groupTable112,155,AHS 02,Ezra Bridger (Lothal),,2023,10,24.99,13.99,-11.0,22.99,b41811841cac995b6a27a4f2dbf24639,https://www.actionfigure411.com/star-wars/6-black-series/galaxy/ezra-bridger-lothal-7205.php,2023-01-01,Ezra Bridger,1.0000000000000002
1,"6"" Black Series",4,Galaxy,groupTable112,156,AHS 03,Sabine Wren (Ahsoka),,2023,2,24.99,37.45,12.46,39.95,089db3b48080e7603296365c3b15244f,https://www.actionfigure411.com/star-wars/6-black-series/galaxy/sabine-wren-ahsoka-7129.php,2023-01-01,Sabine Wren,0.7986750358205664
1,"6"" Black Series",4,Galaxy,groupTable112,157,AHS 04,Morgan Elsbeth,,2023,2,24.99,8.47,-16.52,11.95,be1368aa9bc1c8f6fbb04f1cd90fa224,https://www.actionfigure411.com/star-wars/6-black-series/galaxy/morgan-elsbeth-7206.php,2023-01-01,Morgan Elsbeth,1.0000000000000002
1,"6"" Black Series",4,Galaxy,groupTable112,159,AHS 06,Hera Syndulla (Ahsoka),,2023,2,24.99,14.5,-10.49,14.99,280710616c49a9b44cbeb9c501a755bb,https://www.actionfigure411.com/star-wars/6-black-series/galaxy/hera-syndulla-ahsoka-7130.php,2023-01-01,Hera Syndulla,0.7986750358205664
1,"6"" Black Series",4,Galaxy,groupTable112,160,AHS 07,Professor Huyang,,2023,3,24.99,15.33,-9.66,20.0,787c7c6015ab03c68db55248de084c4e,https://www.actionfigure411.com/star-wars/6-black-series/galaxy/professor-huyang-7204.php,2023-01-01,Professor Huyang,1.0000000000000002
1,"6"" Black Series",4,Galaxy,groupTable112,161,AHS 08,Marrok,,2023,9,24.99,38.66,13.67,49.99,4e3b148960f8f43431d1787ed7b7dca2,https://www.actionfigure411.com/star-wars/6-black-series/galaxy/marrok-7208.php,2023-01-01,Marrok (Inquisitor),0.7440647327220956
1,"6"" Black Series",4,Galaxy,groupTable112,162,AHS 09,Baylan Skoll,,2024,8,24.99,15.3,-9.69,22.5,71de43f3cbee5dd937d7f592bd12cb55,https://www.actionfigure411.com/star-wars/6-black-series/galaxy/baylan-skoll-7241.php,2024-01-01,Baylan Skoll,1.0000000000000002
1,"6"" Black Series",4,Galaxy,groupTable112,163,AHS 10,Shin Hati,,2024,7,24.99,12.62,-12.37,15.0,64133bd04f55e8abc12228248fb6d3f8,https://www.actionfigure411.com/star-wars/6-black-series/galaxy/shin-hati-7242.php,2024-01-01,Shin Hati,1.0000000000000002
1,"6"" Black Series",4,Galaxy,groupTable112,164,AHS 11,Ahsoka Tano (Peridea),,2024,9,24.99,15.64,-9.35,19.99,4334d33fff263c5ae583a1de083f95af,https://www.actionfigure411.com/star-wars/6-black-series/galaxy/ahsoka-tano-peridea-8781.php,2024-01-01,Ahsoka Tano,1.0000000000000002
1,"6"" Black Series",4,Galaxy,groupTable112,165,AHS 12,Grand Admiral Thrawn (Ahsoka),,2025,3,24.99,13.49,-11.5,17.99,9f417647c93c25a6112be67d1bb10a7f,https://www.actionfigure411.com/star-wars/6-black-series/galaxy/grand-admiral-thrawn-ahsoka-7927.php,2025-01-01,Grand Admiral Thrawn,0.8360559965638252
1,"6"" Black Series",4,Galaxy,groupTable112,166,AHS 13,Baylan Skoll (Mercenary),,2024,8,24.99,17.75,-7.24,25.0,fb3e111153c7387253c32e19bf9a331a,https://www.actionfigure411.com/star-wars/6-black-series/galaxy/baylan-skoll-mercenary-8349.php,2024-01-01,Baylan Skoll,1.0000000000000002
1,"6"" Black Series",4,Galaxy,groupTable112,167,AHS 14,Shin Hati (Arcana),Target,2024,1,24.99,15.97,-9.02,15.97,0ffc62397b8232071ae0346b1f15942e,https://www.actionfigure411.com/star-wars/6-black-series/galaxy/shin-hati-arcana-8692.php,2024-01-01,Shin Hati,1.0000000000000002
1,"6"" Black Series",4,Galaxy,groupTable112,168,AHS 16,Clone Captain Rex (Ahsoka),,2025,6,24.99,22.67,-2.32,29.74,0279ca3185681f80d83f0327ecd02f08,https://www.actionfigure411.com/star-wars/6-black-series/galaxy/clone-captain-rex-ahsoka-9438.php,2025-01-01,Clone Captain Rex,0.8014499511003299
1,"6"" Black Series",4,Galaxy,groupTable112,169,AHS 17,Anakin Skywalker (Ahsoka),,2025,5,24.99,26.08,1.09,34.28,34f693f0a741f5a6c7a0b4e9ebe6ce03,https://www.actionfigure411.com/star-wars/6-black-series/galaxy/anakin-skywalker-ahsoka-9437.php,2025-01-01,Anakin Skywalker,0.8030965629369695
1,"6"" Black Series",4,Galaxy,groupTable112,170,AHS 17,Night Trooper,,2025,5,24.99,17.9,-7.09,25.0,cf046c64f6e4066471fda3fe4371467a,https://www.actionfigure411.com/star-wars/6-black-series/galaxy/night-trooper-10441.php,2025-01-01,Clone X trooper,0.7772933980533595
1,"6"" Black Series",4,Galaxy,groupTable112,171,AHS 18,Ezra Bridger (Peridea),,2025,7,24.99,27.99,3.0,42.5,c830a65352d7285dccd751e92db6fd16,https://www.actionfigure411.com/star-wars/6-black-series/galaxy/ezra-bridger-peridea-10442.php,2025-01-01,Ezra Bridger,1.0000000000000002
1,"6"" Black Series",4,Galaxy,groupTable112,172,AND 01,Cassian Andor (Aldhani Mission),Walmart,2023,7,27.99,13.04,-14.95,20.0,db2c592ffa56cc46db2e6759cadee5ac,https://www.actionfigure411.com/star-wars/6-black-series/galaxy/cassian-andor-aldhani-mission-5044.php,2023-01-01,Cassian Andor,1.0000000000000002
1,"6"" Black Series",4,Galaxy,groupTable112,176,AND 05,Bix Caleen,,2023,1,24.99,14.95,-10.04,14.95,c6ab1f35b6d7e171a27473616b311959,https://www.actionfigure411.com/star-wars/6-black-series/galaxy/bix-caleen-5265.php,2023-01-01,Bix Caleen,1.0000000000000002
1,"6"" Black Series",4,Galaxy,groupTable112,177,AND 06,Luthen Rael,,2023,6,24.99,16.75,-8.24,20.4,d03467588ba4902028ad1da5919105bd,https://www.actionfigure411.com/star-wars/6-black-series/galaxy/luthen-rael-5266.php,2023-01-01,Luthen Rael,1.0000000000000002
1,"6"" Black Series",4,Galaxy,groupTable112,178,AND 07,Senator Mon Mothma,,2023,1,24.99,17.99,-7.0,17.99,207e613ac01d503b2f20d54b95d9844b,https://www.actionfigure411.com/star-wars/6-black-series/galaxy/senator-mon-mothma-5267.php,2023-01-01,Mon Mothma,0.8623326488584013
1,"6"" Black Series",4,Galaxy,groupTable112,179,AND 08,Cassian Andor,,2023,2,24.99,15.74,-9.25,16.47,9d82ff259ad3ac2639c9f5f79ae24d55,https://www.actionfigure411.com/star-wars/6-black-series/galaxy/cassian-andor-5264.php,2023-01-01,Cassian Andor,1.0000000000000002
1,"6"" Black Series",4,Galaxy,groupTable112,180,AND 08,Vel Sartha,,2023,8,24.99,13.78,-11.21,21.25,16e4e7efc3fac34ffe037bb53ec46e72,https://www.actionfigure411.com/star-wars/6-black-series/galaxy/vel-sartha-5508.php,2023-01-01,Vel Sartha,1.0000000000000002
1,"6"" Black Series",4,Galaxy,groupTable112,181,AND 10,Cassian Andor,,2024,5,24.99,12.92,-12.07,18.39,02fbf849ce140e00698226286582e27e,https://www.actionfigure411.com/star-wars/6-black-series/galaxy/cassian-andor-8821.php,2024-01-01,Cassian Andor,1.0000000000000002
1,"6"" Black Series",4,Galaxy,groupTable112,183,AND 12,Dedra Meero,,2024,10,24.99,15.38,-9.61,20.0,c251ffc7fc0c446cb2500ea6dce2e01f,https://www.actionfigure411.com/star-wars/6-black-series/galaxy/dedra-meero-8822.php,2024-01-01,Dedra Meero,1.0000000000000002
1,"6"" Black Series",4,Galaxy,groupTable112,184,AND 13,Director Orson Krennic (Andor),,2025,2,24.99,11.5,-13.49,11.99,41ce05df7c7e1d642bdd2a20b2a5d359,https://www.actionfigure411.com/star-wars/6-black-series/galaxy/director-orson-krennic-andor-10262.php,2025-01-01,Director Orson Krennic,0.8865870148347889
1,"6"" Black Series",4,Galaxy,groupTable112,186,AND 15,Cassian Andor (Sienar Test Pilot),,2025,4,24.99,15.62,-9.37,20.0,fd626424d25d4b9ccc5c5c94a5de6463,https://www.actionfigure411.com/star-wars/6-black-series/galaxy/cassian-andor-sienar-test-pilot-10261.php,2025-01-01,Cassian Andor,0.7071067811865476
1,"6"" Black Series",4,Galaxy,groupTable112,187,AND 16,Director Orson Krennic (Dress Uniform),,2025,7,24.99,24.78,-0.21,34.97,d4555208373fe853d7e7f9cf323a6371,https://www.actionfigure411.com/star-wars/6-black-series/galaxy/director-orson-krennic-dress-uniform-10717.php,2025-01-01,Director Orson Krennic,1.0
1,"6"" Black Series",4,Galaxy,groupTable112,189,ANH 01,Princess Leia Organa (Yavin 4),31,2021,6,22.99,10.1,-12.89,16.95,40bee2e91e59cbfedccbae4ca9ca806a,https://www.actionfigure411.com/star-wars/6-black-series/galaxy/princess-leia-organa-yavin-4-3650.php,2021-01-01,Leia Organa,1.0000000000000002
1,"6"" Black Series",4,Galaxy,groupTable112,190,ANH 02,Ponda Baba,31,2021,3,22.99,9.65,-13.34,12.95,b79bcb0b6e78edede204154faceedcb0,https://www.actionfigure411.com/star-wars/6-black-series/galaxy/ponda-baba-3651.php,2021-01-01,Ponda Baba,1.0000000000000002
1,"6"" Black Series",4,Galaxy,groupTable112,191,ANH 03,Doctor Evazan,31,2021,3,22.99,12.88,-10.11,18.7,ef4f66344d84d7ada3cbe4f69bab7f18,https://www.actionfigure411.com/star-wars/6-black-series/galaxy/doctor-evazan-3652.php,2021-01-01,Doctor Cornelius Evazan,0.7919331212986583
1,"6"" Black Series",4,Galaxy,groupTable112,192,ANH 04,Figrin D'an,33,2023,5,24.99,12.99,-12.0,19.99,4c69519aad586cb5b228b355584bc584,https://www.actionfigure411.com/star-wars/6-black-series/galaxy/figrin-dan-4175.php,2023-01-01,Figrin D an,1.0
1,"6"" Black Series",4,Galaxy,groupTable112,194,ANH 06,Darth Vader (A New Hope),,2024,5,24.99,16.81,-8.18,23.99,217f14dcfb793fb2fde306ef80c8dadb,https://www.actionfigure411.com/star-wars/6-black-series/galaxy/darth-vader-a-new-hope-7458.php,2024-01-01,Darth Vader,1.0
1,"6"" Black Series",4,Galaxy,groupTable112,195,ANH 07,Momaw Nadon (Deluxe),,2024,3,33.99,32.0,-1.99,32.0,7e348b14909cbed9f7435bd8b0a26ebc,https://www.actionfigure411.com/star-wars/6-black-series/galaxy/momaw-nadon-deluxe-8451.php,2024-01-01,Momaw Nadon,1.0000000000000002
1,"6"" Black Series",4,Galaxy,groupTable112,196,ANH 08,Princess Leia Organa,,2025,1,24.99,27.99,3.0,27.99,210d9fa72d068a52c21adc896ed19236,https://www.actionfigure411.com/star-wars/6-black-series/galaxy/princess-leia-organa-8895.php,2025-01-01,Leia Organa,1.0000000000000002
1,"6"" Black Series",4,Galaxy,groupTable112,197,ANH 09,Luke Skywalker,,2025,4,24.99,27.85,2.86,29.98,36a295cca2e9e04022f94c5138220d1e,https://www.actionfigure411.com/star-wars/6-black-series/galaxy/luke-skywalker-8896.php,2025-01-01,Luke Skywalker,1.0000000000000002
1,"6"" Black Series",4,Galaxy,groupTable112,198,ANH 10,Han Solo,,2025,6,24.99,29.66,4.67,36.99,e9f17805c99ddbae66105396ff8de5cc,https://www.actionfigure411.com/star-wars/6-black-series/galaxy/han-solo-10601.php,2025-01-01,Han Solo,1.0000000000000002
1,"6"" Black Series",4,Galaxy,groupTable112,199,ANH 11,Chewbacca,,2025,2,24.99,15.5,-9.49,22.49,8ead2622d1a3c94df37dd588e983e16a,https://www.actionfigure411.com/star-wars/6-black-series/galaxy/chewbacca-10602.php,2025-01-01,Chewbacca,1.0
1,"6"" Black Series",4,Galaxy,groupTable112,201,AOTC 01,Clone Trooper Lieutenant,Walgreens,2020,2,19.99,19.62,-0.37,20.0,27f4078a390aaa46be51b9bcdc8ae4f2,https://www.actionfigure411.com/star-wars/6-black-series/galaxy/clone-trooper-lieutenant-1460.php,2020-01-01,Clone X trooper,0.7776934007302077
1,"6"" Black Series",4,Galaxy,groupTable112,202,AOTC 02,Phase I Clone Trooper,27,2021,7,21.99,25.23,3.24,29.95,694ab2108e04102e56a269b02b4648c7,https://www.actionfigure411.com/star-wars/6-black-series/galaxy/phase-i-clone-trooper-1538.php,2021-01-01,Clone X trooper,1.0
1,"6"" Black Series",4,Galaxy,groupTable112,203,AOTC 03,Aayla Secura,34,2023,6,24.99,15.0,-9.99,20.0,d53fb0c0d6259d95e414c3eca9a72fbd,https://www.actionfigure411.com/star-wars/6-black-series/galaxy/aayla-secura-4281.php,2023-01-01,Aayla Secura,1.0000000000000002
1,"6"" Black Series",4,Galaxy,groupTable112,204,AOTC 04,Ki-Adi-Mundi,,2024,13,24.99,26.58,1.59,33.99,78ac4b0292e02e27c2e056564d47e0ac,https://www.actionfigure411.com/star-wars/6-black-series/galaxy/ki-adi-mundi-8486.php,2024-01-01,Ki-Adi-Mundi,0.9999999999999996
1,"6"" Black Series",4,Galaxy,groupTable112,205,AOTC 05,Phase I Clone Trooper,,2024,1,24.99,24.99,0.0,24.99,33633ce820f1ce59c2d917762b01e084,https://www.actionfigure411.com/star-wars/6-black-series/galaxy/phase-i-clone-trooper-7925.php,2024-01-01,Clone X trooper,1.0
1,"6"" Black Series",4,Galaxy,groupTable112,206,AOTC 06,Super Battle Droid,,2024,17,24.99,17.53,-7.46,23.0,6e386a6fb784ea98c0a7633d4bf59045,https://www.actionfigure411.com/star-wars/6-black-series/galaxy/super-battle-droid-8522.php,2024-01-01,Battle Droid 513,0.7892379838534719
1,"6"" Black Series",4,Galaxy,groupTable112,207,AOTC 07,Luminara Unduli,,2025,9,24.99,25.37,0.38,29.99,751b24ad2a40afebf9b78a34c47fbeaa,https://www.actionfigure411.com/star-wars/6-black-series/galaxy/luminara-unduli-9024.php,2025-01-01,Luminara Unduli,1.0000000000000002
1,"6"" Black Series",4,Galaxy,groupTable112,208,AOTC 08,Shaak Ti,,2025,8,24.99,27.83,2.84,31.95,72e980468c40525f0eed231ed7a0e4f5,https://www.actionfigure411.com/star-wars/6-black-series/galaxy/shaak-ti-9023.php,2025-01-01,Shaak Ti,1.0000000000000002
1,"6"" Black Series",4,Galaxy,groupTable112,209,AOTC 09,Barriss Offee,,2025,6,24.99,27.43,2.44,34.44,b757a2cde97b350a4f7ff95df084082f,https://www.actionfigure411.com/star-wars/6-black-series/galaxy/barriss-offee-11108.php,2025-01-01,Barriss Offee,1.0000000000000002
1,"6"" Black Series",4,Galaxy,groupTable112,210,AOTC 10,Jango Fett (Attack of The Clones),,2025,0,16.99,,,0.0,f8103cae8bc6a0589d89ef745e5d4c9f,https://www.actionfigure411.com/star-wars/6-black-series/galaxy/jango-fett-attack-of-the-clones-11416.php,2025-01-01,Jango Fett,0.7547075590909054
1,"6"" Black Series",4,Galaxy,groupTable112,211,BB 01,Hunter,29,2021,16,22.99,19.29,-3.7,28.0,c8e0c34f5e81d1a98452acb393473964,https://www.actionfigure411.com/star-wars/6-black-series/galaxy/hunter-1584.php,2021-01-01,Hunter,1.0
1,"6"" Black Series",4,Galaxy,groupTable112,212,BB 02,Crosshair,29,2021,21,22.99,27.16,4.17,34.99,ec59abc3bc3fd8b3f15f67fb10f511d2,https://www.actionfigure411.com/star-wars/6-black-series/galaxy/crosshair-1583.php,2021-01-01,Crosshair,1.0
1,"6"" Black Series",4,Galaxy,groupTable112,213,BB 03,Elite Squad Trooper,29,2021,6,19.99,15.31,-4.68,22.95,1d40c2118c412d011da4e4091ea6138e,https://www.actionfigure411.com/star-wars/6-black-series/galaxy/elite-squad-trooper-1645.php,2021-01-01,Clone X trooper,0.7772933980533595
1,"6"" Black Series",4,Galaxy,groupTable112,214,BB 04,Tech,30,2021,20,19.99,14.32,-5.67,19.99,75867aa83832f83a01bf9e7591ba0095,https://www.actionfigure411.com/star-wars/6-black-series/galaxy/tech-2080.php,2021-01-01,Tech,1.0
1,"6"" Black Series",4,Galaxy,groupTable112,215,BB 05,Wrecker (Deluxe),,2021,11,29.99,18.13,-11.86,25.0,188276983046e2ea1f70e4b3adb5dd14,https://www.actionfigure411.com/star-wars/6-black-series/galaxy/wrecker-deluxe-1872.php,2021-01-01,Wrecker,1.0
1,"6"" Black Series",4,Galaxy,groupTable112,216,BB 06,Clone Captain Rex (The Bad Batch),Walmart,2021,13,29.99,30.56,0.57,44.95,f3df6ff7581dd96f10e209dea14ee14e,https://www.actionfigure411.com/star-wars/6-black-series/galaxy/clone-captain-rex-the-bad-batch-2673.php,2021-01-01,Clone Captain Rex,0.8985152638051521
1,"6"" Black Series",4,Galaxy,groupTable112,217,BB 07,Imperial Clone Shock Trooper,Walmart,2021,13,24.99,25.29,0.3,33.99,3aff86874218f7c2350021e7855042f3,https://www.actionfigure411.com/star-wars/6-black-series/galaxy/imperial-clone-shock-trooper-2384.php,2021-01-01,Clone X trooper,0.7268743602391451
1,"6"" Black Series",4,Galaxy,groupTable112,218,BB 08,Vice Admiral Rampart,Walmart,2021,1,24.99,18.0,-6.99,18.0,2a6a8e143924d6cbfcbe7369b6aa540e,https://www.actionfigure411.com/star-wars/6-black-series/galaxy/vice-admiral-rampart-2385.php,2021-01-01,Vice Admiral Edmon Rampart,0.8454207728396113
1,"6"" Black Series",4,Galaxy,groupTable112,219,BB 09,Crosshair (Imperial),Walmart,2021,5,22.99,25.39,2.4,29.99,73ccf00983f69d2c535a839136888253,https://www.actionfigure411.com/star-wars/6-black-series/galaxy/crosshair-imperial-2674.php,2021-01-01,Crosshair,0.7273016634383198
1,"6"" Black Series",4,Galaxy,groupTable112,220,BB 10,Omega,32,2022,6,24.99,10.81,-14.18,15.0,294b94b30f61d1ef2b22cabd93429d95,https://www.actionfigure411.com/star-wars/6-black-series/galaxy/omega-3633.php,2022-01-01,Omega,1.0
1,"6"" Black Series",4,Galaxy,groupTable112,221,BB 11,Echo,32,2022,7,24.99,12.81,-12.18,18.0,b1040c4b8047ecd1359c01bdc78ab112,https://www.actionfigure411.com/star-wars/6-black-series/galaxy/echo-3634.php,2022-01-01,Echo,1.0
1,"6"" Black Series",4,Galaxy,groupTable112,222,BB 12,Cad Bane (Bracca),Amazon,2022,7,27.99,12.72,-15.27,18.88,9207d2dad62493fcbaae92ead8fe3415,https://www.actionfigure411.com/star-wars/6-black-series/galaxy/cad-bane-bracca-4011.php,2022-01-01,Cad Bane,1.0
1,"6"" Black Series",4,Galaxy,groupTable112,224,BB 14,Wrecker (Mercenary Gear),Walmart,2023,8,27.97,25.31,-2.66,32.99,8cb9c2bb9bb810e2a7c22b5b07d9af21,https://www.actionfigure411.com/star-wars/6-black-series/galaxy/wrecker-mercenary-gear-6644.php,2023-01-01,Wrecker,1.0
1,"6"" Black Series",4,Galaxy,groupTable112,225,BB 15,Hunter (Mercenary Gear),Walmart,2023,7,27.97,25.47,-2.5,31.5,2fe822a8d333e09db42836437d417e3f,https://www.actionfigure411.com/star-wars/6-black-series/galaxy/hunter-mercenary-gear-6645.php,2023-01-01,Hunter,1.0
1,"6"" Black Series",4,Galaxy,groupTable112,226,BB 16,Tech (Mercenary Gear),Walmart,2023,4,27.97,28.26,0.29,43.48,e397faa8717d1485e5c89f0d0cdded56,https://www.actionfigure411.com/star-wars/6-black-series/galaxy/tech-mercenary-gear-6646.php,2023-01-01,Tech,1.0
1,"6"" Black Series",4,Galaxy,groupTable112,227,BB 17,Echo (Mercenary Gear),Walmart,2023,4,27.97,20.62,-7.35,29.99,adcb38d6cffe2486ba72d9af6908a419,https://www.actionfigure411.com/star-wars/6-black-series/galaxy/echo-mercenary-gear-6647.php,2023-01-01,Echo,1.0
1,"6"" Black Series",4,Galaxy,groupTable112,228,BB 18,Omega (Mercenary Gear),,2023,4,24.99,17.37,-7.62,26.99,29e3492b2e264435121d40ff872f43f3,https://www.actionfigure411.com/star-wars/6-black-series/galaxy/omega-mercenary-gear-6381.php,2023-01-01,Omega,1.0
1,"6"" Black Series",4,Galaxy,groupTable112,229,BOBF 01,Fennec Shand,31,2021,5,22.99,17.4,-5.59,21.94,1e71dc3414362a2fbf751596bdfe3e73,https://www.actionfigure411.com/star-wars/6-black-series/galaxy/fennec-shand-3649.php,2021-01-01,Fennec Shand,1.0
1,"6"" Black Series",4,Galaxy,groupTable112,230,BOBF 02,Boba Fett (Throne Room - Deluxe),,2022,4,31.99,14.6,-17.39,17.99,cceb73a94fbed791b790749ee06b464c,https://www.actionfigure411.com/star-wars/6-black-series/galaxy/boba-fett-throne-room-deluxe-3730.php,2022-01-01,Boba Fett,1.0
1,"6"" Black Series",4,Galaxy,groupTable112,231,BOBF 03,Luke Skywalker & Grogu,,2023,8,44.99,21.41,-23.58,29.0,a26abf1346cd255d6c138a3503decb3f,https://www.actionfigure411.com/star-wars/6-black-series/galaxy/luke-skywalker-grogu-6246.php,2023-01-01,Luke Skywalker,0.8030965629369695
1,"6"" Black Series",4,Galaxy,groupTable112,232,BOBF 04,Krrsantan,,2023,8,33.99,19.83,-14.16,23.0,6a64d31acbf98c0f8f84c2bb72d60a19,https://www.actionfigure411.com/star-wars/6-black-series/galaxy/krrsantan-6338.php,2023-01-01,Krrsantan,1.0
1,"6"" Black Series",4,Galaxy,groupTable112,233,BOBF 05,Cad Bane (BOBF),,2023,4,24.99,15.38,-9.61,16.65,11491da914526f2984c3749ceda58b24,https://www.actionfigure411.com/star-wars/6-black-series/galaxy/cad-bane-bobf-6382.php,2023-01-01,Cad Bane,1.0
1,"6"" Black Series",4,Galaxy,groupTable112,234,BOBF 06,Tusken Chieftain,,2023,4,24.99,15.99,-9.0,19.99,8288a1e92acafdbd71d443ba222af441,https://www.actionfigure411.com/star-wars/6-black-series/galaxy/tusken-chieftain-6176.php,2023-01-01,Chieftain Pieter,0.7071067811865476
1,"6"" Black Series",4,Galaxy,groupTable112,237,BOBF 09,Boba Fett,,2026,0,27.99,,,0.0,2db480bab88ca2e1a2111f950212eb9b,https://www.actionfigure411.com/star-wars/6-black-series/galaxy/boba-fett-12181.php,2026-01-01,Boba Fett,1.0
1,"6"" Black Series",4,Galaxy,groupTable112,238,COTR 01,Mace Windu & 187th Legion Clone Trooper,Pulse,2024,5,44.99,80.69,35.7,96.5,78446d5142d0bb1420766943e856ec63,https://www.actionfigure411.com/star-wars/6-black-series/galaxy/mace-windu-187th-legion-clone-trooper-7463.php,2024-01-01,Mace Windu,0.8168357173106766
1,"6"" Black Series",4,Galaxy,groupTable112,239,COTR 02,Yoda & Clone Commander Gree,,2024,9,44.99,160.37,115.38,180.0,52dc48cb0f1cb77a78e874ba29f51f5c,https://www.actionfigure411.com/star-wars/6-black-series/galaxy/yoda-clone-commander-gree-8523.php,2024-01-01,Clone Commander Gree,0.8069691152548509
1,"6"" Black Series",4,Galaxy,groupTable112,240,CW 01,Clone Trooper (Kamino),26,2020,8,19.99,24.12,4.13,34.99,4f6c032f5ef0e5678d007e82e27c16d0,https://www.actionfigure411.com/star-wars/6-black-series/galaxy/clone-trooper-kamino-1448.php,2020-01-01,Clone X trooper,1.0
1,"6"" Black Series",4,Galaxy,groupTable112,241,CW 02,Ahsoka Tano (Clone Wars),Walmart,2020,6,29.99,18.43,-11.56,28.99,dfd97e659a781a1c6c9bd8b285bedd28,https://www.actionfigure411.com/star-wars/6-black-series/galaxy/ahsoka-tano-clone-wars-1477.php,2020-01-01,Ahsoka Tano,0.9138559181633102
1,"6"" Black Series",4,Galaxy,groupTable112,242,CW 03,332nd Clone Trooper,Walmart,2020,10,24.99,24.49,-0.5,31.0,822d1cbeff448959693f2d0bacd8c5fb,https://www.actionfigure411.com/star-wars/6-black-series/galaxy/332nd-clone-trooper-1478.php,2020-01-01,Clone X trooper,1.0
1,"6"" Black Series",4,Galaxy,groupTable112,245,CW 06,Cad Bane (TCW),27,2020,15,21.99,17.49,-4.5,33.33,a097267990a520149564a7a344aa0bdf,https://www.actionfigure411.com/star-wars/6-black-series/galaxy/cad-bane-tcw-1574.php,2020-01-01,Cad Bane,1.0
1,"6"" Black Series",4,Galaxy,groupTable112,246,CW 07,Asajj Ventress,29,2021,9,22.99,20.61,-2.38,29.99,6f098799aefb57a6c5cea3df6ff2bdf5,https://www.actionfigure411.com/star-wars/6-black-series/galaxy/asajj-ventress-1582.php,2021-01-01,Asajj Ventress,1.0000000000000002
1,"6"" Black Series",4,Galaxy,groupTable112,247,CW 08,Aurra Sing,30,2021,4,19.99,7.37,-12.62,10.0,0e2322ba1b058826509a306d4772171f,https://www.actionfigure411.com/star-wars/6-black-series/galaxy/aurra-sing-2076.php,2021-01-01,Aurra Sing,1.0000000000000002
1,"6"" Black Series",4,Galaxy,groupTable112,248,CW 09,Clone Trooper (212th Battalion),Walgreens,2022,7,24.99,21.0,-3.99,29.99,207d121e110290538ee29c37e1d6c866,https://www.actionfigure411.com/star-wars/6-black-series/galaxy/clone-trooper-212th-battalion-2672.php,2022-01-01,Clone X trooper,1.0
1,"6"" Black Series",4,Galaxy,groupTable112,249,CW 10,Clone Trooper (187th Battalion),Walgreens,2022,7,22.99,22.74,-0.25,32.5,4904137d4968699da1db5c2bacde5e4c,https://www.actionfigure411.com/star-wars/6-black-series/galaxy/clone-trooper-187th-battalion-4186.php,2022-01-01,Clone X trooper,1.0
1,"6"" Black Series",4,Galaxy,groupTable112,250,CW 11,Darth Maul (Cybernetic Legs),34,2023,9,24.99,30.82,5.83,39.95,8a160b61bed4179a358ce0d0735e36fe,https://www.actionfigure411.com/star-wars/6-black-series/galaxy/darth-maul-cybernetic-legs-4279.php,2023-01-01,Maul,0.7534510784814418
1,"6"" Black Series",4,Galaxy,groupTable112,252,CW 13,Ahsoka Tano (Padawan),,2023,6,24.99,29.2,4.21,33.99,2d0af98cb3fa5c0387ced5eed628b4fb,https://www.actionfigure411.com/star-wars/6-black-series/galaxy/ahsoka-tano-padawan-6638.php,2023-01-01,Ahsoka Tano,1.0000000000000002
1,"6"" Black Series",4,Galaxy,groupTable112,253,CW 14,Phase II Clone Trooper,,2023,3,24.99,21.7,-3.29,28.25,ba985d782760b5fdc6ddc20da9271ec2,https://www.actionfigure411.com/star-wars/6-black-series/galaxy/phase-ii-clone-trooper-6639.php,2023-01-01,Clone X trooper,1.0
1,"6"" Black Series",4,Galaxy,groupTable112,255,CW 16,ARC Trooper Fives,Walmart,2023,11,27.97,56.72,28.75,70.0,da3046a4a6d74d433c4650fc5ab529cb,https://www.actionfigure411.com/star-wars/6-black-series/galaxy/arc-trooper-fives-6643.php,2023-01-01,ARC Trooper Fives,1.0
1,"6"" Black Series",4,Galaxy,groupTable112,256,CW 17,Pre Vizsla,,2023,1,24.99,22.99,-2.0,22.99,f2daa0b6b4892116f57846c19db92fac,https://www.actionfigure411.com/star-wars/6-black-series/galaxy/pre-vizsla-6955.php,2023-01-01,Pre Vizsla,1.0
1,"6"" Black Series",4,Galaxy,groupTable112,258,CW 19,Savage Opress,,2025,13,34.99,32.91,-2.08,39.99,ab6c38ee88ecc1d464a968eec0a1ab3c,https://www.actionfigure411.com/star-wars/6-black-series/galaxy/savage-opress-9006.php,2025-01-01,Savage Opress,1.0000000000000002
1,"6"" Black Series",4,Galaxy,groupTable112,259,CW 20,Jedi Temple Guard,,2025,16,24.99,26.37,1.38,34.99,5d909de4de78b78303ab647db22187c3,https://www.actionfigure411.com/star-wars/6-black-series/galaxy/jedi-temple-guard-11107.php,2025-01-01,Pyke Guard,0.7534510784814418
1,"6"" Black Series",4,Galaxy,groupTable112,260,CW 21,Asajj Ventress (Bounty Hunter),,2025,0,24.99,,,0.0,83bb9a0afd41ad27c15572e0232856de,https://www.actionfigure411.com/star-wars/6-black-series/galaxy/asajj-ventress-bounty-hunter-11418.php,2025-01-01,Asajj Ventress,0.816496580927726
1,"6"" Black Series",4,Galaxy,groupTable112,261,ESB 01,Darth Vader (ESB),26,2020,6,19.99,30.81,10.82,75.0,1f086fcff57f5e30a2a82bdf00e921a0,https://www.actionfigure411.com/star-wars/6-black-series/galaxy/darth-vader-esb-1411.php,2020-01-01,Darth Vader,1.0
1,"6"" Black Series",4,Galaxy,groupTable112,262,ESB 02,Luke Skywalker (Snowspeeder),26,2020,4,19.99,26.75,6.76,46.99,f751c5dadc438c5449593b7e3d8ee61f,https://www.actionfigure411.com/star-wars/6-black-series/galaxy/luke-skywalker-snowspeeder-1450.php,2020-01-01,Luke Skywalker,1.0000000000000002
1,"6"" Black Series",4,Galaxy,groupTable112,263,ESB 03,Rebel Trooper (Hoth),27,2020,7,19.99,12.28,-7.71,18.99,9894b41e8cc7e3caf94e3f9ab2b0eda8,https://www.actionfigure411.com/star-wars/6-black-series/galaxy/rebel-trooper-hoth-1298.php,2020-01-01,Clone X trooper,0.7772933980533595
1,"6"" Black Series",4,Galaxy,groupTable112,264,ESB 04,Boba Fett (Prototype Armor),Amazon,2022,9,26.49,16.54,-9.95,24.99,49da1a5f3a9eb3d54ab1f9dec7b8cc9e,https://www.actionfigure411.com/star-wars/6-black-series/galaxy/boba-fett-prototype-armor-3802.php,2022-01-01,Boba Fett,1.0
1,"6"" Black Series",4,Galaxy,groupTable112,266,GG 02,Cal Kestis (Deluxe),Gamestop,2021,3,29.99,24.16,-5.83,34.99,46957fc1ac375cafec33e75470f304aa,https://www.actionfigure411.com/star-wars/6-black-series/galaxy/cal-kestis-deluxe-1647.php,2021-01-01,Cal Kestis,1.0000000000000002
1,"6"" Black Series",4,Galaxy,groupTable112,271,GG 07,RC-1138 (BOSS),Gamestop,2022,11,26.49,25.5,-0.99,36.0,6a96038fbf3f4da21d50bdfab7ded5d1,https://www.actionfigure411.com/star-wars/6-black-series/galaxy/rc-1138-boss-3292.php,2022-01-01,Pyke Boss,0.7193421455290703
1,"6"" Black Series",4,Galaxy,groupTable112,273,GG 09,ARC Trooper (Umbra Operative),Gamestop,2022,13,26.99,28.11,1.12,38.99,bc1e308c1cf6ce96a639cbfa8e4fde22,https://www.actionfigure411.com/star-wars/6-black-series/galaxy/arc-trooper-umbra-operative-3768.php,2022-01-01,ARC Trooper Fives,0.784716951806178
1,"6"" Black Series",4,Galaxy,groupTable112,276,GG 12,13th Battalion Trooper,Gamestop,2022,6,27.99,16.75,-11.24,26.99,a44642e1de9bcc2875ad9179c0c177c1,https://www.actionfigure411.com/star-wars/6-black-series/galaxy/13th-battalion-trooper-4092.php,2022-01-01,Clone X trooper,0.7772933980533595
1,"6"" Black Series",4,Galaxy,groupTable112,277,GG 13,RC-1140 (Fixer),Gamestop,2022,9,27.99,20.66,-7.33,29.99,d9d167bd125bf3ebb2e8d8a00da2561a,https://www.actionfigure411.com/star-wars/6-black-series/galaxy/rc-1140-fixer-4093.php,2022-01-01,Fixer,1.0
1,"6"" Black Series",4,Galaxy,groupTable112,278,GG 14,Riot Scout Trooper,GameStop,2023,10,27.99,16.3,-11.69,22.5,de4f747c2a76c746897712feea00dbe1,https://www.actionfigure411.com/star-wars/6-black-series/galaxy/riot-scout-trooper-4280.php,2023-01-01,Clone X trooper,0.7772933980533595
1,"6"" Black Series",4,Galaxy,groupTable112,281,GG 17,Cal Kestis (Jedi Survivor),,2023,4,24.99,31.83,6.84,35.0,611e06d33b3cb3bfb90f143225d567bd,https://www.actionfigure411.com/star-wars/6-black-series/galaxy/cal-kestis-jedi-survivor-5451.php,2023-01-01,Cal Kestis,1.0000000000000002
1,"6"" Black Series",4,Galaxy,groupTable112,282,GG 18,RC-1262 (Scorch),GameStop,2023,7,27.99,76.57,48.58,90.0,1fcfe6f1ff95b61c7c81cf07c7b66abc,https://www.actionfigure411.com/star-wars/6-black-series/galaxy/rc-1262-scorch-5573.php,2023-01-01,Clone Commander Scorch,0.7318664721379878
1,"6"" Black Series",4,Galaxy,groupTable112,283,GG 19,Battle Droid (Republic Commando),GameStop,2023,2,27.99,17.75,-10.24,25.0,bfc7202e8d583de639695cb277982add,https://www.actionfigure411.com/star-wars/6-black-series/galaxy/battle-droid-republic-commando-5048.php,2023-01-01,Battle Droid 513,0.7892379838534719
1,"6"" Black Series",4,Galaxy,groupTable112,289,GG 25,General Grievous (Battle Damaged),Gamestop,2023,5,33.99,49.8,15.81,55.99,f4f56a451177e87f95081847e636cf72,https://www.actionfigure411.com/star-wars/6-black-series/galaxy/general-grievous-battle-damaged-6642.php,2023-01-01,General Grievous,0.7716810011997337
1,"6"" Black Series",4,Galaxy,groupTable112,294,MAN,The Armorer (Deluxe),,2020,3,29.99,29.33,-0.66,35.0,04ac71e20258f4da4073a996559c3d3d,https://www.actionfigure411.com/star-wars/6-black-series/galaxy/the-armorer-deluxe-1543.php,2020-01-01,The Armorer,0.9999999999999998
1,"6"" Black Series",4,Galaxy,groupTable112,296,MAN,Paz Vizsla (Deluxe),Target,2021,1,36.99,20.69,-16.3,20.69,a3a666bef474ec436f9b62d873114745,https://www.actionfigure411.com/star-wars/6-black-series/galaxy/paz-vizsla-deluxe-2874.php,2021-01-01,Paz Vizsla,1.0
1,"6"" Black Series",4,Galaxy,groupTable112,297,MAN,Scout Trooper (Carbonized),Target,2021,8,26.49,16.39,-10.1,20.0,4e69c1da304eba52b6a3f944603316e1,https://www.actionfigure411.com/star-wars/6-black-series/galaxy/scout-trooper-carbonized-2875.php,2021-01-01,Clone X trooper,0.7772933980533595
1,"6"" Black Series",4,Galaxy,groupTable112,301,MAN 03,Incinerator Trooper,27,2021,6,21.99,14.35,-7.64,19.88,c4cd1ca7de082d290779a1f607a4db75,https://www.actionfigure411.com/star-wars/6-black-series/galaxy/incinerator-trooper-1537.php,2021-01-01,Clone X trooper,0.7772933980533595
1,"6"" Black Series",4,Galaxy,groupTable112,302,MAN 04,The Armorer,28,2020,8,21.99,10.38,-11.61,15.5,cc87336dd2697f16652cc544fcbe5771,https://www.actionfigure411.com/star-wars/6-black-series/galaxy/the-armorer-1570.php,2020-01-01,The Armorer,0.9999999999999998
1,"6"" Black Series",4,Galaxy,groupTable112,303,MAN 05,Din Djarin and The Child (Deluxe),Target,2020,14,34.99,25.7,-9.29,45.0,88c4e81b94ba7a3c899644c158aa12a0,https://www.actionfigure411.com/star-wars/6-black-series/galaxy/din-djarin-and-the-child-deluxe-1579.php,2020-01-01,Din Djarin (The Mandalorian),0.734331469706123
1,"6"" Black Series",4,Galaxy,groupTable112,304,MAN 06,Greef Karga,28,2021,4,19.99,6.5,-13.49,9.0,ff48d9173b567fd548f3840d81c2b5c9,https://www.actionfigure411.com/star-wars/6-black-series/galaxy/greef-karga-1595.php,2021-01-01,Greef Karga,1.0000000000000002
1,"6"" Black Series",4,Galaxy,groupTable112,305,MAN 07,Kuiil,28,2021,4,19.99,7.83,-12.16,9.82,d167a196b7c38629d7f5504c8c25660e,https://www.actionfigure411.com/star-wars/6-black-series/galaxy/kuiil-1594.php,2021-01-01,Kuiil,1.0
1,"6"" Black Series",4,Galaxy,groupTable112,306,MAN 08,Moff Gideon,28,2021,6,19.99,11.74,-8.25,15.0,ea2b0a481e477f10e6d2824f7c5e1df8,https://www.actionfigure411.com/star-wars/6-black-series/galaxy/moff-gideon-1596.php,2021-01-01,Moff Gideon,1.0
1,"6"" Black Series",4,Galaxy,groupTable112,308,MAN 10,Bo-Katan Kryze,29,2021,12,19.99,12.9,-7.09,16.99,da857a36989cd4024ec522eae3716b61,https://www.actionfigure411.com/star-wars/6-black-series/galaxy/bo-katan-kryze-1615.php,2021-01-01,Bo-Katan Kryze,1.0
1,"6"" Black Series",4,Galaxy,groupTable112,309,MAN 11,Q9-0 (ZERO),30,2021,6,19.99,9.97,-10.02,15.0,b81c5119d43028280589a1a298556892,https://www.actionfigure411.com/star-wars/6-black-series/galaxy/q9-0-zero-2079.php,2021-01-01,Q9-0 (Zero),1.0000000000000002
1,"6"" Black Series",4,Galaxy,groupTable112,313,MAN 15,Migs Mayfeld (Morak),31,2022,8,22.99,9.97,-13.02,14.88,648538873ee834722a0f304231980294,https://www.actionfigure411.com/star-wars/6-black-series/galaxy/migs-mayfeld-morak-3540.php,2022-01-01,Migs Mayfeld,1.0000000000000002
1,"6"" Black Series",4,Galaxy,groupTable112,314,MAN 16,Boba Fett (Tython),31,2022,4,22.99,12.99,-10.0,14.99,3f9ce5ea06f2a31d6091a98d1d630652,https://www.actionfigure411.com/star-wars/6-black-series/galaxy/boba-fett-tython-3539.php,2022-01-01,Boba Fett,1.0
1,"6"" Black Series",4,Galaxy,groupTable112,316,MAN 18,Cobb Vanth (Deluxe),,2022,11,31.49,13.85,-17.64,21.56,ac7a0d15ea9ec2e413b4a89c7bc68fc8,https://www.actionfigure411.com/star-wars/6-black-series/galaxy/cobb-vanth-deluxe-3530.php,2022-01-01,Cobb Vanth,1.0000000000000002
1,"6"" Black Series",4,Galaxy,groupTable112,317,MAN 19,Ahsoka Tano (Corvus),32,2022,3,24.99,10.65,-14.34,12.99,aaf3be222b9bc17840ea7d58a387a7ce,https://www.actionfigure411.com/star-wars/6-black-series/galaxy/ahsoka-tano-corvus-3914.php,2022-01-01,Ahsoka Tano,1.0000000000000002
1,"6"" Black Series",4,Galaxy,groupTable112,318,MAN 20,The Client,32,2022,3,24.99,9.33,-15.66,11.99,7886b7c4054ca99a4e22eed8525696db,https://www.actionfigure411.com/star-wars/6-black-series/galaxy/the-client-3629.php,2022-01-01,the Client,0.9999999999999998
1,"6"" Black Series",4,Galaxy,groupTable112,320,MAN 22,Boba Fett (Tython - Jedi Ruins - Deluxe),Walmart,2022,1,31.49,18.95,-12.54,18.95,fa85601213cb515848e9e25ecdb9d51a,https://www.actionfigure411.com/star-wars/6-black-series/galaxy/boba-fett-tython-jedi-ruins-deluxe-3948.php,2022-01-01,Boba Fett,1.0
1,"6"" Black Series",4,Galaxy,groupTable112,322,MAN 24,Magistrate Greef Karga,34,2023,2,24.99,10.14,-14.85,10.29,053c251e3ee2064d08f085bf97ee7246,https://www.actionfigure411.com/star-wars/6-black-series/galaxy/magistrate-greef-karga-4278.php,2023-01-01,Greef Karga,1.0000000000000002
1,"6"" Black Series",4,Galaxy,groupTable112,324,MAN 26,Grogu,,2023,5,24.99,11.18,-13.81,15.95,749395cdc3a717b1a2d4ffad24c9876f,https://www.actionfigure411.com/star-wars/6-black-series/galaxy/grogu-4597.php,2023-01-01,Grogu,1.0
1,"6"" Black Series",4,Galaxy,groupTable112,325,MAN 27,Migs Mayfeld,,2023,3,24.99,8.99,-16.0,11.97,54e17c21c3eeeaa750861ae0c1336026,https://www.actionfigure411.com/star-wars/6-black-series/galaxy/migs-mayfeld-4598.php,2023-01-01,Migs Mayfeld,1.0000000000000002
1,"6"" Black Series",4,Galaxy,groupTable112,326,MAN 28,Dark Trooper (Deluxe),,2023,10,33.99,14.93,-19.06,19.99,ff86d6205696312d38f06c784c3d9652,https://www.actionfigure411.com/star-wars/6-black-series/galaxy/dark-trooper-deluxe-3946.php,2023-01-01,Clone X trooper,0.7772933980533595
1,"6"" Black Series",4,Galaxy,groupTable112,328,MAN 30,Luke Skywalker (Imperial Light Cruiser),,2023,8,24.99,43.62,18.63,50.0,984ac03f826dedafc650fc226ad930a7,https://www.actionfigure411.com/star-wars/6-black-series/galaxy/luke-skywalker-imperial-light-cruiser-4600.php,2023-01-01,Luke Skywalker,0.8191816100989555
1,"6"" Black Series",4,Galaxy,groupTable112,329,MAN 31,Din Djarin (Morak),,2023,4,24.99,14.8,-10.19,16.99,4d2d9cca393920cef0191adf54526c16,https://www.actionfigure411.com/star-wars/6-black-series/galaxy/din-djarin-morak-5450.php,2023-01-01,Din Djarin (The Mandalorian),0.7637624727776068
1,"6"" Black Series",4,Galaxy,groupTable112,330,MAN 32,R2-D2 (The Mandalorian),,2023,6,24.99,42.66,17.67,49.99,b835ff18ae37ca49d4276646da00d0dd,https://www.actionfigure411.com/star-wars/6-black-series/galaxy/r2-d2-the-mandalorian-6954.php,2023-01-01,R2-D2,0.7547075590909054
1,"6"" Black Series",4,Galaxy,groupTable112,331,MAN 33,R5-D4 (Mandalorian),,2024,4,24.99,18.99,-6.0,21.0,a6f3a766b965cfcd291df44febfc30f8,https://www.actionfigure411.com/star-wars/6-black-series/galaxy/r5-d4-mandalorian-6432.php,2024-01-01,R5-D4,0.808724952682001
1,"6"" Black Series",4,Galaxy,groupTable112,334,MAN 36,Paz Vizsla,,2024,4,33.99,16.11,-17.88,19.79,df23b57eb1ddb8b88ed370571e899fe5,https://www.actionfigure411.com/star-wars/6-black-series/galaxy/paz-vizsla-7462.php,2024-01-01,Paz Vizsla,1.0
1,"6"" Black Series",4,Galaxy,groupTable112,342,MAN 44,Moff Gideon (Dark Trooper Armor),,2025,6,24.99,19.99,-5.0,23.99,b8c667e5c43a3a44bcde002656bf3612,https://www.actionfigure411.com/star-wars/6-black-series/galaxy/moff-gideon-dark-trooper-armor-10264.php,2025-01-01,Moff Gideon,0.8596939134609494
1,"6"" Black Series",4,Galaxy,groupTable112,343,OBI 01,Obi-Wan Kenobi (Wandering Jedi),33,2022,4,24.99,13.12,-11.87,18.5,cf7db58ca73245d025a8e2d2abde888c,https://www.actionfigure411.com/star-wars/6-black-series/galaxy/obi-wan-kenobi-wandering-jedi-4188.php,2022-01-01,Obi-Wan Kenobi,1.0
1,"6"" Black Series",4,Galaxy,groupTable112,344,OBI 02,Darth Vader (Obi-Wan Kenobi) ( $-17.82),33,2023,17,24.99,42.55,17.56,100.0,974d0ae6e49495934716ffd09c670c05,https://www.actionfigure411.com/star-wars/6-black-series/galaxy/darth-vader-obi-wan-kenobi-4291.php,2023-01-01,Obi-Wan Kenobi,0.7937566828964369
1,"6"" Black Series",4,Galaxy,groupTable112,346,OBI 04,Fifth Brother (Inquisitor),33,2022,4,24.99,7.37,-17.62,9.5,4c7bb5c4928613f8132bb2da29104e6f,https://www.actionfigure411.com/star-wars/6-black-series/galaxy/fifth-brother-inquisitor-4266.php,2022-01-01,Fifth Brother Inquisitor,0.9999999999999999
1,"6"" Black Series",4,Galaxy,groupTable112,347,OBI 05,Teeka (Jawa),Target,2022,3,26.49,14.65,-11.84,17.99,c4b6064f3b6994abfd737a9c379732f7,https://www.actionfigure411.com/star-wars/6-black-series/galaxy/teeka-jawa-4327.php,2022-01-01,Teeka,1.0
1,"6"" Black Series",4,Galaxy,groupTable112,349,OBI 07,Purge Trooper (Phase II Armor),Walmart,2022,5,24.99,18.2,-6.79,24.99,b268a8ad8148ae5715fbd1db8ca43a79,https://www.actionfigure411.com/star-wars/6-black-series/galaxy/purge-trooper-phase-ii-armor-4334.php,2022-01-01,Clone X trooper,0.7772933980533595
1,"6"" Black Series",4,Galaxy,groupTable112,351,OBI 09,Grand Inquisitor,34,2022,6,24.99,10.52,-14.47,18.17,933f05f6389940a3b9ffcdd593749291,https://www.actionfigure411.com/star-wars/6-black-series/galaxy/grand-inquisitor-4265.php,2022-01-01,The Grand Inquisitor,0.8841322582508553
1,"6"" Black Series",4,Galaxy,groupTable112,353,OBI 11,Obi-Wan Kenobi (Jabiim),,2022,5,24.99,13.61,-11.38,16.56,8aab2c0886e3d4140af3ff3103932432,https://www.actionfigure411.com/star-wars/6-black-series/galaxy/obi-wan-kenobi-jabiim-4326.php,2022-01-01,Obi-Wan Kenobi,1.0
1,"6"" Black Series",4,Galaxy,groupTable112,354,OBI 12,Fourth Sister (Inquisitor),35,2022,5,24.99,19.35,-5.64,22.77,24a4dc25b923548f625267270bab69d6,https://www.actionfigure411.com/star-wars/6-black-series/galaxy/fourth-sister-inquisitor-4268.php,2022-01-01,Seventh Sister Inquisitor,0.7852556848078541
1,"6"" Black Series",4,Galaxy,groupTable112,356,OBI 14,Commander Appo,Target,2023,7,27.99,30.42,2.43,39.99,3dbba9f2e465f7eca4ebe08e8f52053c,https://www.actionfigure411.com/star-wars/6-black-series/galaxy/commander-appo-6881.php,2023-01-01,Appo,0.8241874204827399
1,"6"" Black Series",4,Galaxy,groupTable112,357,OBI 15,Darth Vader (Duel's End),Target,2023,18,27.99,65.94,37.95,105.0,724b5d8ff6b1ed84c7ed89e3c0908352,https://www.actionfigure411.com/star-wars/6-black-series/galaxy/darth-vader-duels-end-6882.php,2023-01-01,Darth Vader,1.0
1,"6"" Black Series",4,Galaxy,groupTable112,358,OBI 15,Darth Vader (Reissue - Duel’s End),,2026,1,27.99,95.0,67.01,95.0,8df81000bbd27d0695bef66ac7412442,https://www.actionfigure411.com/star-wars/6-black-series/galaxy/darth-vader-reissue-duels-end-12182.php,2026-01-01,Darth Vader,1.0
1,"6"" Black Series",4,Galaxy,groupTable112,359,OBI 16,Qui-Gon Jinn (Force Spirit),Walmart,2023,2,27.99,15.55,-12.44,20.5,936e9e6fa54ff1698b69ee485468acb5,https://www.actionfigure411.com/star-wars/6-black-series/galaxy/qui-gon-jinn-force-spirit-6886.php,2023-01-01,Qui-Gon Jinn,1.0
1,"6"" Black Series",4,Galaxy,groupTable112,360,OBI 17,Obi-Wan Kenobi (Jedi Legend),Walmart,2023,2,27.99,23.96,-4.03,24.92,33f0098c36ce90a40f6a6ed0edc2bb89,https://www.actionfigure411.com/star-wars/6-black-series/galaxy/obi-wan-kenobi-jedi-legend-6887.php,2023-01-01,Obi-Wan Kenobi,1.0
1,"6"" Black Series",4,Galaxy,groupTable112,361,REB 01,Garazeb (Zeb) Orrelios (Deluxe),Fan,2020,11,29.99,26.95,-3.04,33.98,5357b81cd4bdf52da70439cee44a39a5,https://www.actionfigure411.com/star-wars/6-black-series/galaxy/garazeb-zeb-orrelios-deluxe-1441.php,2020-01-01,"Garazeb ""Zeb"" Orrelios",1.0
1,"6"" Black Series",4,Galaxy,groupTable112,363,REB 03,Ezra Bridger,Fan,2020,6,19.99,27.83,7.84,35.5,70414a621f1da25caa5447841bd2890c,https://www.actionfigure411.com/star-wars/6-black-series/galaxy/ezra-bridger-1443.php,2020-01-01,Ezra Bridger,1.0000000000000002
1,"6"" Black Series",4,Galaxy,groupTable112,364,REB 04,Kanan Jarrus (Rebels),Fan,2020,8,19.99,29.49,9.5,35.88,d99da58e0dc86e841b319e32a17446e4,https://www.actionfigure411.com/star-wars/6-black-series/galaxy/kanan-jarrus-rebels-1444.php,2020-01-01,Kanan Jarrus   Caleb Dume,0.7169910057829517
1,"6"" Black Series",4,Galaxy,groupTable112,365,REB 05,Hera Syndulla,Fan,2020,4,19.99,19.96,-0.03,28.86,ef17e2d4fdb43a09e0556b9103278fc6,https://www.actionfigure411.com/star-wars/6-black-series/galaxy/hera-syndulla-1445.php,2020-01-01,Hera Syndulla,1.0
1,"6"" Black Series",4,Galaxy,groupTable112,366,REB 06,Sabine Wren,Fan,2020,3,19.99,14.36,-5.63,17.05,211c899d491983387d5d0845c5de8d79,https://www.actionfigure411.com/star-wars/6-black-series/galaxy/sabine-wren-1446.php,2020-01-01,Sabine Wren,1.0
1,"6"" Black Series",4,Galaxy,groupTable112,367,REB 07,Ahsoka Tano (Rebels),Fan,2020,6,19.99,13.39,-6.6,19.0,887a74fb7160354297d523431544bde1,https://www.actionfigure411.com/star-wars/6-black-series/galaxy/ahsoka-tano-rebels-1447.php,2020-01-01,Ahsoka Tano,1.0000000000000002
1,"6"" Black Series",4,Galaxy,groupTable112,368,REB 08,Chopper (C1-10P) Repack,,2023,1,24.99,22.41,-2.58,22.41,f8618629bd77e634e683ad554456eae0,https://www.actionfigure411.com/star-wars/6-black-series/galaxy/chopper-c1-10p-repack-7203.php,2023-01-01,Chopper (C1-10P),0.9999999999999996
1,"6"" Black Series",4,Galaxy,groupTable112,369,REB 09,Seventh Sister Inquisitor,,2026,0,27.99,,,0.0,8bdacbb80697c8d883fc0a3c0b0b7deb,https://www.actionfigure411.com/star-wars/6-black-series/galaxy/seventh-sister-inquisitor-12347.php,2026-01-01,Seventh Sister Inquisitor,1.0
1,"6"" Black Series",4,Galaxy,groupTable112,370,RO 01,Jyn Erso,,2021,3,22.99,14.09,-8.9,19.5,0f18a02b0589aa3d7c7bc14f5146c178,https://www.actionfigure411.com/star-wars/6-black-series/galaxy/jyn-erso-2524.php,2021-01-01,Jyn Erso,1.0000000000000002
1,"6"" Black Series",4,Galaxy,groupTable112,371,RO 02,Captain Cassian Andor,,2021,2,22.99,14.97,-8.02,14.99,e2c51d7c8b338cd7275fe98c53ed6a76,https://www.actionfigure411.com/star-wars/6-black-series/galaxy/captain-cassian-andor-2522.php,2021-01-01,Cassian Andor,0.9050867118516728
1,"6"" Black Series",4,Galaxy,groupTable112,373,RO 04,Chirrut Imwe,,2021,1,22.99,19.99,-3.0,19.99,4dc212bc948821087c6815407e858846,https://www.actionfigure411.com/star-wars/6-black-series/galaxy/chirrut-imwe-2523.php,2021-01-01,Chirrut  mwe,0.7071067811865476
1,"6"" Black Series",4,Galaxy,groupTable112,374,RO 05,Baze Malbus (Rogue One),,2021,7,22.99,12.75,-10.24,14.95,74b4120d1555f61079bc7f87cd5ab6f4,https://www.actionfigure411.com/star-wars/6-black-series/galaxy/baze-malbus-rogue-one-2520.php,2021-01-01,Baze Malbus,1.0000000000000002
1,"6"" Black Series",4,Galaxy,groupTable112,375,RO 06,Bodhi Rook,,2021,4,22.99,10.61,-12.38,12.99,e950c58ec852da3a00de0affd82bd0c9,https://www.actionfigure411.com/star-wars/6-black-series/galaxy/bodhi-rook-2521.php,2021-01-01,Bodhi Rook,1.0000000000000002
1,"6"" Black Series",4,Galaxy,groupTable112,376,RO 07,Galen Erso,Target,2021,4,22.99,7.98,-15.01,12.41,513a1bc895108067ed70bb651dcc8fc6,https://www.actionfigure411.com/star-wars/6-black-series/galaxy/galen-erso-2518.php,2021-01-01,Galen Erso,1.0000000000000002
1,"6"" Black Series",4,Galaxy,groupTable112,377,RO 08,Antoc Merrick,Target,2021,6,22.99,13.41,-9.58,16.0,b0d7d47b1a88613bd872bf1de29fb68e,https://www.actionfigure411.com/star-wars/6-black-series/galaxy/antoc-merrick-2519.php,2021-01-01,General Merrick,0.8241874204827399
1,"6"" Black Series",4,Galaxy,groupTable112,379,RO 10,Saw Gerrera (Deluxe),,2022,2,33.99,14.7,-19.29,15.0,0b2ab2dc9a9f4ce96f8576cd41532f99,https://www.actionfigure411.com/star-wars/6-black-series/galaxy/saw-gerrera-deluxe-4125.php,2022-01-01,Saw Gerrera,1.0000000000000002
1,"6"" Black Series",4,Galaxy,groupTable112,380,ROTJ 01,Admiral Ackbar,26,2020,4,19.99,15.82,-4.17,19.99,650f83a8cae58f10aec0f2b3a1c186ce,https://www.actionfigure411.com/star-wars/6-black-series/galaxy/admiral-ackbar-1409.php,2020-01-01,Admiral Ackbar,1.0
1,"6"" Black Series",4,Galaxy,groupTable112,381,ROTJ 02,Teebo,26,2020,9,19.99,30.99,11.0,36.95,4f71adc55aae2c916a88c2a2178594ba,https://www.actionfigure411.com/star-wars/6-black-series/galaxy/teebo-1410.php,2020-01-01,Teebo,1.0
1,"6"" Black Series",4,Galaxy,groupTable112,382,ROTJ 03,Princess Leia Organa (Endor),27,2020,7,21.99,9.94,-12.05,13.99,20e4085891afa45bfd95b132f8013b88,https://www.actionfigure411.com/star-wars/6-black-series/galaxy/princess-leia-organa-endor-1571.php,2020-01-01,Leia Organa,1.0000000000000002
1,"6"" Black Series",4,Galaxy,groupTable112,383,ROTJ 04,Luke Skywalker (Endor),27,2020,7,21.99,21.92,-0.07,28.0,267e686acb433a844458509f9ba1ee82,https://www.actionfigure411.com/star-wars/6-black-series/galaxy/luke-skywalker-endor-1572.php,2020-01-01,Luke Skywalker,1.0000000000000002
1,"6"" Black Series",4,Galaxy,groupTable112,384,ROTJ 05,Han Solo (Endor),27,2020,4,21.99,21.23,-0.76,24.99,a3db12ed08024e2d2209ad5e0be2b151,https://www.actionfigure411.com/star-wars/6-black-series/galaxy/han-solo-endor-1573.php,2020-01-01,Han Solo,1.0000000000000002
1,"6"" Black Series",4,Galaxy,groupTable112,385,ROTJ 06,Boba Fett (ROTJ - Deluxe),,2021,14,29.99,21.46,-8.53,29.99,c152ff12c05fa8c585045204c3a4abab,https://www.actionfigure411.com/star-wars/6-black-series/galaxy/boba-fett-rotj-deluxe-1540.php,2021-01-01,Boba Fett,1.0
1,"6"" Black Series",4,Galaxy,groupTable112,386,ROTJ 07,General Lando Calrissian,30,2021,2,19.99,8.5,-11.49,9.0,b206a340da5c23b4f031805769367a50,https://www.actionfigure411.com/star-wars/6-black-series/galaxy/general-lando-calrissian-2077.php,2021-01-01,Lando Calrissian,0.8994536479300936
1,"6"" Black Series",4,Galaxy,groupTable112,387,ROTJ 08,Bib Fortuna,31,2022,4,22.99,7.75,-15.24,10.0,324310741828b8f5bae288bb9ae59a72,https://www.actionfigure411.com/star-wars/6-black-series/galaxy/bib-fortuna-3635.php,2022-01-01,Bib Fortuna,1.0
1,"6"" Black Series",4,Galaxy,groupTable112,388,ROTJ 09,Princess Leia (Ewok Village),33,2023,2,24.99,7.98,-17.01,9.99,3f8e7562291cf00a0d9ac2bda434a02a,https://www.actionfigure411.com/star-wars/6-black-series/galaxy/princess-leia-ewok-village-4174.php,2023-01-01,Leia Organa,0.7419392967573335
1,"6"" Black Series",4,Galaxy,groupTable112,389,ROTJ 10,Chewbacca (ROTJ),,2023,1,24.99,12.99,-12.0,12.99,24a495b08b172a91645c066b86147d58,https://www.actionfigure411.com/star-wars/6-black-series/galaxy/chewbacca-rotj-6637.php,2023-01-01,Chewbacca,1.0
1,"6"" Black Series",4,Galaxy,groupTable112,390,ROTJ 11,Wicket W. Warrick,,2023,6,24.99,16.54,-8.45,24.3,dd436ae0b0ba9367b3d12ed16875e25e,https://www.actionfigure411.com/star-wars/6-black-series/galaxy/wicket-w-warrick-6636.php,2023-01-01,Wicket W  Warrick,1.0000000000000002
1,"6"" Black Series",4,Galaxy,groupTable112,392,ROTS 02,Clone Commander Bacara,,2025,6,24.99,22.9,-2.09,28.69,5ffa3e9580fce8ec84f3433618717417,https://www.actionfigure411.com/star-wars/6-black-series/galaxy/clone-commander-bacara-8865.php,2025-01-01,Clone Commander Bacara,0.9999999999999998
1,"6"" Black Series",4,Galaxy,groupTable112,394,ROTS 04,Obi-Wan Kenobi (Revenge of the Sith),,2025,15,24.99,32.65,7.66,45.99,9c9b0fdaba571047e57eb8a04cfa368c,https://www.actionfigure411.com/star-wars/6-black-series/galaxy/obi-wan-kenobi-revenge-of-the-sith-11875.php,2025-01-01,Obi-Wan Kenobi,0.8230547724084716
1,"6"" Black Series",4,Galaxy,groupTable112,395,ROTS 05,Anakin Skywalker (Revenge of the Sith),,2025,19,24.99,37.88,12.89,44.0,0e450496382a15c4a228a2b968c34aec,https://www.actionfigure411.com/star-wars/6-black-series/galaxy/anakin-skywalker-revenge-of-the-sith-11874.php,2025-01-01,Anakin Skywalker,0.748189509906481
1,"6"" Black Series",4,Galaxy,groupTable112,405,TA 01,Osha Aniseya,,2024,10,24.99,11.64,-13.35,13.5,ecfecf1a8c1786671c9c3c70a440aca0,https://www.actionfigure411.com/star-wars/6-black-series/galaxy/osha-aniseya-8591.php,2024-01-01,Osha Aniseya,1.0000000000000002
1,"6"" Black Series",4,Galaxy,groupTable112,406,TA 02,Jedi Master Sol,,2024,7,24.99,14.53,-10.46,16.99,0b38dc445986bf3f8df56c52fda4395e,https://www.actionfigure411.com/star-wars/6-black-series/galaxy/jedi-master-sol-8341.php,2024-01-01,Sol,0.7071067811865475
1,"6"" Black Series",4,Galaxy,groupTable112,407,TA 03,Padawan Jecki Lon,,2024,4,24.99,19.09,-5.9,22.99,03b5cfd19ecd4b1c9f02c1d6777786b8,https://www.actionfigure411.com/star-wars/6-black-series/galaxy/padawan-jecki-lon-8342.php,2024-01-01,Jecki Lon,1.0000000000000002
1,"6"" Black Series",4,Galaxy,groupTable112,408,TA 04,Jedi Knight Yord Fandar,,2024,4,24.99,14.71,-10.28,17.99,dd237b73ec81828767caa5bd1be6e9a1,https://www.actionfigure411.com/star-wars/6-black-series/galaxy/jedi-knight-yord-fandar-8343.php,2024-01-01,Yord Fandar,1.0000000000000002
1,"6"" Black Series",4,Galaxy,groupTable112,409,TA 05,Jedi Master Indara,,2024,10,24.99,15.38,-9.61,17.99,0b6ec90d4c483792371e5339d8d6c513,https://www.actionfigure411.com/star-wars/6-black-series/galaxy/jedi-master-indara-8344.php,2024-01-01,Indara,0.7273016634383198
1,"6"" Black Series",4,Galaxy,groupTable112,410,TA 06,Mae (Assassin),,2024,4,24.99,9.87,-15.12,12.49,9edd5093062c9b10746c1a5a143348a3,https://www.actionfigure411.com/star-wars/6-black-series/galaxy/mae-assassin-8345.php,2024-01-01,Mae Aniseya,0.7419392967573335
1,"6"" Black Series",4,Galaxy,groupTable112,411,TA 07,Bazil (Jedi Order Tracker),,2024,3,24.99,17.89,-7.1,21.69,d572f392b90ff5d68928c43d95fab441,https://www.actionfigure411.com/star-wars/6-black-series/galaxy/bazil-jedi-order-tracker-8782.php,2024-01-01,Bazil,0.7273016634383198
1,"6"" Black Series",4,Galaxy,groupTable112,413,TA 09,Jedi Master Kelnacca (Deluxe),,2025,5,33.99,11.65,-22.34,15.2,31e67f0479e1916eeb21c45d9e2e324b,https://www.actionfigure411.com/star-wars/6-black-series/galaxy/jedi-master-kelnacca-deluxe-9071.php,2025-01-01,Kelnacca,0.7273016634383198
1,"6"" Black Series",4,Galaxy,groupTable112,414,TA 10,The Stranger (Qimir),,2025,35,24.99,43.01,18.02,65.0,e850dac6d123c53a473cbc4ec00ffe3d,https://www.actionfigure411.com/star-wars/6-black-series/galaxy/the-stranger-qimir-11417.php,2025-01-01,The Stranger (alias  Qimir ),0.8416254764373032
1,"6"" Black Series",4,Galaxy,groupTable112,415,TCW 22,Quinlan Vos,,2026,1,27.99,45.99,18.0,45.99,6f133ee81183e7b7eb31c6b5455019a0,https://www.actionfigure411.com/star-wars/6-black-series/galaxy/quinlan-vos-12345.php,2026-01-01,Quinlan Vos,1.0
1,"6"" Black Series",4,Galaxy,groupTable112,416,TPM 01,Jar Jar Binks (Deluxe),,2021,7,29.99,20.93,-9.06,65.0,d72f445c347e8f265625a2f47f749137,https://www.actionfigure411.com/star-wars/6-black-series/galaxy/jar-jar-binks-deluxe-1539.php,2021-01-01,Jar Jar Binks,1.0000000000000002
1,"6"" Black Series",4,Galaxy,groupTable112,417,TPM 02,Anakin Skywalker,,2024,4,24.99,23.18,-1.81,25.99,02be8f6995407b3814af66a31276bfec,https://www.actionfigure411.com/star-wars/6-black-series/galaxy/anakin-skywalker-7475.php,2024-01-01,Anakin Skywalker,1.0000000000000002
1,"6"" Black Series",4,Galaxy,groupTable112,418,TPM 03,Padme Amidala,,2024,2,24.99,29.49,4.5,38.99,ed4d5ba553294f48a85aa49a1ed2c891,https://www.actionfigure411.com/star-wars/6-black-series/galaxy/padme-amidala-7474.php,2024-01-01,Padm  Amidala,0.7071067811865476
1,"6"" Black Series",4,Galaxy,groupTable112,420,TPM 05,Darth Maul,,2024,13,24.99,23.52,-1.47,34.95,093473432cafe574a9e7773bce2dbb4f,https://www.actionfigure411.com/star-wars/6-black-series/galaxy/darth-maul-8823.php,2024-01-01,Maul,0.7534510784814418
1,"6"" Black Series",4,Galaxy,groupTable112,421,TPM 06,Sebulba,,2025,2,24.99,23.5,-1.49,25.0,bb9a29cf7c3d943b5fb0414623546726,https://www.actionfigure411.com/star-wars/6-black-series/galaxy/sebulba-9025.php,2025-01-01,Sebulba,1.0
1,"6"" Black Series",4,Galaxy,groupTable112,422,TROS 01,Rey (Dark Side Vision),28,2021,7,22.99,12.71,-10.28,17.0,6441edf40ca8bb7e5748204493dfec19,https://www.actionfigure411.com/star-wars/6-black-series/galaxy/rey-dark-side-vision-1536.php,2021-01-01,Rey,1.0
1,"6"" Black Series",5,40th Anniversary,groupTable15,425,,Darth Vader Legacy Pack,,2017,7,39.99,14.35,-25.64,22.95,a363c7f38d8fcbd7592adbd97cf8f8eb,https://www.actionfigure411.com/star-wars/6-black-series/40th-anniversary/darth-vader-legacy-pack-276.php,2017-01-01,Darth Vader,1.0
1,"6"" Black Series",5,40th Anniversary,groupTable15,426,,Luke Skywalker X-Wing Pilot,,2017,6,24.99,77.72,52.73,114.35,d739da95dc3f24ef01715ca5e907d744,https://www.actionfigure411.com/star-wars/6-black-series/40th-anniversary/luke-skywalker-x-wing-pilot-274.php,2017-01-01,Luke Skywalker,0.8305905453308053
1,"6"" Black Series",5,40th Anniversary,groupTable15,427,,R5-D4,,2017,5,19.99,20.39,0.4,26.48,2da5f3221a093cbf4fd4255c97917e89,https://www.actionfigure411.com/star-wars/6-black-series/40th-anniversary/r5-d4-273.php,2017-01-01,R5-D4,1.0
1,"6"" Black Series",5,40th Anniversary,groupTable15,428,,Han Solo (ANH),1,2017,5,19.99,17.38,-2.61,26.0,5c6665799e1da2bc56dc67a17ff7d1a2,https://www.actionfigure411.com/star-wars/6-black-series/40th-anniversary/han-solo-anh-280.php,2017-01-01,Han Solo,1.0000000000000002
1,"6"" Black Series",5,40th Anniversary,groupTable15,429,,Luke Skywalker (ANH),1,2017,2,19.99,12.25,-7.74,13.99,e83835f553b4ad8cb28311d621c3a931,https://www.actionfigure411.com/star-wars/6-black-series/40th-anniversary/luke-skywalker-anh-269.php,2017-01-01,Luke Skywalker,1.0000000000000002
1,"6"" Black Series",5,40th Anniversary,groupTable15,430,,Obi Wan Kenobi ( $3.81),1,2017,10,19.99,35.25,15.26,40.0,556f1b7e048fe12dfc481b16524ca877,https://www.actionfigure411.com/star-wars/6-black-series/40th-anniversary/obi-wan-kenobi-271.php,2017-01-01,Obi-Wan Kenobi,0.8660254037844386
1,"6"" Black Series",5,40th Anniversary,groupTable15,431,,Princess Leia Organa (ANH),1,2017,4,19.99,18.25,-1.74,35.0,3f281d2311ecef97a26848aac0aa5e7f,https://www.actionfigure411.com/star-wars/6-black-series/40th-anniversary/princess-leia-organa-anh-270.php,2017-01-01,Leia Organa,1.0000000000000002
1,"6"" Black Series",5,40th Anniversary,groupTable15,432,,R2-D2 (ANH),1,2017,8,19.99,33.74,13.75,44.99,90bc71eff2caadd4db526525711b09aa,https://www.actionfigure411.com/star-wars/6-black-series/40th-anniversary/r2-d2-anh-278.php,2017-01-01,R2-D2,1.0
1,"6"" Black Series",5,40th Anniversary,groupTable15,435,,Chewbacca (ANH),2,2017,4,19.99,17.74,-2.25,20.0,190b5a010477b69ee25b3a73762c896b,https://www.actionfigure411.com/star-wars/6-black-series/40th-anniversary/chewbacca-anh-268.php,2017-01-01,Chewbacca,1.0
1,"6"" Black Series",5,40th Anniversary,groupTable15,439,,Boba Fett (SDCC ESB),,2019,3,24.99,118.33,93.34,130.0,5db3d4fdc22c69b3da061907750853ed,https://www.actionfigure411.com/star-wars/6-black-series/40th-anniversary/boba-fett-sdcc-esb-1248.php,2019-01-01,Boba Fett,1.0
1,"6"" Black Series",5,40th Anniversary,groupTable15,440,,4-LOM & Zuckuss 2 Pack,Amazon,2020,6,49.99,32.53,-17.46,48.99,2b9791d06bb702c6ac866418bae345de,https://www.actionfigure411.com/star-wars/6-black-series/40th-anniversary/4-lom-zuckuss-2-pack-1437.php,2020-01-01,Zuckuss,0.7273016634383198
1,"6"" Black Series",5,40th Anniversary,groupTable15,441,,Han Solo (Carbonite) ( $-1.05),Amazon,2020,19,14.99,30.39,15.4,40.0,3b4f020d958f6da58c222bcc6ee74a6f,https://www.actionfigure411.com/star-wars/6-black-series/40th-anniversary/han-solo-carbonite-1436.php,2020-01-01,Han Solo,1.0000000000000002
1,"6"" Black Series",5,40th Anniversary,groupTable15,443,,Boba Fett (ESB),3,2020,2,19.99,20.5,0.51,25.99,60339bcef95e34df1285a2c64a806ca1,https://www.actionfigure411.com/star-wars/6-black-series/40th-anniversary/boba-fett-esb-1461.php,2020-01-01,Boba Fett,1.0
1,"6"" Black Series",5,40th Anniversary,groupTable15,444,,Chewbacca (ESB),3,2020,3,19.99,16.0,-3.99,18.0,0f9b389f73f833af45f619137adac54c,https://www.actionfigure411.com/star-wars/6-black-series/40th-anniversary/chewbacca-esb-1463.php,2020-01-01,Chewbacca,1.0
1,"6"" Black Series",5,40th Anniversary,groupTable15,445,,Darth Vader (ESB),3,2020,5,19.99,17.38,-2.61,24.95,a4fafd5d305e36bab6299c4b35a7d7aa,https://www.actionfigure411.com/star-wars/6-black-series/40th-anniversary/darth-vader-esb-1465.php,2020-01-01,Darth Vader,1.0
1,"6"" Black Series",5,40th Anniversary,groupTable15,446,,Han Solo (Bespin),3,2020,1,19.99,15.0,-4.99,15.0,0c74d539340cd554474a99ef99f9f21e,https://www.actionfigure411.com/star-wars/6-black-series/40th-anniversary/han-solo-bespin-1368.php,2020-01-01,Han Solo,1.0000000000000002
1,"6"" Black Series",5,40th Anniversary,groupTable15,447,,Luke Skywalker (Bespin),3,2020,3,19.99,23.66,3.67,30.0,1f600debc405fcaf0d5f22c3d34071b1,https://www.actionfigure411.com/star-wars/6-black-series/40th-anniversary/luke-skywalker-bespin-1371.php,2020-01-01,Luke Skywalker,1.0000000000000002
1,"6"" Black Series",5,40th Anniversary,groupTable15,448,,Luke Skywalker (Dagobah),3,2020,2,19.99,15.5,-4.49,19.0,83856fea5a09ca56a59193577ad505b9,https://www.actionfigure411.com/star-wars/6-black-series/40th-anniversary/luke-skywalker-dagobah-1462.php,2020-01-01,Luke Skywalker,1.0000000000000002
1,"6"" Black Series",5,40th Anniversary,groupTable15,449,,Princess Leia Organa (Hoth),3,2020,1,19.99,20.0,0.01,20.0,6ca115bf0951603cd33d14d8432f80ab,https://www.actionfigure411.com/star-wars/6-black-series/40th-anniversary/princess-leia-organa-hoth-1367.php,2020-01-01,Leia Organa,1.0000000000000002
1,"6"" Black Series",5,40th Anniversary,groupTable15,451,,Yoda (Dagobah),3,2020,8,19.99,20.93,0.94,34.99,765f5b6dcfacebcbffcb091d4968a6ca,https://www.actionfigure411.com/star-wars/6-black-series/40th-anniversary/yoda-dagobah-1370.php,2020-01-01,Yoda,1.0
1,"6"" Black Series",5,40th Anniversary,groupTable15,452,,Lando Calrissian,4,2020,2,19.99,14.54,-5.45,15.99,b9c75178ec6f0c6a6eb1f0937ce9e6f0,https://www.actionfigure411.com/star-wars/6-black-series/40th-anniversary/lando-calrissian-1376.php,2020-01-01,Lando Calrissian,1.0000000000000002
1,"6"" Black Series",5,40th Anniversary,groupTable15,453,,Luke Skywalker (Snowspeeder),4,2020,7,19.99,22.27,2.28,26.0,3a2b5073832f9f5a495d1ab48fc3a6e6,https://www.actionfigure411.com/star-wars/6-black-series/40th-anniversary/luke-skywalker-snowspeeder-1373.php,2020-01-01,Luke Skywalker,1.0000000000000002
1,"6"" Black Series",5,40th Anniversary,groupTable15,454,,R2-D2 (ESB),4,2020,3,19.99,19.82,-0.17,23.99,a1fb17fa140a3371e4cff9ea01f00ad8,https://www.actionfigure411.com/star-wars/6-black-series/40th-anniversary/r2-d2-esb-1372.php,2020-01-01,R2-D2,1.0
1,"6"" Black Series",5,40th Anniversary,groupTable15,457,,Admiral Ackbar,Pulse,2022,6,27.99,17.25,-10.74,30.0,0d1a9335d77b79d6e7210966318bea2b,https://www.actionfigure411.com/star-wars/6-black-series/40th-anniversary/admiral-ackbar-4826.php,2022-01-01,Admiral Ackbar,1.0
1,"6"" Black Series",5,40th Anniversary,groupTable15,459,,Anakin Skywalker (Force Spirit),,2023,1,0.0,26.0,26.0,26.0,fd59b0d5bffdd2c235f6dd48f65e5271,https://www.actionfigure411.com/star-wars/6-black-series/40th-anniversary/anakin-skywalker-force-spirit-7120.php,2023-01-01,Anakin Skywalker,1.0000000000000002
1,"6"" Black Series",5,40th Anniversary,groupTable15,460,,Boba Fett (ROTJ),,2023,12,33.99,15.8,-18.19,20.0,9b8a56b4a15879278e6c579f916026a4,https://www.actionfigure411.com/star-wars/6-black-series/40th-anniversary/boba-fett-rotj-5453.php,2023-01-01,Boba Fett,1.0
1,"6"" Black Series",5,40th Anniversary,groupTable15,462,,Obi-Wan Kenobi (Force Spirit),,2023,2,0.0,14.7,14.7,15.0,c1770128aafe10913da7da7df65bd9be,https://www.actionfigure411.com/star-wars/6-black-series/40th-anniversary/obi-wan-kenobi-force-spirit-7122.php,2023-01-01,Obi-Wan Kenobi,1.0
1,"6"" Black Series",5,40th Anniversary,groupTable15,465,,Yoda (Force Spirit),,2023,2,0.0,17.14,17.14,18.0,0a0f09fcf68a0ac99571306624cca309,https://www.actionfigure411.com/star-wars/6-black-series/40th-anniversary/yoda-force-spirit-7121.php,2023-01-01,Yoda,1.0
1,"6"" Black Series",5,40th Anniversary,groupTable15,467,,Han Solo (Endor),5,2023,5,24.99,15.21,-9.78,19.0,e8448322f4cdf4f17b86dc17af1d8f4b,https://www.actionfigure411.com/star-wars/6-black-series/40th-anniversary/han-solo-endor-5273.php,2023-01-01,Han Solo,1.0000000000000002
1,"6"" Black Series",5,40th Anniversary,groupTable15,468,,Lando Calrissian (Skiff Guard),5,2023,3,24.99,13.99,-11.0,14.99,de0c80a186efa118e17c6407829cd340,https://www.actionfigure411.com/star-wars/6-black-series/40th-anniversary/lando-calrissian-skiff-guard-5272.php,2023-01-01,Lando Calrissian,0.816496580927726
1,"6"" Black Series",5,40th Anniversary,groupTable15,469,,Princess Leia (Endor),5,2023,5,24.99,12.45,-12.54,18.32,fc00614a3562b70f375bd6c39063b713,https://www.actionfigure411.com/star-wars/6-black-series/40th-anniversary/princess-leia-endor-5274.php,2023-01-01,Leia Organa,0.7419392967573335
1,"6"" Black Series",5,40th Anniversary,groupTable15,470,,Wicket,5,2023,8,24.99,20.42,-4.57,40.0,8da2e031fd95ce5c2bd2082c69168670,https://www.actionfigure411.com/star-wars/6-black-series/40th-anniversary/wicket-5275.php,2023-01-01,Wicket W  Warrick,0.7071067811865476
1,"6"" Black Series",5,40th Anniversary,groupTable15,471,,Bib Fortuna,6,2023,3,24.99,16.16,-8.83,24.99,fd6590b677c9d676695772adc13292d0,https://www.actionfigure411.com/star-wars/6-black-series/40th-anniversary/bib-fortuna-5541.php,2023-01-01,Bib Fortuna,1.0
1,"6"" Black Series",5,40th Anniversary,groupTable15,472,,Chewbacca (ROTJ),6,2023,2,24.99,13.99,-11.0,14.99,468b45f3ae70e87f66b7db646d482929,https://www.actionfigure411.com/star-wars/6-black-series/40th-anniversary/chewbacca-rotj-5542.php,2023-01-01,Chewbacca,1.0
1,"6"" Black Series",5,40th Anniversary,groupTable15,474,,Paploo,6,2023,2,24.99,12.49,-12.5,14.99,e91748264a5c7cba4324ad0ca10ad0e7,https://www.actionfigure411.com/star-wars/6-black-series/40th-anniversary/paploo-5544.php,2023-01-01,Paploo,1.0
1,"6"" Black Series",5,40th Anniversary,groupTable15,476,,Darth Vader (ROTJ),7,2023,6,24.99,66.17,41.18,89.99,9ac8a041036d0dbc9a96a76a882afe01,https://www.actionfigure411.com/star-wars/6-black-series/40th-anniversary/darth-vader-rotj-6387.php,2023-01-01,Darth Vader,1.0
1,"6"" Black Series",5,40th Anniversary,groupTable15,478,,Luke Skywalker (Jedi Knight),7,2023,3,24.99,34.98,9.99,38.95,5e85c82f45f72d4bcc04d350caedc44a,https://www.actionfigure411.com/star-wars/6-black-series/40th-anniversary/luke-skywalker-jedi-knight-6386.php,2023-01-01,Luke Skywalker,1.0000000000000002
1,"6"" Black Series",5,40th Anniversary,groupTable15,479,,R2-D2 (ROTJ),7,2023,4,24.99,37.24,12.25,49.99,26fb7ca22ecd743b326bf3cbc8e042b4,https://www.actionfigure411.com/star-wars/6-black-series/40th-anniversary/r2-d2-rotj-6385.php,2023-01-01,R2-D2,1.0
1,"6"" Black Series",6,50th Anniversary,groupTable122,480,,Anakin Skywalker (Clone Wars),Target,2021,7,24.99,37.21,12.22,44.0,ecb7593dc28619b6e97990ba7cc913df,https://www.actionfigure411.com/star-wars/6-black-series/50th-anniversary/anakin-skywalker-clone-wars-2378.php,2021-01-01,Anakin Skywalker,0.9063448899144573
1,"6"" Black Series",6,50th Anniversary,groupTable122,482,,Battle Droid (TPM),Bestbuy,2021,2,24.99,16.7,-8.29,17.0,83646582862b009ef95b9ac4d0eb3b2b,https://www.actionfigure411.com/star-wars/6-black-series/50th-anniversary/battle-droid-tpm-1643.php,2021-01-01,Battle Droid 513,0.7892379838534719
1,"6"" Black Series",6,50th Anniversary,groupTable122,483,,Boba Fett (Droids),Target,2021,10,26.49,15.82,-10.67,26.49,854b783ef585c64ab71f88567c235d5f,https://www.actionfigure411.com/star-wars/6-black-series/50th-anniversary/boba-fett-droids-3283.php,2021-01-01,Boba Fett,0.808724952682001
1,"6"" Black Series",6,50th Anniversary,groupTable122,485,,Greedo (POTF2),Pulse,2021,1,26.99,17.99,-9.0,17.99,ea7364054f59cb61b22566e48fcb3db7,https://www.actionfigure411.com/star-wars/6-black-series/50th-anniversary/greedo-potf2-2719.php,2021-01-01,Greedo,1.0
1,"6"" Black Series",6,50th Anniversary,groupTable122,486,,Greedo (Kenner),Amazon,2021,4,19.99,22.63,2.64,25.0,1c9be0bce838da47dd695c8b377e0899,https://www.actionfigure411.com/star-wars/6-black-series/50th-anniversary/greedo-kenner-1640.php,2021-01-01,Greedo,1.0
1,"6"" Black Series",6,50th Anniversary,groupTable122,487,,Han Solo (POTF2),Pulse,2021,4,26.99,20.0,-6.99,25.0,9f952388ece6aa7a2c12b4a4ea3c772f,https://www.actionfigure411.com/star-wars/6-black-series/50th-anniversary/han-solo-potf2-2718.php,2021-01-01,Han Solo,1.0000000000000002
1,"6"" Black Series",6,50th Anniversary,groupTable122,488,,Jar Jar Binks (Clone Wars),Bestbuy,2021,2,29.99,13.75,-16.24,15.5,7f8a6d81bc2b98606bfab011ea447617,https://www.actionfigure411.com/star-wars/6-black-series/50th-anniversary/jar-jar-binks-clone-wars-1644.php,2021-01-01,Jar Jar Binks,0.9627114871274224
1,"6"" Black Series",6,50th Anniversary,groupTable122,490,,Obi-Wan Kenobi (Kenner),Amazon,2021,7,19.99,33.28,13.29,99.99,4f02cdaa4687507004485ba4626d29a6,https://www.actionfigure411.com/star-wars/6-black-series/50th-anniversary/obi-wan-kenobi-kenner-1639.php,2021-01-01,Obi-Wan Kenobi,1.0
1,"6"" Black Series",6,50th Anniversary,groupTable122,491,,Luke Skywalker (POTF2),Pulse,2021,2,26.99,12.88,-14.11,14.75,5a9906affbc19d72fb4d4c8ee8b3f265,https://www.actionfigure411.com/star-wars/6-black-series/50th-anniversary/luke-skywalker-potf2-2720.php,2021-01-01,Luke Skywalker,1.0000000000000002
1,"6"" Black Series",6,50th Anniversary,groupTable122,492,,Mace Windu (TPM),Bestbuy,2021,3,24.99,32.66,7.67,44.0,7be4535bbf42a430b79d2d1adb9f5ece,https://www.actionfigure411.com/star-wars/6-black-series/50th-anniversary/mace-windu-tpm-1641.php,2021-01-01,Mace Windu,1.0000000000000002
1,"6"" Black Series",6,50th Anniversary,groupTable122,493,,Obi-Wan Kenobi (Clone Wars),Target,2021,6,24.99,51.09,26.1,70.0,cb3473ea7da65819584b1b7cd32c14b9,https://www.actionfigure411.com/star-wars/6-black-series/50th-anniversary/obi-wan-kenobi-clone-wars-2379.php,2021-01-01,Obi-Wan Kenobi,0.9400515398588116
1,"6"" Black Series",6,50th Anniversary,groupTable122,494,,Qui-Gon Jinn (TPM),Bestbuy,2021,9,24.99,37.16,12.17,55.0,e5b901b18a3326ec976bba704193c67a,https://www.actionfigure411.com/star-wars/6-black-series/50th-anniversary/qui-gon-jinn-tpm-1642.php,2021-01-01,Qui-Gon Jinn,1.0
1,"6"" Black Series",6,50th Anniversary,groupTable122,495,,Carnor Jax (Comic),1,2021,5,24.99,10.89,-14.1,15.0,4628c73d9fa08435fb86bf72f6e8a516,https://www.actionfigure411.com/star-wars/6-black-series/50th-anniversary/carnor-jax-comic-2052.php,2021-01-01,Jax,1.0
1,"6"" Black Series",6,50th Anniversary,groupTable122,496,,Darth Maul (Comic),1,2021,4,24.99,18.91,-6.08,27.98,01ac3c1d6ba5fb83638521b726e26466,https://www.actionfigure411.com/star-wars/6-black-series/50th-anniversary/darth-maul-comic-2054.php,2021-01-01,Maul,0.7534510784814418
1,"6"" Black Series",6,50th Anniversary,groupTable122,498,,Luke Skywalker & Ysalamiri (Comic),1,2021,5,24.99,10.99,-14.0,16.0,5662c0f35a4ee7ce7732735104154159,https://www.actionfigure411.com/star-wars/6-black-series/50th-anniversary/luke-skywalker-ysalamiri-comic-2051.php,2021-01-01,Luke Skywalker,1.0000000000000002
1,"6"" Black Series",6,50th Anniversary,groupTable122,499,,Arc Trooper (Clone Wars Tartakovsky),Walmart,2022,5,26.48,31.3,4.82,39.99,96f5e699f619e0adb8984a2b6a3c2761,https://www.actionfigure411.com/star-wars/6-black-series/50th-anniversary/arc-trooper-clone-wars-tartakovsky-2877.php,2022-01-01,Clone X trooper,0.7066658179760842
1,"6"" Black Series",6,50th Anniversary,groupTable122,500,,General Grievous (Clone Wars Tartakovsky),Walmart,2022,5,26.48,29.57,3.09,38.88,1c9b23b581866e40cca87ea798a9261f,https://www.actionfigure411.com/star-wars/6-black-series/50th-anniversary/general-grievous-clone-wars-tartakovsky-2879.php,2022-01-01,General Grievous,0.8879854920732977
1,"6"" Black Series",6,50th Anniversary,groupTable122,502,,Infinities Darth Vader (Comic),,2022,6,27.99,24.83,-3.16,50.0,60e5ef40c439f563c284788cae91d80a,https://www.actionfigure411.com/star-wars/6-black-series/50th-anniversary/infinities-darth-vader-comic-4126.php,2022-01-01,Darth Vader,1.0
1,"6"" Black Series",6,50th Anniversary,groupTable122,503,,Princess Leia Organa (Yavin 4 - POTF2),Pulse,2022,2,29.99,8.5,-21.49,11.0,016337d449cdf67eca79446690a481e9,https://www.actionfigure411.com/star-wars/6-black-series/50th-anniversary/princess-leia-organa-yavin-4-potf2-3647.php,2022-01-01,Leia Organa,1.0000000000000002
1,"6"" Black Series",6,50th Anniversary,groupTable122,504,,Mace Windu (Clone Wars Tartakovsky),Walmart,2022,2,26.48,17.5,-8.98,24.99,a4f13a1e3769c8c85465d5617a77d3f9,https://www.actionfigure411.com/star-wars/6-black-series/50th-anniversary/mace-windu-clone-wars-tartakovsky-2878.php,2022-01-01,Mace Windu,0.9138559181633102
1,"6"" Black Series",6,50th Anniversary,groupTable122,505,,Princess Leia Organa (Comic),,2022,4,27.99,20.17,-7.82,20.99,77c7044a4641e8f28d6b40dfd6ac74b5,https://www.actionfigure411.com/star-wars/6-black-series/50th-anniversary/princess-leia-organa-comic-4127.php,2022-01-01,Leia Organa,1.0000000000000002
1,"6"" Black Series",6,50th Anniversary,groupTable122,507,,Black Krrsantan (Comic),,2023,2,27.99,12.98,-15.01,13.0,2ed6c45e4b97e97b7319e87a47b5053b,https://www.actionfigure411.com/star-wars/6-black-series/50th-anniversary/black-krrsantan-comic-3990.php,2023-01-01,Krrsantan,1.0
1,"6"" Black Series",6,50th Anniversary,groupTable122,508,,Boba Fett (In Disguise - Comic),,2023,5,27.99,32.68,4.69,39.95,5e0bdf13ed264547b52feab3b6a225ac,https://www.actionfigure411.com/star-wars/6-black-series/50th-anniversary/boba-fett-in-disguise-comic-4475.php,2023-01-01,Boba Fett,1.0
1,"6"" Black Series",6,50th Anniversary,groupTable122,511,,SCAR Trooper Mic (Comic),,2023,6,27.99,24.15,-3.84,27.99,3624143880b52d869a835755ef0b8a33,https://www.actionfigure411.com/star-wars/6-black-series/50th-anniversary/scar-trooper-mic-comic-5505.php,2023-01-01,Clone X trooper,0.7772933980533595
1,"6"" Black Series",7,Exclusives,groupTable4,512,,Boba Fett and Han Carbonite,SDCC,2013,2,44.99,100.0,55.01,100.0,161e2063b1ca68f171bfaef58f78ad52,https://www.actionfigure411.com/star-wars/6-black-series/exclusives/boba-fett-and-han-carbonite-51.php,2013-01-01,Boba Fett,0.7194817831545127
1,"6"" Black Series",7,Exclusives,groupTable4,514,,Boba Fett Prototype,Walgreens,2014,9,19.99,17.27,-2.72,21.99,5f10dd25c3ae1f3e024e0c30b1992a30,https://www.actionfigure411.com/star-wars/6-black-series/exclusives/boba-fett-prototype-54.php,2014-01-01,Boba Fett,1.0
1,"6"" Black Series",7,Exclusives,groupTable4,515,,Jabba Hutt SDCC,SDCC,2014,2,64.99,100.0,35.01,120.0,c3b42f87f7927b33df7cb2cc3ee0f6f3,https://www.actionfigure411.com/star-wars/6-black-series/exclusives/jabba-hutt-sdcc-52.php,2014-01-01,Jabba the Hutt,0.8946176412432965
1,"6"" Black Series",7,Exclusives,groupTable4,518,,Battlefront Shock Trooper,Walmart,2015,6,19.99,19.52,-0.47,25.0,2c065b45f40d43d7344bcecb86284c7a,https://www.actionfigure411.com/star-wars/6-black-series/exclusives/battlefront-shock-trooper-58.php,2015-01-01,Clone X trooper,0.7772933980533595
1,"6"" Black Series",7,Exclusives,groupTable4,519,,Chewbacca Prototype Set (Hasbro Employee Gift),Employee,2015,1,0.0,1975.0,1975.0,1975.0,59482481b4b03e9f3b74ef923ffbab5f,https://www.actionfigure411.com/star-wars/6-black-series/exclusives/chewbacca-prototype-set-hasbro-employee-gift-7337.php,2015-01-01,Chewbacca,1.0
1,"6"" Black Series",7,Exclusives,groupTable4,520,,Darth Vader Emperor's Wrath,Walgreens,2015,8,19.99,16.49,-3.5,49.95,65166745a6a545fbd0d789a8f7261482,https://www.actionfigure411.com/star-wars/6-black-series/exclusives/darth-vader-emperors-wrath-57.php,2015-01-01,Darth Vader,0.7986750358205664
1,"6"" Black Series",7,Exclusives,groupTable4,522,,First Order Stormtrooper SDCC,SDCC,2015,4,19.99,22.5,2.51,30.0,3cb2f4bda1ea705ed35e1a52af1290ac,https://www.actionfigure411.com/star-wars/6-black-series/exclusives/first-order-stormtrooper-sdcc-53.php,2015-01-01,First Order Raiders,0.794103136389463
1,"6"" Black Series",7,Exclusives,groupTable4,523,,Kylo Ren Starkiller Base,K-Mart,2015,8,24.99,16.28,-8.71,21.99,3569c1c9d1bbab2d97a96614cf1a641c,https://www.actionfigure411.com/star-wars/6-black-series/exclusives/kylo-ren-starkiller-base-55.php,2015-01-01,Supreme Leader Kylo Ren,0.7345111134705395
1,"6"" Black Series",7,Exclusives,groupTable4,526,,Poe Dameron & Riot Control Stormtrooper,Target,2015,1,39.99,20.0,-19.99,20.0,4983cd464d2f4dc71ed3b0d0161036c0,https://www.actionfigure411.com/star-wars/6-black-series/exclusives/poe-dameron-riot-control-stormtrooper-68.php,2015-01-01,Poe Dameron,1.0000000000000002
1,"6"" Black Series",7,Exclusives,groupTable4,532,,Jyn Erso Kmart,Kmart,2016,2,24.99,12.29,-12.7,14.59,647fc811921b366aa2e41eaa2bbb048f,https://www.actionfigure411.com/star-wars/6-black-series/exclusives/jyn-erso-kmart-152.php,2016-01-01,Jyn Erso,1.0000000000000002
1,"6"" Black Series",7,Exclusives,groupTable4,533,,Jyn Erso SDCC,SDCC,2016,1,24.99,24.99,0.0,24.99,65b7ce3591beb0b8a8af665fbcc20aaf,https://www.actionfigure411.com/star-wars/6-black-series/exclusives/jyn-erso-sdcc-144.php,2016-01-01,Jyn Erso,1.0000000000000002
1,"6"" Black Series",7,Exclusives,groupTable4,534,,Kylo Ren Unmasked (SDCC),SDCC,2016,5,34.99,37.19,2.2,45.99,697e0f596123a85dd9e182cde3143ac1,https://www.actionfigure411.com/star-wars/6-black-series/exclusives/kylo-ren-unmasked-sdcc-139.php,2016-01-01,Supreme Leader Kylo Ren,0.7345111134705395
1,"6"" Black Series",7,Exclusives,groupTable4,535,,Obi Wan Kenobi (SDCC),SDCC,2016,6,44.99,63.5,18.51,77.0,fc71ba5159961a75b795c059a8928780,https://www.actionfigure411.com/star-wars/6-black-series/exclusives/obi-wan-kenobi-sdcc-138.php,2016-01-01,Obi-Wan Kenobi,1.0
1,"6"" Black Series",7,Exclusives,groupTable4,536,,Rey Starkiller Base,K-Mart,2016,1,24.99,12.0,-12.99,12.0,89b9edf4fc25a376a1df2187dbaad5fc,https://www.actionfigure411.com/star-wars/6-black-series/exclusives/rey-starkiller-base-61.php,2016-01-01,Rey,1.0
1,"6"" Black Series",7,Exclusives,groupTable4,539,,Imperial AT-ACT Driver,Target,2017,1,19.99,24.98,4.99,24.98,d80204c35e0720e70c00b729b37a8278,https://www.actionfigure411.com/star-wars/6-black-series/exclusives/imperial-at-act-driver-282.php,2017-01-01,Imperial Juggernaut driver,0.808724952682001
1,"6"" Black Series",7,Exclusives,groupTable4,541,,Captain Rex,HasCon,2017,8,24.99,67.74,42.75,80.0,43536e4b70a1acae7a5e6418cfd26579,https://www.actionfigure411.com/star-wars/6-black-series/exclusives/captain-rex-355.php,2017-01-01,Clone Captain Rex,0.8832546586179191
1,"6"" Black Series",7,Exclusives,groupTable4,542,,Commander Gree,Toys R Us,2017,17,24.99,29.87,4.88,39.95,9beb8337892c0cc284cef40d3a7dc0ba,https://www.actionfigure411.com/star-wars/6-black-series/exclusives/commander-gree-343.php,2017-01-01,Clone Commander Gree,0.8879854920732977
1,"6"" Black Series",7,Exclusives,groupTable4,543,,Elite Praetorian Guard (Heavy Blade),Amazon,2017,4,19.99,29.37,9.38,32.5,30c02299fd43b9a84bdc552b6490298b,https://www.actionfigure411.com/star-wars/6-black-series/exclusives/elite-praetorian-guard-heavy-blade-664.php,2017-01-01,Pyke Guard,0.7534510784814418
1,"6"" Black Series",7,Exclusives,groupTable4,544,,First Order Stormtrooper with Gear,Amazon,2017,3,34.99,30.25,-4.74,35.75,05fc1cbc0024a5798e57e58f0b196ae5,https://www.actionfigure411.com/star-wars/6-black-series/exclusives/first-order-stormtrooper-with-gear-663.php,2017-01-01,First Order Raiders,0.794103136389463
1,"6"" Black Series",7,Exclusives,groupTable4,545,,First Order Stormtrooper Executioner,Target,2017,1,19.99,7.0,-12.99,7.0,1b7c2531d3aaed8114a6c1881e3be7a0,https://www.actionfigure411.com/star-wars/6-black-series/exclusives/first-order-stormtrooper-executioner-655.php,2017-01-01,First Order Raiders,0.794103136389463
1,"6"" Black Series",7,Exclusives,groupTable4,547,,Kylo Ren in Throne Room,Walmart,2017,13,34.99,27.02,-7.97,35.99,61ce0b2e14749e99b49290b0cb7bae9c,https://www.actionfigure411.com/star-wars/6-black-series/exclusives/kylo-ren-in-throne-room-669.php,2017-01-01,Supreme Leader Kylo Ren,0.7345111134705395
1,"6"" Black Series",7,Exclusives,groupTable4,548,,Luke Skywalker (Jedi Master) on Ahch-To Island,Target,2017,1,34.99,12.99,-22.0,12.99,40686f42c9ec289e64ae35c02b305220,https://www.actionfigure411.com/star-wars/6-black-series/exclusives/luke-skywalker-jedi-master-on-ahch-to-island-666.php,2017-01-01,Luke Skywalker,0.8191816100989555
1,"6"" Black Series",7,Exclusives,groupTable4,550,,X-34 Landspeeder and Luke Skywalker (SDCC),SDCC,2017,4,89.99,72.75,-17.24,80.0,4831ddb10db7cdc945fc074f4b6d88db,https://www.actionfigure411.com/star-wars/6-black-series/exclusives/x-34-landspeeder-and-luke-skywalker-sdcc-342.php,2017-01-01,Luke Skywalker,0.8394172430048368
1,"6"" Black Series",7,Exclusives,groupTable4,551,,Obi-Wan Kenobi (Force Spirit),Walgreens,2017,4,19.99,13.85,-6.14,18.0,a0b64c991f3ccc3b4a3703028c445c68,https://www.actionfigure411.com/star-wars/6-black-series/exclusives/obi-wan-kenobi-force-spirit-668.php,2017-01-01,Obi-Wan Kenobi,1.0
1,"6"" Black Series",7,Exclusives,groupTable4,552,,Rey on Crait,Toys R Us,2017,2,34.99,10.75,-24.24,11.5,c131e5d702795fc0e35d05cee0327b36,https://www.actionfigure411.com/star-wars/6-black-series/exclusives/rey-on-crait-667.php,2017-01-01,Rey,1.0
1,"6"" Black Series",7,Exclusives,groupTable4,553,,Supreme Leader Snoke & Throne,Gamestop,2017,9,34.99,25.3,-9.69,30.0,56b43b2aecb39d16d31e0fc4f0912d7e,https://www.actionfigure411.com/star-wars/6-black-series/exclusives/supreme-leader-snoke-throne-665.php,2017-01-01,Supreme Leader Snoke,1.0
1,"6"" Black Series",7,Exclusives,groupTable4,554,,Grand Admiral Thrawn (SDCC),SDCC,2017,4,49.99,112.5,62.51,125.0,ed05f96c2489ed580cc29efa876d44c2,https://www.actionfigure411.com/star-wars/6-black-series/exclusives/grand-admiral-thrawn-sdcc-346.php,2017-01-01,Grand Admiral Thrawn,1.0
1,"6"" Black Series",7,Exclusives,groupTable4,555,,Admiral Piett,Fan,2018,9,21.99,22.32,0.33,33.0,5b5db22bf919a9f9a42c62cbada86299,https://www.actionfigure411.com/star-wars/6-black-series/exclusives/admiral-piett-1049.php,2018-01-01,Admiral Piett,1.0
1,"6"" Black Series",7,Exclusives,groupTable4,557,,Captain Phasma (Quicksilver Baton),Disney,2018,5,19.99,15.08,-4.91,19.95,3a43db874b70bd30e844ebbad6137c83,https://www.actionfigure411.com/star-wars/6-black-series/exclusives/captain-phasma-quicksilver-baton-1088.php,2018-01-01,Captain Phasma,1.0
1,"6"" Black Series",7,Exclusives,groupTable4,558,,Chewbacca (Goggles),Target,2018,7,19.99,17.53,-2.46,25.0,d863f6f2abc50ea87fedc32398ffbd38,https://www.actionfigure411.com/star-wars/6-black-series/exclusives/chewbacca-goggles-1042.php,2018-01-01,Chewbacca,1.0
1,"6"" Black Series",7,Exclusives,groupTable4,559,,Commander Wolffe,Gamestop,2018,12,24.99,18.43,-6.56,24.0,1d31d4af99f6b724e230b5801ad980c1,https://www.actionfigure411.com/star-wars/6-black-series/exclusives/commander-wolffe-1017.php,2018-01-01,Clone Commander Wolffe,0.8879854920732977
1,"6"" Black Series",7,Exclusives,groupTable4,561,,General Veers,Walgreens,2018,14,19.99,30.79,10.8,39.95,156ba292cdc0b4a91fbd5565006f97c6,https://www.actionfigure411.com/star-wars/6-black-series/exclusives/general-veers-1057.php,2018-01-01,General Veers,0.9999999999999998
1,"6"" Black Series",7,Exclusives,groupTable4,563,,Han Solo & Mynock,SDCC,2018,4,34.99,30.78,-4.21,40.49,9ce7317590ebcb13212dd3b79cdb35cc,https://www.actionfigure411.com/star-wars/6-black-series/exclusives/han-solo-mynock-1078.php,2018-01-01,Han Solo,1.0000000000000002
1,"6"" Black Series",7,Exclusives,groupTable4,564,,Princess Leia (Bespin Outfit),Target,2018,10,19.99,20.18,0.19,27.99,cd61306f53cfeab287a01f0b37b0671f,https://www.actionfigure411.com/star-wars/6-black-series/exclusives/princess-leia-bespin-outfit-1056.php,2018-01-01,Leia Organa,0.7419392967573335
1,"6"" Black Series",7,Exclusives,groupTable4,566,,Moloch Chronos,Target,2018,1,29.99,17.99,-12.0,17.99,6cff250bc0926677ce91d870a99139a5,https://www.actionfigure411.com/star-wars/6-black-series/exclusives/moloch-chronos-1058.php,2018-01-01,Moloch,1.0
1,"6"" Black Series",7,Exclusives,groupTable4,567,,Rey & Kylo Starkiller Base Centerpiece,SDCC,2018,1,109.99,119.99,10.0,119.99,31976048136708e598d71abc8fc99f59,https://www.actionfigure411.com/star-wars/6-black-series/exclusives/rey-kylo-starkiller-base-centerpiece-1079.php,2018-01-01,Rey,0.7071067811865476
1,"6"" Black Series",7,Exclusives,groupTable4,568,,Zuckuss,Toys R Us,2018,12,19.99,17.67,-2.32,27.95,eec6d0f5407e50f7ee14d5ea335fe21a,https://www.actionfigure411.com/star-wars/6-black-series/exclusives/zuckuss-1018.php,2018-01-01,Zuckuss,1.0
1,"6"" Black Series",7,Exclusives,groupTable4,569,,C-3PO & Babu Frik,Target,2019,10,19.99,23.81,3.82,35.0,3d0d39ce51f96311194206761fa67ce2,https://www.actionfigure411.com/star-wars/6-black-series/exclusives/c-3po-babu-frik-1325.php,2019-01-01,Babu Frik,0.816496580927726
1,"6"" Black Series",7,Exclusives,groupTable4,570,,Chewbacca & C-3PO,Amazon,2019,6,49.99,37.45,-12.54,46.99,3bf0e0d8fc74f7caa07542d7ffd780ba,https://www.actionfigure411.com/star-wars/6-black-series/exclusives/chewbacca-c-3po-1345.php,2019-01-01,Chewbacca,0.7071067811865476
1,"6"" Black Series",7,Exclusives,groupTable4,571,,Clone Commander Fox,Gamestop,2019,13,19.99,25.93,5.94,35.99,5c8515b2c68a006c28e38c687d898be7,https://www.actionfigure411.com/star-wars/6-black-series/exclusives/clone-commander-fox-1319.php,2019-01-01,Clone Commander Fox,0.9999999999999998
1,"6"" Black Series",7,Exclusives,groupTable4,572,,Clone Commander Obi Wan Kenobi,Walgreens,2019,10,19.99,31.52,11.53,39.95,2c9b5fd009ec34e52c1231f6d7149e67,https://www.actionfigure411.com/star-wars/6-black-series/exclusives/clone-commander-obi-wan-kenobi-1247.php,2019-01-01,Obi-Wan Kenobi,0.8807962922858121
1,"6"" Black Series",7,Exclusives,groupTable4,574,,Emperor Palpatine with Throne,Amazon,2019,7,39.99,52.78,12.79,75.99,e04c0d4af010069e0877cc81718e45b4,https://www.actionfigure411.com/star-wars/6-black-series/exclusives/emperor-palpatine-with-throne-1236.php,2019-01-01,Emperor Palpatine (Darth Sidious),0.7291766797036204
1,"6"" Black Series",7,Exclusives,groupTable4,575,,First Order Elite Snowtrooper,Target,2019,3,24.99,8.32,-16.67,9.99,17ee92ceb2845aadda6bb181199ae3d3,https://www.actionfigure411.com/star-wars/6-black-series/exclusives/first-order-elite-snowtrooper-1315.php,2019-01-01,First Order Raiders,0.794103136389463
1,"6"" Black Series",7,Exclusives,groupTable4,576,,IG-11,Bestbuy,2019,9,19.99,17.92,-2.07,45.0,1d079b70a2b4ea8f2062127ff8434e45,https://www.actionfigure411.com/star-wars/6-black-series/exclusives/ig-11-1326.php,2019-01-01,IG-11,1.0000000000000002
1,"6"" Black Series",7,Exclusives,groupTable4,578,,Luke Skywalker (Death Star Escape),Target,2019,4,24.99,17.49,-7.5,25.0,52de7e591f20d8cd3dba2516fd12cd5d,https://www.actionfigure411.com/star-wars/6-black-series/exclusives/luke-skywalker-death-star-escape-1226.php,2019-01-01,Luke Skywalker,1.0000000000000002
1,"6"" Black Series",7,Exclusives,groupTable4,579,,Luke Skywalker (Skywalker Strikes),Hasbro,2019,8,29.99,12.87,-17.12,19.99,5db33030bd8c84892ba8081a652fdf73,https://www.actionfigure411.com/star-wars/6-black-series/exclusives/luke-skywalker-skywalker-strikes-1317.php,2019-01-01,Luke Skywalker,0.9458527203533693
1,"6"" Black Series",7,Exclusives,groupTable4,580,,Luke Skywalker (Jedi Knight),Walmart,2019,12,19.99,24.65,4.66,39.99,7047b306f211faa8ac28b5e844e205ca,https://www.actionfigure411.com/star-wars/6-black-series/exclusives/luke-skywalker-jedi-knight-1320.php,2019-01-01,Luke Skywalker,1.0000000000000002
1,"6"" Black Series",7,Exclusives,groupTable4,583,,Red Sith Trooper,SDCC,2019,1,32.0,39.99,7.99,39.99,3a78a82cf9cf048eb4ed845242a4cc5b,https://www.actionfigure411.com/star-wars/6-black-series/exclusives/red-sith-trooper-1277.php,2019-01-01,Clone X trooper,0.7772933980533595
1,"6"" Black Series",7,Exclusives,groupTable4,584,,Yoda (Force Spirit),Walmart,2019,4,19.99,13.63,-6.36,18.0,cff977b7ac3d315df0830b49d9f4cd00,https://www.actionfigure411.com/star-wars/6-black-series/exclusives/yoda-force-spirit-1346.php,2019-01-01,Yoda,1.0
1,"6"" Black Series",7,Exclusives,groupTable4,585,,Cad Bane & Todo 360,Pulse,2020,9,39.99,52.44,12.45,67.5,af0de73967d2fbcc22749a589a02dd54,https://www.actionfigure411.com/star-wars/6-black-series/exclusives/cad-bane-todo-360-1523.php,2020-01-01,Todo 360,0.7169910057829517
1,"6"" Black Series",7,Exclusives,groupTable4,587,,Jango Fett (Video Game),Gamestop,2020,3,24.99,31.99,7.0,39.99,ff9421db8b5d8db754c9df4188ed0a04,https://www.actionfigure411.com/star-wars/6-black-series/exclusives/jango-fett-video-game-1472.php,2020-01-01,Jango Fett,1.0
1,"6"" Black Series",7,Exclusives,groupTable4,593,,Jon Favreau (Paz Vizsla),Celebration,2022,1,39.99,49.2,9.21,49.2,6961ef7870fd821c907b6628c07ce2ca,https://www.actionfigure411.com/star-wars/6-black-series/exclusives/jon-favreau-paz-vizsla-4246.php,2022-01-01,Paz Vizsla,0.808724952682001
1,"6"" Black Series",7,Exclusives,groupTable4,594,,Ahsoka Tano & HK-87 Assassin Droid 2 Pack,Amazon,2023,2,59.99,21.38,-38.61,23.25,e44c188fb14042c05925aeaa2158d7d1,https://www.actionfigure411.com/star-wars/6-black-series/exclusives/ahsoka-tano-hk-87-assassin-droid-2-pack-7227.php,2023-01-01,Ahsoka Tano,0.8684508101705088
1,"6"" Black Series",7,Exclusives,groupTable4,595,,Bo-Katan Kryze (Holocomm Collection),Target,2023,3,27.99,10.66,-17.33,17.0,1f50d22e2839544f274f93cc925e5ce5,https://www.actionfigure411.com/star-wars/6-black-series/exclusives/bo-katan-kryze-holocomm-collection-7330.php,2023-01-01,Bo-Katan Kryze,1.0
1,"6"" Black Series",7,Exclusives,groupTable4,596,,Cobb Vanth & Cad Bane,Target,2023,3,55.99,27.31,-28.68,27.99,95816ecf7692f8c8db22a36f6ee8d615,https://www.actionfigure411.com/star-wars/6-black-series/exclusives/cobb-vanth-cad-bane-6392.php,2023-01-01,Cobb Vanth,0.7169910057829517
1,"6"" Black Series",7,Exclusives,groupTable4,597,,Obi-Wan Kenobi & Darth Vader (Ralph McQuarrie),Disney,2023,2,55.99,44.8,-11.19,50.0,685c1f2432d602b2ed7ae98c647d9dc3,https://www.actionfigure411.com/star-wars/6-black-series/exclusives/obi-wan-kenobi-darth-vader-ralph-mcquarrie-4267.php,2023-01-01,Obi-Wan Kenobi,0.7937566828964369
1,"6"" Black Series",7,Exclusives,groupTable4,598,,Rancor,HasLab,2023,0,349.99,,,0.0,cc887f4bb1e4c0aa48885c008c0ba898,https://www.actionfigure411.com/star-wars/6-black-series/exclusives/rancor-2867.php,2023-01-01,Rancor,1.0
1,"6"" Black Series",7,Exclusives,groupTable4,601,,Ahsoka Tano (Holocomm Collection),Walmart,2024,7,34.97,9.02,-25.95,13.25,4ccc1612f4a005d43e35663a45571b8a,https://www.actionfigure411.com/star-wars/6-black-series/exclusives/ahsoka-tano-holocomm-collection-7331.php,2024-01-01,Ahsoka Tano,1.0000000000000002
1,"6"" Black Series",7,Exclusives,groupTable4,604,,Captain Enoch & Night Trooper,Walmart,2024,19,44.97,31.82,-13.15,44.99,291e3ad0248fe8399b8c9a3a7263e800,https://www.actionfigure411.com/star-wars/6-black-series/exclusives/captain-enoch-night-trooper-8520.php,2024-01-01,Captain Enoch,0.8361881507807951
1,"6"" Black Series",7,Exclusives,groupTable4,605,,Darth Maul (Holocomm Collection),Target,2024,9,36.99,12.1,-24.89,15.26,20457115690b282a2b2485a423bbe618,https://www.actionfigure411.com/star-wars/6-black-series/exclusives/darth-maul-holocomm-collection-8346.php,2024-01-01,Maul,0.7534510784814418
1,"6"" Black Series",7,Exclusives,groupTable4,606,,Darth Vader (Holocomm Collection),Amazon,2024,3,27.99,31.66,3.67,54.99,f8de4c40d02fa91d2a22271fb755f351,https://www.actionfigure411.com/star-wars/6-black-series/exclusives/darth-vader-holocomm-collection-8397.php,2024-01-01,Darth Vader,1.0
1,"6"" Black Series",7,Exclusives,groupTable4,607,,Ezra Bridger (Holocomm Collection),,2024,3,27.99,19.81,-8.18,20.0,20d5e83058c63dc82a14fe82f7922a38,https://www.actionfigure411.com/star-wars/6-black-series/exclusives/ezra-bridger-holocomm-collection-8592.php,2024-01-01,Ezra Bridger,1.0000000000000002
1,"6"" Black Series",7,Exclusives,groupTable4,609,,Han Solo (Holocomm Collection),Fan,2024,3,34.99,20.15,-14.84,24.26,84ae6a5f29151d5bf6d16c8cc80e9aae,https://www.actionfigure411.com/star-wars/6-black-series/exclusives/han-solo-holocomm-collection-7328.php,2024-01-01,Han Solo,1.0000000000000002
1,"6"" Black Series",7,Exclusives,groupTable4,611,,Mae (Assassin - Holocomm Collection),Walmart,2024,2,27.97,10.93,-17.04,11.97,d9726bf14bd88f0f0a915a077a27dfd2,https://www.actionfigure411.com/star-wars/6-black-series/exclusives/mae-assassin-holocomm-collection-8756.php,2024-01-01,Mae Aniseya,0.7419392967573335
1,"6"" Black Series",7,Exclusives,groupTable4,612,,"MagnaGuard, Super Battle Droid and Battle Droid Set",Amazon,2024,17,69.99,40.08,-29.91,58.49,8dfd2249af372010495e840e769ea276,https://www.actionfigure411.com/star-wars/6-black-series/exclusives/magnaguard-super-battle-droid-and-battle-droid-set-8529.php,2024-01-01,Battle Droid 513,0.7473435683142736
1,"6"" Black Series",7,Exclusives,groupTable4,614,,Osha Aniseya (Holocomm Collection),,2024,2,27.99,20.5,-7.49,24.0,493933a82ddc0ef9ef5f1192d343c7c6,https://www.actionfigure411.com/star-wars/6-black-series/exclusives/osha-aniseya-holocomm-collection-8593.php,2024-01-01,Osha Aniseya,1.0000000000000002
1,"6"" Black Series",7,Exclusives,groupTable4,615,,Phase I Clone Trooper Lieutenant & 332nd Ahoska's Clone Trooper,Target,2024,2,44.99,46.5,1.51,48.0,b739131f036c66de868f2d159a22fbd9,https://www.actionfigure411.com/star-wars/6-black-series/exclusives/phase-i-clone-trooper-lieutenant-332nd-ahoskas-clone-trooper-7685.php,2024-01-01,Clone X trooper,0.9271369123652279
1,"6"" Black Series",7,Exclusives,groupTable4,619,,Rebel Trooper & Stormtrooper,Fan,2024,10,44.99,30.87,-14.12,42.98,855d79065d1742884d4dc607f96d6060,https://www.actionfigure411.com/star-wars/6-black-series/exclusives/rebel-trooper-stormtrooper-8803.php,2024-01-01,Clone X trooper,0.7772933980533595
1,"6"" Black Series",7,Exclusives,groupTable4,621,,STAP & Battle Droid,Pulse,2024,4,49.99,58.97,8.98,77.95,f966bba67f0264747c83b4c0b04b22b4,https://www.actionfigure411.com/star-wars/6-black-series/exclusives/stap-battle-droid-8854.php,2024-01-01,Battle Droid 513,0.7892379838534719
1,"6"" Black Series",7,Exclusives,groupTable4,623,,Aayla Secura (Revenge of the Sith),Walmart,2025,11,24.97,17.02,-7.95,29.99,ce933b90d3489b96944e09200e774ce8,https://www.actionfigure411.com/star-wars/6-black-series/exclusives/aayla-secura-revenge-of-the-sith-10745.php,2025-01-01,Aayla Secura,0.7637624727776068
1,"6"" Black Series",7,Exclusives,groupTable4,624,,Anakin Skywalker & Obi-Wan Kenobi (Mustafar Duel),SDCC,2025,24,109.99,215.93,105.94,250.0,4c49328d245918eac2d3d8e66e264aa5,https://www.actionfigure411.com/star-wars/6-black-series/exclusives/anakin-skywalker-obi-wan-kenobi-mustafar-duel-11444.php,2025-01-01,Obi-Wan Kenobi,0.7892045734257611
1,"6"" Black Series",7,Exclusives,groupTable4,625,,Anakin Skywalker & Clone Captain Rex,Pulse,2025,1,44.99,81.99,37.0,81.99,15966e02a9979bd5409dc8ab11e7d23b,https://www.actionfigure411.com/star-wars/6-black-series/exclusives/anakin-skywalker-clone-captain-rex-11420.php,2025-01-01,Anakin Skywalker,0.7091401256646546
1,"6"" Black Series",7,Exclusives,groupTable4,626,,"Cal Kestis, BD-1, Turgle & Skoova Stev Multipack",Amazon,2025,2,44.99,74.99,30.0,103.99,8fdc66468a8e3a8a62ad29eaf23f186b,https://www.actionfigure411.com/star-wars/6-black-series/exclusives/cal-kestis-bd-1-turgle-skoova-stev-multipack-10626.php,2025-01-01,Cal Kestis,0.8318220373487288
1,"6"" Black Series",7,Exclusives,groupTable4,627,,Commander Cody (20th Anniversary),Walmart,2025,13,24.97,18.19,-6.78,22.49,766d3c7c61f47f0ac3bf40e14e355bf7,https://www.actionfigure411.com/star-wars/6-black-series/exclusives/commander-cody-20th-anniversary-9032.php,2025-01-01,Clone Commander Cody,0.8879854920732977
1,"6"" Black Series",7,Exclusives,groupTable4,628,,Count Dooku (Revenge of the Sith),Walmart,2025,26,24.97,22.24,-2.73,29.97,7cf43d825c2bb51ef72a5b4b88f003d9,https://www.actionfigure411.com/star-wars/6-black-series/exclusives/count-dooku-revenge-of-the-sith-10363.php,2025-01-01,Count Dooku,0.7637624727776068
1,"6"" Black Series",7,Exclusives,groupTable4,629,,Darth Vader & Luke Skywalker,Pulse,2025,8,69.99,140.43,70.44,150.0,6f6af6d422b176a0c769ad6a1893dc90,https://www.actionfigure411.com/star-wars/6-black-series/exclusives/darth-vader-luke-skywalker-11419.php,2025-01-01,Luke Skywalker,0.7125291026404255
1,"6"" Black Series",7,Exclusives,groupTable4,630,,Kit Fisto (Revenge of the Sith),Walmart,2025,22,24.97,20.77,-4.2,31.0,68144f7131889549654ff2701fc1230a,https://www.actionfigure411.com/star-wars/6-black-series/exclusives/kit-fisto-revenge-of-the-sith-10360.php,2025-01-01,Kit Fisto,0.7637624727776068
1,"6"" Black Series",7,Exclusives,groupTable4,635,,Obi-Wan Kenobi & Clone Trooper (212th),Pulse,2025,5,44.99,50.4,5.41,58.0,dd1da2c1b045af183dbfa1670f1eef64,https://www.actionfigure411.com/star-wars/6-black-series/exclusives/obi-wan-kenobi-clone-trooper-212th-9152.php,2025-01-01,Obi-Wan Kenobi,0.8662951431058507
1,"6"" Black Series",7,Exclusives,groupTable4,637,,R2-D2 (Revenge of the Sith),Walmart,2025,28,24.97,26.05,1.08,53.0,1d9f2c42babed25df9f40fb0388d383c,https://www.actionfigure411.com/star-wars/6-black-series/exclusives/r2-d2-revenge-of-the-sith-10364.php,2025-01-01,R2-D2,0.7547075590909054
1,"6"" Black Series",7,Exclusives,groupTable4,638,,Shoretrooper & Death Trooper,Pulse,2025,2,39.99,37.5,-2.49,40.0,02eafb09aea04c67357c2cc7061cffe2,https://www.actionfigure411.com/star-wars/6-black-series/exclusives/shoretrooper-death-trooper-10758.php,2025-01-01,Clone X trooper,0.7772933980533595
1,"6"" Black Series",8,Carbonized,groupTable293,643,,Second Sister Inquisitor (Carbonized),Gamestop,2019,8,26.99,19.4,-7.59,29.99,4dade5ea3a23fdda1087a8cd77fc7478,https://www.actionfigure411.com/star-wars/6-black-series/carbonized/second-sister-inquisitor-carbonized-1311.php,2019-01-01,Second Sister,0.8513271216136125
1,"6"" Black Series",8,Carbonized,groupTable293,644,,Sith Trooper (Carbonized),Amazon,2019,7,24.99,28.28,3.29,35.0,3c4db94be533340c8a8586811d4a2d02,https://www.actionfigure411.com/star-wars/6-black-series/carbonized/sith-trooper-carbonized-1308.php,2019-01-01,Clone X trooper,0.7772933980533595
1,"6"" Black Series",8,Carbonized,groupTable293,645,,Boba Fett (Carbonized) ( $2.98),Fan,2020,15,24.99,16.4,-8.59,39.88,61b053ef10c496c917c52767f3c1bf4b,https://www.actionfigure411.com/star-wars/6-black-series/carbonized/boba-fett-carbonized-1414.php,2020-01-01,Boba Fett,1.0
1,"6"" Black Series",8,Carbonized,groupTable293,646,,Darth Vader (Carbonized) ( $-1.94),Amazon,2020,13,24.99,16.07,-8.92,21.0,ed71d829bfec874301932c788b074fe8,https://www.actionfigure411.com/star-wars/6-black-series/carbonized/darth-vader-carbonized-1435.php,2020-01-01,Darth Vader,1.0
1,"6"" Black Series",8,Carbonized,groupTable293,648,,NED-B & Purge Trooper (Carbonized),Amazon,2023,2,74.99,32.24,-42.75,32.49,2e087b41b560a385fd36b73de3ffe86c,https://www.actionfigure411.com/star-wars/6-black-series/carbonized/ned-b-purge-trooper-carbonized-5930.php,2023-01-01,Clone X trooper,0.7772933980533595
1,"6"" Black Series",9,Galaxy's Edge,groupTable294,653,,Commander Pyre,Target,2020,14,24.99,17.16,-7.83,26.5,893e4d3ddfa53cf47aad17f2366ca253,https://www.actionfigure411.com/star-wars/6-black-series/galaxys-edge/commander-pyre-1577.php,2020-01-01,Commander Pyre,0.9999999999999998
1,"6"" Black Series",9,Galaxy's Edge,groupTable294,654,,DJ R-3X,Target,2020,8,24.99,18.42,-6.57,24.99,9ec6b790f1c784c6190438fa70db9f6f,https://www.actionfigure411.com/star-wars/6-black-series/galaxys-edge/dj-r-3x-1524.php,2020-01-01,DJ,1.0
1,"6"" Black Series",9,Galaxy's Edge,groupTable294,655,,Hondo Ohnaka,Target,2020,7,24.99,20.84,-4.15,33.95,7344c660c6403d79d40a8a6c65e683e9,https://www.actionfigure411.com/star-wars/6-black-series/galaxys-edge/hondo-ohnaka-1510.php,2020-01-01,Hondo Ohnaka,1.0000000000000002
1,"6"" Black Series",9,Galaxy's Edge,groupTable294,656,,Mountain Trooper,Target,2020,5,24.99,16.81,-8.18,21.56,6fe31e6a6ea12baf8cb1f28ab64cccec,https://www.actionfigure411.com/star-wars/6-black-series/galaxys-edge/mountain-trooper-1729.php,2020-01-01,Clone X trooper,0.7772933980533595
1,"6"" Black Series",10,Gaming Greats,groupTable295,662,,Heavy Battle Droid (Battlefront II),Gamestop,2019,9,24.99,17.94,-7.05,23.98,847d6d7316f55b99baa9da3b2e9c4712,https://www.actionfigure411.com/star-wars/6-black-series/gaming-greats/heavy-battle-droid-battlefront-ii-1348.php,2019-01-01,Battle Droid 513,0.7892379838534719
1,"6"" Black Series",11,Holiday,groupTable296,669,,Clone Trooper (Holiday),Gamestop,2020,6,24.99,21.19,-3.8,26.09,44ca2de267cb78e5b9317f55ef69dc70,https://www.actionfigure411.com/star-wars/6-black-series/holiday/clone-trooper-holiday-1563.php,2020-01-01,Clone X trooper,1.0
1,"6"" Black Series",11,Holiday,groupTable296,670,,Range Trooper (Holiday),Target,2020,10,24.99,25.01,0.02,39.99,d462c3825c129b10fb1347b7396c4ae9,https://www.actionfigure411.com/star-wars/6-black-series/holiday/range-trooper-holiday-1562.php,2020-01-01,Clone X trooper,0.7772933980533595
1,"6"" Black Series",11,Holiday,groupTable296,671,,Sith Trooper (Holiday),Bestbuy,2020,4,24.99,13.0,-11.99,19.99,f8c2cd3e77d17b50a7d215e29c94553b,https://www.actionfigure411.com/star-wars/6-black-series/holiday/sith-trooper-holiday-1549.php,2020-01-01,Clone X trooper,0.7772933980533595
1,"6"" Black Series",11,Holiday,groupTable296,674,,Clone Trooper (Halloween Edition),,2022,16,27.99,17.9,-10.09,24.99,7232e014557978dbabb7a27866273db8,https://www.actionfigure411.com/star-wars/6-black-series/holiday/clone-trooper-halloween-edition-5234.php,2022-01-01,Clone X trooper,1.0
1,"6"" Black Series",11,Holiday,groupTable296,675,,Phase II Clone Trooper (Holiday),Pulse,2022,7,27.99,20.63,-7.36,27.0,6fbeaa071e8727404e73673f944aad98,https://www.actionfigure411.com/star-wars/6-black-series/holiday/phase-ii-clone-trooper-holiday-5243.php,2022-01-01,Clone X trooper,1.0
1,"6"" Black Series",11,Holiday,groupTable296,676,,First Order Stormtrooper (Holiday),Amazon,2022,3,27.99,17.78,-10.21,19.95,ba6525a90f355f636bf258f4466a9152,https://www.actionfigure411.com/star-wars/6-black-series/holiday/first-order-stormtrooper-holiday-5066.php,2022-01-01,First Order Raiders,0.794103136389463
1,"6"" Black Series",11,Holiday,groupTable296,679,,Scout Trooper (Holiday),Walmart,2022,10,26.49,11.97,-14.52,17.09,93b553b236e25de665bb475b5eb4bb4f,https://www.actionfigure411.com/star-wars/6-black-series/holiday/scout-trooper-holiday-5064.php,2022-01-01,Clone X trooper,0.7772933980533595
1,"6"" Black Series",11,Holiday,groupTable296,683,,Jawa & Salacious B. Crumb (Holiday),EE,2023,9,27.99,19.83,-8.16,29.99,a8bf3a9da9df09e4ca7ba59e8e56fa2d,https://www.actionfigure411.com/star-wars/6-black-series/holiday/jawa-salacious-b-crumb-holiday-7228.php,2023-01-01,Salacious B  Crumb,1.0000000000000002
1,"6"" Black Series",11,Holiday,groupTable296,685,,Purge Trooper (Holiday),EE,2023,3,27.99,24.97,-3.02,24.99,7f082c13abf7422b4a0b971bdca5707a,https://www.actionfigure411.com/star-wars/6-black-series/holiday/purge-trooper-holiday-7230.php,2023-01-01,Clone X trooper,0.7772933980533595
1,"6"" Black Series",11,Holiday,groupTable296,687,,Inquisitor & Duros Bounty Hunter (Halloween Edition),Amazon,2024,8,44.99,45.49,0.5,59.0,508dd61b975a36fbee42868e282e4e19,https://www.actionfigure411.com/star-wars/6-black-series/holiday/inquisitor-duros-bounty-hunter-halloween-edition-8691.php,2024-01-01,Hunter,0.7629481599819202
1,"6"" Black Series",11,Holiday,groupTable296,691,,Night Trooper (Halloween Edition),,2025,19,24.97,25.96,0.99,35.0,cd54993c96481c02e288225a67148ed3,https://www.actionfigure411.com/star-wars/6-black-series/holiday/night-trooper-halloween-edition-11373.php,2025-01-01,Clone X trooper,0.7772933980533595
1,"6"" Black Series",12,Deluxe Sets,groupTable5,696,,Jabba The Hutt,,2014,15,39.99,42.0,2.01,50.0,e42bf86f0e5a2cab9cb2518a7b5c327d,https://www.actionfigure411.com/star-wars/6-black-series/deluxe-sets/jabba-the-hutt-64.php,2014-01-01,Jabba the Hutt,1.0000000000000004
1,"6"" Black Series",12,Deluxe Sets,groupTable5,697,,Han Solo and Tauntaun ( $-10.32),,2015,9,39.99,71.15,31.16,90.0,574bf068a524b35521fadabc7a24f2ae,https://www.actionfigure411.com/star-wars/6-black-series/deluxe-sets/han-solo-and-tauntaun-67.php,2015-01-01,Han Solo,0.8510207837144953
1,"6"" Black Series",12,Deluxe Sets,groupTable5,698,,Luke Skywalker & Wampa,,2015,5,39.99,59.95,19.96,79.99,ccf3c0ca17450ac99e1e41d6293320d7,https://www.actionfigure411.com/star-wars/6-black-series/deluxe-sets/luke-skywalker-wampa-66.php,2015-01-01,Luke Skywalker,1.0000000000000002
1,"6"" Black Series",12,Deluxe Sets,groupTable5,703,,Darth Vader (Revenge of the Jedi),Pulse,2023,14,33.99,21.67,-12.32,30.0,cb8960dd5e36c2c234e25f55f0d1a14e,https://www.actionfigure411.com/star-wars/6-black-series/deluxe-sets/darth-vader-revenge-of-the-jedi-6390.php,2023-01-01,Darth Vader,0.7430921142315008
1,"6"" Black Series",12,Deluxe Sets,groupTable5,704,,Jabba the Hutt & Salacious B. Crumb (ROTJ),Pulse,2023,7,89.99,82.23,-7.76,94.95,e2f9c4efbd59611be0dd42cdff48bc99,https://www.actionfigure411.com/star-wars/6-black-series/deluxe-sets/jabba-the-hutt-salacious-b-crumb-rotj-6389.php,2023-01-01,Jabba the Hutt,0.7194914011338438
1,"6"" Black Series",12,Deluxe Sets,groupTable5,705,,Darth Maul & Sith Speeder,SDCC,2024,8,59.99,47.32,-12.67,55.0,c717d11a3c2c9cf857cac543c3f9a6bb,https://www.actionfigure411.com/star-wars/6-black-series/deluxe-sets/darth-maul-sith-speeder-8808.php,2024-01-01,Maul,0.7534510784814418
1,"6"" Black Series",12,Deluxe Sets,groupTable5,706,,Emperor Palpatine & Throne (Reissue),Amazon,2025,3,44.99,43.32,-1.67,44.99,41548a246337dba338d7db52875aa5bb,https://www.actionfigure411.com/star-wars/6-black-series/deluxe-sets/emperor-palpatine-throne-reissue-8528.php,2025-01-01,Emperor Palpatine (Darth Sidious),0.7291766797036204
1,"6"" Black Series",12,Deluxe Sets,groupTable5,708,02,X-34 Landspeeder and Luke Skywalker,,2017,10,59.99,61.89,1.9,74.99,ddd90753d07d6ebb42e2dc241c7f9f45,https://www.actionfigure411.com/star-wars/6-black-series/deluxe-sets/x-34-landspeeder-and-luke-skywalker-645.php,2017-01-01,Luke Skywalker,0.8394172430048368
1,"6"" Black Series",12,Deluxe Sets,groupTable5,709,03,Scavenger Rey and Speeder,,2017,1,59.99,19.99,-40.0,19.99,59ce8c976263e3b078d168300a543209,https://www.actionfigure411.com/star-wars/6-black-series/deluxe-sets/scavenger-rey-and-speeder-341.php,2017-01-01,Rey,0.7534510784814418
1,"6"" Black Series",12,Deluxe Sets,groupTable5,711,05,Enfys Nest & Swoop Bike,,2018,9,59.99,23.56,-36.43,29.99,707cbe63aab2c70ad7a8ee3e1f623543,https://www.actionfigure411.com/star-wars/6-black-series/deluxe-sets/enfys-nest-swoop-bike-1053.php,2018-01-01,Enfys Nest,1.0000000000000002
1,"6"" Black Series",12,Deluxe Sets,groupTable5,712,C01,Darth Vader (Centerpiece),,2017,9,49.99,28.72,-21.27,39.99,31b3bf6cf4cc64ba9ea192ba3f5b59c5,https://www.actionfigure411.com/star-wars/6-black-series/deluxe-sets/darth-vader-centerpiece-644.php,2017-01-01,Darth Vader,1.0
1,"6"" Black Series",12,Deluxe Sets,groupTable5,713,C02,Luke Skywalker (Centerpiece),,2017,6,49.99,16.72,-33.27,22.99,ac19d2b6fa4d18bd2215acf021f13eff,https://www.actionfigure411.com/star-wars/6-black-series/deluxe-sets/luke-skywalker-centerpiece-643.php,2017-01-01,Luke Skywalker,1.0000000000000002
1,"6"" Black Series",12,Deluxe Sets,groupTable5,714,C03,Kylo Ren (Centerpiece),,2018,5,39.99,18.74,-21.25,24.99,cb75c4f02c7723b19fa63b567ec402e0,https://www.actionfigure411.com/star-wars/6-black-series/deluxe-sets/kylo-ren-centerpiece-1021.php,2018-01-01,Supreme Leader Kylo Ren,0.7345111134705395
1,"6"" Black Series",12,Deluxe Sets,groupTable5,715,C04,Rey (Starkiller Base - Centerpiece),,2018,2,49.99,19.5,-30.49,20.0,8bdd311f8f685ae33714dae9fddefbe7,https://www.actionfigure411.com/star-wars/6-black-series/deluxe-sets/rey-starkiller-base-centerpiece-1139.php,2018-01-01,Rey,1.0
1,"6"" Black Series",12,Deluxe Sets,groupTable5,716,D01,General Grievous ( $5.98),,2018,26,29.99,52.45,22.46,75.0,92820254088c98b898afaf075f179792,https://www.actionfigure411.com/star-wars/6-black-series/deluxe-sets/general-grievous-1137.php,2018-01-01,General Grievous,0.9999999999999998
1,"6"" Black Series",12,Deluxe Sets,groupTable5,719,D04,Luke Skywalker Dagobah & Yoda,,2020,3,44.99,36.66,-8.33,40.0,459f200588592b80c5ed6ae1d62a8a44,https://www.actionfigure411.com/star-wars/6-black-series/deluxe-sets/luke-skywalker-dagobah-yoda-1433.php,2020-01-01,Luke Skywalker,0.8030965629369695
2,"3.75"" Black Series",13,3.75 Orange 2013-2014,groupTable16,720,01,Padme Amidala,1,2013,3,9.99,56.65,46.66,70.0,c974bf0c0646a4e7d92069022f34848b,https://www.actionfigure411.com/star-wars/3-75-black-series/3-75-orange-2013-2014/padme-amidala-292.php,2013-01-01,Padm  Amidala,0.7071067811865476
2,"3.75"" Black Series",13,3.75 Orange 2013-2014,groupTable16,721,02,Clone Trooper Sergeant,1,2013,4,9.99,19.23,9.24,23.95,0e4ed3bec881dc76329a91cbdcbbafbe,https://www.actionfigure411.com/star-wars/3-75-black-series/3-75-orange-2013-2014/clone-trooper-sergeant-293.php,2013-01-01,Clone X trooper,1.0
2,"3.75"" Black Series",13,3.75 Orange 2013-2014,groupTable16,722,03,Anakin Skywalker,1,2013,1,9.99,16.99,7.0,16.99,087c9402abf6a35f6ff0b027bcc02e6a,https://www.actionfigure411.com/star-wars/3-75-black-series/3-75-orange-2013-2014/anakin-skywalker-294.php,2013-01-01,Anakin Skywalker,1.0000000000000002
2,"3.75"" Black Series",13,3.75 Orange 2013-2014,groupTable16,723,04,Biggs Darklighter,1,2013,3,9.99,15.89,5.9,19.95,cda5a060fc46f3b19ee5d59ef597945f,https://www.actionfigure411.com/star-wars/3-75-black-series/3-75-orange-2013-2014/biggs-darklighter-295.php,2013-01-01,Biggs Darklighter,1.0000000000000002
2,"3.75"" Black Series",13,3.75 Orange 2013-2014,groupTable16,724,05,Luke Skywalker,1,2013,5,9.99,10.17,0.18,14.95,7f9fba2ea54121a11bfbcdf8af14868a,https://www.actionfigure411.com/star-wars/3-75-black-series/3-75-orange-2013-2014/luke-skywalker-296.php,2013-01-01,Luke Skywalker,1.0000000000000002
2,"3.75"" Black Series",13,3.75 Orange 2013-2014,groupTable16,725,06,Darth Vader (ESB),1,2013,2,9.99,14.97,4.98,19.95,ebb2b42f11bd01635d6c69975b7fa554,https://www.actionfigure411.com/star-wars/3-75-black-series/3-75-orange-2013-2014/darth-vader-esb-297.php,2013-01-01,Darth Vader,1.0
2,"3.75"" Black Series",13,3.75 Orange 2013-2014,groupTable16,727,08,Clone Pilot,1,2013,4,9.99,17.67,7.68,24.99,f448b0e5a6a579853696f3f309619825,https://www.actionfigure411.com/star-wars/3-75-black-series/3-75-orange-2013-2014/clone-pilot-299.php,2013-01-01,Clone Pilot Warthog,0.7401399262330008
2,"3.75"" Black Series",13,3.75 Orange 2013-2014,groupTable16,728,09,R2-D2,2,2013,1,9.99,34.99,25.0,34.99,361c01c31e545ae14cd63ad02ccfdb72,https://www.actionfigure411.com/star-wars/3-75-black-series/3-75-orange-2013-2014/r2-d2-335.php,2013-01-01,R2-D2,1.0
2,"3.75"" Black Series",13,3.75 Orange 2013-2014,groupTable16,729,10,Pablo Jill,2,2013,2,9.99,72.48,62.49,85.0,62b5f16850cecd33b99d7f4bb54e56ba,https://www.actionfigure411.com/star-wars/3-75-black-series/3-75-orange-2013-2014/pablo-jill-336.php,2013-01-01,Pablo,1.0
2,"3.75"" Black Series",13,3.75 Orange 2013-2014,groupTable16,730,11,Luminara Unduli,2,2013,1,9.99,27.98,17.99,27.98,26a8e338cb77357f71a79cd4d4ada50c,https://www.actionfigure411.com/star-wars/3-75-black-series/3-75-orange-2013-2014/luminara-unduli-337.php,2013-01-01,Luminara Unduli,1.0000000000000002
2,"3.75"" Black Series",13,3.75 Orange 2013-2014,groupTable16,731,12,41st Elite Corps Clone Trooper,2,2013,1,9.99,14.99,5.0,14.99,d9219e1101c305fe84531acbc3d4ae69,https://www.actionfigure411.com/star-wars/3-75-black-series/3-75-orange-2013-2014/41st-elite-corps-clone-trooper-338.php,2013-01-01,Clone X trooper,1.0
2,"3.75"" Black Series",13,3.75 Orange 2013-2014,groupTable16,734,15,Merumeru,3,2013,2,9.99,21.99,12.0,24.99,43631fd504107c0c429a4f12778e8d4c,https://www.actionfigure411.com/star-wars/3-75-black-series/3-75-orange-2013-2014/merumeru-300.php,2013-01-01,Captain Merumeru,0.8448580686982082
2,"3.75"" Black Series",13,3.75 Orange 2013-2014,groupTable16,735,16,Clone Commander Neyo,3,2013,2,9.99,19.75,9.76,24.99,08f2f53e1e1335b2bfc1cd2126e6e498,https://www.actionfigure411.com/star-wars/3-75-black-series/3-75-orange-2013-2014/clone-commander-neyo-301.php,2013-01-01,Clone Commander Neyo,0.9999999999999998
2,"3.75"" Black Series",13,3.75 Orange 2013-2014,groupTable16,737,18,Darth Plagueis,3,2013,9,9.99,74.32,64.33,89.99,7ea4e94c819da0aae3a090386850d6b1,https://www.actionfigure411.com/star-wars/3-75-black-series/3-75-orange-2013-2014/darth-plagueis-303.php,2013-01-01,Darth Plagueis,1.0
2,"3.75"" Black Series",13,3.75 Orange 2013-2014,groupTable16,738,19,Mace Windu,3,2013,2,9.99,42.92,32.93,43.88,60df4fcd452797a96b2f61175aae52ae,https://www.actionfigure411.com/star-wars/3-75-black-series/3-75-orange-2013-2014/mace-windu-304.php,2013-01-01,Mace Windu,1.0000000000000002
2,"3.75"" Black Series",13,3.75 Orange 2013-2014,groupTable16,740,21,Luke Skywalker (Dagobah),4,2014,3,9.99,11.66,1.67,17.99,10e9ba8e73a093a32b11be516e784fba,https://www.actionfigure411.com/star-wars/3-75-black-series/3-75-orange-2013-2014/luke-skywalker-dagobah-306.php,2014-01-01,Luke Skywalker,1.0000000000000002
2,"3.75"" Black Series",13,3.75 Orange 2013-2014,groupTable16,741,22,Yoda,4,2014,1,9.99,11.5,1.51,11.5,246b859e65d43cfed41023a4bc135202,https://www.actionfigure411.com/star-wars/3-75-black-series/3-75-orange-2013-2014/yoda-307.php,2014-01-01,Yoda,1.0
2,"3.75"" Black Series",13,3.75 Orange 2013-2014,groupTable16,742,23,Toryn Farr,4,2014,3,9.99,22.74,12.75,24.99,f02ece7e92e265ad209ba4a753013aa2,https://www.actionfigure411.com/star-wars/3-75-black-series/3-75-orange-2013-2014/toryn-farr-308.php,2014-01-01,Onaconda Farr,0.7071067811865476
2,"3.75"" Black Series",13,3.75 Orange 2013-2014,groupTable16,744,25,Dak Ralter,4,2014,3,9.99,24.64,14.65,29.95,4d5c18f0c5794f4288b5d811c773a8cf,https://www.actionfigure411.com/star-wars/3-75-black-series/3-75-orange-2013-2014/dak-ralter-310.php,2014-01-01,Dak Ralter,1.0000000000000002
2,"3.75"" Black Series",13,3.75 Orange 2013-2014,groupTable16,745,26,Darth Vader,5,2014,1,9.99,23.39,13.4,23.39,06de258cdd2b0fb1c0b2bb572d3d55a2,https://www.actionfigure411.com/star-wars/3-75-black-series/3-75-orange-2013-2014/darth-vader-311.php,2014-01-01,Darth Vader,1.0
2,"3.75"" Black Series",13,3.75 Orange 2013-2014,groupTable16,748,29,Wedge Antilles,5,2014,2,9.99,22.49,12.5,29.99,23466674363c09746e6a45ab8778fefc,https://www.actionfigure411.com/star-wars/3-75-black-series/3-75-orange-2013-2014/wedge-antilles-314.php,2014-01-01,Wedge Antilles,1.0
2,"3.75"" Black Series",13,3.75 Orange 2013-2014,groupTable16,749,31,Republic Trooper,6,2014,1,9.99,59.99,50.0,59.99,17ed5d7ba26193bd7dfefd7e26c532ca,https://www.actionfigure411.com/star-wars/3-75-black-series/3-75-orange-2013-2014/republic-trooper-789.php,2014-01-01,Clone X trooper,0.7772933980533595
2,"3.75"" Black Series",14,3.75 Blue 2014-2015,groupTable17,751,02,Luke Skywalker Hoth Battle Gear,6,2014,4,9.99,12.66,2.67,15.95,151aac433f151de84c1af4d83ff2e2c8,https://www.actionfigure411.com/star-wars/3-75-black-series/3-75-blue-2014-2015/luke-skywalker-hoth-battle-gear-316.php,2014-01-01,Luke Skywalker,0.8030965629369695
2,"3.75"" Black Series",14,3.75 Blue 2014-2015,groupTable17,752,03,Darth Vader Revenge Of The Sith,6,2014,1,9.99,11.0,1.01,11.0,024b18d0cdc78413732958155a556f78,https://www.actionfigure411.com/star-wars/3-75-black-series/3-75-blue-2014-2015/darth-vader-revenge-of-the-sith-317.php,2014-01-01,Darth Vader,0.7430921142315008
2,"3.75"" Black Series",14,3.75 Blue 2014-2015,groupTable17,754,05,Starkiller Galen Marek,6,2014,5,9.99,22.29,12.3,26.49,fe1ccc166bc59668d8d94aac31bfd48f,https://www.actionfigure411.com/star-wars/3-75-black-series/3-75-blue-2014-2015/starkiller-galen-marek-319.php,2014-01-01,Galen Erso,0.7419392967573335
2,"3.75"" Black Series",14,3.75 Blue 2014-2015,groupTable17,755,06,Yoda (Dagobah),6,2014,1,9.99,14.99,5.0,14.99,c2b0d86f267abea6e8f9ad68d9fb72ab,https://www.actionfigure411.com/star-wars/3-75-black-series/3-75-blue-2014-2015/yoda-dagobah-320.php,2014-01-01,Yoda,1.0
2,"3.75"" Black Series",14,3.75 Blue 2014-2015,groupTable17,756,07,Darth Vader Dagobah Test,7,2015,1,9.99,5.0,-4.99,5.0,248e4deb748dac7781c970b527bf1a96,https://www.actionfigure411.com/star-wars/3-75-black-series/3-75-blue-2014-2015/darth-vader-dagobah-test-321.php,2015-01-01,Darth Vader,1.0
2,"3.75"" Black Series",14,3.75 Blue 2014-2015,groupTable17,758,09,Captain Rex,7,2015,3,9.99,20.67,10.68,27.0,57f03f5aa3febe8ddd89ceb8e7f78261,https://www.actionfigure411.com/star-wars/3-75-black-series/3-75-blue-2014-2015/captain-rex-323.php,2015-01-01,Clone Captain Rex,0.8832546586179191
2,"3.75"" Black Series",14,3.75 Blue 2014-2015,groupTable17,759,10,Jon Dutch Vander,7,2015,3,9.99,15.24,5.25,19.99,ab9d3fb5a6a5abc38cf20e850f9330e2,https://www.actionfigure411.com/star-wars/3-75-black-series/3-75-blue-2014-2015/jon-dutch-vander-324.php,2015-01-01,"Jon ""Dutch"" Vander",1.0
2,"3.75"" Black Series",14,3.75 Blue 2014-2015,groupTable17,760,11,Chewbacca,7,2015,2,9.99,9.99,0.0,10.0,b8effac9405ab7e9f6ff35ea268b7b5f,https://www.actionfigure411.com/star-wars/3-75-black-series/3-75-blue-2014-2015/chewbacca-325.php,2015-01-01,Chewbacca,1.0
2,"3.75"" Black Series",14,3.75 Blue 2014-2015,groupTable17,761,12,Clone Commander Wolffe,7,2015,1,9.99,25.99,16.0,25.99,86defc4556ae8e4c7efd4a57612be7c8,https://www.actionfigure411.com/star-wars/3-75-black-series/3-75-blue-2014-2015/clone-commander-wolffe-326.php,2015-01-01,Clone Commander Wolffe,0.9999999999999998
2,"3.75"" Black Series",14,3.75 Blue 2014-2015,groupTable17,762,13,Clone Commander Doom,7,2015,3,9.99,37.93,27.94,41.95,74d2fc21a81bbfe9288e797fe98e8e5b,https://www.actionfigure411.com/star-wars/3-75-black-series/3-75-blue-2014-2015/clone-commander-doom-327.php,2015-01-01,Clone Commander Doom,0.9999999999999998
2,"3.75"" Black Series",14,3.75 Blue 2014-2015,groupTable17,764,15,Commander Thorn,8,2015,4,9.99,38.37,28.38,50.0,17339fb29e8436d9ee7b4cb85cf7e7b6,https://www.actionfigure411.com/star-wars/3-75-black-series/3-75-blue-2014-2015/commander-thorn-329.php,2015-01-01,Clone Commander Thorn,0.8879854920732977
2,"3.75"" Black Series",14,3.75 Blue 2014-2015,groupTable17,766,17,Princess Leia Organa Boushh,8,2015,1,9.99,9.95,-0.04,9.95,809c5d6f1353db0c004bc0cb4e13f900,https://www.actionfigure411.com/star-wars/3-75-black-series/3-75-blue-2014-2015/princess-leia-organa-boushh-331.php,2015-01-01,Leia Organa,1.0000000000000002
2,"3.75"" Black Series",14,3.75 Blue 2014-2015,groupTable17,768,19,Han Solo with Carbonite Block,8,2015,3,9.99,23.48,13.49,34.95,922817ecb4c55357be1b13aa71686cd5,https://www.actionfigure411.com/star-wars/3-75-black-series/3-75-blue-2014-2015/han-solo-with-carbonite-block-333.php,2015-01-01,Han Solo,1.0000000000000002
3,"3.75"" Walmart",16,3.75 Walmart,groupTable6,773,,Chewbacca,1,2015,5,12.99,10.19,-2.8,14.97,f7bbd785231782d338e7e8320c25f069,https://www.actionfigure411.com/star-wars/3-75-walmart/3-75-walmart/chewbacca-70.php,2015-01-01,Chewbacca,1.0
3,"3.75"" Walmart",16,3.75 Walmart,groupTable6,774,,Darth Vader,1,2015,3,12.99,9.5,-3.49,12.5,d5d36af9fedffe5c8506131edbbeee9b,https://www.actionfigure411.com/star-wars/3-75-walmart/3-75-walmart/darth-vader-71.php,2015-01-01,Darth Vader,1.0
3,"3.75"" Walmart",16,3.75 Walmart,groupTable6,775,,Luke Skywalker,1,2015,8,12.99,14.48,1.49,19.45,4a083b223cd44300c61aff39fcd949ba,https://www.actionfigure411.com/star-wars/3-75-walmart/3-75-walmart/luke-skywalker-72.php,2015-01-01,Luke Skywalker,1.0000000000000002
3,"3.75"" Walmart",16,3.75 Walmart,groupTable6,776,,First Order Stormtrooper,2,2015,2,12.99,9.48,-3.51,9.99,b1dc198c07472afc15b87715b8bc6c74,https://www.actionfigure411.com/star-wars/3-75-walmart/3-75-walmart/first-order-stormtrooper-73.php,2015-01-01,First Order Raiders,0.794103136389463
3,"3.75"" Walmart",16,3.75 Walmart,groupTable6,777,,Kylo Ren,2,2015,6,12.99,12.07,-0.92,15.0,a613edf7b821cc75bf42b4caca516a53,https://www.actionfigure411.com/star-wars/3-75-walmart/3-75-walmart/kylo-ren-74.php,2015-01-01,Supreme Leader Kylo Ren,0.7345111134705395
3,"3.75"" Walmart",16,3.75 Walmart,groupTable6,778,,Princess Leia Organa (ANH),2,2015,1,12.99,10.79,-2.2,10.79,192bcce203022bcce5764cfad507d4c8,https://www.actionfigure411.com/star-wars/3-75-walmart/3-75-walmart/princess-leia-organa-anh-75.php,2015-01-01,Leia Organa,1.0000000000000002
3,"3.75"" Walmart",16,3.75 Walmart,groupTable6,779,,Finn (Jakku),3,2015,2,12.99,5.0,-7.99,5.0,5322a78f1bebeef46289d9744d0a1307,https://www.actionfigure411.com/star-wars/3-75-walmart/3-75-walmart/finn-jakku-76.php,2015-01-01,Finn,1.0
3,"3.75"" Walmart",16,3.75 Walmart,groupTable6,780,,Han Solo (ROTJ),3,2015,1,12.99,8.99,-4.0,8.99,adbe29c1f9a00b1066aa29235a4a6788,https://www.actionfigure411.com/star-wars/3-75-walmart/3-75-walmart/han-solo-rotj-77.php,2015-01-01,Han Solo,1.0000000000000002
3,"3.75"" Walmart",16,3.75 Walmart,groupTable6,781,,Poe Dameron,3,2015,2,12.99,13.0,0.01,14.99,5647051ece93290d0e6d3643669e662c,https://www.actionfigure411.com/star-wars/3-75-walmart/3-75-walmart/poe-dameron-78.php,2015-01-01,Poe Dameron,1.0000000000000002
3,"3.75"" Walmart",16,3.75 Walmart,groupTable6,782,,Rey (Jakku),3,2015,6,12.99,6.99,-6.0,10.0,09c150c534b8ca257b65dba148036ce8,https://www.actionfigure411.com/star-wars/3-75-walmart/3-75-walmart/rey-jakku-79.php,2015-01-01,Rey,1.0
3,"3.75"" Walmart",16,3.75 Walmart,groupTable6,783,,Captain Phasma,4,2016,1,12.99,19.99,7.0,19.99,aec7e30a1c2e331fc7e8ffc69aea97a3,https://www.actionfigure411.com/star-wars/3-75-walmart/3-75-walmart/captain-phasma-117.php,2016-01-01,Captain Phasma,1.0
3,"3.75"" Walmart",16,3.75 Walmart,groupTable6,784,,Han Solo (TFA),4,2016,1,12.99,5.19,-7.8,5.19,366523cdba1465f2fdfd2e52a4c28b4d,https://www.actionfigure411.com/star-wars/3-75-walmart/3-75-walmart/han-solo-tfa-116.php,2016-01-01,Han Solo,1.0000000000000002
3,"3.75"" Walmart",16,3.75 Walmart,groupTable6,785,,Princess Leia Organa (TFA),4,2016,4,12.99,10.0,-2.99,13.02,519ac3ebc1dc045e102f25178fca8e47,https://www.actionfigure411.com/star-wars/3-75-walmart/3-75-walmart/princess-leia-organa-tfa-115.php,2016-01-01,Leia Organa,1.0000000000000002
3,"3.75"" Walmart",16,3.75 Walmart,groupTable6,786,,Admiral Ackbar,5,2016,3,12.99,6.57,-6.42,10.0,6d4b199ee04dd5f50c4f59027e178293,https://www.actionfigure411.com/star-wars/3-75-walmart/3-75-walmart/admiral-ackbar-155.php,2016-01-01,Admiral Ackbar,1.0
3,"3.75"" Walmart",16,3.75 Walmart,groupTable6,787,,Ahsoka Tano,5,2016,4,12.99,17.94,4.95,24.88,501ce7fa7a5e56fe14c2a4d5f6cf6035,https://www.actionfigure411.com/star-wars/3-75-walmart/3-75-walmart/ahsoka-tano-153.php,2016-01-01,Ahsoka Tano,1.0000000000000002
3,"3.75"" Walmart",16,3.75 Walmart,groupTable6,789,,Lando Calrissian,5,2016,1,12.99,12.95,-0.04,12.95,b8a2ab8d3f2b6ffce7ab8ce9b63bed1f,https://www.actionfigure411.com/star-wars/3-75-walmart/3-75-walmart/lando-calrissian-154.php,2016-01-01,Lando Calrissian,1.0000000000000002
3,"3.75"" Walmart",16,3.75 Walmart,groupTable6,791,,Jyn Erso,6,2016,2,12.99,9.56,-3.43,11.24,3a7e15bcf1f213d09e9f4a45a0c002d3,https://www.actionfigure411.com/star-wars/3-75-walmart/3-75-walmart/jyn-erso-160.php,2016-01-01,Jyn Erso,1.0000000000000002
3,"3.75"" Walmart",16,3.75 Walmart,groupTable6,792,,Cassian Andor,7,2016,2,12.99,11.3,-1.69,12.6,ca1915a0b39b15340aa2ae53bf233ab4,https://www.actionfigure411.com/star-wars/3-75-walmart/3-75-walmart/cassian-andor-162.php,2016-01-01,Cassian Andor,1.0000000000000002
3,"3.75"" Walmart",16,3.75 Walmart,groupTable6,794,,Ponda Baba,8,2017,3,12.99,14.76,1.77,16.99,618adec47796f46a766c1146f9f3f38b,https://www.actionfigure411.com/star-wars/3-75-walmart/3-75-walmart/ponda-baba-285.php,2017-01-01,Ponda Baba,1.0000000000000002
3,"3.75"" Walmart",16,3.75 Walmart,groupTable6,795,,Boba Fett (Prototype),8,2017,5,12.99,24.7,11.71,29.99,628e4e568ca0d360aa3a6e881643b678,https://www.actionfigure411.com/star-wars/3-75-walmart/3-75-walmart/boba-fett-prototype-284.php,2017-01-01,Boba Fett,1.0
3,"3.75"" Walmart",16,3.75 Walmart,groupTable6,798,,Elite Praetorian Guard,9,2017,3,12.99,17.3,4.31,22.95,8894f11e45af54f2e237f2eae08dc8a6,https://www.actionfigure411.com/star-wars/3-75-walmart/3-75-walmart/elite-praetorian-guard-681.php,2017-01-01,Pyke Guard,0.7534510784814418
3,"3.75"" Walmart",16,3.75 Walmart,groupTable6,799,,Luke Skywalker (Jedi Master),9,2017,2,12.99,8.5,-4.49,11.99,ad9ab31c2873f1241d87ecdad353a127,https://www.actionfigure411.com/star-wars/3-75-walmart/3-75-walmart/luke-skywalker-jedi-master-679.php,2017-01-01,Luke Skywalker,0.8191816100989555
3,"3.75"" Walmart",16,3.75 Walmart,groupTable6,800,,Rose,9,2017,2,12.99,11.37,-1.62,12.79,789574a2ffd2bbac431e74ff8ef79677,https://www.actionfigure411.com/star-wars/3-75-walmart/3-75-walmart/rose-678.php,2017-01-01,Rose Tico,0.7273016634383198
3,"3.75"" Walmart",16,3.75 Walmart,groupTable6,801,,First Order Stormtrooper Executioner,9,2017,1,12.99,12.0,-0.99,12.0,d1b1f21c36007d3260500e18d4318f44,https://www.actionfigure411.com/star-wars/3-75-walmart/3-75-walmart/first-order-stormtrooper-executioner-680.php,2017-01-01,First Order Raiders,0.794103136389463
4,"3.75"" Retro",17,3.75 Retro Action Figures,groupTable127,802,,Darth Vader (Prototype Edition),,2019,2,12.99,69.49,56.5,79.99,74d1266d5d8edeeab10f8202b30d7520,https://www.actionfigure411.com/star-wars/retro-collection/3-75-retro-action-figures/darth-vader-prototype-edition-1914.php,2019-01-01,Darth Vader,1.0
4,"3.75"" Retro",17,3.75 Retro Action Figures,groupTable127,803,,Grand Moff Tarkin,,2019,12,0.0,30.71,30.71,40.0,965c79764366dc44e96d35908f5f1166,https://www.actionfigure411.com/star-wars/retro-collection/3-75-retro-action-figures/grand-moff-tarkin-6402.php,2019-01-01,Grand Moff Tarkin,1.0000000000000002
4,"3.75"" Retro",17,3.75 Retro Action Figures,groupTable127,804,,Chewbacca,1,2019,4,9.99,13.22,3.23,29.88,861e8a51d4fd92bc73bb33dcf6fb203c,https://www.actionfigure411.com/star-wars/retro-collection/3-75-retro-action-figures/chewbacca-1901.php,2019-01-01,Chewbacca,1.0
4,"3.75"" Retro",17,3.75 Retro Action Figures,groupTable127,805,,Darth Vader,1,2019,2,9.99,15.98,5.99,18.97,a6847103930ff88cbdba840bd4db74e2,https://www.actionfigure411.com/star-wars/retro-collection/3-75-retro-action-figures/darth-vader-1902.php,2019-01-01,Darth Vader,1.0
4,"3.75"" Retro",17,3.75 Retro Action Figures,groupTable127,806,,Han Solo,1,2019,3,9.99,12.73,2.74,16.99,3a2648f4f1f518cc95f7d0e0bcbdf5d1,https://www.actionfigure411.com/star-wars/retro-collection/3-75-retro-action-figures/han-solo-1903.php,2019-01-01,Han Solo,1.0000000000000002
4,"3.75"" Retro",17,3.75 Retro Action Figures,groupTable127,807,,Luke Skywalker,1,2019,2,9.99,18.18,8.19,25.0,be628546ebdc2e7a244aa611b93e2586,https://www.actionfigure411.com/star-wars/retro-collection/3-75-retro-action-figures/luke-skywalker-1904.php,2019-01-01,Luke Skywalker,1.0000000000000002
4,"3.75"" Retro",17,3.75 Retro Action Figures,groupTable127,808,,Princess Leia Organa,1,2019,1,9.99,9.45,-0.54,9.45,94cbe56808efe015a52f9bca27046cea,https://www.actionfigure411.com/star-wars/retro-collection/3-75-retro-action-figures/princess-leia-organa-1905.php,2019-01-01,Leia Organa,1.0000000000000002
4,"3.75"" Retro",17,3.75 Retro Action Figures,groupTable127,810,,Luke Skywalker (Snowspeeder),,2020,7,0.0,43.33,43.33,56.9,9ff021b1054f349864e8c029c972a00c,https://www.actionfigure411.com/star-wars/retro-collection/3-75-retro-action-figures/luke-skywalker-snowspeeder-6403.php,2020-01-01,Luke Skywalker,1.0000000000000002
4,"3.75"" Retro",17,3.75 Retro Action Figures,groupTable127,811,,Boba Fett,2,2020,8,9.99,16.77,6.78,21.24,93f10332ee849f3e536a85b0c89e1c0f,https://www.actionfigure411.com/star-wars/retro-collection/3-75-retro-action-figures/boba-fett-1907.php,2020-01-01,Boba Fett,1.0
4,"3.75"" Retro",17,3.75 Retro Action Figures,groupTable127,812,,Han Solo (Hoth),2,2020,6,9.99,19.15,9.16,22.47,b0cee9585bd4992ba1d41d9542c146c5,https://www.actionfigure411.com/star-wars/retro-collection/3-75-retro-action-figures/han-solo-hoth-1908.php,2020-01-01,Han Solo,1.0000000000000002
4,"3.75"" Retro",17,3.75 Retro Action Figures,groupTable127,813,,Lando Calrissian,2,2020,4,9.99,8.12,-1.87,11.97,279c970d458d140b6e023287594d7758,https://www.actionfigure411.com/star-wars/retro-collection/3-75-retro-action-figures/lando-calrissian-1909.php,2020-01-01,Lando Calrissian,1.0000000000000002
4,"3.75"" Retro",17,3.75 Retro Action Figures,groupTable127,814,,Leia (Hoth),2,2020,6,9.99,11.24,1.25,15.0,98c00c29b222f05775cc81f32fc5b128,https://www.actionfigure411.com/star-wars/retro-collection/3-75-retro-action-figures/leia-hoth-1910.php,2020-01-01,Leia Organa,0.7419392967573335
4,"3.75"" Retro",17,3.75 Retro Action Figures,groupTable127,815,,Luke Skywalker (Bespin),2,2020,3,9.99,30.82,20.83,43.95,266deb2e82b7c279cbc58610c96dd959,https://www.actionfigure411.com/star-wars/retro-collection/3-75-retro-action-figures/luke-skywalker-bespin-1911.php,2020-01-01,Luke Skywalker,1.0000000000000002
4,"3.75"" Retro",17,3.75 Retro Action Figures,groupTable127,816,,Yoda,2,2020,8,9.99,40.55,30.56,54.97,fbc7ac6367562788258345ee888e1337,https://www.actionfigure411.com/star-wars/retro-collection/3-75-retro-action-figures/yoda-1912.php,2020-01-01,Yoda,1.0
4,"3.75"" Retro",17,3.75 Retro Action Figures,groupTable127,817,,Boba Fett (Prototype Edition),Target,2021,3,13.99,34.5,20.51,40.0,2163cb33c578a2040b1d0e9632bd7054,https://www.actionfigure411.com/star-wars/retro-collection/3-75-retro-action-figures/boba-fett-prototype-edition-2387.php,2021-01-01,Boba Fett,1.0
4,"3.75"" Retro",17,3.75 Retro Action Figures,groupTable127,820,,Cara Dune,3,2021,2,9.99,12.5,2.51,15.99,0e4214dc4c042fe0d7a910c8311182b8,https://www.actionfigure411.com/star-wars/retro-collection/3-75-retro-action-figures/cara-dune-1918.php,2021-01-01,Cara Dune,1.0000000000000002
4,"3.75"" Retro",17,3.75 Retro Action Figures,groupTable127,822,,Greef Karga,3,2021,2,9.99,7.79,-2.2,7.98,2abfdf27522757982aeb42f3b329dc09,https://www.actionfigure411.com/star-wars/retro-collection/3-75-retro-action-figures/greef-karga-1919.php,2021-01-01,Greef Karga,1.0000000000000002
4,"3.75"" Retro",17,3.75 Retro Action Figures,groupTable127,823,,IG-11,3,2021,3,9.99,7.95,-2.04,11.88,4ae57a34a4a3b462ce0fd7a14ac9a257,https://www.actionfigure411.com/star-wars/retro-collection/3-75-retro-action-figures/ig-11-1920.php,2021-01-01,IG-11,1.0000000000000002
4,"3.75"" Retro",17,3.75 Retro Action Figures,groupTable127,824,,Kuiil,3,2021,1,9.99,6.99,-3.0,6.99,a57298fecd59fb8ffa0fc1e2170add84,https://www.actionfigure411.com/star-wars/retro-collection/3-75-retro-action-figures/kuiil-1921.php,2021-01-01,Kuiil,1.0
4,"3.75"" Retro",17,3.75 Retro Action Figures,groupTable127,826,,Moff Gideon,3,2021,2,9.99,7.0,-2.99,9.0,abd835d7f7e41f21892c62b884bc6a10,https://www.actionfigure411.com/star-wars/retro-collection/3-75-retro-action-figures/moff-gideon-1923.php,2021-01-01,Moff Gideon,1.0
4,"3.75"" Retro",17,3.75 Retro Action Figures,groupTable127,827,,Ahsoka Tano,4,2021,1,10.99,8.0,-2.99,8.0,b2b5a79007314307c0f37f03ace756ed,https://www.actionfigure411.com/star-wars/retro-collection/3-75-retro-action-figures/ahsoka-tano-3465.php,2021-01-01,Ahsoka Tano,1.0000000000000002
4,"3.75"" Retro",17,3.75 Retro Action Figures,groupTable127,828,,The Armorer,4,2021,3,10.99,9.81,-1.18,14.44,b61e2f0063654c00ad3a9e3b2feebe02,https://www.actionfigure411.com/star-wars/retro-collection/3-75-retro-action-figures/the-armorer-3466.php,2021-01-01,The Armorer,0.9999999999999998
4,"3.75"" Retro",17,3.75 Retro Action Figures,groupTable127,829,,Bo-Katan Kryze,4,2021,1,10.99,6.37,-4.62,6.37,71379ab0f0abb5e7f6648b8188fd4d85,https://www.actionfigure411.com/star-wars/retro-collection/3-75-retro-action-figures/bo-katan-kryze-3468.php,2021-01-01,Bo-Katan Kryze,1.0
4,"3.75"" Retro",17,3.75 Retro Action Figures,groupTable127,830,,Boba Fett (Morak),4,2021,2,10.99,7.64,-3.35,8.79,a5b1cb6fb3529c7d964280a12b50e184,https://www.actionfigure411.com/star-wars/retro-collection/3-75-retro-action-figures/boba-fett-morak-3470.php,2021-01-01,Boba Fett,1.0
4,"3.75"" Retro",17,3.75 Retro Action Figures,groupTable127,833,,Chewbacca (Prototype Edition),Target,2022,6,13.99,12.36,-1.63,14.97,86ca07a38d35d92c87bdcd0ba41eae27,https://www.actionfigure411.com/star-wars/retro-collection/3-75-retro-action-figures/chewbacca-prototype-edition-4132.php,2022-01-01,Chewbacca,1.0
4,"3.75"" Retro",17,3.75 Retro Action Figures,groupTable127,834,,Dengar & IG-88,Amazon,2022,3,27.99,14.15,-13.84,17.99,e1051b4c404a3a2c100d1b93b1c82768,https://www.actionfigure411.com/star-wars/retro-collection/3-75-retro-action-figures/dengar-ig-88-4034.php,2022-01-01,IG-88,0.8030965629369695
4,"3.75"" Retro",17,3.75 Retro Action Figures,groupTable127,836,,Darth Vader (The Dark Times),5,2022,4,11.99,5.74,-6.25,8.0,c7375888f19c9f1ae1628a4c74708b9f,https://www.actionfigure411.com/star-wars/retro-collection/3-75-retro-action-figures/darth-vader-the-dark-times-4308.php,2022-01-01,Darth Vader,0.8968354456599872
4,"3.75"" Retro",17,3.75 Retro Action Figures,groupTable127,837,,Fifth Brother,5,2022,1,11.99,8.53,-3.46,8.53,4491718109487daebe7de378430e040b,https://www.actionfigure411.com/star-wars/retro-collection/3-75-retro-action-figures/fifth-brother-4306.php,2022-01-01,Fifth Brother Inquisitor,0.8466033412276942
4,"3.75"" Retro",17,3.75 Retro Action Figures,groupTable127,838,,Grand Inquisitor,5,2022,1,11.99,7.99,-4.0,7.99,f8ac7102498a4f530bbc88155755aaa5,https://www.actionfigure411.com/star-wars/retro-collection/3-75-retro-action-figures/grand-inquisitor-4307.php,2022-01-01,The Grand Inquisitor,0.8841322582508553
4,"3.75"" Retro",17,3.75 Retro Action Figures,groupTable127,840,,Obi-Wan Kenobi (Wandering Jedi),5,2022,1,11.99,9.5,-2.49,9.5,7bec2a005064b605576a853eb01c47aa,https://www.actionfigure411.com/star-wars/retro-collection/3-75-retro-action-figures/obi-wan-kenobi-wandering-jedi-4304.php,2022-01-01,Obi-Wan Kenobi,1.0
4,"3.75"" Retro",17,3.75 Retro Action Figures,groupTable127,842,,4-LOM & Zuckuss ( $1.25),Amazon,2023,11,27.99,12.09,-15.9,16.0,cd60ee7d522be0d195962b2748ec8efa,https://www.actionfigure411.com/star-wars/retro-collection/3-75-retro-action-figures/4-lom-zuckuss-5528.php,2023-01-01,Zuckuss,0.7273016634383198
4,"3.75"" Retro",17,3.75 Retro Action Figures,groupTable127,843,,Boba Fett & Bossk,Amazon,2023,4,27.99,49.5,21.51,55.99,4c134908f1cae8be3198b6734568f3d8,https://www.actionfigure411.com/star-wars/retro-collection/3-75-retro-action-figures/boba-fett-bossk-4476.php,2023-01-01,Boba Fett,0.808724952682001
4,"3.75"" Retro",17,3.75 Retro Action Figures,groupTable127,844,,Luke Skywalker Snowspeeder (Prototype Edition),,2023,3,14.99,8.49,-6.5,8.97,8f838160ec600e4613f8588d290612d6,https://www.actionfigure411.com/star-wars/retro-collection/3-75-retro-action-figures/luke-skywalker-snowspeeder-prototype-edition-4277.php,2023-01-01,Luke Skywalker,1.0000000000000002
4,"3.75"" Retro",17,3.75 Retro Action Figures,groupTable127,850,,Han Solo (Endor),6,2023,3,11.99,6.96,-5.03,9.0,3d55bbbc10f6e51ba385285c5dd30c86,https://www.actionfigure411.com/star-wars/retro-collection/3-75-retro-action-figures/han-solo-endor-5374.php,2023-01-01,Han Solo,1.0000000000000002
4,"3.75"" Retro",17,3.75 Retro Action Figures,groupTable127,851,,Lando Calrissian (Skiff Guard Disguise),6,2023,3,11.99,7.71,-4.28,12.49,f1f2e6bc00813fc2335f6e010ed9160a,https://www.actionfigure411.com/star-wars/retro-collection/3-75-retro-action-figures/lando-calrissian-skiff-guard-disguise-5375.php,2023-01-01,Lando Calrissian,0.816496580927726
4,"3.75"" Retro",17,3.75 Retro Action Figures,groupTable127,852,,Princess Leia Organa (Boushh Disguise),6,2023,3,11.99,12.82,0.83,13.97,c81a1f04426dc558ddb6df36ac50185b,https://www.actionfigure411.com/star-wars/retro-collection/3-75-retro-action-figures/princess-leia-organa-boushh-disguise-5376.php,2023-01-01,Leia Organa,1.0000000000000002
4,"3.75"" Retro",17,3.75 Retro Action Figures,groupTable127,853,,Luke Skywalker (Jedi Knight),6,2023,4,11.99,8.25,-3.74,10.0,8967ed9722268771ed45581aaaec58bb,https://www.actionfigure411.com/star-wars/retro-collection/3-75-retro-action-figures/luke-skywalker-jedi-knight-5372.php,2023-01-01,Luke Skywalker,1.0000000000000002
4,"3.75"" Retro",17,3.75 Retro Action Figures,groupTable127,854,,Boba Fett (Dune Sea),7,2023,5,11.99,11.5,-0.49,13.99,9cb7b01a00e4a75e55735c70d78b62b7,https://www.actionfigure411.com/star-wars/retro-collection/3-75-retro-action-figures/boba-fett-dune-sea-6015.php,2023-01-01,Boba Fett,0.808724952682001
4,"3.75"" Retro",17,3.75 Retro Action Figures,groupTable127,855,,Cad Bane,7,2023,12,11.99,12.45,0.46,15.99,6baad363482e3ef7d134ff4cc6e16b6b,https://www.actionfigure411.com/star-wars/retro-collection/3-75-retro-action-figures/cad-bane-6021.php,2023-01-01,Cad Bane,1.0
4,"3.75"" Retro",17,3.75 Retro Action Figures,groupTable127,856,,Fennec Shand,7,2023,6,11.99,8.18,-3.81,10.5,eea738a28eb2fdaf994340b3317206b7,https://www.actionfigure411.com/star-wars/retro-collection/3-75-retro-action-figures/fennec-shand-6017.php,2023-01-01,Fennec Shand,1.0
4,"3.75"" Retro",17,3.75 Retro Action Figures,groupTable127,857,,Grogu,7,2023,3,11.99,9.83,-2.16,10.0,1e8ec8780a64c8b7cae9f5ccf0c36a94,https://www.actionfigure411.com/star-wars/retro-collection/3-75-retro-action-figures/grogu-6019.php,2023-01-01,Grogu,1.0
4,"3.75"" Retro",17,3.75 Retro Action Figures,groupTable127,858,,Krrsantan,7,2023,4,11.99,9.61,-2.38,12.5,e0f769635d42daf80926be7606f5eac7,https://www.actionfigure411.com/star-wars/retro-collection/3-75-retro-action-figures/krrsantan-6020.php,2023-01-01,Krrsantan,1.0
4,"3.75"" Retro",17,3.75 Retro Action Figures,groupTable127,859,,Luke Skywalker (Jedi Academy),7,2023,1,11.99,13.68,1.69,13.68,9301643f0ba21a701d92dc9f323021c9,https://www.actionfigure411.com/star-wars/retro-collection/3-75-retro-action-figures/luke-skywalker-jedi-academy-7247.php,2023-01-01,Luke Skywalker,1.0000000000000002
4,"3.75"" Retro",17,3.75 Retro Action Figures,groupTable127,862,,Ahsoka Tano (Ahsoka),8,2023,0,11.99,,,0.0,61a663b457f70fc63b8d879ba5640ce8,https://www.actionfigure411.com/star-wars/retro-collection/3-75-retro-action-figures/ahsoka-tano-ahsoka-7248.php,2023-01-01,Ahsoka Tano,0.948683298050514
4,"3.75"" Retro",17,3.75 Retro Action Figures,groupTable127,863,,Chopper (C1-10P),8,2023,3,11.99,16.15,4.16,18.97,1f15ad5c1e321f0c4f9f14c8138ea145,https://www.actionfigure411.com/star-wars/retro-collection/3-75-retro-action-figures/chopper-c1-10p-7253.php,2023-01-01,Chopper (C1-10P),0.9999999999999996
4,"3.75"" Retro",17,3.75 Retro Action Figures,groupTable127,864,,General Hera Syndulla,8,2023,8,11.99,11.93,-0.06,22.0,545a23b0d065c7efd466c0f270755a6b,https://www.actionfigure411.com/star-wars/retro-collection/3-75-retro-action-figures/general-hera-syndulla-7252.php,2023-01-01,Hera Syndulla,0.8880468005661725
4,"3.75"" Retro",17,3.75 Retro Action Figures,groupTable127,866,,Marrok,8,2023,1,11.99,14.52,2.53,14.52,ec1a94851b6163735ea0825f642fea82,https://www.actionfigure411.com/star-wars/retro-collection/3-75-retro-action-figures/marrok-7254.php,2023-01-01,Marrok (Inquisitor),0.7440647327220956
4,"3.75"" Retro",17,3.75 Retro Action Figures,groupTable127,867,,Morgan Elsbeth,8,2023,3,11.99,9.5,-2.49,10.5,3d1817a0a0f0db004180958c57652425,https://www.actionfigure411.com/star-wars/retro-collection/3-75-retro-action-figures/morgan-elsbeth-7249.php,2023-01-01,Morgan Elsbeth,1.0000000000000002
4,"3.75"" Retro",17,3.75 Retro Action Figures,groupTable127,868,,Sabine Wren,8,2023,2,11.99,13.22,1.23,14.44,9b17d6a188637d58376558efde4120fd,https://www.actionfigure411.com/star-wars/retro-collection/3-75-retro-action-figures/sabine-wren-7251.php,2023-01-01,Sabine Wren,1.0
5,The Vintage Collection,19,The Vintage Collection Action Figures,groupTable83,877,,Jar Jar Binks (Carbonite),SDCC,2012,1,9.99,650.0,640.01,650.0,042f5be12eb3e1d68e4ec239385eeac6,https://www.actionfigure411.com/star-wars/the-vintage-collection/the-vintage-collection-action-figures/jar-jar-binks-carbonite-3697.php,2012-01-01,Jar Jar Binks,1.0000000000000002
5,The Vintage Collection,19,The Vintage Collection Action Figures,groupTable83,878,,Jocasta Nu,Brians Toys,2012,5,24.99,200.6,175.61,225.0,09cd265952318010576ec74eee3f3716,https://www.actionfigure411.com/star-wars/the-vintage-collection/the-vintage-collection-action-figures/jocasta-nu-3696.php,2012-01-01,Jocasta Nu,1.0000000000000002
5,The Vintage Collection,19,The Vintage Collection Action Figures,groupTable83,879,,Boba Fett (Droids),Target,2021,12,15.99,17.22,1.23,32.95,41cf8742d76ff7eb835f9d3d99cb3858,https://www.actionfigure411.com/star-wars/the-vintage-collection/the-vintage-collection-action-figures/boba-fett-droids-3286.php,2021-01-01,Boba Fett,0.808724952682001
5,The Vintage Collection,19,The Vintage Collection Action Figures,groupTable83,881,,Cara Dune (Carbonized),Walmart,2021,8,17.99,14.38,-3.61,19.99,2d56dc7abf9d5420fbaf02245c121ff1,https://www.actionfigure411.com/star-wars/the-vintage-collection/the-vintage-collection-action-figures/cara-dune-carbonized-1754.php,2021-01-01,Cara Dune,1.0000000000000002
5,The Vintage Collection,19,The Vintage Collection Action Figures,groupTable83,883,,Incinerator Trooper (Carbonized),Walmart,2021,1,17.99,14.0,-3.99,14.0,72c9f334221fa6f9b2a140e88cf0a810,https://www.actionfigure411.com/star-wars/the-vintage-collection/the-vintage-collection-action-figures/incinerator-trooper-carbonized-3449.php,2021-01-01,Clone X trooper,0.7772933980533595
5,The Vintage Collection,19,The Vintage Collection Action Figures,groupTable83,885,,Moff Gideon (Carbonized),Walmart,2021,6,17.99,8.35,-9.64,11.98,13502dc75df4d38d771fd204240c4ca3,https://www.actionfigure411.com/star-wars/the-vintage-collection/the-vintage-collection-action-figures/moff-gideon-carbonized-3450.php,2021-01-01,Moff Gideon,1.0
5,The Vintage Collection,19,The Vintage Collection Action Figures,groupTable83,886,,R2-D2 (Droids),Target,2021,2,15.99,11.85,-4.14,12.95,d10acf17f68284b6217a7fe4e60d4861,https://www.actionfigure411.com/star-wars/the-vintage-collection/the-vintage-collection-action-figures/r2-d2-droids-3284.php,2021-01-01,R2-D2,0.808724952682001
5,The Vintage Collection,19,The Vintage Collection Action Figures,groupTable83,889,,The Armorer (Carbonized),Walmart,2021,4,17.99,6.25,-11.74,8.52,e10e13e750cbcb1b04d4cfdbb165c7bb,https://www.actionfigure411.com/star-wars/the-vintage-collection/the-vintage-collection-action-figures/the-armorer-carbonized-3451.php,2021-01-01,The Armorer,0.9999999999999998
5,The Vintage Collection,19,The Vintage Collection Action Figures,groupTable83,890,,Chewbacca (Life Day),Pulse,2024,4,16.99,35.45,18.46,39.99,19b09b69938d7a618e04f59d6adaff02,https://www.actionfigure411.com/star-wars/the-vintage-collection/the-vintage-collection-action-figures/chewbacca-life-day-7495.php,2024-01-01,Chewbacca,1.0
5,The Vintage Collection,19,The Vintage Collection Action Figures,groupTable83,891,HAS 01,Grogu (The Razor Crest),HasLab,2022,2,0.0,39.47,39.47,58.94,afd6bc6800691625d3a685a35fc072ae,https://www.actionfigure411.com/star-wars/the-vintage-collection/the-vintage-collection-action-figures/grogu-the-razor-crest-3798.php,2022-01-01,Grogu,0.8366596504503009
5,The Vintage Collection,19,The Vintage Collection Action Figures,groupTable83,892,HAS 02,Offworld Jawa Elder (Arvala-7),HasLab,2022,2,0.0,47.5,47.5,50.0,e34f569fc522b7bc6a03e3e7af4a0fd2,https://www.actionfigure411.com/star-wars/the-vintage-collection/the-vintage-collection-action-figures/offworld-jawa-elder-arvala-7-3799.php,2022-01-01,Elder Naasa,0.7071067811865476
5,The Vintage Collection,19,The Vintage Collection Action Figures,groupTable83,893,HAS 03,Hera Syndulla,HasLab,2024,6,0.0,63.16,63.16,99.99,8afa49b704e1699c109c860ee1f5c048,https://www.actionfigure411.com/star-wars/the-vintage-collection/the-vintage-collection-action-figures/hera-syndulla-8423.php,2024-01-01,Hera Syndulla,1.0
5,The Vintage Collection,19,The Vintage Collection Action Figures,groupTable83,894,HAS 04,Ezra Bridger,HasLab,2024,4,0.0,52.0,52.0,70.0,d58a36058d1b34a8595f01524202c7cb,https://www.actionfigure411.com/star-wars/the-vintage-collection/the-vintage-collection-action-figures/ezra-bridger-8424.php,2024-01-01,Ezra Bridger,1.0000000000000002
5,The Vintage Collection,19,The Vintage Collection Action Figures,groupTable83,895,HAS 05,Kanan Jarrus,HasLab,2024,3,0.0,98.0,98.0,129.99,5116641911db496e4228f3b39b7ed15f,https://www.actionfigure411.com/star-wars/the-vintage-collection/the-vintage-collection-action-figures/kanan-jarrus-8425.php,2024-01-01,Kanan Jarrus   Caleb Dume,0.7169910057829517
5,The Vintage Collection,19,The Vintage Collection Action Figures,groupTable83,897,HAS 07,Wuher,HasLab,2025,16,0.0,68.34,68.34,86.0,406053c3c62ae27b7d6617b4095f4190,https://www.actionfigure411.com/star-wars/the-vintage-collection/the-vintage-collection-action-figures/wuher-12087.php,2025-01-01,Wuher,1.0
5,The Vintage Collection,19,The Vintage Collection Action Figures,groupTable83,898,HAS 08,Senni Tonnika ( $-11.32),HasLab,2025,18,0.0,125.11,125.11,149.0,fec3a2ddf51db30c54b8abb98fb7d57c,https://www.actionfigure411.com/star-wars/the-vintage-collection/the-vintage-collection-action-figures/senni-tonnika-12088.php,2025-01-01,IG-11,0.7419392967573335
5,The Vintage Collection,19,The Vintage Collection Action Figures,groupTable83,900,HAS 10,Greedo,HasLab,2025,18,0.0,59.18,59.18,70.0,90a41e3517f84b3bbf63243e70e6a6c8,https://www.actionfigure411.com/star-wars/the-vintage-collection/the-vintage-collection-action-figures/greedo-12090.php,2025-01-01,Greedo,1.0
5,The Vintage Collection,19,The Vintage Collection Action Figures,groupTable83,903,VC 01,Dengar,1,2010,14,7.99,41.38,33.39,79.99,3ca86abd10c3e3bdd3c9101820694082,https://www.actionfigure411.com/star-wars/the-vintage-collection/the-vintage-collection-action-figures/dengar-1832.php,2010-01-01,Dengar,1.0
5,The Vintage Collection,19,The Vintage Collection Action Figures,groupTable83,904,VC 01A,Dengar,,2025,3,18.99,20.61,1.62,24.85,9e65deacf115f4003c0195bf2488e9e7,https://www.actionfigure411.com/star-wars/the-vintage-collection/the-vintage-collection-action-figures/dengar-10440.php,2025-01-01,Dengar,1.0
5,The Vintage Collection,19,The Vintage Collection Action Figures,groupTable83,905,VC 02,Leia (Hoth Outfit),1,2010,9,7.99,21.01,13.02,39.49,46af46eb9a60bec1f8c1ea204d9b815d,https://www.actionfigure411.com/star-wars/the-vintage-collection/the-vintage-collection-action-figures/leia-hoth-outfit-1831.php,2010-01-01,Leia Organa,0.7419392967573335
5,The Vintage Collection,19,The Vintage Collection Action Figures,groupTable83,906,VC 02,Leia (Hoth Outfit) Reissue,1,2021,1,12.99,16.5,3.51,16.5,20b436c7f8ed1da33a5b11e086bb95fd,https://www.actionfigure411.com/star-wars/the-vintage-collection/the-vintage-collection-action-figures/leia-hoth-outfit-reissue-2255.php,2021-01-01,Leia Organa,0.7419392967573335
5,The Vintage Collection,19,The Vintage Collection Action Figures,groupTable83,907,VC 03,Han Solo (Echo Base Outfit) Foil,1,2010,2,7.99,42.49,34.5,49.99,f4e8554c7e8e2b904c54740769cb5b9d,https://www.actionfigure411.com/star-wars/the-vintage-collection/the-vintage-collection-action-figures/han-solo-echo-base-outfit-foil-2264.php,2010-01-01,Han Solo,0.816496580927726
5,The Vintage Collection,19,The Vintage Collection Action Figures,groupTable83,908,VC 03,Han Solo (Echo Base Outfit),1,2010,3,7.99,13.81,5.82,19.98,104032ed6484ead4019742c2e68bf4c4,https://www.actionfigure411.com/star-wars/the-vintage-collection/the-vintage-collection-action-figures/han-solo-echo-base-outfit-1830.php,2010-01-01,Han Solo,0.816496580927726
5,The Vintage Collection,19,The Vintage Collection Action Figures,groupTable83,909,VC 03,Han Solo (Echo Base Outfit) Reissue,1,2019,2,12.99,14.14,1.15,14.99,a15695bd2b9d016169ccc590dd48a299,https://www.actionfigure411.com/star-wars/the-vintage-collection/the-vintage-collection-action-figures/han-solo-echo-base-outfit-reissue-2075.php,2019-01-01,Han Solo,0.816496580927726
5,The Vintage Collection,19,The Vintage Collection Action Figures,groupTable83,910,VC 04,Luke Skywalker (Bespin Fatigues) Foil,1,2010,3,7.99,66.67,58.68,75.0,1c3f5833ae0acb404a55ca17ea5e986e,https://www.actionfigure411.com/star-wars/the-vintage-collection/the-vintage-collection-action-figures/luke-skywalker-bespin-fatigues-foil-2265.php,2010-01-01,Luke Skywalker,1.0000000000000002
5,The Vintage Collection,19,The Vintage Collection Action Figures,groupTable83,911,VC 04,Luke Skywalker (Bespin Fatigues),1,2010,2,7.99,28.49,20.5,29.99,55ced5b0548fa934595fb02e9011cb00,https://www.actionfigure411.com/star-wars/the-vintage-collection/the-vintage-collection-action-figures/luke-skywalker-bespin-fatigues-1829.php,2010-01-01,Luke Skywalker,1.0000000000000002
5,The Vintage Collection,19,The Vintage Collection Action Figures,groupTable83,912,VC 04,Luke Skywalker (Bespin Fatigues) Reissue,1,2020,1,12.99,19.98,6.99,19.98,d947b8ed63d89159b18ab643585ac0ee,https://www.actionfigure411.com/star-wars/the-vintage-collection/the-vintage-collection-action-figures/luke-skywalker-bespin-fatigues-reissue-1929.php,2020-01-01,Luke Skywalker,1.0000000000000002
5,The Vintage Collection,19,The Vintage Collection Action Figures,groupTable83,916,VC 07,Dack Ralter,1,2010,3,7.99,33.67,25.68,36.0,acd1e956d5882bb1c980f3178d164278,https://www.actionfigure411.com/star-wars/the-vintage-collection/the-vintage-collection-action-figures/dack-ralter-1826.php,2010-01-01,Dak Ralter,0.7071067811865476
5,The Vintage Collection,19,The Vintage Collection Action Figures,groupTable83,917,VC 08,Darth Vader (ROTJ),1,2010,2,7.99,70.56,62.57,71.25,b5306f21c2deb04eeb7234d76a8ed68c,https://www.actionfigure411.com/star-wars/the-vintage-collection/the-vintage-collection-action-figures/darth-vader-rotj-3701.php,2010-01-01,Darth Vader,1.0
5,The Vintage Collection,19,The Vintage Collection Action Figures,groupTable83,918,VC 08,Darth Vader (ESB),1,2010,3,7.99,20.66,12.67,35.0,b118fd270c0577a3d6780678f3ac2cd1,https://www.actionfigure411.com/star-wars/the-vintage-collection/the-vintage-collection-action-figures/darth-vader-esb-1825.php,2010-01-01,Darth Vader,1.0
5,The Vintage Collection,19,The Vintage Collection Action Figures,groupTable83,919,VC 08,Darth Vader (Foil),1,2010,4,7.99,99.87,91.88,125.0,cc8142d465403ffad66b0203acce973f,https://www.actionfigure411.com/star-wars/the-vintage-collection/the-vintage-collection-action-figures/darth-vader-foil-2266.php,2010-01-01,Darth Vader,1.0
5,The Vintage Collection,19,The Vintage Collection Action Figures,groupTable83,920,VC 08,Darth Vader (Reissue),1,2019,1,12.99,14.99,2.0,14.99,b186c6c4b77e08cdbc616a3fa42fe635,https://www.actionfigure411.com/star-wars/the-vintage-collection/the-vintage-collection-action-figures/darth-vader-reissue-1943.php,2019-01-01,Darth Vader,1.0
5,The Vintage Collection,19,The Vintage Collection Action Figures,groupTable83,921,VC 09,Boba Fett (ESB) Foil,1,2010,5,7.99,113.28,105.29,222.5,39bedba25e575221f5b8b3408774c522,https://www.actionfigure411.com/star-wars/the-vintage-collection/the-vintage-collection-action-figures/boba-fett-esb-foil-2267.php,2010-01-01,Boba Fett,1.0
5,The Vintage Collection,19,The Vintage Collection Action Figures,groupTable83,922,VC 09,Boba Fett (ESB),1,2010,6,7.99,53.99,46.0,120.0,f0c94451def38deb3fe5d95a5572e136,https://www.actionfigure411.com/star-wars/the-vintage-collection/the-vintage-collection-action-figures/boba-fett-esb-1824.php,2010-01-01,Boba Fett,1.0
5,The Vintage Collection,19,The Vintage Collection Action Figures,groupTable83,923,VC 09,Boba Fett (VC-09 ROTJ),1,2011,1,8.99,135.0,126.01,135.0,ee6dfa8d38ed48d454c492ec2059f3a9,https://www.actionfigure411.com/star-wars/the-vintage-collection/the-vintage-collection-action-figures/boba-fett-vc-09-rotj-1863.php,2011-01-01,Boba Fett,1.0
5,The Vintage Collection,19,The Vintage Collection Action Figures,groupTable83,924,VC 09,Boba Fett (Reissue),1,2019,2,12.99,11.98,-1.01,12.0,42c21a302301ea994311471b5fe9a328,https://www.actionfigure411.com/star-wars/the-vintage-collection/the-vintage-collection-action-figures/boba-fett-reissue-1942.php,2019-01-01,Boba Fett,1.0
5,The Vintage Collection,19,The Vintage Collection Action Figures,groupTable83,925,VC 10,4-LOM,1,2010,6,7.99,19.08,11.09,29.0,67377bc71f93d8d280982d7a4b3daf77,https://www.actionfigure411.com/star-wars/the-vintage-collection/the-vintage-collection-action-figures/4-lom-1823.php,2010-01-01,4-LOM,1.0
5,The Vintage Collection,19,The Vintage Collection Action Figures,groupTable83,929,VC 13,Darth Vader (Anakin Skywalker) Foil,2,2010,1,7.99,207.5,199.51,207.5,bd44e5d4304dde36fe72b5f0e8e3bc82,https://www.actionfigure411.com/star-wars/the-vintage-collection/the-vintage-collection-action-figures/darth-vader-anakin-skywalker-foil-2269.php,2010-01-01,Anakin Skywalker,0.7125291026404255
5,The Vintage Collection,19,The Vintage Collection Action Figures,groupTable83,930,VC 13,Darth Vader (Anakin Skywalker),2,2010,8,7.99,77.25,69.26,100.0,3c11c1e0fd951a769467e98e9ee5c9f1,https://www.actionfigure411.com/star-wars/the-vintage-collection/the-vintage-collection-action-figures/darth-vader-anakin-skywalker-1820.php,2010-01-01,Anakin Skywalker,0.7125291026404255
5,The Vintage Collection,19,The Vintage Collection Action Figures,groupTable83,931,VC 13,Darth Vader (Darth Vader),2,2010,8,7.99,120.99,113.0,149.99,02cc271d7b3d5b0fcb27c6d489f0d9dd,https://www.actionfigure411.com/star-wars/the-vintage-collection/the-vintage-collection-action-figures/darth-vader-darth-vader-4190.php,2010-01-01,Darth Vader,1.0
5,The Vintage Collection,19,The Vintage Collection Action Figures,groupTable83,934,VC 15,Clone Trooper (Foil),2,2010,1,7.99,39.99,32.0,39.99,316b20769ee9c6357f508e1ccbf79d12,https://www.actionfigure411.com/star-wars/the-vintage-collection/the-vintage-collection-action-figures/clone-trooper-foil-2271.php,2010-01-01,Clone X trooper,1.0
5,The Vintage Collection,19,The Vintage Collection Action Figures,groupTable83,935,VC 15,Clone Trooper (ROTS),2,2010,6,7.99,23.33,15.34,49.99,90d563155fde4570064c87971179cf78,https://www.actionfigure411.com/star-wars/the-vintage-collection/the-vintage-collection-action-figures/clone-trooper-rots-1818.php,2010-01-01,Clone X trooper,1.0
5,The Vintage Collection,19,The Vintage Collection Action Figures,groupTable83,936,VC 16,Obi-Wan Kenobi (Revenge of the Sith),2,2010,10,7.99,58.28,50.29,75.0,2b1930b1885f1207a1a2bfcaf139b802,https://www.actionfigure411.com/star-wars/the-vintage-collection/the-vintage-collection-action-figures/obi-wan-kenobi-revenge-of-the-sith-1817.php,2010-01-01,Obi-Wan Kenobi,0.8230547724084716
5,The Vintage Collection,19,The Vintage Collection Action Figures,groupTable83,937,VC 16,Obi-Wan Kenobi (Foil),2,2010,1,7.99,110.0,102.01,110.0,05e5de60f95b1403bb10d0192492566d,https://www.actionfigure411.com/star-wars/the-vintage-collection/the-vintage-collection-action-figures/obi-wan-kenobi-foil-2272.php,2010-01-01,Obi-Wan Kenobi,1.0
5,The Vintage Collection,19,The Vintage Collection Action Figures,groupTable83,938,VC 17,General Grievous (Foil),2,2010,3,7.99,151.99,144.0,181.27,58dbd273cea72fa18a99ae47fd1adb86,https://www.actionfigure411.com/star-wars/the-vintage-collection/the-vintage-collection-action-figures/general-grievous-foil-2273.php,2010-01-01,General Grievous,0.9999999999999998
5,The Vintage Collection,19,The Vintage Collection Action Figures,groupTable83,939,VC 17,General Grievous,2,2010,10,7.99,93.09,85.1,149.99,66c3bbd6663d9e5eb5b8264ff1152727,https://www.actionfigure411.com/star-wars/the-vintage-collection/the-vintage-collection-action-figures/general-grievous-1816.php,2010-01-01,General Grievous,0.9999999999999998
5,The Vintage Collection,19,The Vintage Collection Action Figures,groupTable83,942,VC 19,Clone Commander Cody (Foil),2,2010,1,7.99,149.99,142.0,149.99,2c4d3550dd4dc99f438c78f6abafc5af,https://www.actionfigure411.com/star-wars/the-vintage-collection/the-vintage-collection-action-figures/clone-commander-cody-foil-2275.php,2010-01-01,Clone Commander Cody,0.9999999999999998
5,The Vintage Collection,19,The Vintage Collection Action Figures,groupTable83,943,VC 19,Clone Commander Cody,2,2010,4,7.99,102.24,94.25,109.95,e458b5b99e64b8800dcb2c1b718ed812,https://www.actionfigure411.com/star-wars/the-vintage-collection/the-vintage-collection-action-figures/clone-commander-cody-1814.php,2010-01-01,Clone Commander Cody,0.9999999999999998
5,The Vintage Collection,19,The Vintage Collection Action Figures,groupTable83,944,VC 20,Yoda,5,2011,8,7.99,48.56,40.57,54.99,de296f28a966101ff6d7bc798305fdcf,https://www.actionfigure411.com/star-wars/the-vintage-collection/the-vintage-collection-action-figures/yoda-1791.php,2011-01-01,Yoda,1.0
5,The Vintage Collection,19,The Vintage Collection Action Figures,groupTable83,948,VC 22,Admiral Ackbar,3,2010,3,7.99,25.65,17.66,39.95,5a5e04ab03b62b9cc90c1bf1ff5490fb,https://www.actionfigure411.com/star-wars/the-vintage-collection/the-vintage-collection-action-figures/admiral-ackbar-1808.php,2010-01-01,Admiral Ackbar,1.0
5,The Vintage Collection,19,The Vintage Collection Action Figures,groupTable83,949,VC 22,Admiral Ackbar (Reissue),34,2021,4,12.99,10.66,-2.33,15.95,a1443388770d295624b473edd78ee9bd,https://www.actionfigure411.com/star-wars/the-vintage-collection/the-vintage-collection-action-figures/admiral-ackbar-reissue-2083.php,2021-01-01,Admiral Ackbar,1.0
5,The Vintage Collection,19,The Vintage Collection Action Figures,groupTable83,950,VC 23,Luke Skywalker (Endor Capture),3,2010,3,7.99,20.58,12.59,28.5,f2babc16838a4159f7166206013196c9,https://www.actionfigure411.com/star-wars/the-vintage-collection/the-vintage-collection-action-figures/luke-skywalker-endor-capture-1807.php,2010-01-01,Luke Skywalker,1.0000000000000002
5,The Vintage Collection,19,The Vintage Collection Action Figures,groupTable83,951,VC 23,Luke Skywalker (Jedi Knight Outfit),3,2010,2,7.99,25.75,17.76,28.5,6c84dd4586351d36d2090637ceb8ea62,https://www.actionfigure411.com/star-wars/the-vintage-collection/the-vintage-collection-action-figures/luke-skywalker-jedi-knight-outfit-4189.php,2010-01-01,Luke Skywalker,1.0000000000000002
5,The Vintage Collection,19,The Vintage Collection Action Figures,groupTable83,952,VC 23,Luke Skywalker (Endor Capture) Reissue,3,2019,3,12.99,23.5,10.51,28.5,adc04a57674452b195cafdc151fe84ba,https://www.actionfigure411.com/star-wars/the-vintage-collection/the-vintage-collection-action-figures/luke-skywalker-endor-capture-reissue-1947.php,2019-01-01,Luke Skywalker,1.0000000000000002
5,The Vintage Collection,19,The Vintage Collection Action Figures,groupTable83,955,VC 25,R2-D2 (Pop Up Lightsaber) ( $17.00),3,2010,10,7.99,46.09,38.1,75.0,c047e5955553fc2ddc74b1fab819842b,https://www.actionfigure411.com/star-wars/the-vintage-collection/the-vintage-collection-action-figures/r2-d2-pop-up-lightsaber-1805.php,2010-01-01,R2-D2,1.0
5,The Vintage Collection,19,The Vintage Collection Action Figures,groupTable83,957,VC 27,Wicket,3,2010,5,7.99,31.17,23.18,39.95,7689eb37f9b8b661bec85ccfbcd2a2f9,https://www.actionfigure411.com/star-wars/the-vintage-collection/the-vintage-collection-action-figures/wicket-1803.php,2010-01-01,Wicket W  Warrick,0.7071067811865476
5,The Vintage Collection,19,The Vintage Collection Action Figures,groupTable83,958,VC 27,Wicket (Reissue),27,2020,3,12.99,29.48,16.49,33.0,38d2248d9c97e7b609566b12c83b5e5c,https://www.actionfigure411.com/star-wars/the-vintage-collection/the-vintage-collection-action-figures/wicket-reissue-1934.php,2020-01-01,Wicket W  Warrick,0.7071067811865476
5,The Vintage Collection,19,The Vintage Collection Action Figures,groupTable83,959,VC 28,Wedge Antilles,3,2010,8,7.99,42.48,34.49,89.95,9fd423f591ad4fdb28250f47d9696fcf,https://www.actionfigure411.com/star-wars/the-vintage-collection/the-vintage-collection-action-figures/wedge-antilles-1802.php,2010-01-01,Wedge Antilles,1.0
5,The Vintage Collection,19,The Vintage Collection Action Figures,groupTable83,960,VC 29,Kit Fisto,4,2011,6,7.99,77.17,69.18,100.0,09ecd446bc8c151f1fd85b5cfc0e58f1,https://www.actionfigure411.com/star-wars/the-vintage-collection/the-vintage-collection-action-figures/kit-fisto-1801.php,2011-01-01,Kit Fisto,1.0000000000000002
5,The Vintage Collection,19,The Vintage Collection Action Figures,groupTable83,961,VC 30,Zam Wesell,4,2011,6,7.99,49.32,41.33,59.0,d7d3804357a7921eb99269fc7cda443b,https://www.actionfigure411.com/star-wars/the-vintage-collection/the-vintage-collection-action-figures/zam-wesell-1800.php,2011-01-01,Zam Wesell,1.0000000000000002
5,The Vintage Collection,19,The Vintage Collection Action Figures,groupTable83,962,VC 31,Obi-Wan Kenobi (Attack of the Clones),4,2011,3,7.99,11.0,3.01,16.5,52a6b765e588badc1b94c172f7fab88b,https://www.actionfigure411.com/star-wars/the-vintage-collection/the-vintage-collection-action-figures/obi-wan-kenobi-attack-of-the-clones-1799.php,2011-01-01,Obi-Wan Kenobi,0.8230547724084716
5,The Vintage Collection,19,The Vintage Collection Action Figures,groupTable83,963,VC 31,Obi-Wan Kenobi (AOTC - Reissue),,2022,1,13.99,5.0,-8.99,5.0,8ce0cd1cf50a5aa71da81d7c0f3144ba,https://www.actionfigure411.com/star-wars/the-vintage-collection/the-vintage-collection-action-figures/obi-wan-kenobi-aotc-reissue-3535.php,2022-01-01,Obi-Wan Kenobi,1.0
5,The Vintage Collection,19,The Vintage Collection Action Figures,groupTable83,964,VC 32,Anakin Skywalker (Peasant Disguise),4,2011,1,7.99,49.95,41.96,49.95,0d2c2ea5b7b8d7c49731b6c2546636f4,https://www.actionfigure411.com/star-wars/the-vintage-collection/the-vintage-collection-action-figures/anakin-skywalker-peasant-disguise-1798.php,2011-01-01,Anakin Skywalker,1.0000000000000002
5,The Vintage Collection,19,The Vintage Collection Action Figures,groupTable83,965,VC 32,Anakin Skywalker (Peasant Disguise) Reissue,31,2021,1,12.99,8.97,-4.02,8.97,dc8f6eb811393812c11732beeb24cb5f,https://www.actionfigure411.com/star-wars/the-vintage-collection/the-vintage-collection-action-figures/anakin-skywalker-peasant-disguise-reissue-1938.php,2021-01-01,Anakin Skywalker,1.0000000000000002
5,The Vintage Collection,19,The Vintage Collection Action Figures,groupTable83,966,VC 33,Padme Amidala (Peasant Disguise),4,2011,4,7.99,45.75,37.76,55.0,55978c776dc977fc2331a98166a9acb2,https://www.actionfigure411.com/star-wars/the-vintage-collection/the-vintage-collection-action-figures/padme-amidala-peasant-disguise-1797.php,2011-01-01,Padm  Amidala,0.7071067811865476
5,The Vintage Collection,19,The Vintage Collection Action Figures,groupTable83,967,VC 34,Jango Fett,4,2011,7,7.99,64.57,56.58,85.0,4fbab5e7ef9735ad25617be8fd77c74a,https://www.actionfigure411.com/star-wars/the-vintage-collection/the-vintage-collection-action-figures/jango-fett-1796.php,2011-01-01,Jango Fett,1.0
5,The Vintage Collection,19,The Vintage Collection Action Figures,groupTable83,968,VC 35,Mace Windu,4,2011,4,7.99,11.0,3.01,15.99,483b33bfa29a80ee99095784a0141179,https://www.actionfigure411.com/star-wars/the-vintage-collection/the-vintage-collection-action-figures/mace-windu-1795.php,2011-01-01,Mace Windu,1.0000000000000002
5,The Vintage Collection,19,The Vintage Collection Action Figures,groupTable83,969,VC 35,Mace Windu (Reissue),,2022,1,13.99,8.99,-5.0,8.99,56424d2d2ba2d4e95d6b484bffb203bc,https://www.actionfigure411.com/star-wars/the-vintage-collection/the-vintage-collection-action-figures/mace-windu-reissue-3534.php,2022-01-01,Mace Windu,1.0000000000000002
5,The Vintage Collection,19,The Vintage Collection Action Figures,groupTable83,970,VC 36,Senate Guard,4,2011,8,7.99,28.42,20.43,56.4,16c5a5de820f64a4e9eabcc653aad36c,https://www.actionfigure411.com/star-wars/the-vintage-collection/the-vintage-collection-action-figures/senate-guard-1794.php,2011-01-01,Pyke Guard,0.7534510784814418
5,The Vintage Collection,19,The Vintage Collection Action Figures,groupTable83,971,VC 37,Super Battle Droid,4,2011,3,7.99,38.66,30.67,43.0,c6684f18a4ffce4c28f1f672b3e36343,https://www.actionfigure411.com/star-wars/the-vintage-collection/the-vintage-collection-action-figures/super-battle-droid-1793.php,2011-01-01,Battle Droid 513,0.7892379838534719
5,The Vintage Collection,19,The Vintage Collection Action Figures,groupTable83,972,VC 38,Clone Trooper (212th Battalion),5,2011,5,7.99,45.18,37.19,58.0,c9f543920646b28c4f01083c0e323e0d,https://www.actionfigure411.com/star-wars/the-vintage-collection/the-vintage-collection-action-figures/clone-trooper-212th-battalion-1790.php,2011-01-01,Clone X trooper,1.0
5,The Vintage Collection,19,The Vintage Collection Action Figures,groupTable83,973,VC 39,Luke Skywalker (Death Star Escape),5,2011,7,7.99,33.11,25.12,77.0,abded4428dea1d03e68073576c3366db,https://www.actionfigure411.com/star-wars/the-vintage-collection/the-vintage-collection-action-figures/luke-skywalker-death-star-escape-1789.php,2011-01-01,Luke Skywalker,1.0000000000000002
5,The Vintage Collection,19,The Vintage Collection Action Figures,groupTable83,974,VC 40,R5-D4,5,2011,11,7.99,33.84,25.85,45.0,cdd3af54baec1ebb8c02c11a22c28642,https://www.actionfigure411.com/star-wars/the-vintage-collection/the-vintage-collection-action-figures/r5-d4-1788.php,2011-01-01,R5-D4,1.0
5,The Vintage Collection,19,The Vintage Collection Action Figures,groupTable83,977,VC 42,Han Solo (Yavin Ceremony),5,2011,5,7.99,29.99,22.0,39.99,27ebf9a269f16c96ca63f5b600327024,https://www.actionfigure411.com/star-wars/the-vintage-collection/the-vintage-collection-action-figures/han-solo-yavin-ceremony-1786.php,2011-01-01,Han Solo,1.0000000000000002
5,The Vintage Collection,19,The Vintage Collection Action Figures,groupTable83,978,VC 43,Commander Gree,5,2011,4,7.99,102.25,94.26,150.0,a0bfd7eb245d7a2f1c48d34d29971564,https://www.actionfigure411.com/star-wars/the-vintage-collection/the-vintage-collection-action-figures/commander-gree-1785.php,2011-01-01,Clone Commander Gree,0.8879854920732977
5,The Vintage Collection,19,The Vintage Collection Action Figures,groupTable83,979,VC 44,Luke Skywalker (Dagobah Landing),6,2011,8,8.99,59.86,50.87,69.99,01c84d7e37b00e70dcb0fe837626bc44,https://www.actionfigure411.com/star-wars/the-vintage-collection/the-vintage-collection-action-figures/luke-skywalker-dagobah-landing-1784.php,2011-01-01,Luke Skywalker,1.0000000000000002
5,The Vintage Collection,19,The Vintage Collection Action Figures,groupTable83,980,VC 45,Clone Trooper (AOTC),6,2011,4,8.99,19.36,10.37,20.99,a332b83034bd062dfcddeb260cd992f2,https://www.actionfigure411.com/star-wars/the-vintage-collection/the-vintage-collection-action-figures/clone-trooper-aotc-1783.php,2011-01-01,Clone X trooper,1.0
5,The Vintage Collection,19,The Vintage Collection Action Figures,groupTable83,981,VC 45,Clone Trooper (Reissue),25,2020,1,12.99,19.98,6.99,19.98,674d0280e210580bf3cf951c3d3c6b71,https://www.actionfigure411.com/star-wars/the-vintage-collection/the-vintage-collection-action-figures/clone-trooper-reissue-1933.php,2020-01-01,Clone X trooper,1.0
5,The Vintage Collection,19,The Vintage Collection Action Figures,groupTable83,983,VC 47,General Lando Calrissian,6,2011,4,8.99,12.37,3.38,14.49,3ede48ec9829b1b216ee599cc9ee1eaf,https://www.actionfigure411.com/star-wars/the-vintage-collection/the-vintage-collection-action-figures/general-lando-calrissian-1781.php,2011-01-01,Lando Calrissian,0.8994536479300936
5,The Vintage Collection,19,The Vintage Collection Action Figures,groupTable83,984,VC 47,General Lando Calrissian (Reissue),6,2020,1,12.99,14.95,1.96,14.95,9cc513fe786dcc764e649074aa0629a7,https://www.actionfigure411.com/star-wars/the-vintage-collection/the-vintage-collection-action-figures/general-lando-calrissian-reissue-1931.php,2020-01-01,Lando Calrissian,0.8994536479300936
5,The Vintage Collection,19,The Vintage Collection Action Figures,groupTable83,987,VC 50,Han Solo (Bespin Outfit),7,2011,8,8.99,21.81,12.82,29.99,194bc9291b1f837023c0004f565b6dcd,https://www.actionfigure411.com/star-wars/the-vintage-collection/the-vintage-collection-action-figures/han-solo-bespin-outfit-1778.php,2011-01-01,Han Solo,1.0000000000000002
5,The Vintage Collection,19,The Vintage Collection Action Figures,groupTable83,988,VC 50,Han Solo (Bespin Outfit) Reissue,7,2020,3,12.99,23.31,10.32,24.98,fa4cd3448be7c84f711fab4f9e336310,https://www.actionfigure411.com/star-wars/the-vintage-collection/the-vintage-collection-action-figures/han-solo-bespin-outfit-reissue-1932.php,2020-01-01,Han Solo,1.0000000000000002
5,The Vintage Collection,19,The Vintage Collection Action Figures,groupTable83,989,VC 51,Barriss Offee (Jedi Padawan),7,2011,6,8.99,28.28,19.29,30.8,58e7adbe7b15e432afdb0fb0c38f2cdd,https://www.actionfigure411.com/star-wars/the-vintage-collection/the-vintage-collection-action-figures/barriss-offee-jedi-padawan-1777.php,2011-01-01,Barriss Offee,1.0000000000000002
5,The Vintage Collection,19,The Vintage Collection Action Figures,groupTable83,990,VC 52,Rebel Fleet Trooper,7,2011,8,8.99,26.06,17.07,37.0,d5234db24b9be0559de26bcbe06b6e8c,https://www.actionfigure411.com/star-wars/the-vintage-collection/the-vintage-collection-action-figures/rebel-fleet-trooper-1776.php,2011-01-01,Clone X trooper,0.7772933980533595
5,The Vintage Collection,19,The Vintage Collection Action Figures,groupTable83,994,VC 55,Logray (Ewok Medicine Man),7,2011,10,8.99,38.47,29.48,60.0,032a5aee1134edcae2cceedf060be016,https://www.actionfigure411.com/star-wars/the-vintage-collection/the-vintage-collection-action-figures/logray-ewok-medicine-man-1773.php,2011-01-01,Logray,1.0
5,The Vintage Collection,19,The Vintage Collection Action Figures,groupTable83,995,VC 56,Kithaba (Skiff Guard),13,2012,4,9.99,32.15,22.16,69.95,40bd5017c8c00a330169c94e2d96707d,https://www.actionfigure411.com/star-wars/the-vintage-collection/the-vintage-collection-action-figures/kithaba-skiff-guard-1772.php,2012-01-01,Pyke Guard,0.7534510784814418
5,The Vintage Collection,19,The Vintage Collection Action Figures,groupTable83,996,VC 56,Kithaba (Skiff Guard) Reissue,,2023,1,16.99,21.25,4.26,21.25,3b07195ab7eb209a5dc8c0e3c7e10229,https://www.actionfigure411.com/star-wars/the-vintage-collection/the-vintage-collection-action-figures/kithaba-skiff-guard-reissue-5500.php,2023-01-01,Pyke Guard,0.7534510784814418
5,The Vintage Collection,19,The Vintage Collection Action Figures,groupTable83,998,VC 57,Doctor Evazan (Reissue),,2024,1,16.99,25.99,9.0,25.99,f9ebc014c5db8b7290170f43046ada03,https://www.actionfigure411.com/star-wars/the-vintage-collection/the-vintage-collection-action-figures/doctor-evazan-reissue-8988.php,2024-01-01,Doctor Cornelius Evazan,0.7919331212986583
5,The Vintage Collection,19,The Vintage Collection Action Figures,groupTable83,999,VC 58,Aayla Secura,13,2012,10,9.99,42.39,32.4,60.0,350a07734dc8e49636ae5fc969dd7059,https://www.actionfigure411.com/star-wars/the-vintage-collection/the-vintage-collection-action-figures/aayla-secura-1770.php,2012-01-01,Aayla Secura,1.0000000000000002
5,The Vintage Collection,19,The Vintage Collection Action Figures,groupTable83,1001,VC 60,Clone Trooper (501st Legion),13,2012,1,9.99,79.99,70.0,79.99,911c9d5c90df7d1df8a1106072ab592a,https://www.actionfigure411.com/star-wars/the-vintage-collection/the-vintage-collection-action-figures/clone-trooper-501st-legion-1768.php,2012-01-01,Clone X trooper,1.0
5,The Vintage Collection,19,The Vintage Collection Action Figures,groupTable83,1002,VC 61,Boba Fett (Prototype Armor),Mail Away,2011,15,6.99,62.19,55.2,89.98,16b6058f4e63d2ac36fc52755dbb56eb,https://www.actionfigure411.com/star-wars/the-vintage-collection/the-vintage-collection-action-figures/boba-fett-prototype-armor-1767.php,2011-01-01,Boba Fett,1.0
5,The Vintage Collection,19,The Vintage Collection Action Figures,groupTable83,1003,VC 62,Han Solo (In Trench Coat),8,2011,2,8.99,39.99,31.0,49.99,940b6559b428f74eec7f8486f3e3dae2,https://www.actionfigure411.com/star-wars/the-vintage-collection/the-vintage-collection-action-figures/han-solo-in-trench-coat-1766.php,2011-01-01,Han Solo,0.816496580927726
5,The Vintage Collection,19,The Vintage Collection Action Figures,groupTable83,1004,VC 62,Han Solo (Endor) Reissue,34,2021,5,12.99,12.0,-0.99,16.87,24bfbd487ce37ed32843017e67367c79,https://www.actionfigure411.com/star-wars/the-vintage-collection/the-vintage-collection-action-figures/han-solo-endor-reissue-2084.php,2021-01-01,Han Solo,1.0000000000000002
5,The Vintage Collection,19,The Vintage Collection Action Figures,groupTable83,1009,VC 66,Salacious Crumb,SDCC,2011,5,9.99,181.8,171.81,600.0,85dcda27eb2679d936785d5da95fd8ac,https://www.actionfigure411.com/star-wars/the-vintage-collection/the-vintage-collection-action-figures/salacious-crumb-1636.php,2011-01-01,Salacious B  Crumb,1.0000000000000002
5,The Vintage Collection,19,The Vintage Collection Action Figures,groupTable83,1010,VC 66A,Salacious B. Crumb,,2024,2,0.0,49.5,49.5,49.99,a02d3b14d465b9ec2accea66b494deb1,https://www.actionfigure411.com/star-wars/the-vintage-collection/the-vintage-collection-action-figures/salacious-b-crumb-8840.php,2024-01-01,Salacious B  Crumb,1.0000000000000002
5,The Vintage Collection,19,The Vintage Collection Action Figures,groupTable83,1012,VC 68,Rebel Soldier (Echo Base Battle Gear),9,2011,2,8.99,49.95,40.96,49.95,556b730ec71db12e265aeaa8dbf99e78,https://www.actionfigure411.com/star-wars/the-vintage-collection/the-vintage-collection-action-figures/rebel-soldier-echo-base-battle-gear-1753.php,2011-01-01,Echo,0.7071067811865476
5,The Vintage Collection,19,The Vintage Collection Action Figures,groupTable83,1015,VC 70,Ponda Baba (Walrus Man),9,2011,4,8.99,51.67,42.68,99.95,96c60bfecb8a26a1867f77cb202027c3,https://www.actionfigure411.com/star-wars/the-vintage-collection/the-vintage-collection-action-figures/ponda-baba-walrus-man-1751.php,2011-01-01,Ponda Baba,1.0000000000000002
5,The Vintage Collection,19,The Vintage Collection Action Figures,groupTable83,1016,VC 70,Ponda Baba (Reissue),,2025,1,16.99,30.69,13.7,30.69,e4adfa713104cbcd7e147f717668c1b8,https://www.actionfigure411.com/star-wars/the-vintage-collection/the-vintage-collection-action-figures/ponda-baba-reissue-10260.php,2025-01-01,Ponda Baba,1.0000000000000002
5,The Vintage Collection,19,The Vintage Collection Action Figures,groupTable83,1017,VC 71,Mawhonic (Podracer Pilot),16,2012,7,9.99,43.7,33.71,59.0,fcebeb61c776405b4917acffffa70558,https://www.actionfigure411.com/star-wars/the-vintage-collection/the-vintage-collection-action-figures/mawhonic-podracer-pilot-1750.php,2012-01-01,Mawhonic,0.7419392967573335
5,The Vintage Collection,19,The Vintage Collection Action Figures,groupTable83,1019,VC 73,Aurra Sing,16,2012,5,9.99,52.03,42.04,59.99,44244b65ba6c2b96ea1ea03b2f525a4d,https://www.actionfigure411.com/star-wars/the-vintage-collection/the-vintage-collection-action-figures/aurra-sing-1748.php,2012-01-01,Aurra Sing,1.0000000000000002
5,The Vintage Collection,19,The Vintage Collection Action Figures,groupTable83,1020,VC 73,Aurra Sing,,2025,5,16.99,18.99,2.0,27.0,aea03b7f9b8bc5258b9c979c08a1b9f1,https://www.actionfigure411.com/star-wars/the-vintage-collection/the-vintage-collection-action-figures/aurra-sing-9026.php,2025-01-01,Aurra Sing,1.0000000000000002
5,The Vintage Collection,19,The Vintage Collection Action Figures,groupTable83,1022,VC 75,Qui-Gon Jinn,10,2011,11,8.99,39.85,30.86,89.95,c76b3ac47d29b45e65b7f57e72d89f72,https://www.actionfigure411.com/star-wars/the-vintage-collection/the-vintage-collection-action-figures/qui-gon-jinn-1746.php,2011-01-01,Qui-Gon Jinn,1.0
5,The Vintage Collection,19,The Vintage Collection Action Figures,groupTable83,1023,VC 76,Obi-Wan Kenobi (The Phantom Menace),10,2011,6,8.99,29.83,20.84,39.99,cecf8d673cfccc3d8c33684947985035,https://www.actionfigure411.com/star-wars/the-vintage-collection/the-vintage-collection-action-figures/obi-wan-kenobi-the-phantom-menace-1745.php,2011-01-01,Obi-Wan Kenobi,0.935414171495732
5,The Vintage Collection,19,The Vintage Collection Action Figures,groupTable83,1024,VC 77,Ratts Tyerell & Pit Droid,10,2011,2,8.99,33.47,24.48,39.99,3242007735edb038d68cf261d6e59fc6,https://www.actionfigure411.com/star-wars/the-vintage-collection/the-vintage-collection-action-figures/ratts-tyerell-pit-droid-1744.php,2011-01-01,Ratts Tyerell,0.8684508101705088
5,The Vintage Collection,19,The Vintage Collection Action Figures,groupTable83,1025,VC 78,Battle Droid,10,2011,2,8.99,19.75,10.76,23.0,cc5dadbc57f33e94f8dadb6c668b3231,https://www.actionfigure411.com/star-wars/the-vintage-collection/the-vintage-collection-action-figures/battle-droid-1743.php,2011-01-01,Battle Droid 513,0.7892379838534719
5,The Vintage Collection,19,The Vintage Collection Action Figures,groupTable83,1026,VC 78,Battle Droid (Reissue),31,2021,1,12.99,24.95,11.96,24.95,ed7a8c191a9a34a459618d799aee1455,https://www.actionfigure411.com/star-wars/the-vintage-collection/the-vintage-collection-action-figures/battle-droid-reissue-1939.php,2021-01-01,Battle Droid 513,0.7892379838534719
5,The Vintage Collection,19,The Vintage Collection Action Figures,groupTable83,1028,VC 80,Anakin Skywalker (TPM),10,2011,1,8.99,9.49,0.5,9.49,dbb83e53dc6511fcef3d1eaef909cdd8,https://www.actionfigure411.com/star-wars/the-vintage-collection/the-vintage-collection-action-figures/anakin-skywalker-tpm-1741.php,2011-01-01,Anakin Skywalker,1.0000000000000002
5,The Vintage Collection,19,The Vintage Collection Action Figures,groupTable83,1029,VC 80,Anakin Skywalker (TPM - Reissue),,2022,1,13.99,8.99,-5.0,8.99,5f19d7f5948ccf9f7dc3778968c614af,https://www.actionfigure411.com/star-wars/the-vintage-collection/the-vintage-collection-action-figures/anakin-skywalker-tpm-reissue-3536.php,2022-01-01,Anakin Skywalker,1.0000000000000002
5,The Vintage Collection,19,The Vintage Collection Action Figures,groupTable83,1030,VC 81,Ben Quadinaros & Otoga-222,10,2011,4,8.99,51.63,42.64,60.0,3238f0aab62c628c83904b14d22015b7,https://www.actionfigure411.com/star-wars/the-vintage-collection/the-vintage-collection-action-figures/ben-quadinaros-otoga-222-1740.php,2011-01-01,Ben Quadinaros,1.0000000000000002
5,The Vintage Collection,19,The Vintage Collection Action Figures,groupTable83,1031,VC 82,Daultay Dofine,10,2011,9,8.99,27.48,18.49,49.95,f489390e3558d8ffce40d49696c0402a,https://www.actionfigure411.com/star-wars/the-vintage-collection/the-vintage-collection-action-figures/daultay-dofine-1739.php,2011-01-01,Daultay Dofine,1.0000000000000002
5,The Vintage Collection,19,The Vintage Collection Action Figures,groupTable83,1032,VC 83,Naboo Royal Guard,10,2011,5,8.99,22.23,13.24,26.0,cf64fc642e95b9b2240600f81f3d4d7f,https://www.actionfigure411.com/star-wars/the-vintage-collection/the-vintage-collection-action-figures/naboo-royal-guard-1738.php,2011-01-01,Pyke Guard,0.7534510784814418
5,The Vintage Collection,19,The Vintage Collection Action Figures,groupTable83,1035,VC 85,Quinlan Vos,10,2011,6,9.99,34.81,24.82,39.99,432c5d1a894ff02140c5ddba060775a6,https://www.actionfigure411.com/star-wars/the-vintage-collection/the-vintage-collection-action-figures/quinlan-vos-1736.php,2011-01-01,Quinlan Vos,1.0
5,The Vintage Collection,19,The Vintage Collection Action Figures,groupTable83,1036,VC 86,Darth Maul,10,2011,2,9.99,22.0,12.01,23.99,e6aeee9d8f9a585bfe3dab2f99dc6ba2,https://www.actionfigure411.com/star-wars/the-vintage-collection/the-vintage-collection-action-figures/darth-maul-1735.php,2011-01-01,Maul,0.7534510784814418
5,The Vintage Collection,19,The Vintage Collection Action Figures,groupTable83,1037,VC 86,Darth Maul (Reissue),27,2020,3,12.99,25.98,12.99,28.95,2b2544ac3aaf950221c38f842c0559f4,https://www.actionfigure411.com/star-wars/the-vintage-collection/the-vintage-collection-action-figures/darth-maul-reissue-1935.php,2020-01-01,Maul,0.7534510784814418
5,The Vintage Collection,19,The Vintage Collection Action Figures,groupTable83,1038,VC 87,Luke Skywalker (Lightsaber Construction),11,2012,8,9.99,27.5,17.51,49.0,7fd526dec88108cbf6d031d2cdf315ca,https://www.actionfigure411.com/star-wars/the-vintage-collection/the-vintage-collection-action-figures/luke-skywalker-lightsaber-construction-1734.php,2012-01-01,Luke Skywalker,1.0000000000000002
5,The Vintage Collection,19,The Vintage Collection Action Figures,groupTable83,1039,VC 88,Princess Leia (Sandstorm Outfit),11,2012,8,9.99,83.95,73.96,119.95,f9c551ca9a2be051abe7e3d937a2f807,https://www.actionfigure411.com/star-wars/the-vintage-collection/the-vintage-collection-action-figures/princess-leia-sandstorm-outfit-1733.php,2012-01-01,Leia Organa,0.7419392967573335
5,The Vintage Collection,19,The Vintage Collection Action Figures,groupTable83,1040,VC 89,Lando Calrissian (Sandstorm Outfit),11,2012,6,9.99,34.15,24.16,49.95,28de53e84b8af2347c95bf0a5c6e2dd6,https://www.actionfigure411.com/star-wars/the-vintage-collection/the-vintage-collection-action-figures/lando-calrissian-sandstorm-outfit-1732.php,2012-01-01,Lando Calrissian,1.0000000000000002
5,The Vintage Collection,19,The Vintage Collection Action Figures,groupTable83,1043,VC 92,Anakin Skywalker (Clone Wars),12,2012,5,9.99,31.74,21.75,45.5,58ba21a20c4c11a07b0a89bf0c2010fe,https://www.actionfigure411.com/star-wars/the-vintage-collection/the-vintage-collection-action-figures/anakin-skywalker-clone-wars-1728.php,2012-01-01,Anakin Skywalker,0.9063448899144573
5,The Vintage Collection,19,The Vintage Collection Action Figures,groupTable83,1044,VC 92,Anakin Skywalker (Clone Wars - Reissue),27,2020,3,12.99,25.16,12.17,29.99,a411fb7dffb90ce585f284e9c7526fab,https://www.actionfigure411.com/star-wars/the-vintage-collection/the-vintage-collection-action-figures/anakin-skywalker-clone-wars-reissue-1936.php,2020-01-01,Anakin Skywalker,0.9063448899144573
5,The Vintage Collection,19,The Vintage Collection Action Figures,groupTable83,1045,VC 93,Darth Vader,12,2012,4,9.99,37.48,27.49,50.0,acabe88a720f9b1fd5f3c9719edb3706,https://www.actionfigure411.com/star-wars/the-vintage-collection/the-vintage-collection-action-figures/darth-vader-1727.php,2012-01-01,Darth Vader,1.0
5,The Vintage Collection,19,The Vintage Collection Action Figures,groupTable83,1047,VC 95,Luke Skywalker (Hoth Outfit),12,2012,6,9.99,24.75,14.76,70.0,b27ae22808e62e09aa442efa4ab45f8f,https://www.actionfigure411.com/star-wars/the-vintage-collection/the-vintage-collection-action-figures/luke-skywalker-hoth-outfit-1725.php,2012-01-01,Luke Skywalker,1.0000000000000002
5,The Vintage Collection,19,The Vintage Collection Action Figures,groupTable83,1048,VC 95,Luke Skywalker (Hoth Outfit) Reissue,34,2021,3,12.99,9.66,-3.33,9.99,45fc5e5522d0aa735996643c6de00232,https://www.actionfigure411.com/star-wars/the-vintage-collection/the-vintage-collection-action-figures/luke-skywalker-hoth-outfit-reissue-2082.php,2021-01-01,Luke Skywalker,1.0000000000000002
5,The Vintage Collection,19,The Vintage Collection Action Figures,groupTable83,1050,VC 97,Odd Ball (Clone Pilot),14,2012,5,9.99,77.0,67.01,115.0,474c4a9a54d6b601003b8c814829329e,https://www.actionfigure411.com/star-wars/the-vintage-collection/the-vintage-collection-action-figures/odd-ball-clone-pilot-1720.php,2012-01-01,Clone Pilot Odd Ball,1.0000000000000002
5,The Vintage Collection,19,The Vintage Collection Action Figures,groupTable83,1051,VC 98,Grand Moff Tarkin,14,2012,6,9.99,127.53,117.54,149.95,55f87128882e864edbef63d0c29494b0,https://www.actionfigure411.com/star-wars/the-vintage-collection/the-vintage-collection-action-figures/grand-moff-tarkin-1719.php,2012-01-01,Grand Moff Tarkin,1.0000000000000002
5,The Vintage Collection,19,The Vintage Collection Action Figures,groupTable83,1052,VC 99,Nikto (Skiff Guard),14,2012,3,9.99,17.0,7.01,24.99,6490c9cc9a40583836a466545695ae16,https://www.actionfigure411.com/star-wars/the-vintage-collection/the-vintage-collection-action-figures/nikto-skiff-guard-1718.php,2012-01-01,Pyke Guard,0.7534510784814418
5,The Vintage Collection,19,The Vintage Collection Action Figures,groupTable83,1053,VC 99,Nikto (Skiff Guard) Reissue,,2023,1,16.99,12.0,-4.99,12.0,53b980ab07fe2a0545cb950a1ff3e3ec,https://www.actionfigure411.com/star-wars/the-vintage-collection/the-vintage-collection-action-figures/nikto-skiff-guard-reissue-5501.php,2023-01-01,Pyke Guard,0.7534510784814418
5,The Vintage Collection,19,The Vintage Collection Action Figures,groupTable83,1055,VC 100,Starkiller (Vader's Apprentice) Reissue,34,2023,3,16.99,20.33,3.34,26.99,6b829b7daa3f4d7a8c4997a5941b7a50,https://www.actionfigure411.com/star-wars/the-vintage-collection/the-vintage-collection-action-figures/starkiller-vaders-apprentice-reissue-5988.php,2023-01-01,Darth Vader,0.7534510784814418
5,The Vintage Collection,19,The Vintage Collection Action Figures,groupTable83,1058,VC 102,Ahsoka,16,2012,1,9.99,279.99,270.0,279.99,8db74263559b902d9f45c7eda73caf5e,https://www.actionfigure411.com/star-wars/the-vintage-collection/the-vintage-collection-action-figures/ahsoka-1623.php,2012-01-01,Ahsoka Tano,0.7071067811865476
5,The Vintage Collection,19,The Vintage Collection Action Figures,groupTable83,1059,VC 102,Ahsoka (Reissue),,2022,1,13.99,14.95,0.96,14.95,ea2bbe674166dd2d36c460037d26dc87,https://www.actionfigure411.com/star-wars/the-vintage-collection/the-vintage-collection-action-figures/ahsoka-reissue-3537.php,2022-01-01,Ahsoka Tano,0.7071067811865476
5,The Vintage Collection,19,The Vintage Collection Action Figures,groupTable83,1060,VC 103,Obi-Wan Kenobi (The Clone Wars),16,2012,2,9.99,49.95,39.96,49.95,cf834acb17010226d18ca7da1d70e221,https://www.actionfigure411.com/star-wars/the-vintage-collection/the-vintage-collection-action-figures/obi-wan-kenobi-the-clone-wars-1721.php,2012-01-01,Obi-Wan Kenobi,0.8857999529077243
5,The Vintage Collection,19,The Vintage Collection Action Figures,groupTable83,1061,VC 103,Obi-Wan Kenobi (TCW - Reissue),27,2020,1,12.99,35.0,22.01,35.0,10deaeb80a8954cd884b2d28ad22805b,https://www.actionfigure411.com/star-wars/the-vintage-collection/the-vintage-collection-action-figures/obi-wan-kenobi-tcw-reissue-1937.php,2020-01-01,Obi-Wan Kenobi,1.0
5,The Vintage Collection,19,The Vintage Collection Action Figures,groupTable83,1065,VC 106,Nien Nunb,16,2012,2,9.99,45.97,35.98,49.95,e4cc9701f9ca3cd5c0fc094f2e88508d,https://www.actionfigure411.com/star-wars/the-vintage-collection/the-vintage-collection-action-figures/nien-nunb-1702.php,2012-01-01,Nien Nunb,1.0000000000000002
5,The Vintage Collection,19,The Vintage Collection Action Figures,groupTable83,1066,VC 106,Nien Nunb (Reissue),,2023,1,16.99,7.97,-9.02,7.97,2aeb2f3bbbff392c10910ec360bfeabb,https://www.actionfigure411.com/star-wars/the-vintage-collection/the-vintage-collection-action-figures/nien-nunb-reissue-6377.php,2023-01-01,Nien Nunb,1.0000000000000002
5,The Vintage Collection,19,The Vintage Collection Action Figures,groupTable83,1069,VC 108,Jar Jar Binks,15,2012,2,9.99,62.5,52.51,75.0,c4a7b7a16c2709f67be92d2e7fd3109d,https://www.actionfigure411.com/star-wars/the-vintage-collection/the-vintage-collection-action-figures/jar-jar-binks-1700.php,2012-01-01,Jar Jar Binks,1.0000000000000002
5,The Vintage Collection,19,The Vintage Collection Action Figures,groupTable83,1070,VC 109,Clone Trooper Lieutenant,15,2012,3,9.99,57.33,47.34,75.0,282aba0d2a762b6a64e8bc1ca1c3744b,https://www.actionfigure411.com/star-wars/the-vintage-collection/the-vintage-collection-action-figures/clone-trooper-lieutenant-1699.php,2012-01-01,Clone X trooper,0.7776934007302077
5,The Vintage Collection,19,The Vintage Collection Action Figures,groupTable83,1071,VC 110,Shock Trooper,15,2012,1,9.99,75.0,65.01,75.0,8f4c602801cd521f475631ae632b23fc,https://www.actionfigure411.com/star-wars/the-vintage-collection/the-vintage-collection-action-figures/shock-trooper-1698.php,2012-01-01,Clone X trooper,0.7772933980533595
5,The Vintage Collection,19,The Vintage Collection Action Figures,groupTable83,1072,VC 111,Princess Leia (Bespin),15,2012,7,9.99,81.63,71.64,99.95,dc1e69eb3d56bccf7a792178edbdfbbb,https://www.actionfigure411.com/star-wars/the-vintage-collection/the-vintage-collection-action-figures/princess-leia-bespin-1697.php,2012-01-01,Leia Organa,0.7419392967573335
5,The Vintage Collection,19,The Vintage Collection Action Figures,groupTable83,1074,VC 113,Republic Trooper,16,2012,6,9.99,41.67,31.68,75.0,00afca58c05c95e5a5690a85588dd874,https://www.actionfigure411.com/star-wars/the-vintage-collection/the-vintage-collection-action-figures/republic-trooper-1695.php,2012-01-01,Clone X trooper,0.7772933980533595
5,The Vintage Collection,19,The Vintage Collection Action Figures,groupTable83,1077,VC 115,Darth Vader (Force Lightning - ROTJ),15,2012,6,9.99,125.95,115.96,250.0,375fe1882f42542d1b163ab625da62a8,https://www.actionfigure411.com/star-wars/the-vintage-collection/the-vintage-collection-action-figures/darth-vader-force-lightning-rotj-1693.php,2012-01-01,Darth Vader,1.0
5,The Vintage Collection,19,The Vintage Collection Action Figures,groupTable83,1078,VC 116,Rey (Jakku),17,2018,2,12.99,11.41,-1.58,12.0,b619a826a36cbd49b54839c6bed9a6dc,https://www.actionfigure411.com/star-wars/the-vintage-collection/the-vintage-collection-action-figures/rey-jakku-1026.php,2018-01-01,Rey,1.0
5,The Vintage Collection,19,The Vintage Collection Action Figures,groupTable83,1079,VC 117,Kylo Ren,17,2018,5,12.99,24.58,11.59,34.99,606f673d8bd7c56da59ae6201e3916a3,https://www.actionfigure411.com/star-wars/the-vintage-collection/the-vintage-collection-action-figures/kylo-ren-1027.php,2018-01-01,Supreme Leader Kylo Ren,0.7345111134705395
5,The Vintage Collection,19,The Vintage Collection Action Figures,groupTable83,1080,VC 118,First Order Stormtrooper,17,2018,6,12.99,13.31,0.32,14.99,239b6ad285fa14e50e758bf763993832,https://www.actionfigure411.com/star-wars/the-vintage-collection/the-vintage-collection-action-figures/first-order-stormtrooper-1028.php,2018-01-01,First Order Raiders,0.794103136389463
5,The Vintage Collection,19,The Vintage Collection Action Figures,groupTable83,1081,VC 119,Jyn Erso,17,2018,3,12.99,7.0,-5.99,8.0,004516f3f00e12bcc52707d48eec6114,https://www.actionfigure411.com/star-wars/the-vintage-collection/the-vintage-collection-action-figures/jyn-erso-1030.php,2018-01-01,Jyn Erso,1.0000000000000002
5,The Vintage Collection,19,The Vintage Collection Action Figures,groupTable83,1083,VC 121,Supreme Leader Snoke,17,2018,3,12.99,9.95,-3.04,9.95,75823190f65bc7c8ad6839d3ad0345d5,https://www.actionfigure411.com/star-wars/the-vintage-collection/the-vintage-collection-action-figures/supreme-leader-snoke-1029.php,2018-01-01,Supreme Leader Snoke,1.0
5,The Vintage Collection,19,The Vintage Collection Action Figures,groupTable83,1084,VC 122,Rey (Island Journey),Walmart,2018,2,14.99,16.45,1.46,26.9,27d055d8c30fd946c11877adba807a44,https://www.actionfigure411.com/star-wars/the-vintage-collection/the-vintage-collection-action-figures/rey-island-journey-1116.php,2018-01-01,Rey,1.0
5,The Vintage Collection,19,The Vintage Collection Action Figures,groupTable83,1086,VC 124,Han Solo,18,2018,3,12.99,19.83,6.84,26.0,1a2c9ac26d06fd7a4060b8bcfe22cae9,https://www.actionfigure411.com/star-wars/the-vintage-collection/the-vintage-collection-action-figures/han-solo-1094.php,2018-01-01,Han Solo,1.0000000000000002
5,The Vintage Collection,19,The Vintage Collection Action Figures,groupTable83,1087,VC 125,Enfys Nest,18,2018,4,12.99,16.36,3.37,18.97,c512d1f2393d61372e2afb90a4bf1257,https://www.actionfigure411.com/star-wars/the-vintage-collection/the-vintage-collection-action-figures/enfys-nest-1095.php,2018-01-01,Enfys Nest,1.0000000000000002
5,The Vintage Collection,19,The Vintage Collection Action Figures,groupTable83,1088,VC 126,Imperial Assault Tank Driver,18,2018,4,12.99,40.74,27.75,52.0,4ae048bd7edbf65927ad7ab391f7a702,https://www.actionfigure411.com/star-wars/the-vintage-collection/the-vintage-collection-action-figures/imperial-assault-tank-driver-1096.php,2018-01-01,Imperial Juggernaut driver,0.808724952682001
5,The Vintage Collection,19,The Vintage Collection Action Figures,groupTable83,1090,VC 128,Range Trooper,19,2019,7,12.99,12.99,0.0,17.95,0a6a760f502f582877b639bb38cf6238,https://www.actionfigure411.com/star-wars/the-vintage-collection/the-vintage-collection-action-figures/range-trooper-1155.php,2019-01-01,Clone X trooper,0.7772933980533595
5,The Vintage Collection,19,The Vintage Collection Action Figures,groupTable83,1092,VC 130,Captain Cassian Andor,19,2018,2,12.99,12.48,-0.51,14.95,791218df131426473df8e7c91a75f3c7,https://www.actionfigure411.com/star-wars/the-vintage-collection/the-vintage-collection-action-figures/captain-cassian-andor-1160.php,2018-01-01,Cassian Andor,0.9050867118516728
5,The Vintage Collection,19,The Vintage Collection Action Figures,groupTable83,1093,VC 130,Captain Cassian Andor (Reissue),,2024,0,16.99,,,0.0,f8767c608c63b5291be1c4e4a8bba954,https://www.actionfigure411.com/star-wars/the-vintage-collection/the-vintage-collection-action-figures/captain-cassian-andor-reissue-7464.php,2024-01-01,Cassian Andor,0.9050867118516728
5,The Vintage Collection,19,The Vintage Collection Action Figures,groupTable83,1094,VC 131,Luke Skywalker Jedi Master,19,2018,5,12.99,15.98,2.99,19.99,4c03ab770498127f0b42e28a5a14d99e,https://www.actionfigure411.com/star-wars/the-vintage-collection/the-vintage-collection-action-figures/luke-skywalker-jedi-master-1162.php,2018-01-01,Luke Skywalker,0.8191816100989555
5,The Vintage Collection,19,The Vintage Collection Action Figures,groupTable83,1098,VC 134,Princess Leia Organa Boushh,20,2019,4,12.99,23.49,10.5,35.99,75353d1272a2a892dbab12d4f8595de8,https://www.actionfigure411.com/star-wars/the-vintage-collection/the-vintage-collection-action-figures/princess-leia-organa-boushh-1159.php,2019-01-01,Leia Organa,1.0000000000000002
5,The Vintage Collection,19,The Vintage Collection Action Figures,groupTable83,1099,VC 135,Klaatu,20,2019,5,12.99,16.38,3.39,16.99,fef597ce0ac59fdc5a18d3b0a614db3f,https://www.actionfigure411.com/star-wars/the-vintage-collection/the-vintage-collection-action-figures/klaatu-1158.php,2019-01-01,Klaatu,1.0
5,The Vintage Collection,19,The Vintage Collection Action Figures,groupTable83,1100,VC 136,Han Solo (Carbonite),Walmart,2019,5,0.0,26.77,26.77,37.99,ff6c40fe4df78ab6cdb7e55e83e87918,https://www.actionfigure411.com/star-wars/the-vintage-collection/the-vintage-collection-action-figures/han-solo-carbonite-1660.php,2019-01-01,Han Solo,1.0000000000000002
5,The Vintage Collection,19,The Vintage Collection Action Figures,groupTable83,1103,VC 138,Elite Praetorian Guard,21,2019,3,12.99,26.56,13.57,29.95,e09b201c642e483558174439f941678a,https://www.actionfigure411.com/star-wars/the-vintage-collection/the-vintage-collection-action-figures/elite-praetorian-guard-1624.php,2019-01-01,Pyke Guard,0.7534510784814418
5,The Vintage Collection,19,The Vintage Collection Action Figures,groupTable83,1104,VC 139,Lando Calrissian (Solo),21,2019,2,12.99,12.95,-0.04,12.95,e6786717599d122f705bba62fcea2067,https://www.actionfigure411.com/star-wars/the-vintage-collection/the-vintage-collection-action-figures/lando-calrissian-solo-1625.php,2019-01-01,Lando Calrissian,0.816496580927726
5,The Vintage Collection,19,The Vintage Collection Action Figures,groupTable83,1106,VC 141,Chewbacca,21,2019,8,12.99,20.41,7.42,30.0,c507afb032753468f0b3c450a52413c9,https://www.actionfigure411.com/star-wars/the-vintage-collection/the-vintage-collection-action-figures/chewbacca-1627.php,2019-01-01,Chewbacca,1.0
5,The Vintage Collection,19,The Vintage Collection Action Figures,groupTable83,1107,VC 142,Captain Phasma,21,2019,3,12.99,19.58,6.59,29.95,0b38766eceae4a76398fbdaebd85735d,https://www.actionfigure411.com/star-wars/the-vintage-collection/the-vintage-collection-action-figures/captain-phasma-1628.php,2019-01-01,Captain Phasma,1.0
5,The Vintage Collection,19,The Vintage Collection Action Figures,groupTable83,1108,VC 143,Han Solo (Stormtrooper),Target,2019,5,12.99,20.39,7.4,29.99,63330b86567ab5cd8eba74340d3d0d18,https://www.actionfigure411.com/star-wars/the-vintage-collection/the-vintage-collection-action-figures/han-solo-stormtrooper-1633.php,2019-01-01,Han Solo,1.0000000000000002
5,The Vintage Collection,19,The Vintage Collection Action Figures,groupTable83,1109,VC 144,Lando Calrissian (Skiff Guard),Walmart,2019,3,12.99,18.76,5.77,22.49,bdf55f527466e374f016b9127f56dbf6,https://www.actionfigure411.com/star-wars/the-vintage-collection/the-vintage-collection-action-figures/lando-calrissian-skiff-guard-1634.php,2019-01-01,Lando Calrissian,0.816496580927726
5,The Vintage Collection,19,The Vintage Collection Action Figures,groupTable83,1110,VC 145,41st Elite Corps Clone Trooper,Fan,2019,3,12.99,16.5,3.51,19.99,3843e031836adc515832f76234ffc03e,https://www.actionfigure411.com/star-wars/the-vintage-collection/the-vintage-collection-action-figures/41st-elite-corps-clone-trooper-1635.php,2019-01-01,Clone X trooper,1.0
5,The Vintage Collection,19,The Vintage Collection Action Figures,groupTable83,1111,VC 146,Luke Skywalker (Crait),22,2019,2,12.99,60.0,47.01,70.0,d8aa0a1fc14c35c72e26531a5e37ae60,https://www.actionfigure411.com/star-wars/the-vintage-collection/the-vintage-collection-action-figures/luke-skywalker-crait-1629.php,2019-01-01,Luke Skywalker,1.0000000000000002
5,The Vintage Collection,19,The Vintage Collection Action Figures,groupTable83,1114,VC 149,R2-D2,22,2019,13,12.99,23.18,10.19,30.0,ebe055cd24f38abf26c3f93e566c6335,https://www.actionfigure411.com/star-wars/the-vintage-collection/the-vintage-collection-action-figures/r2-d2-1632.php,2019-01-01,R2-D2,1.0
5,The Vintage Collection,19,The Vintage Collection Action Figures,groupTable83,1115,VC 149,R2-D2 (Reissue),,2024,3,16.99,21.36,4.37,30.0,6bb5e900587a2160c61cde0aeecf68d5,https://www.actionfigure411.com/star-wars/the-vintage-collection/the-vintage-collection-action-figures/r2-d2-reissue-8338.php,2024-01-01,R2-D2,1.0
5,The Vintage Collection,19,The Vintage Collection Action Figures,groupTable83,1116,VC 150,Princess Leia Organa (Yavin),24,2019,6,12.99,25.49,12.5,37.49,dedea797f93250dcf2b6bf27f6999057,https://www.actionfigure411.com/star-wars/the-vintage-collection/the-vintage-collection-action-figures/princess-leia-organa-yavin-1672.php,2019-01-01,Leia Organa,1.0000000000000002
5,The Vintage Collection,19,The Vintage Collection Action Figures,groupTable83,1117,VC 151,Luke Skywalker (Yavin),Walmart,2019,5,12.99,15.71,2.72,21.6,47f14985f347f5d3c3585ace1648d689,https://www.actionfigure411.com/star-wars/the-vintage-collection/the-vintage-collection-action-figures/luke-skywalker-yavin-1758.php,2019-01-01,Luke Skywalker,1.0000000000000002
5,The Vintage Collection,19,The Vintage Collection Action Figures,groupTable83,1122,VC 156,Rey (TROS),23,2019,11,12.99,36.63,23.64,44.99,44c06b3ed0a955b1308793f2d8368c6b,https://www.actionfigure411.com/star-wars/the-vintage-collection/the-vintage-collection-action-figures/rey-tros-1664.php,2019-01-01,Rey,1.0
5,The Vintage Collection,19,The Vintage Collection Action Figures,groupTable83,1123,VC 157,Zorii Bliss,23,2019,4,12.99,21.24,8.25,27.0,95cb8444c682a39d3b58e6ef462b399b,https://www.actionfigure411.com/star-wars/the-vintage-collection/the-vintage-collection-action-figures/zorii-bliss-1665.php,2019-01-01,Zorii Bliss,1.0000000000000002
5,The Vintage Collection,19,The Vintage Collection Action Figures,groupTable83,1124,VC 158,Luke Skywalker (X-Wing Pilot),23,2019,11,12.99,13.25,0.26,21.99,5e7efc6f50ec1d2ead092ab8ecd3bab6,https://www.actionfigure411.com/star-wars/the-vintage-collection/the-vintage-collection-action-figures/luke-skywalker-x-wing-pilot-1666.php,2019-01-01,Luke Skywalker,0.8305905453308053
5,The Vintage Collection,19,The Vintage Collection Action Figures,groupTable83,1125,VC 158,Luke Skywalker (X-Wing Pilot) Reissue,,2024,7,16.99,13.06,-3.93,18.88,4b64f42aadf53531d3102c29cb16d55d,https://www.actionfigure411.com/star-wars/the-vintage-collection/the-vintage-collection-action-figures/luke-skywalker-x-wing-pilot-reissue-7929.php,2024-01-01,Luke Skywalker,0.8305905453308053
5,The Vintage Collection,19,The Vintage Collection Action Figures,groupTable83,1127,VC 160,Poe Dameron,23,2019,7,12.99,28.43,15.44,32.99,157aaf839dc665528a3f54f95f832a89,https://www.actionfigure411.com/star-wars/the-vintage-collection/the-vintage-collection-action-figures/poe-dameron-1668.php,2019-01-01,Poe Dameron,1.0000000000000002
5,The Vintage Collection,19,The Vintage Collection Action Figures,groupTable83,1129,VC 162,Sith Trooper (Armory Pack),Amazon,2019,3,17.99,20.16,2.17,30.0,b9cfaf4a12bb8f91067468c6adb7fe67,https://www.actionfigure411.com/star-wars/the-vintage-collection/the-vintage-collection-action-figures/sith-trooper-armory-pack-1673.php,2019-01-01,Clone X trooper,0.7772933980533595
5,The Vintage Collection,19,The Vintage Collection Action Figures,groupTable83,1130,VC 162,Sith Trooper (ROS),24,2019,10,12.99,26.14,13.15,39.0,3c51151f0547c2c7ee54faeb3d8f329a,https://www.actionfigure411.com/star-wars/the-vintage-collection/the-vintage-collection-action-figures/sith-trooper-ros-1670.php,2019-01-01,Clone X trooper,0.7772933980533595
5,The Vintage Collection,19,The Vintage Collection Action Figures,groupTable83,1131,VC 163,Shadow Trooper,24,2019,10,12.99,21.21,8.22,25.95,9ed2e49fcdd66725ee6aaf0f943a81e6,https://www.actionfigure411.com/star-wars/the-vintage-collection/the-vintage-collection-action-figures/shadow-trooper-1671.php,2019-01-01,Clone X trooper,0.7772933980533595
5,The Vintage Collection,19,The Vintage Collection Action Figures,groupTable83,1132,VC 164,Cara Dune,25,2020,5,17.99,20.29,2.3,25.0,3156d225075a67efe3b6efbf54bbec87,https://www.actionfigure411.com/star-wars/the-vintage-collection/the-vintage-collection-action-figures/cara-dune-1674.php,2020-01-01,Cara Dune,1.0000000000000002
5,The Vintage Collection,19,The Vintage Collection Action Figures,groupTable83,1136,VC 168,Clone Commander Wolffe,28,2020,4,12.99,20.73,7.74,23.95,c30f1a645de33f1906403ee845140309,https://www.actionfigure411.com/star-wars/the-vintage-collection/the-vintage-collection-action-figures/clone-commander-wolffe-1678.php,2020-01-01,Clone Commander Wolffe,0.9999999999999998
5,The Vintage Collection,19,The Vintage Collection Action Figures,groupTable83,1137,VC 169,Luke Skywalker (Stormtrooper),28,2020,6,12.99,15.67,2.68,19.95,a2cc149e8610a5e9304ceab5090bbcec,https://www.actionfigure411.com/star-wars/the-vintage-collection/the-vintage-collection-action-figures/luke-skywalker-stormtrooper-1679.php,2020-01-01,Luke Skywalker,1.0000000000000002
5,The Vintage Collection,19,The Vintage Collection Action Figures,groupTable83,1140,VC 172,ARC Trooper Fives,29,2020,11,12.99,19.64,6.65,25.99,dcf9b915bf97410950f35272aaa8dd44,https://www.actionfigure411.com/star-wars/the-vintage-collection/the-vintage-collection-action-figures/arc-trooper-fives-1682.php,2020-01-01,ARC Trooper Fives,1.0
5,The Vintage Collection,19,The Vintage Collection Action Figures,groupTable83,1141,VC 173,Hondo Ohnaka,29,2020,2,12.99,8.98,-4.01,12.95,40be0049c88393b754275fdeea7d181e,https://www.actionfigure411.com/star-wars/the-vintage-collection/the-vintage-collection-action-figures/hondo-ohnaka-1683.php,2020-01-01,Hondo Ohnaka,1.0000000000000002
5,The Vintage Collection,19,The Vintage Collection Action Figures,groupTable83,1142,VC 174,Chirrut Imwe,29,2020,4,12.99,16.34,3.35,24.95,123a53ad42b45f07c0110c78dcf63c1c,https://www.actionfigure411.com/star-wars/the-vintage-collection/the-vintage-collection-action-figures/chirrut-imwe-1684.php,2020-01-01,Chirrut  mwe,0.7071067811865476
5,The Vintage Collection,19,The Vintage Collection Action Figures,groupTable83,1143,VC 175,Luke Skywalker (Jedi Knight),29,2020,6,12.99,32.08,19.09,39.99,54970b0970957b6d4759b831b0b60d34,https://www.actionfigure411.com/star-wars/the-vintage-collection/the-vintage-collection-action-figures/luke-skywalker-jedi-knight-1685.php,2020-01-01,Luke Skywalker,1.0000000000000002
5,The Vintage Collection,19,The Vintage Collection Action Figures,groupTable83,1145,VC 177,Din Djarin & Child,Walmart,2020,7,19.99,15.71,-4.28,20.0,234aba93d560e04fa30f23cf4999c147,https://www.actionfigure411.com/star-wars/the-vintage-collection/the-vintage-collection-action-figures/din-djarin-child-1692.php,2020-01-01,Din Djarin (The Mandalorian),0.7637624727776068
5,The Vintage Collection,19,The Vintage Collection Action Figures,groupTable83,1146,VC 177,Incinerator Trooper,Walmart,2020,3,12.99,14.47,1.48,17.95,d2e9a130de852f445118bd84b78971c9,https://www.actionfigure411.com/star-wars/the-vintage-collection/the-vintage-collection-action-figures/incinerator-trooper-1691.php,2020-01-01,Clone X trooper,0.7772933980533595
5,The Vintage Collection,19,The Vintage Collection Action Figures,groupTable83,1147,VC 178,Darth Vader (Rogue One),30,2020,3,12.99,12.33,-0.66,13.0,78b29ff104834d7882ec0d7641fdc997,https://www.actionfigure411.com/star-wars/the-vintage-collection/the-vintage-collection-action-figures/darth-vader-rogue-one-1686.php,2020-01-01,Darth Vader,1.0
5,The Vintage Collection,19,The Vintage Collection Action Figures,groupTable83,1148,VC 179,The Armorer,30,2020,4,12.99,10.74,-2.25,15.0,12f0a6b70522de939ced2293e25d01df,https://www.actionfigure411.com/star-wars/the-vintage-collection/the-vintage-collection-action-figures/the-armorer-1687.php,2020-01-01,The Armorer,0.9999999999999998
5,The Vintage Collection,19,The Vintage Collection Action Figures,groupTable83,1149,VC 180,Moff Gideon,30,2020,4,12.99,10.39,-2.6,11.0,27e177aff8a700794a4015f6e3cb5140,https://www.actionfigure411.com/star-wars/the-vintage-collection/the-vintage-collection-action-figures/moff-gideon-1688.php,2020-01-01,Moff Gideon,1.0
5,The Vintage Collection,19,The Vintage Collection Action Figures,groupTable83,1151,VC 182,Clone Captain Rex,30,2020,8,12.99,18.42,5.43,24.99,fdeb2925a137c2371a27dd284f56dbf9,https://www.actionfigure411.com/star-wars/the-vintage-collection/the-vintage-collection-action-figures/clone-captain-rex-1690.php,2020-01-01,Clone Captain Rex,0.9999999999999997
5,The Vintage Collection,19,The Vintage Collection Action Figures,groupTable83,1152,VC 183,Rebel Fleet Trooper (Rogue One),,2021,7,0.0,22.63,22.63,27.5,1ecb4ef42fbe36c87f90755845531492,https://www.actionfigure411.com/star-wars/the-vintage-collection/the-vintage-collection-action-figures/rebel-fleet-trooper-rogue-one-1813.php,2021-01-01,Clone X trooper,0.7772933980533595
5,The Vintage Collection,19,The Vintage Collection Action Figures,groupTable83,1154,VC 185,Greef Karga,32,2021,2,12.99,9.8,-3.19,12.99,54826a7680368047ae67e0a0e02c952b,https://www.actionfigure411.com/star-wars/the-vintage-collection/the-vintage-collection-action-figures/greef-karga-1925.php,2021-01-01,Greef Karga,1.0000000000000002
5,The Vintage Collection,19,The Vintage Collection Action Figures,groupTable83,1155,VC 186,Boba Fett (VC-186 ROTJ),32,2021,20,12.99,20.98,7.99,28.0,441a4dbda86a2b2a9d4b613c5341ae00,https://www.actionfigure411.com/star-wars/the-vintage-collection/the-vintage-collection-action-figures/boba-fett-vc-186-rotj-1926.php,2021-01-01,Boba Fett,1.0
5,The Vintage Collection,19,The Vintage Collection Action Figures,groupTable83,1156,VC 187,Princess Leia (Bespin Escape),32,2021,2,12.99,10.5,-2.49,11.0,dd0a5c2e02b682faa5a318f9c410546b,https://www.actionfigure411.com/star-wars/the-vintage-collection/the-vintage-collection-action-figures/princess-leia-bespin-escape-1927.php,2021-01-01,Leia Organa,0.7419392967573335
5,The Vintage Collection,19,The Vintage Collection Action Figures,groupTable83,1159,VC 190,Paploo,Walmart,2021,3,12.99,15.83,2.84,18.5,165bf89e26a67baa344353531da06f04,https://www.actionfigure411.com/star-wars/the-vintage-collection/the-vintage-collection-action-figures/paploo-1993.php,2021-01-01,Paploo,1.0
5,The Vintage Collection,19,The Vintage Collection Action Figures,groupTable83,1160,VC 191,Princess Leia (Endor),Walmart,2021,5,12.99,11.77,-1.22,12.99,2712604bb2dd192a4b87c8fb7e2979dd,https://www.actionfigure411.com/star-wars/the-vintage-collection/the-vintage-collection-action-figures/princess-leia-endor-1994.php,2021-01-01,Leia Organa,0.7419392967573335
5,The Vintage Collection,19,The Vintage Collection Action Figures,groupTable83,1162,VC 193,Heavy Battle Droid,GG,2021,2,14.99,11.13,-3.86,13.25,2371a9258e65bc30489c813d5fba781b,https://www.actionfigure411.com/star-wars/the-vintage-collection/the-vintage-collection-action-figures/heavy-battle-droid-2086.php,2021-01-01,Battle Droid 513,0.7892379838534719
5,The Vintage Collection,19,The Vintage Collection Action Figures,groupTable83,1164,VC 195,Electrostaff Purge Trooper,GG,2021,8,14.99,8.78,-6.21,12.99,4a5a0d8a6dabfacf01c98c1070170399,https://www.actionfigure411.com/star-wars/the-vintage-collection/the-vintage-collection-action-figures/electrostaff-purge-trooper-2089.php,2021-01-01,Clone X trooper,0.7772933980533595
5,The Vintage Collection,19,The Vintage Collection Action Figures,groupTable83,1167,VC 198,Luke Skywalker (Endor),Walmart,2021,3,12.99,15.18,2.19,17.0,4cf9a3c38a14a0398b8a146bead5f435,https://www.actionfigure411.com/star-wars/the-vintage-collection/the-vintage-collection-action-figures/luke-skywalker-endor-2389.php,2021-01-01,Luke Skywalker,1.0000000000000002
5,The Vintage Collection,19,The Vintage Collection Action Figures,groupTable83,1170,VC 201,Darth Maul (Mandalore),33,2021,9,12.99,11.99,-1.0,17.99,3f71ad064385c5a8088a7ace2acf5286,https://www.actionfigure411.com/star-wars/the-vintage-collection/the-vintage-collection-action-figures/darth-maul-mandalore-2635.php,2021-01-01,Maul,0.7534510784814418
5,The Vintage Collection,19,The Vintage Collection Action Figures,groupTable83,1171,VC 201,Maul (Shadow Lord),,2026,0,19.99,,,0.0,f3c03a36801730ad2a7fae04e06b324a,https://www.actionfigure411.com/star-wars/the-vintage-collection/the-vintage-collection-action-figures/maul-shadow-lord-12340.php,2026-01-01,Maul,1.0
5,The Vintage Collection,19,The Vintage Collection Action Figures,groupTable83,1172,VC 202,Ahsoka Tano (Mandalore),33,2021,5,12.99,15.4,2.41,27.99,eade5ab00ec0d4fae90ed704a966e8cb,https://www.actionfigure411.com/star-wars/the-vintage-collection/the-vintage-collection-action-figures/ahsoka-tano-mandalore-2634.php,2021-01-01,Ahsoka Tano,1.0000000000000002
5,The Vintage Collection,19,The Vintage Collection Action Figures,groupTable83,1173,VC 202,Ahsoka Tano (Siege of Mandalore),,2024,3,0.0,13.0,13.0,16.99,17b4e22a3a90eee18f9a43767b81beee,https://www.actionfigure411.com/star-wars/the-vintage-collection/the-vintage-collection-action-figures/ahsoka-tano-siege-of-mandalore-10456.php,2024-01-01,Ahsoka Tano,0.816496580927726
5,The Vintage Collection,19,The Vintage Collection Action Figures,groupTable83,1175,VC 204,Antoc Merrick,,2021,3,0.0,89.67,89.67,100.0,b01a4849279b2f7f4f5e20d2f1ca4b5e,https://www.actionfigure411.com/star-wars/the-vintage-collection/the-vintage-collection-action-figures/antoc-merrick-3695.php,2021-01-01,General Merrick,0.8241874204827399
5,The Vintage Collection,19,The Vintage Collection Action Figures,groupTable83,1176,VC 205,Lando Calrissian,36,2022,4,13.99,9.3,-4.69,12.99,9a040a77859bc058dde4f3f022600667,https://www.actionfigure411.com/star-wars/the-vintage-collection/the-vintage-collection-action-figures/lando-calrissian-3208.php,2022-01-01,Lando Calrissian,1.0000000000000002
5,The Vintage Collection,19,The Vintage Collection Action Figures,groupTable83,1177,VC 206,IG-11,36,2022,7,13.99,11.27,-2.72,18.0,769ea45b744a8211316a8cf1d5a82e31,https://www.actionfigure411.com/star-wars/the-vintage-collection/the-vintage-collection-action-figures/ig-11-3210.php,2022-01-01,IG-11,1.0000000000000002
5,The Vintage Collection,19,The Vintage Collection Action Figures,groupTable83,1178,VC 207,Teebo,36,2022,11,13.99,15.35,1.36,30.39,968b05e949c2aacf6a64ea09781ab2b8,https://www.actionfigure411.com/star-wars/the-vintage-collection/the-vintage-collection-action-figures/teebo-3209.php,2022-01-01,Teebo,1.0
5,The Vintage Collection,19,The Vintage Collection Action Figures,groupTable83,1179,VC 208,Clone Captain Rex (Bad Batch),Amazon 4 Pack,2021,7,0.0,15.85,15.85,20.99,874dba78884be8431f3d87d2e71d1540,https://www.actionfigure411.com/star-wars/the-vintage-collection/the-vintage-collection-action-figures/clone-captain-rex-bad-batch-3637.php,2021-01-01,Clone Captain Rex,0.9999999999999997
5,The Vintage Collection,19,The Vintage Collection Action Figures,groupTable83,1180,VC 209,Clone Captain Grey,Amazon 4 Pack,2021,4,0.0,10.77,10.77,13.97,5f802ad2f4f4a341ecf385a99e952a63,https://www.actionfigure411.com/star-wars/the-vintage-collection/the-vintage-collection-action-figures/clone-captain-grey-3638.php,2021-01-01,Clone Captain Grey,0.9999999999999998
5,The Vintage Collection,19,The Vintage Collection Action Figures,groupTable83,1181,VC 210,Clone Captain Ballast,Amazon 4 Pack,2021,2,0.0,12.97,12.97,14.99,ece60dcd6dc9918bd217066509770632,https://www.actionfigure411.com/star-wars/the-vintage-collection/the-vintage-collection-action-figures/clone-captain-ballast-3639.php,2021-01-01,Clone Captain Grey,0.7025299839782327
5,The Vintage Collection,19,The Vintage Collection Action Figures,groupTable83,1182,VC 210,Clone Captain Howzer,35,2023,4,16.99,12.12,-4.87,16.5,9046628d832b013408aa39d071cfa910,https://www.actionfigure411.com/star-wars/the-vintage-collection/the-vintage-collection-action-figures/clone-captain-howzer-5990.php,2023-01-01,Clone Captain Howzer,0.9999999999999997
5,The Vintage Collection,19,The Vintage Collection Action Figures,groupTable83,1183,VC 211,Elite Squad Trooper,Amazon 4 Pack,2021,6,0.0,14.41,14.41,18.99,c53fa6e5b02a61a15dbec73d93301f71,https://www.actionfigure411.com/star-wars/the-vintage-collection/the-vintage-collection-action-figures/elite-squad-trooper-3636.php,2021-01-01,Clone X trooper,0.7772933980533595
5,The Vintage Collection,19,The Vintage Collection Action Figures,groupTable83,1185,VC 212,ARC Trooper (Tartakovsky),Walmart,2022,1,13.47,8.5,-4.97,8.5,91b670faedb4d602309c8fc68251522f,https://www.actionfigure411.com/star-wars/the-vintage-collection/the-vintage-collection-action-figures/arc-trooper-tartakovsky-2885.php,2022-01-01,ARC Trooper Fives,0.784716951806178
5,The Vintage Collection,19,The Vintage Collection Action Figures,groupTable83,1186,VC 213,ARC Trooper Captain (Tartakovsky),Walmart,2022,4,13.47,18.25,4.78,21.99,69089d1fcb8f6595d35a71ddd0214dfc,https://www.actionfigure411.com/star-wars/the-vintage-collection/the-vintage-collection-action-figures/arc-trooper-captain-tartakovsky-2880.php,2022-01-01,ARC Trooper Fives,0.7018175802094474
5,The Vintage Collection,19,The Vintage Collection Action Figures,groupTable83,1187,VC 214,Barriss Offee (Tartakovsky),Walmart,2022,1,13.47,7.02,-6.45,7.02,085ef4dd38375460f9d8d266d5600b94,https://www.actionfigure411.com/star-wars/the-vintage-collection/the-vintage-collection-action-figures/barriss-offee-tartakovsky-2884.php,2022-01-01,Barriss Offee,1.0000000000000002
5,The Vintage Collection,19,The Vintage Collection Action Figures,groupTable83,1188,VC 215,Luminara Unduli (Tartakovsky),Walmart,2022,2,13.47,5.49,-7.98,5.99,142b33ccd289849bc17da57e50d5c792,https://www.actionfigure411.com/star-wars/the-vintage-collection/the-vintage-collection-action-figures/luminara-unduli-tartakovsky-2883.php,2022-01-01,Luminara Unduli,1.0000000000000002
5,The Vintage Collection,19,The Vintage Collection Action Figures,groupTable83,1189,VC 216,Battle Droid (Tartakovsky),Walmart,2022,1,13.47,9.49,-3.98,9.49,2988141360321a4efa5a1f11b92dcf42,https://www.actionfigure411.com/star-wars/the-vintage-collection/the-vintage-collection-action-figures/battle-droid-tartakovsky-2882.php,2022-01-01,Battle Droid 513,0.7892379838534719
5,The Vintage Collection,19,The Vintage Collection Action Figures,groupTable83,1190,VC 217,Aayla Secura (Tartakovsky),Walmart,2022,1,13.47,7.0,-6.47,7.0,16a84ffe5503dfcc4a599834a611dbe4,https://www.actionfigure411.com/star-wars/the-vintage-collection/the-vintage-collection-action-figures/aayla-secura-tartakovsky-2881.php,2022-01-01,Aayla Secura,1.0000000000000002
5,The Vintage Collection,19,The Vintage Collection Action Figures,groupTable83,1191,VC 218,Yoda (ESB),37,2022,7,15.99,13.4,-2.59,14.99,114ffff3ace3240d5586babf28eb3047,https://www.actionfigure411.com/star-wars/the-vintage-collection/the-vintage-collection-action-figures/yoda-esb-3808.php,2022-01-01,Yoda,1.0
5,The Vintage Collection,19,The Vintage Collection Action Figures,groupTable83,1194,VC 221,Fennec Shand,37,2022,5,15.99,5.65,-10.34,6.98,c308af80d7fa6ef2d5f798515ac9d9be,https://www.actionfigure411.com/star-wars/the-vintage-collection/the-vintage-collection-action-figures/fennec-shand-3733.php,2022-01-01,Fennec Shand,1.0
5,The Vintage Collection,19,The Vintage Collection Action Figures,groupTable83,1195,VC 222,Ahsoka Tano (Corvus),37,2022,3,15.99,9.25,-6.74,11.98,80695fd8bd63b7c926be09810fd23b1f,https://www.actionfigure411.com/star-wars/the-vintage-collection/the-vintage-collection-action-figures/ahsoka-tano-corvus-3627.php,2022-01-01,Ahsoka Tano,1.0000000000000002
5,The Vintage Collection,19,The Vintage Collection Action Figures,groupTable83,1196,VC 223,Lobot,35,2022,4,13.99,9.99,-4.0,16.5,1babb136e6083e5c701a2539a083c4f2,https://www.actionfigure411.com/star-wars/the-vintage-collection/the-vintage-collection-action-figures/lobot-3207.php,2022-01-01,Lobot,1.0
5,The Vintage Collection,19,The Vintage Collection Action Figures,groupTable83,1197,VC 224,Bib Fortuna,35,2022,6,13.99,13.0,-0.99,17.95,b4bc09615f1a0544cd3f5f15def24ec7,https://www.actionfigure411.com/star-wars/the-vintage-collection/the-vintage-collection-action-figures/bib-fortuna-3205.php,2022-01-01,Bib Fortuna,1.0
5,The Vintage Collection,19,The Vintage Collection Action Figures,groupTable83,1198,VC 224,Bib Fortuna (Reissue),,2025,1,16.99,11.0,-5.99,11.0,c981fddbc1ff245400c738497e202bb5,https://www.actionfigure411.com/star-wars/the-vintage-collection/the-vintage-collection-action-figures/bib-fortuna-reissue-11018.php,2025-01-01,Bib Fortuna,1.0
5,The Vintage Collection,19,The Vintage Collection Action Figures,groupTable83,1199,VC 225,Mythrol,35,2021,6,12.99,10.36,-2.63,14.99,165eccfee9a83cf186614f91fe637db2,https://www.actionfigure411.com/star-wars/the-vintage-collection/the-vintage-collection-action-figures/mythrol-2530.php,2021-01-01,The Mythrol,0.8366596504503009
5,The Vintage Collection,19,The Vintage Collection Action Figures,groupTable83,1200,VC 226,Bo-Katan Kryze,35,2021,12,12.99,14.68,1.69,50.0,07886c01e7e2527f513ac7805f0bba40,https://www.actionfigure411.com/star-wars/the-vintage-collection/the-vintage-collection-action-figures/bo-katan-kryze-2531.php,2021-01-01,Bo-Katan Kryze,1.0
5,The Vintage Collection,19,The Vintage Collection Action Figures,groupTable83,1201,VC 227,Kuiil,35,2021,3,12.99,5.61,-7.38,6.98,ba7c44e220f67a593dd82b8322c4cc42,https://www.actionfigure411.com/star-wars/the-vintage-collection/the-vintage-collection-action-figures/kuiil-2532.php,2021-01-01,Kuiil,1.0
5,The Vintage Collection,19,The Vintage Collection Action Figures,groupTable83,1203,VC 229,Migs Mayfeld,Target,2022,3,13.99,11.97,-2.02,15.98,0017647437ef851e1b62c35a13f82a48,https://www.actionfigure411.com/star-wars/the-vintage-collection/the-vintage-collection-action-figures/migs-mayfeld-3988.php,2022-01-01,Migs Mayfeld,1.0000000000000002
5,The Vintage Collection,19,The Vintage Collection Action Figures,groupTable83,1209,VC 233,Bespin Security Guard (Helder Spinoza),Walmart,2022,2,13.78,13.99,0.21,17.98,be4809bd8b2068701d5d5561d551e16a,https://www.actionfigure411.com/star-wars/the-vintage-collection/the-vintage-collection-action-figures/bespin-security-guard-helder-spinoza-4116.php,2022-01-01,Pyke Guard,0.7534510784814418
5,The Vintage Collection,19,The Vintage Collection Action Figures,groupTable83,1210,VC 234,R2-D2 (Sensorscope),Walmart,2022,7,13.78,45.06,31.28,229.97,0df15b199aa3232fe9fe3700b9e43076,https://www.actionfigure411.com/star-wars/the-vintage-collection/the-vintage-collection-action-figures/r2-d2-sensorscope-4112.php,2022-01-01,R2-D2,1.0
5,The Vintage Collection,19,The Vintage Collection Action Figures,groupTable83,1211,VC 235,ARC Trooper (Battlefront II),BBTS,2022,6,15.99,14.43,-1.56,24.99,201579bfb2ffaebdf4ee78cdb357b461,https://www.actionfigure411.com/star-wars/the-vintage-collection/the-vintage-collection-action-figures/arc-trooper-battlefront-ii-3769.php,2022-01-01,ARC Trooper Fives,0.784716951806178
5,The Vintage Collection,19,The Vintage Collection Action Figures,groupTable83,1212,VC 236,ARC Trooper (Lambent Seeker),Fan,2022,3,15.99,10.83,-5.16,14.99,572bc70a9823db9a682a4bd2eea3ea7d,https://www.actionfigure411.com/star-wars/the-vintage-collection/the-vintage-collection-action-figures/arc-trooper-lambent-seeker-3771.php,2022-01-01,ARC Trooper Fives,0.784716951806178
5,The Vintage Collection,19,The Vintage Collection Action Figures,groupTable83,1213,VC 237,ARC Trooper (Umbra Operative),EE,2022,4,15.99,16.44,0.45,20.0,43a49c2d34fde2e6d6bae2ce8ec6e512,https://www.actionfigure411.com/star-wars/the-vintage-collection/the-vintage-collection-action-figures/arc-trooper-umbra-operative-3770.php,2022-01-01,ARC Trooper Fives,0.784716951806178
5,The Vintage Collection,19,The Vintage Collection Action Figures,groupTable83,1214,VC 238,Lando Calrissian (Gaming Greats),33,2022,1,13.99,11.95,-2.04,11.95,4ecb6e2846f8213342972c2774b69668,https://www.actionfigure411.com/star-wars/the-vintage-collection/the-vintage-collection-action-figures/lando-calrissian-gaming-greats-4123.php,2022-01-01,Lando Calrissian,1.0000000000000002
5,The Vintage Collection,19,The Vintage Collection Action Figures,groupTable83,1215,VC 239,Bespin Security Guard (Isdam Edian),Walmart,2022,4,13.78,16.61,2.83,19.95,8b8c023ac69b3858886c9d0bb8b5d98a,https://www.actionfigure411.com/star-wars/the-vintage-collection/the-vintage-collection-action-figures/bespin-security-guard-isdam-edian-4113.php,2022-01-01,Pyke Guard,0.7534510784814418
5,The Vintage Collection,19,The Vintage Collection Action Figures,groupTable83,1216,VC 240,Clone Trooper (501st Legion - Clone Wars),37,2022,8,15.99,18.27,2.28,46.0,a63c72bf49a8f90b209e2b24de4ff5a8,https://www.actionfigure411.com/star-wars/the-vintage-collection/the-vintage-collection-action-figures/clone-trooper-501st-legion-clone-wars-3958.php,2022-01-01,Clone X trooper,0.943755052502681
5,The Vintage Collection,19,The Vintage Collection Action Figures,groupTable83,1217,VC 240,Clone Trooper (501st Legion - Obi-Wan Kenobi),,2025,1,16.99,18.99,2.0,18.99,b49d4b0ff962676da406589c5a2b65a3,https://www.actionfigure411.com/star-wars/the-vintage-collection/the-vintage-collection-action-figures/clone-trooper-501st-legion-obi-wan-kenobi-9435.php,2025-01-01,Obi-Wan Kenobi,0.8662951431058507
5,The Vintage Collection,19,The Vintage Collection Action Figures,groupTable83,1218,VC 241,Darth Vader (The Dark Times),,2022,7,13.99,14.7,0.71,19.95,3eada3edfd35a4ccdc34f26040674050,https://www.actionfigure411.com/star-wars/the-vintage-collection/the-vintage-collection-action-figures/darth-vader-the-dark-times-4333.php,2022-01-01,Darth Vader,0.8968354456599872
5,The Vintage Collection,19,The Vintage Collection Action Figures,groupTable83,1221,VC 244,Anakin Skywalker (Padawan),,2022,6,14.99,13.03,-1.96,17.0,ebb366f903a323c545f2f33f27b4e061,https://www.actionfigure411.com/star-wars/the-vintage-collection/the-vintage-collection-action-figures/anakin-skywalker-padawan-4182.php,2022-01-01,Anakin Skywalker,1.0000000000000002
5,The Vintage Collection,19,The Vintage Collection Action Figures,groupTable83,1222,VC 245,Obi-Wan Kenobi (Wandering Jedi),,2022,2,14.99,6.25,-8.74,6.5,7dd79c3a6d50a7e4a1e79fdfc1ea51cd,https://www.actionfigure411.com/star-wars/the-vintage-collection/the-vintage-collection-action-figures/obi-wan-kenobi-wandering-jedi-4272.php,2022-01-01,Obi-Wan Kenobi,1.0
5,The Vintage Collection,19,The Vintage Collection Action Figures,groupTable83,1225,VC 248,332nd Ahsoka’s Clone Trooper,,2023,5,14.99,11.42,-3.57,14.0,eda8f6e1c73a7efb32ce3fe6811f2da6,https://www.actionfigure411.com/star-wars/the-vintage-collection/the-vintage-collection-action-figures/332nd-ahsokas-clone-trooper-4180.php,2023-01-01,Clone X trooper,0.7066658179760842
5,The Vintage Collection,19,The Vintage Collection Action Figures,groupTable83,1226,VC 249,Figrin D’an,33,2022,6,13.99,14.4,0.41,19.99,963c4d9d0d9033ad5482c3682af29566,https://www.actionfigure411.com/star-wars/the-vintage-collection/the-vintage-collection-action-figures/figrin-dan-4122.php,2022-01-01,Figrin D an,1.0
5,The Vintage Collection,19,The Vintage Collection Action Figures,groupTable83,1227,VC 250,ARC Trooper Jesse,33,2022,3,13.99,14.65,0.66,17.0,fd39c3a212af8ad3cca17613543fa88c,https://www.actionfigure411.com/star-wars/the-vintage-collection/the-vintage-collection-action-figures/arc-trooper-jesse-4119.php,2022-01-01,Clone Trooper Jesse,0.7028975990128019
5,The Vintage Collection,19,The Vintage Collection Action Figures,groupTable83,1228,VC 251,Din Djarin (Morak),,2022,2,14.99,16.98,1.99,16.98,56dbf918a0181128996f7c7fd0688732,https://www.actionfigure411.com/star-wars/the-vintage-collection/the-vintage-collection-action-figures/din-djarin-morak-3947.php,2022-01-01,Din Djarin (The Mandalorian),0.7637624727776068
5,The Vintage Collection,19,The Vintage Collection Action Figures,groupTable83,1229,VC 252,Boba Fett (Morak),Target,2022,5,20.0,17.55,-2.45,19.99,2ceed38ef165d687531629f3ab66aed0,https://www.actionfigure411.com/star-wars/the-vintage-collection/the-vintage-collection-action-figures/boba-fett-morak-3860.php,2022-01-01,Boba Fett,1.0
5,The Vintage Collection,19,The Vintage Collection Action Figures,groupTable83,1232,VC 255,Riot Scout Trooper,,2022,4,0.0,12.98,12.98,16.48,b071841836e9bea0c20271128dbd7931,https://www.actionfigure411.com/star-wars/the-vintage-collection/the-vintage-collection-action-figures/riot-scout-trooper-4276.php,2022-01-01,Clone X trooper,0.7772933980533595
5,The Vintage Collection,19,The Vintage Collection Action Figures,groupTable83,1235,VC 258,Teeka,,2022,4,0.0,12.57,12.57,17.99,123abe8ecc346b96db04c6587f52ace2,https://www.actionfigure411.com/star-wars/the-vintage-collection/the-vintage-collection-action-figures/teeka-4332.php,2022-01-01,Teeka,1.0
5,The Vintage Collection,19,The Vintage Collection Action Figures,groupTable83,1236,VC 259,Purge Trooper (Phase II Armor),,2022,6,0.0,17.78,17.78,22.5,471dc9dbdbe33f74f9d772f714b3d775,https://www.actionfigure411.com/star-wars/the-vintage-collection/the-vintage-collection-action-figures/purge-trooper-phase-ii-armor-4331.php,2022-01-01,Clone X trooper,0.7772933980533595
5,The Vintage Collection,19,The Vintage Collection Action Figures,groupTable83,1238,VC 261,Cassian Andor,,2023,4,14.99,8.38,-6.61,13.99,805cc6ba8fa7317a0b20d4a27350a2bb,https://www.actionfigure411.com/star-wars/the-vintage-collection/the-vintage-collection-action-figures/cassian-andor-5268.php,2023-01-01,Cassian Andor,1.0000000000000002
5,The Vintage Collection,19,The Vintage Collection Action Figures,groupTable83,1239,VC 262,Vel Sartha,,2023,3,14.99,12.16,-2.83,12.8,472c3e2ca417140d9c5615f1f01668d1,https://www.actionfigure411.com/star-wars/the-vintage-collection/the-vintage-collection-action-figures/vel-sartha-5269.php,2023-01-01,Vel Sartha,1.0000000000000002
5,The Vintage Collection,19,The Vintage Collection Action Figures,groupTable83,1241,VC 264,Luke Skywalker (Imperial Light Cruiser),,2023,5,14.99,21.39,6.4,24.99,a194fb88d1fb7cab826ebcb6d3f21b4f,https://www.actionfigure411.com/star-wars/the-vintage-collection/the-vintage-collection-action-figures/luke-skywalker-imperial-light-cruiser-4593.php,2023-01-01,Luke Skywalker,0.8191816100989555
5,The Vintage Collection,19,The Vintage Collection Action Figures,groupTable83,1242,VC 265,Cal Kestis,34,2023,8,14.99,11.47,-3.52,16.79,fb3b8a22aa7a84eb0d4959c2efe5f3d8,https://www.actionfigure411.com/star-wars/the-vintage-collection/the-vintage-collection-action-figures/cal-kestis-4595.php,2023-01-01,Cal Kestis,1.0000000000000002
5,The Vintage Collection,19,The Vintage Collection Action Figures,groupTable83,1244,VC 267,Cassian Andor (Aldhani Mission),34,2023,6,16.99,11.5,-5.49,16.5,99b69c3aaa961b82c6e916c05d2c3b12,https://www.actionfigure411.com/star-wars/the-vintage-collection/the-vintage-collection-action-figures/cassian-andor-aldhani-mission-5989.php,2023-01-01,Cassian Andor,1.0000000000000002
5,The Vintage Collection,19,The Vintage Collection Action Figures,groupTable83,1245,VC 268,Hunter,34,2023,11,16.99,23.91,6.92,29.79,a183c825fcbdfe6fca5ceb92177ca7a9,https://www.actionfigure411.com/star-wars/the-vintage-collection/the-vintage-collection-action-figures/hunter-5985.php,2023-01-01,Hunter,1.0
5,The Vintage Collection,19,The Vintage Collection Action Figures,groupTable83,1246,VC 269,Clone Trooper (Phase II Armor),34,2023,3,16.99,20.8,3.81,23.39,49b16ee7be7bac3a4539b345f967e1a9,https://www.actionfigure411.com/star-wars/the-vintage-collection/the-vintage-collection-action-figures/clone-trooper-phase-ii-armor-5986.php,2023-01-01,Clone X trooper,1.0
5,The Vintage Collection,19,The Vintage Collection Action Figures,groupTable83,1247,VC 270,Admiral Piett,34,2023,8,16.99,22.43,5.44,29.99,5e710bd9d1ed0cd309704e58fba8072f,https://www.actionfigure411.com/star-wars/the-vintage-collection/the-vintage-collection-action-figures/admiral-piett-5987.php,2023-01-01,Admiral Piett,1.0
5,The Vintage Collection,19,The Vintage Collection Action Figures,groupTable83,1248,VC 271,Dark Trooper,,2024,2,16.99,11.45,-5.54,12.9,5f1ac1fc78b9bdf41115656547783230,https://www.actionfigure411.com/star-wars/the-vintage-collection/the-vintage-collection-action-figures/dark-trooper-8415.php,2024-01-01,Clone X trooper,0.7772933980533595
5,The Vintage Collection,19,The Vintage Collection Action Figures,groupTable83,1249,VC 272,Endor Rebel Commando (Scout Trooper Disguise),,2023,1,0.0,37.5,37.5,37.5,cb18da092e590a9050f1a2e2b79d6117,https://www.actionfigure411.com/star-wars/the-vintage-collection/the-vintage-collection-action-figures/endor-rebel-commando-scout-trooper-disguise-5556.php,2023-01-01,Clone X trooper,0.7772933980533595
5,The Vintage Collection,19,The Vintage Collection Action Figures,groupTable83,1250,VC 273,Scout Trooper (ROTJ),,2023,3,0.0,15.66,15.66,21.99,b4eb3cdcf00f8c316427adc9b54c1ea8,https://www.actionfigure411.com/star-wars/the-vintage-collection/the-vintage-collection-action-figures/scout-trooper-rotj-6256.php,2023-01-01,Clone X trooper,0.7772933980533595
5,The Vintage Collection,19,The Vintage Collection Action Figures,groupTable83,1252,VC 275,Boba Fett (Kenner),Target,2023,1,22.99,14.99,-8.0,14.99,bd2c650eee80e874b6db0f2624048934,https://www.actionfigure411.com/star-wars/the-vintage-collection/the-vintage-collection-action-figures/boba-fett-kenner-5526.php,2023-01-01,Boba Fett,1.0
5,The Vintage Collection,19,The Vintage Collection Action Figures,groupTable83,1254,VC 276,Bib Fortuna (Tatooine),,2023,2,0.0,71.0,71.0,89.99,9197e67e3092fa715aad311efdfcdb98,https://www.actionfigure411.com/star-wars/the-vintage-collection/the-vintage-collection-action-figures/bib-fortuna-tatooine-7073.php,2023-01-01,Bib Fortuna,1.0
5,The Vintage Collection,19,The Vintage Collection Action Figures,groupTable83,1255,VC 277,Boba Fett (Vintage Comic Art),Target,2022,8,22.99,15.28,-7.71,23.99,b60e092db7e7a519a705403f6f56d051,https://www.actionfigure411.com/star-wars/the-vintage-collection/the-vintage-collection-action-figures/boba-fett-vintage-comic-art-5570.php,2022-01-01,Boba Fett,1.0
5,The Vintage Collection,19,The Vintage Collection Action Figures,groupTable83,1256,VC 278,"Boba Fett (Death, Lies & Treachery - Comic Art Edition)",Target,2022,7,22.99,14.05,-8.94,18.39,9ac56a6be9fadf269369bdd16521d63d,https://www.actionfigure411.com/star-wars/the-vintage-collection/the-vintage-collection-action-figures/boba-fett-death-lies-treachery-comic-art-edition-5571.php,2022-01-01,Boba Fett,1.0
5,The Vintage Collection,19,The Vintage Collection Action Figures,groupTable83,1258,VC 280,Darth Vader (Death Star II),35,2023,11,16.99,33.22,16.23,45.0,e2b9c1a0379c1bc8c9b8c4b123b54c86,https://www.actionfigure411.com/star-wars/the-vintage-collection/the-vintage-collection-action-figures/darth-vader-death-star-ii-5991.php,2023-01-01,Darth Vader,1.0
5,The Vintage Collection,19,The Vintage Collection Action Figures,groupTable83,1259,VC 281,Han Solo (ROTJ),35,2023,0,16.99,,,0.0,6c89b40466abd662b46884f059179672,https://www.actionfigure411.com/star-wars/the-vintage-collection/the-vintage-collection-action-figures/han-solo-rotj-5992.php,2023-01-01,Han Solo,1.0000000000000002
5,The Vintage Collection,19,The Vintage Collection Action Figures,groupTable83,1261,VC 283,Cad Bane,36,2023,9,16.99,15.82,-1.17,21.45,fb6d135ff9e8363e776b7335bec6f459,https://www.actionfigure411.com/star-wars/the-vintage-collection/the-vintage-collection-action-figures/cad-bane-6245.php,2023-01-01,Cad Bane,1.0
5,The Vintage Collection,19,The Vintage Collection Action Figures,groupTable83,1262,VC 284,Moff Jerjerrod,,2023,4,16.99,20.51,3.52,43.78,58a1feb4df8e771e522b482f76673777,https://www.actionfigure411.com/star-wars/the-vintage-collection/the-vintage-collection-action-figures/moff-jerjerrod-6376.php,2023-01-01,Moff Jerjerrod,1.0000000000000002
5,The Vintage Collection,19,The Vintage Collection Action Figures,groupTable83,1263,VC 285,Boba Fett (Tusken),,2024,3,16.99,14.33,-2.66,18.0,9ea0a7d594c7f4301e8a80143df874d9,https://www.actionfigure411.com/star-wars/the-vintage-collection/the-vintage-collection-action-figures/boba-fett-tusken-6431.php,2024-01-01,Boba Fett,1.0
5,The Vintage Collection,19,The Vintage Collection Action Figures,groupTable83,1267,VC 289,Scout Trooper & Grogu,,2023,4,0.0,22.37,22.37,24.99,f572c1b2a0b73fbf17a9880ca1d328ff,https://www.actionfigure411.com/star-wars/the-vintage-collection/the-vintage-collection-action-figures/scout-trooper-grogu-7435.php,2023-01-01,Grogu,0.7899080810122097
5,The Vintage Collection,19,The Vintage Collection Action Figures,groupTable83,1268,VC 290,Obi-Wan Kenobi (Showdown),,2023,1,0.0,14.99,14.99,14.99,3e7f06268403de25304595c8bad2f475,https://www.actionfigure411.com/star-wars/the-vintage-collection/the-vintage-collection-action-figures/obi-wan-kenobi-showdown-8001.php,2023-01-01,Obi-Wan Kenobi,1.0
5,The Vintage Collection,19,The Vintage Collection Action Figures,groupTable83,1269,VC 291,Darth Vader (Showdown),,2023,1,0.0,39.99,39.99,39.99,485236d0dd8553c4727956215fa0725c,https://www.actionfigure411.com/star-wars/the-vintage-collection/the-vintage-collection-action-figures/darth-vader-showdown-8002.php,2023-01-01,Darth Vader,1.0
5,The Vintage Collection,19,The Vintage Collection Action Figures,groupTable83,1271,VC 293,Grand Inquisitor,,2023,6,16.99,13.37,-3.62,14.99,09a5cb56658455c967d4b527066dd0c5,https://www.actionfigure411.com/star-wars/the-vintage-collection/the-vintage-collection-action-figures/grand-inquisitor-6650.php,2023-01-01,The Grand Inquisitor,0.8841322582508553
5,The Vintage Collection,19,The Vintage Collection Action Figures,groupTable83,1273,VC 295,Morgan Elsbeth,,2023,4,16.99,11.71,-5.28,19.85,8728bc49013d4b818fe0e029c1571839,https://www.actionfigure411.com/star-wars/the-vintage-collection/the-vintage-collection-action-figures/morgan-elsbeth-7209.php,2023-01-01,Morgan Elsbeth,1.0000000000000002
5,The Vintage Collection,19,The Vintage Collection Action Figures,groupTable83,1274,VC 296,Grand Admiral Thrawn (Rebels),,2023,4,16.99,10.87,-6.12,14.99,0539a2b6b36d502e30de717cf50a5d2a,https://www.actionfigure411.com/star-wars/the-vintage-collection/the-vintage-collection-action-figures/grand-admiral-thrawn-rebels-6951.php,2023-01-01,Grand Admiral Thrawn,1.0
5,The Vintage Collection,19,The Vintage Collection Action Figures,groupTable83,1275,VC 297,Ahsoka Tano (Ahsoka),,2023,2,16.99,11.49,-5.5,16.99,556a07d294776447cb532f599878c5a5,https://www.actionfigure411.com/star-wars/the-vintage-collection/the-vintage-collection-action-figures/ahsoka-tano-ahsoka-7131.php,2023-01-01,Ahsoka Tano,0.948683298050514
5,The Vintage Collection,19,The Vintage Collection Action Figures,groupTable83,1276,VC 298,Luke Skywalker (Jedi Academy),37,2023,2,16.99,14.97,-2.02,14.99,585a2a6d8ea4b34285ee56494711d38b,https://www.actionfigure411.com/star-wars/the-vintage-collection/the-vintage-collection-action-figures/luke-skywalker-jedi-academy-6339.php,2023-01-01,Luke Skywalker,1.0000000000000002
5,The Vintage Collection,19,The Vintage Collection Action Figures,groupTable83,1277,VC 299,Pre Vizsla,,2024,5,16.99,33.99,17.0,40.0,10bd92f0b6cc746f21b8366f83512473,https://www.actionfigure411.com/star-wars/the-vintage-collection/the-vintage-collection-action-figures/pre-vizsla-6953.php,2024-01-01,Pre Vizsla,1.0
5,The Vintage Collection,19,The Vintage Collection Action Figures,groupTable83,1278,VC 300,General Hera Syndulla,,2024,4,16.99,39.17,22.18,42.99,14f19ae5620c7eef58ce81245f7c014a,https://www.actionfigure411.com/star-wars/the-vintage-collection/the-vintage-collection-action-figures/general-hera-syndulla-7211.php,2024-01-01,Hera Syndulla,0.8880468005661725
5,The Vintage Collection,19,The Vintage Collection Action Figures,groupTable83,1280,VC 302,Director Orson Krennic,,2024,3,16.99,20.03,3.04,24.99,cc0c95e0e34f5376e5cd328a534d068b,https://www.actionfigure411.com/star-wars/the-vintage-collection/the-vintage-collection-action-figures/director-orson-krennic-7244.php,2024-01-01,Director Orson Krennic,1.0
5,The Vintage Collection,19,The Vintage Collection Action Figures,groupTable83,1281,VC 303,R5-D4 (Mandalorian),,2024,4,16.99,22.69,5.7,25.75,71f6703f42a36bb57dfd370828852a4f,https://www.actionfigure411.com/star-wars/the-vintage-collection/the-vintage-collection-action-figures/r5-d4-mandalorian-6430.php,2024-01-01,R5-D4,0.808724952682001
5,The Vintage Collection,19,The Vintage Collection Action Figures,groupTable83,1282,VC 304,Chopper (C1-10P),,2024,9,16.99,27.77,10.78,40.0,9429a518a3c88fc90a026b65174f5d10,https://www.actionfigure411.com/star-wars/the-vintage-collection/the-vintage-collection-action-figures/chopper-c1-10p-7245.php,2024-01-01,Chopper (C1-10P),0.9999999999999996
5,The Vintage Collection,19,The Vintage Collection Action Figures,groupTable83,1285,VC 307,Count Dooku,,2024,5,16.99,22.31,5.32,27.99,aa2f410ed2ab4ad6e525797b68db73e1,https://www.actionfigure411.com/star-wars/the-vintage-collection/the-vintage-collection-action-figures/count-dooku-7479.php,2024-01-01,Count Dooku,1.0000000000000002
5,The Vintage Collection,19,The Vintage Collection Action Figures,groupTable83,1286,VC 308,Finn (Starkiller Base),,2024,1,16.99,12.99,-4.0,12.99,648e458fa56acea172d08ad3413eff0f,https://www.actionfigure411.com/star-wars/the-vintage-collection/the-vintage-collection-action-figures/finn-starkiller-base-7477.php,2024-01-01,Finn,1.0
5,The Vintage Collection,19,The Vintage Collection Action Figures,groupTable83,1289,VC 311,Professor Huyang,,2024,1,16.99,14.31,-2.68,14.31,db89f6fd128892f50da5dbbaaa2118ac,https://www.actionfigure411.com/star-wars/the-vintage-collection/the-vintage-collection-action-figures/professor-huyang-7246.php,2024-01-01,Professor Huyang,1.0000000000000002
5,The Vintage Collection,19,The Vintage Collection Action Figures,groupTable83,1292,VC 313,Grogu,,2024,1,16.99,10.99,-6.0,10.99,5f916e2f62b34441e7d88b2b0e0f4fda,https://www.actionfigure411.com/star-wars/the-vintage-collection/the-vintage-collection-action-figures/grogu-7933.php,2024-01-01,Grogu,1.0
5,The Vintage Collection,19,The Vintage Collection Action Figures,groupTable83,1295,VC 316,Princess Leia Organa (ANH),,2024,8,16.99,35.61,18.62,44.97,2dcc31d651a2d17cad9afed3a990fc5b,https://www.actionfigure411.com/star-wars/the-vintage-collection/the-vintage-collection-action-figures/princess-leia-organa-anh-8337.php,2024-01-01,Leia Organa,1.0000000000000002
5,The Vintage Collection,19,The Vintage Collection Action Figures,groupTable83,1296,VC 317,Clone Commander Rex (Bracca Mission),,2024,7,16.99,13.63,-3.36,19.99,3976245496eeb197760166cb587b640d,https://www.actionfigure411.com/star-wars/the-vintage-collection/the-vintage-collection-action-figures/clone-commander-rex-bracca-mission-7928.php,2024-01-01,Clone Captain Rex,0.7617677176347358
5,The Vintage Collection,19,The Vintage Collection Action Figures,groupTable83,1297,VC 318,Kanan Jarrus,,2024,3,16.99,15.93,-1.06,19.79,c9b209c62c3a67c74d631044351132c3,https://www.actionfigure411.com/star-wars/the-vintage-collection/the-vintage-collection-action-figures/kanan-jarrus-8448.php,2024-01-01,Kanan Jarrus   Caleb Dume,0.7169910057829517
5,The Vintage Collection,19,The Vintage Collection Action Figures,groupTable83,1298,VC 319,Ezra Bridger (Hero of Lothal),,2024,5,16.99,13.49,-3.5,19.99,8f3adda29862b7466828c0e43a49ab31,https://www.actionfigure411.com/star-wars/the-vintage-collection/the-vintage-collection-action-figures/ezra-bridger-hero-of-lothal-8449.php,2024-01-01,Ezra Bridger,0.8030965629369695
5,The Vintage Collection,19,The Vintage Collection Action Figures,groupTable83,1299,VC 320,Cal Kestis (Imperial Officer Disguise),,2024,7,16.99,13.89,-3.1,16.88,a38133fa408fbd88f31cafb5461f96e9,https://www.actionfigure411.com/star-wars/the-vintage-collection/the-vintage-collection-action-figures/cal-kestis-imperial-officer-disguise-7749.php,2024-01-01,Cal Kestis,0.7400300939325808
5,The Vintage Collection,19,The Vintage Collection Action Figures,groupTable83,1301,VC 322,R7-A7,,2024,8,0.0,20.65,20.65,32.0,bf45cd24202830dc615f199696c50a6b,https://www.actionfigure411.com/star-wars/the-vintage-collection/the-vintage-collection-action-figures/r7-a7-7979.php,2024-01-01,R7-A7,1.0000000000000002
5,The Vintage Collection,19,The Vintage Collection Action Figures,groupTable83,1304,VC 325,8D8,,2024,1,0.0,46.5,46.5,46.5,a19955e86bb443ee3deed94f2acb6792,https://www.actionfigure411.com/star-wars/the-vintage-collection/the-vintage-collection-action-figures/8d8-8841.php,2024-01-01,8D8,1.0
5,The Vintage Collection,19,The Vintage Collection Action Figures,groupTable83,1306,VC 327,Osha Aniseya,,2024,3,16.99,13.04,-3.95,17.99,255b6ab5b87eb03c93470b65b4f91046,https://www.actionfigure411.com/star-wars/the-vintage-collection/the-vintage-collection-action-figures/osha-aniseya-8595.php,2024-01-01,Osha Aniseya,1.0000000000000002
5,The Vintage Collection,19,The Vintage Collection Action Figures,groupTable83,1307,VC 328,Mae (Assassin),,2024,2,16.99,13.99,-3.0,18.97,a8ef24bf334060471f9173d1cb6e0fab,https://www.actionfigure411.com/star-wars/the-vintage-collection/the-vintage-collection-action-figures/mae-assassin-8339.php,2024-01-01,Mae Aniseya,0.7419392967573335
5,The Vintage Collection,19,The Vintage Collection Action Figures,groupTable83,1308,VC 329,Jedi Master Sol,,2024,4,16.99,10.66,-6.33,14.75,0d5d3005d8ecd15c5ae7cdd0b8d1cd11,https://www.actionfigure411.com/star-wars/the-vintage-collection/the-vintage-collection-action-figures/jedi-master-sol-8340.php,2024-01-01,Sol,0.7071067811865475
5,The Vintage Collection,19,The Vintage Collection Action Figures,groupTable83,1310,VC 331,The Armorer (Lakeside Covert World),,2024,2,0.0,36.75,36.75,49.99,62ac4e95511ac5af8fe04acffa371efb,https://www.actionfigure411.com/star-wars/the-vintage-collection/the-vintage-collection-action-figures/the-armorer-lakeside-covert-world-8773.php,2024-01-01,The Armorer,0.9999999999999998
5,The Vintage Collection,19,The Vintage Collection Action Figures,groupTable83,1311,VC 332,Sabine Wren (Rebels),Pulse,2024,2,0.0,60.0,60.0,74.99,2f7b6689d3a04ca0d9a9679f437d42cc,https://www.actionfigure411.com/star-wars/the-vintage-collection/the-vintage-collection-action-figures/sabine-wren-rebels-8427.php,2024-01-01,Sabine Wren,1.0
5,The Vintage Collection,19,The Vintage Collection Action Figures,groupTable83,1312,VC 333,Chopper (C1-10P),Pulse,2024,2,0.0,35.5,35.5,51.0,317abaa47ecd4840403ac4a66ab7e004,https://www.actionfigure411.com/star-wars/the-vintage-collection/the-vintage-collection-action-figures/chopper-c1-10p-8428.php,2024-01-01,Chopper (C1-10P),0.9999999999999996
5,The Vintage Collection,19,The Vintage Collection Action Figures,groupTable83,1313,VC 334,Darth Vader (ANH),,2024,6,16.99,16.28,-0.71,19.93,7d59c7c01bcbf7b3da2e97c9d24a8330,https://www.actionfigure411.com/star-wars/the-vintage-collection/the-vintage-collection-action-figures/darth-vader-anh-8124.php,2024-01-01,Darth Vader,1.0
5,The Vintage Collection,19,The Vintage Collection Action Figures,groupTable83,1314,VC 334,Darth Vader (Tie Advanced),,2025,6,0.0,61.08,61.08,81.0,c102fb49e272b21f90e3a837810fe087,https://www.actionfigure411.com/star-wars/the-vintage-collection/the-vintage-collection-action-figures/darth-vader-tie-advanced-11112.php,2025-01-01,Darth Vader,1.0
5,The Vintage Collection,19,The Vintage Collection Action Figures,groupTable83,1316,VC 336,Jetpack Trooper (Jedi Survivor),,2024,5,16.99,18.2,1.21,23.0,c2e61c1d8762b23ad65181e399dc8031,https://www.actionfigure411.com/star-wars/the-vintage-collection/the-vintage-collection-action-figures/jetpack-trooper-jedi-survivor-8776.php,2024-01-01,Clone X trooper,0.7772933980533595
5,The Vintage Collection,19,The Vintage Collection Action Figures,groupTable83,1317,VC 337,Grand Admiral Thrawn (Ahsoka),,2024,7,16.99,14.09,-2.9,18.0,3b3abc0dc0978b68ce2eb498d7867b80,https://www.actionfigure411.com/star-wars/the-vintage-collection/the-vintage-collection-action-figures/grand-admiral-thrawn-ahsoka-9045.php,2024-01-01,Grand Admiral Thrawn,0.8360559965638252
5,The Vintage Collection,19,The Vintage Collection Action Figures,groupTable83,1318,VC 338,Ahsoka Tano (Peridea),,2024,12,16.99,16.16,-0.83,22.0,d879741f793aea3d64ffed46bb1643ec,https://www.actionfigure411.com/star-wars/the-vintage-collection/the-vintage-collection-action-figures/ahsoka-tano-peridea-8775.php,2024-01-01,Ahsoka Tano,1.0000000000000002
5,The Vintage Collection,19,The Vintage Collection Action Figures,groupTable83,1319,VC 339,Bo-Katan Kryze (Plazir-15),,2024,3,16.99,10.96,-6.03,11.98,d88ba7a0b21aa54d62c86c7c08eecd3c,https://www.actionfigure411.com/star-wars/the-vintage-collection/the-vintage-collection-action-figures/bo-katan-kryze-plazir-15-8753.php,2024-01-01,Bo-Katan Kryze,1.0
5,The Vintage Collection,19,The Vintage Collection Action Figures,groupTable83,1323,VC 343,Cobb Vanth (Mandalorian Armor),,2024,7,24.99,12.55,-12.44,13.95,d289fb5c97913f6d72e125d3c708c170,https://www.actionfigure411.com/star-wars/the-vintage-collection/the-vintage-collection-action-figures/cobb-vanth-mandalorian-armor-8774.php,2024-01-01,Cobb Vanth,0.816496580927726
5,The Vintage Collection,19,The Vintage Collection Action Figures,groupTable83,1324,VC 344,Luke Skywalker (A New Hope),,2025,9,16.99,19.23,2.24,28.95,8e0e3c9d534751e94774dc088761de7b,https://www.actionfigure411.com/star-wars/the-vintage-collection/the-vintage-collection-action-figures/luke-skywalker-a-new-hope-8859.php,2025-01-01,Luke Skywalker,1.0000000000000002
5,The Vintage Collection,19,The Vintage Collection Action Figures,groupTable83,1325,VC 345,Jedi Master Indara,,2025,1,16.99,9.99,-7.0,9.99,5c3ef56ef64a8cc9bdb9b511c34c4f01,https://www.actionfigure411.com/star-wars/the-vintage-collection/the-vintage-collection-action-figures/jedi-master-indara-8860.php,2025-01-01,Indara,0.7273016634383198
5,The Vintage Collection,19,The Vintage Collection Action Figures,groupTable83,1326,VC 346,Dedra Meero,,2025,5,16.99,19.18,2.19,20.95,c064b16eb03848ad6d87137bd1338ebf,https://www.actionfigure411.com/star-wars/the-vintage-collection/the-vintage-collection-action-figures/dedra-meero-8861.php,2025-01-01,Dedra Meero,1.0000000000000002
5,The Vintage Collection,19,The Vintage Collection Action Figures,groupTable83,1327,VC 347,Anakin Skywalker,,2025,5,16.99,14.59,-2.4,17.99,10a65c65cd9281338964125cea540899,https://www.actionfigure411.com/star-wars/the-vintage-collection/the-vintage-collection-action-figures/anakin-skywalker-8862.php,2025-01-01,Anakin Skywalker,1.0000000000000002
5,The Vintage Collection,19,The Vintage Collection Action Figures,groupTable83,1328,VC 348,Clone Trooper Lieutenant (Teth),,2025,2,16.99,22.0,5.01,22.0,0c1a2cb1fff19c790d03ebbfc4f9c117,https://www.actionfigure411.com/star-wars/the-vintage-collection/the-vintage-collection-action-figures/clone-trooper-lieutenant-teth-8858.php,2025-01-01,Clone X trooper,0.7776934007302077
5,The Vintage Collection,19,The Vintage Collection Action Figures,groupTable83,1331,VC 351,Lieutenant Callahan,,2025,5,16.99,19.11,2.12,21.55,2485f16ea6bab530f5646c6823396273,https://www.actionfigure411.com/star-wars/the-vintage-collection/the-vintage-collection-action-figures/lieutenant-callahan-9027.php,2025-01-01,Lieutenant Callahan,0.9999999999999999
5,The Vintage Collection,19,The Vintage Collection Action Figures,groupTable83,1332,VC 352,Sabine Wren (Peridea),,2024,15,0.0,22.53,22.53,26.0,76fca55e28999ce8d0a7d0ac723cd7ac,https://www.actionfigure411.com/star-wars/the-vintage-collection/the-vintage-collection-action-figures/sabine-wren-peridea-8991.php,2024-01-01,Sabine Wren,1.0
5,The Vintage Collection,19,The Vintage Collection Action Figures,groupTable83,1334,VC 354,Jedi Knight Yord Fandar,,2025,4,16.99,22.43,5.44,25.69,7ce45017927fbae1f0cd2e33d72b49d3,https://www.actionfigure411.com/star-wars/the-vintage-collection/the-vintage-collection-action-figures/jedi-knight-yord-fandar-9021.php,2025-01-01,Yord Fandar,1.0000000000000002
5,The Vintage Collection,19,The Vintage Collection Action Figures,groupTable83,1335,VC 355,Baylan Skoll,,2025,6,16.99,22.79,5.8,33.0,8c28019bc9857df18a8c2568151d7274,https://www.actionfigure411.com/star-wars/the-vintage-collection/the-vintage-collection-action-figures/baylan-skoll-9433.php,2025-01-01,Baylan Skoll,1.0000000000000002
5,The Vintage Collection,19,The Vintage Collection Action Figures,groupTable83,1336,VC 356,Shin Hati,,2025,12,16.99,19.01,2.02,26.99,d59fe93fe5d48df89f0ec0c0b4caa7ba,https://www.actionfigure411.com/star-wars/the-vintage-collection/the-vintage-collection-action-figures/shin-hati-9434.php,2025-01-01,Shin Hati,1.0000000000000002
5,The Vintage Collection,19,The Vintage Collection Action Figures,groupTable83,1337,VC 357,Obi-Wan Kenobi (Jedi Legend),,2025,5,16.99,13.99,-3.0,19.99,52611452a142c8bd9eaff52d246f0c53,https://www.actionfigure411.com/star-wars/the-vintage-collection/the-vintage-collection-action-figures/obi-wan-kenobi-jedi-legend-9022.php,2025-01-01,Obi-Wan Kenobi,1.0
5,The Vintage Collection,19,The Vintage Collection Action Figures,groupTable83,1340,VC 360,Grand Admiral Thrawn (Heir to the Empire),,2025,19,0.0,16.43,16.43,24.99,9004114ce776c2a4f9705c5727cfb813,https://www.actionfigure411.com/star-wars/the-vintage-collection/the-vintage-collection-action-figures/grand-admiral-thrawn-heir-to-the-empire-9083.php,2025-01-01,Grand Admiral Thrawn,0.9188014048139385
5,The Vintage Collection,19,The Vintage Collection Action Figures,groupTable83,1342,VC 362,Momaw Nadon (Hammerhead - Deluxe),,2025,9,24.99,25.77,0.78,35.49,c1942688930e55f922a66140d713220e,https://www.actionfigure411.com/star-wars/the-vintage-collection/the-vintage-collection-action-figures/momaw-nadon-hammerhead-deluxe-10259.php,2025-01-01,Momaw Nadon,1.0000000000000002
5,The Vintage Collection,19,The Vintage Collection Action Figures,groupTable83,1343,VC 363,Carson Teva,,2025,8,18.99,19.99,1.0,23.95,820283a33874da80b90dc01edfce14cb,https://www.actionfigure411.com/star-wars/the-vintage-collection/the-vintage-collection-action-figures/carson-teva-10437.php,2025-01-01,Carson Teva,1.0000000000000002
5,The Vintage Collection,19,The Vintage Collection Action Figures,groupTable83,1344,VC 364,Asajj Ventress,,2025,12,18.99,20.66,1.67,27.99,bc6f36dc5d74d79d92ea215342de1a55,https://www.actionfigure411.com/star-wars/the-vintage-collection/the-vintage-collection-action-figures/asajj-ventress-10438.php,2025-01-01,Asajj Ventress,1.0000000000000002
5,The Vintage Collection,19,The Vintage Collection Action Figures,groupTable83,1345,VC 365,Alexsandr Kallus,,2025,3,18.99,21.5,2.51,27.0,d13a7fdf30c8eecccdbdd6d672a72b40,https://www.actionfigure411.com/star-wars/the-vintage-collection/the-vintage-collection-action-figures/alexsandr-kallus-10439.php,2025-01-01,Alexsandr Kallus,1.0000000000000002
5,The Vintage Collection,19,The Vintage Collection Action Figures,groupTable83,1348,VC 368,Moff Gideon (Dark Trooper Armor),,2025,11,16.99,18.26,1.27,24.99,f56dc8d64b32a4b04a53ca466aa38efa,https://www.actionfigure411.com/star-wars/the-vintage-collection/the-vintage-collection-action-figures/moff-gideon-dark-trooper-armor-10672.php,2025-01-01,Moff Gideon,0.8596939134609494
5,The Vintage Collection,19,The Vintage Collection Action Figures,groupTable83,1349,VC 369,Rocket Launcher Trooper,,2025,5,16.99,38.18,21.19,100.0,d7279fa1705bc1615be5b4dfb17e7b56,https://www.actionfigure411.com/star-wars/the-vintage-collection/the-vintage-collection-action-figures/rocket-launcher-trooper-10674.php,2025-01-01,Clone X trooper,0.7772933980533595
5,The Vintage Collection,19,The Vintage Collection Action Figures,groupTable83,1350,VC 370,Crosshair,,2025,8,16.99,17.92,0.93,23.99,a191f8560c625ab6cd00ec42fc372c7f,https://www.actionfigure411.com/star-wars/the-vintage-collection/the-vintage-collection-action-figures/crosshair-10671.php,2025-01-01,Crosshair,1.0
5,The Vintage Collection,19,The Vintage Collection Action Figures,groupTable83,1351,VC 371,Cobb Vanth,,2025,4,16.99,18.09,1.1,19.9,463145bb444f625af53e6dc10582c03f,https://www.actionfigure411.com/star-wars/the-vintage-collection/the-vintage-collection-action-figures/cobb-vanth-10670.php,2025-01-01,Cobb Vanth,1.0000000000000002
5,The Vintage Collection,19,The Vintage Collection Action Figures,groupTable83,1352,VC 372,Han Solo,,2025,7,16.99,21.1,4.11,27.99,0b357984b7363e253608c0903d4c9852,https://www.actionfigure411.com/star-wars/the-vintage-collection/the-vintage-collection-action-figures/han-solo-11421.php,2025-01-01,Han Solo,1.0000000000000002
5,The Vintage Collection,19,The Vintage Collection Action Figures,groupTable83,1353,VC 373,Ben (Obi-Wan) Kenobi (ANH),,2025,8,16.99,21.99,5.0,33.0,5ce5dc10a71c374bed76eb5a7fd0ecf8,https://www.actionfigure411.com/star-wars/the-vintage-collection/the-vintage-collection-action-figures/ben-obi-wan-kenobi-anh-10749.php,2025-01-01,Obi-Wan Kenobi,0.8660254037844386
5,The Vintage Collection,19,The Vintage Collection Action Figures,groupTable83,1357,VC 378,Greedo,Pulse,2025,4,0.0,25.11,25.11,30.0,64437b364a6813647db3d4767c6a7413,https://www.actionfigure411.com/star-wars/the-vintage-collection/the-vintage-collection-action-figures/greedo-10752.php,2025-01-01,Greedo,1.0
5,The Vintage Collection,19,The Vintage Collection Action Figures,groupTable83,1360,VC 381,Chewbacca (A New Hope),,2025,6,16.99,19.2,2.21,27.99,2357866e191c0586ca4198fc7cc4b464,https://www.actionfigure411.com/star-wars/the-vintage-collection/the-vintage-collection-action-figures/chewbacca-a-new-hope-11415.php,2025-01-01,Chewbacca,1.0
5,The Vintage Collection,19,The Vintage Collection Action Figures,groupTable83,1361,VC 382,The Stranger (Qimir),,2026,0,19.99,,,0.0,d857edd1e9f50c6575dd86c5e4f8b1c5,https://www.actionfigure411.com/star-wars/the-vintage-collection/the-vintage-collection-action-figures/the-stranger-qimir-12344.php,2026-01-01,The Stranger (alias  Qimir ),0.8416254764373032
5,The Vintage Collection,19,The Vintage Collection Action Figures,groupTable83,1363,VC 384,Shaak Ti,,2026,0,19.99,,,0.0,26f2ca9230d1115ea1d3030656721fab,https://www.actionfigure411.com/star-wars/the-vintage-collection/the-vintage-collection-action-figures/shaak-ti-12342.php,2026-01-01,Shaak Ti,1.0000000000000002
5,The Vintage Collection,19,The Vintage Collection Action Figures,groupTable83,1364,VC 385,Darth Vader (Emperor’s Wrath),,2026,0,19.99,,,0.0,f9a16ecdd747d9c9e65523aef71325d1,https://www.actionfigure411.com/star-wars/the-vintage-collection/the-vintage-collection-action-figures/darth-vader-emperors-wrath-12341.php,2026-01-01,Darth Vader,0.7986750358205664
5,The Vintage Collection,19,The Vintage Collection Action Figures,groupTable83,1366,VCP 02,Zuckuss (Foil Card),Celebration,2010,1,0.0,59.99,59.99,59.99,6d97fee51b5af106a165ea5ab9a45c97,https://www.actionfigure411.com/star-wars/the-vintage-collection/the-vintage-collection-action-figures/zuckuss-foil-card-3699.php,2010-01-01,Zuckuss,0.7071067811865476
5,The Vintage Collection,19,The Vintage Collection Action Figures,groupTable83,1367,VCP 03,Boba Fett (Rocket Firing),Mail Away,2010,5,6.99,96.6,89.61,124.99,65d23acb6713727025e736f02af95d71,https://www.actionfigure411.com/star-wars/the-vintage-collection/the-vintage-collection-action-figures/boba-fett-rocket-firing-1848.php,2010-01-01,Boba Fett,1.0
5,The Vintage Collection,20,The Vintage Collection Deluxe Action Figures,groupTable477,1368,,Ahsoka Tano & Grogu (Deluxe),Walmart,2022,1,20.97,13.99,-6.98,13.99,a5618386ef1140919207b44f65ef8dd0,https://www.actionfigure411.com/star-wars/the-vintage-collection/the-vintage-collection-deluxe-action-figures/ahsoka-tano-grogu-deluxe-3729.php,2022-01-01,Ahsoka Tano,0.816496580927726
5,The Vintage Collection,20,The Vintage Collection Deluxe Action Figures,groupTable477,1369,,Boba Fett (Tatooine - Deluxe),,2022,4,26.49,14.0,-12.49,16.0,0983594e9fa483db81e800646ddc48fd,https://www.actionfigure411.com/star-wars/the-vintage-collection/the-vintage-collection-deluxe-action-figures/boba-fett-tatooine-deluxe-3734.php,2022-01-01,Boba Fett,1.0
5,The Vintage Collection,20,The Vintage Collection Deluxe Action Figures,groupTable477,1371,,Incinerator Trooper & Grogu (Deluxe),Walmart,2022,2,20.97,11.39,-9.58,12.0,ae4db5e91297490a28d77b958b92dc53,https://www.actionfigure411.com/star-wars/the-vintage-collection/the-vintage-collection-deluxe-action-figures/incinerator-trooper-grogu-deluxe-3727.php,2022-01-01,Grogu,0.7899080810122097
5,The Vintage Collection,20,The Vintage Collection Deluxe Action Figures,groupTable477,1372,,Dark Trooper (Deluxe),,2023,2,27.99,12.25,-15.74,17.5,946d3c289ed3edf6a4ee24a1f27a5487,https://www.actionfigure411.com/star-wars/the-vintage-collection/the-vintage-collection-deluxe-action-figures/dark-trooper-deluxe-4270.php,2023-01-01,Clone X trooper,0.7772933980533595
5,The Vintage Collection,20,The Vintage Collection Deluxe Action Figures,groupTable477,1373,,Krrsantan (Deluxe),,2023,4,27.99,13.75,-14.24,15.0,1cd3e0019253ea9b31030ea95595d25d,https://www.actionfigure411.com/star-wars/the-vintage-collection/the-vintage-collection-deluxe-action-figures/krrsantan-deluxe-6378.php,2023-01-01,Krrsantan,1.0
5,The Vintage Collection,20,The Vintage Collection Deluxe Action Figures,groupTable477,1374,,Krrsantan (SDCC Deluxe),SDCC,2023,6,39.99,15.33,-24.66,22.49,7e07a7754257264bc65c1245e67ca692,https://www.actionfigure411.com/star-wars/the-vintage-collection/the-vintage-collection-deluxe-action-figures/krrsantan-sdcc-deluxe-6897.php,2023-01-01,Krrsantan,1.0
5,The Vintage Collection,20,The Vintage Collection Deluxe Action Figures,groupTable477,1375,,Luke Skywalker and Grogu (Deluxe),Target,2023,7,27.99,15.7,-12.29,24.99,410d479f0617b62bf68023b0ab45e4c4,https://www.actionfigure411.com/star-wars/the-vintage-collection/the-vintage-collection-deluxe-action-figures/luke-skywalker-and-grogu-deluxe-6709.php,2023-01-01,Luke Skywalker,0.7125291026404255
5,The Vintage Collection,20,The Vintage Collection Deluxe Action Figures,groupTable477,1376,,Paz Vizsla (Deluxe),,2023,9,27.99,19.46,-8.53,21.83,8be1cde4215554caa327c39256d8a675,https://www.actionfigure411.com/star-wars/the-vintage-collection/the-vintage-collection-deluxe-action-figures/paz-vizsla-deluxe-5498.php,2023-01-01,Paz Vizsla,1.0
5,The Vintage Collection,20,The Vintage Collection Deluxe Action Figures,groupTable477,1377,,Sabine Wren (Deluxe) ( $-12.15),,2023,14,27.99,17.87,-10.12,29.34,8716b83adc34b6505a3fafb9f4b97e93,https://www.actionfigure411.com/star-wars/the-vintage-collection/the-vintage-collection-deluxe-action-figures/sabine-wren-deluxe-7080.php,2023-01-01,Sabine Wren,0.7986750358205664
5,The Vintage Collection,20,The Vintage Collection Deluxe Action Figures,groupTable477,1379,,Garazeb Zeb Orrelios (Deluxe),,2024,4,24.99,23.75,-1.24,31.0,22c3a99bb895daec03b45064f44a76ef,https://www.actionfigure411.com/star-wars/the-vintage-collection/the-vintage-collection-deluxe-action-figures/garazeb-zeb-orrelios-deluxe-8450.php,2024-01-01,"Garazeb ""Zeb"" Orrelios",1.0
5,The Vintage Collection,20,The Vintage Collection Deluxe Action Figures,groupTable477,1380,,Jango Fett (Deluxe),EE,2024,2,24.99,36.0,11.01,36.99,b9ac694183801b4abcad6ef854f5763f,https://www.actionfigure411.com/star-wars/the-vintage-collection/the-vintage-collection-deluxe-action-figures/jango-fett-deluxe-7750.php,2024-01-01,Jango Fett,1.0
5,The Vintage Collection,21,The Vintage Collection Sets,groupTable126,1383,,Bounty Hunters (4-LOM & Zuckuss),Celebration,2010,2,14.99,105.0,90.01,115.0,30bdd19721004ff802526b4f33c54596,https://www.actionfigure411.com/star-wars/the-vintage-collection/the-vintage-collection-sets/bounty-hunters-4-lom-zuckuss-1899.php,2010-01-01,Zuckuss,0.7273016634383198
5,The Vintage Collection,21,The Vintage Collection Sets,groupTable126,1390,,Villain Set (Darth Vader),Target,2011,2,19.99,27.49,7.5,39.99,05919eba5db256a23aa5fe5bef049961,https://www.actionfigure411.com/star-wars/the-vintage-collection/the-vintage-collection-sets/villain-set-darth-vader-1896.php,2011-01-01,Darth Vader,1.0
5,The Vintage Collection,21,The Vintage Collection Sets,groupTable126,1396,,Villain Set (Boba Fett),Target,2012,4,24.99,59.74,34.75,60.0,2961b319e4727ac01642c6a725ff6b44,https://www.actionfigure411.com/star-wars/the-vintage-collection/the-vintage-collection-sets/villain-set-boba-fett-1897.php,2012-01-01,Boba Fett,1.0
5,The Vintage Collection,21,The Vintage Collection Sets,groupTable126,1402,,Luke Skywalker Jedi Destiny Set,SDCC,2019,0,49.99,,,0.0,445a260dd5bb50112c733b7ff1d85d49,https://www.actionfigure411.com/star-wars/the-vintage-collection/the-vintage-collection-sets/luke-skywalker-jedi-destiny-set-1891.php,2019-01-01,Luke Skywalker,1.0000000000000002
5,The Vintage Collection,21,The Vintage Collection Sets,groupTable126,1403,,Special 3 Action Figures (Skiff Guards),Fan,2019,1,39.99,44.95,4.96,44.95,3276c673af3dab0ae27fcded34aa3859,https://www.actionfigure411.com/star-wars/the-vintage-collection/the-vintage-collection-sets/special-3-action-figures-skiff-guards-1893.php,2019-01-01,Gamorrean Guards,0.7273016634383198
5,The Vintage Collection,21,The Vintage Collection Sets,groupTable126,1409,,Obi-Wan Kenobi Multipack,,2022,1,50.99,39.99,-11.0,39.99,bef611453b3d33e9d27d744ca440fd48,https://www.actionfigure411.com/star-wars/the-vintage-collection/the-vintage-collection-sets/obi-wan-kenobi-multipack-4329.php,2022-01-01,Obi-Wan Kenobi,1.0
5,The Vintage Collection,21,The Vintage Collection Sets,groupTable126,1410,,Phase I Clone Trooper 4 pack,Pulse,2022,2,44.99,43.0,-1.99,54.99,67c326687fb4f2713f84990614ae2b22,https://www.actionfigure411.com/star-wars/the-vintage-collection/the-vintage-collection-sets/phase-i-clone-trooper-4-pack-4185.php,2022-01-01,Clone X trooper,1.0
5,The Vintage Collection,21,The Vintage Collection Sets,groupTable126,1411,,Rebel Fleet Trooper 4 Pack ( $1.69),Pulse,2022,10,41.99,83.49,41.5,99.99,a1afb634938be529f58075a235eda700,https://www.actionfigure411.com/star-wars/the-vintage-collection/the-vintage-collection-sets/rebel-fleet-trooper-4-pack-3532.php,2022-01-01,Clone X trooper,0.7772933980533595
5,The Vintage Collection,21,The Vintage Collection Sets,groupTable126,1415,,Figrin D’an and the Modal Nodes,Pulse,2023,8,89.99,48.87,-41.12,59.99,12255e9e67798e5f25733f9860e2df1f,https://www.actionfigure411.com/star-wars/the-vintage-collection/the-vintage-collection-sets/figrin-dan-and-the-modal-nodes-5270.php,2023-01-01,Figrin D an,0.783374465820197
5,The Vintage Collection,21,The Vintage Collection Sets,groupTable126,1416,,Obi-Wan Kenobi & Darth Vader Showdown 2 Pack,,2023,1,39.99,60.0,20.01,60.0,9ef77153ab72f83890a3c967f8cca40e,https://www.actionfigure411.com/star-wars/the-vintage-collection/the-vintage-collection-sets/obi-wan-kenobi-darth-vader-showdown-2-pack-659.php,2023-01-01,Obi-Wan Kenobi,0.7937566828964369
5,The Vintage Collection,21,The Vintage Collection Sets,groupTable126,1417,,Phase II Clone Trooper (212th) 4 pack,,2023,4,59.99,48.99,-11.0,49.99,1e7e22636f47536bd7c4e91790f5ee0e,https://www.actionfigure411.com/star-wars/the-vintage-collection/the-vintage-collection-sets/phase-ii-clone-trooper-212th-4-pack-7079.php,2023-01-01,Clone X trooper,1.0
5,The Vintage Collection,21,The Vintage Collection Sets,groupTable126,1418,,Rebel Soldiers 4 Pack (Echo Base Battle Gear),,2023,3,44.99,32.65,-12.34,39.95,cb6ffc0b105c4436c207d6ff508b8281,https://www.actionfigure411.com/star-wars/the-vintage-collection/the-vintage-collection-sets/rebel-soldiers-4-pack-echo-base-battle-gear-4271.php,2023-01-01,Echo,0.7071067811865476
5,The Vintage Collection,21,The Vintage Collection Sets,groupTable126,1420,,Wicket W. Warrick & Kneesaa,,2023,2,36.99,41.5,4.51,48.0,c46c75f086b0e01bb9c01245f6b3e23d,https://www.actionfigure411.com/star-wars/the-vintage-collection/the-vintage-collection-sets/wicket-w-warrick-kneesaa-6651.php,2023-01-01,Wicket W  Warrick,1.0000000000000002
5,The Vintage Collection,21,The Vintage Collection Sets,groupTable126,1421,,Captain Enoch & Thrawn's Night Troopers,,2024,5,54.99,46.6,-8.39,60.0,0b4693870d0175d58713911274874a64,https://www.actionfigure411.com/star-wars/the-vintage-collection/the-vintage-collection-sets/captain-enoch-thrawns-night-troopers-8123.php,2024-01-01,Captain Enoch,0.7638741466108518
5,The Vintage Collection,21,The Vintage Collection Sets,groupTable126,1424,,Phase II Clone Trooper 4 Pack,Pulse,2024,3,54.99,49.16,-5.83,57.5,07a5a0b0290d7aa1bb7643d02adb7eed,https://www.actionfigure411.com/star-wars/the-vintage-collection/the-vintage-collection-sets/phase-ii-clone-trooper-4-pack-7698.php,2024-01-01,Clone X trooper,1.0
5,The Vintage Collection,21,The Vintage Collection Sets,groupTable126,1426,,Sabine Wren & Chopper (C1-10P),Pulse,2024,9,49.99,86.88,36.89,125.0,908e02b3fdbdd2bb10a806107f445da7,https://www.actionfigure411.com/star-wars/the-vintage-collection/the-vintage-collection-sets/sabine-wren-chopper-c1-10p-7924.php,2024-01-01,Chopper (C1-10P),0.7882510183668119
5,The Vintage Collection,21,The Vintage Collection Sets,groupTable126,1428,,Anakin Skywalker 3 Pack,Pulse,2025,5,49.99,50.39,0.4,57.99,d1ce3712c9035cc61ba751138f062350,https://www.actionfigure411.com/star-wars/the-vintage-collection/the-vintage-collection-sets/anakin-skywalker-3-pack-9086.php,2025-01-01,Anakin Skywalker,1.0000000000000002
5,The Vintage Collection,21,The Vintage Collection Sets,groupTable126,1429,,Battle Droid 4 Pack,,2025,1,54.99,75.0,20.01,75.0,80ff009dcf7f13efbcea3aa1a8f1ceff,https://www.actionfigure411.com/star-wars/the-vintage-collection/the-vintage-collection-sets/battle-droid-4-pack-9439.php,2025-01-01,Battle Droid 513,0.7892379838534719
5,The Vintage Collection,21,The Vintage Collection Sets,groupTable126,1430,,Creature Cantina Set,Pulse,2025,0,64.99,,,0.0,1bf91a31d596a076c30a6adca50eda02,https://www.actionfigure411.com/star-wars/the-vintage-collection/the-vintage-collection-sets/creature-cantina-set-10750.php,2025-01-01,Marrok (creature),0.7273016634383198
5,The Vintage Collection,22,The Vintage Collection Vehicles and Creatures,groupTable84,1440,,Tauntaun (Luke Skywalker),Target,2011,5,24.99,96.99,72.0,110.0,69ec1576927971bf0494eed5bdea1569,https://www.actionfigure411.com/star-wars/the-vintage-collection/the-vintage-collection-vehicles-and-creatures/tauntaun-luke-skywalker-1855.php,2011-01-01,Luke Skywalker,1.0000000000000002
5,The Vintage Collection,22,The Vintage Collection Vehicles and Creatures,groupTable84,1442,,AT-AP,,2012,1,29.99,95.0,65.01,95.0,2a5572319a4cebac6ea6ed574d250600,https://www.actionfigure411.com/star-wars/the-vintage-collection/the-vintage-collection-vehicles-and-creatures/at-ap-1857.php,2012-01-01,AP-5,1.0
5,The Vintage Collection,22,The Vintage Collection Vehicles and Creatures,groupTable84,1443,,Jedi Starfighter (Obi-Wan),,2012,2,29.99,89.98,59.99,99.95,c9d5853c31b694d86b7e681aaa07c0b9,https://www.actionfigure411.com/star-wars/the-vintage-collection/the-vintage-collection-vehicles-and-creatures/jedi-starfighter-obi-wan-1858.php,2012-01-01,Obi-Wan Kenobi,0.816496580927726
5,The Vintage Collection,22,The Vintage Collection Vehicles and Creatures,groupTable84,1451,,X-Wing (Biggs),Toys R Us,2013,3,59.99,139.66,79.67,149.0,8e95101b416d5e806a65c4e14f31b549,https://www.actionfigure411.com/star-wars/the-vintage-collection/the-vintage-collection-vehicles-and-creatures/x-wing-biggs-1846.php,2013-01-01,Biggs Darklighter,0.7071067811865476
5,The Vintage Collection,22,The Vintage Collection Vehicles and Creatures,groupTable84,1452,,Imperial Combat Assault Tank,,2018,9,79.99,56.88,-23.11,70.0,0600cb64f8b6683af118133963cf567e,https://www.actionfigure411.com/star-wars/the-vintage-collection/the-vintage-collection-vehicles-and-creatures/imperial-combat-assault-tank-1032.php,2018-01-01,Imperial Combat Drivers,0.808724952682001
5,The Vintage Collection,22,The Vintage Collection Vehicles and Creatures,groupTable84,1455,,Jabba Sail Barge (The Khetanna),HasLab,2019,8,499.99,2165.63,1665.64,2500.0,bac8185b5c64d56c4d23a703354f43d9,https://www.actionfigure411.com/star-wars/the-vintage-collection/the-vintage-collection-vehicles-and-creatures/jabba-sail-barge-the-khetanna-1227.php,2019-01-01,Jabba the Hutt,0.8157999288080677
5,The Vintage Collection,22,The Vintage Collection Vehicles and Creatures,groupTable84,1457,,X-Wing (Poe Dameron),,2019,5,99.99,143.2,43.21,175.99,9ab5a7ffbde14976148b5d7de35cfe41,https://www.actionfigure411.com/star-wars/the-vintage-collection/the-vintage-collection-vehicles-and-creatures/x-wing-poe-dameron-1847.php,2019-01-01,Poe Dameron,1.0000000000000002
5,The Vintage Collection,22,The Vintage Collection Vehicles and Creatures,groupTable84,1462,,X-Wing (Luke Skywalker Red 5),,2020,6,99.99,91.24,-8.75,125.0,454a08666eb9fdfb90f3672931bbc491,https://www.actionfigure411.com/star-wars/the-vintage-collection/the-vintage-collection-vehicles-and-creatures/x-wing-luke-skywalker-red-5-1809.php,2020-01-01,Luke Skywalker,1.0000000000000002
5,The Vintage Collection,22,The Vintage Collection Vehicles and Creatures,groupTable84,1464,,X-Wing (Antoc Merrick),Target,2021,6,104.99,186.07,81.08,224.95,9bf1934897fd827aebaceeae50b609de,https://www.actionfigure411.com/star-wars/the-vintage-collection/the-vintage-collection-vehicles-and-creatures/x-wing-antoc-merrick-3193.php,2021-01-01,General Merrick,0.8241874204827399
5,The Vintage Collection,22,The Vintage Collection Vehicles and Creatures,groupTable84,1465,,AT-ST and Chewbacca,,2023,2,89.99,62.75,-27.24,75.5,ddb80732ee452a4bc656b14f6de27b89,https://www.actionfigure411.com/star-wars/the-vintage-collection/the-vintage-collection-vehicles-and-creatures/at-st-and-chewbacca-5557.php,2023-01-01,Chewbacca,0.7534510784814418
5,The Vintage Collection,22,The Vintage Collection Vehicles and Creatures,groupTable84,1466,,Boba Fett’s Starship (The Book of Boba Fett),,2023,6,199.99,98.17,-101.82,120.0,abcac9c36042ce291f3ed98a082b0612,https://www.actionfigure411.com/star-wars/the-vintage-collection/the-vintage-collection-vehicles-and-creatures/boba-fetts-starship-the-book-of-boba-fett-4596.php,2023-01-01,Boba Fett,0.9171158376905769
5,The Vintage Collection,22,The Vintage Collection Vehicles and Creatures,groupTable84,1468,,Speeder Bike & Scout Trooper,,2023,10,44.99,27.02,-17.97,31.45,40d6f463475790f645e9286aa21442dc,https://www.actionfigure411.com/star-wars/the-vintage-collection/the-vintage-collection-vehicles-and-creatures/speeder-bike-scout-trooper-5497.php,2023-01-01,Clone X trooper,0.7772933980533595
5,The Vintage Collection,22,The Vintage Collection Vehicles and Creatures,groupTable84,1469,,"Speeder Bike, Scout Trooper & Grogu",,2023,4,44.99,20.73,-24.26,25.0,d26e6aee6599377535e4a6b9af98c255,https://www.actionfigure411.com/star-wars/the-vintage-collection/the-vintage-collection-vehicles-and-creatures/speeder-bike-scout-trooper-grogu-6442.php,2023-01-01,Grogu,0.7899080810122097
5,The Vintage Collection,22,The Vintage Collection Vehicles and Creatures,groupTable84,1472,,Howler & Sabine Wren (Peridea),,2024,9,39.99,32.54,-7.45,44.99,dfc3a18c0370c1308556e7a236b58e95,https://www.actionfigure411.com/star-wars/the-vintage-collection/the-vintage-collection-vehicles-and-creatures/howler-sabine-wren-peridea-8990.php,2024-01-01,Sabine Wren,1.0
5,The Vintage Collection,22,The Vintage Collection Vehicles and Creatures,groupTable84,1475,,Darth Vader’s TIE Advanced,,2025,9,129.99,193.26,63.27,220.0,cc7622ea8bd3b67de537d735699849dc,https://www.actionfigure411.com/star-wars/the-vintage-collection/the-vintage-collection-vehicles-and-creatures/darth-vaders-tie-advanced-11111.php,2025-01-01,Darth Vader,1.0
5,The Vintage Collection,22,The Vintage Collection Vehicles and Creatures,groupTable84,1476,,Landspeeder & Luke Skywalker (Tatooine),,2025,11,66.99,60.35,-6.64,72.0,2ead3ca67eb4289c44560e1197fe3a3a,https://www.actionfigure411.com/star-wars/the-vintage-collection/the-vintage-collection-vehicles-and-creatures/landspeeder-luke-skywalker-tatooine-10444.php,2025-01-01,Luke Skywalker,1.0000000000000002
5,The Vintage Collection,22,The Vintage Collection Vehicles and Creatures,groupTable84,1478,VC 344A,Luke Skywalker (Tatooine),,2025,6,0.0,46.33,46.33,56.0,ba53ede428256596f4d6a5715de7e3b0,https://www.actionfigure411.com/star-wars/the-vintage-collection/the-vintage-collection-vehicles-and-creatures/luke-skywalker-tatooine-10445.php,2025-01-01,Luke Skywalker,1.0000000000000002
5,The Vintage Collection,23,The Vintage Collection Playsets,groupTable476,1484,,Boba Fett’s Throne Room ( $23.08),Pulse,2023,12,229.99,224.33,-5.66,248.99,e4a622feeb6fb290eea0fd72f0bd4548,https://www.actionfigure411.com/star-wars/the-vintage-collection/the-vintage-collection-playsets/boba-fetts-throne-room-3963.php,2023-01-01,Boba Fett,0.808724952682001
5,The Vintage Collection,23,The Vintage Collection Playsets,groupTable476,1487,,The Armorer’s Forge Playset,,2024,1,59.99,44.99,-15.0,44.99,ebc1ccb2e8339d99ee9f8e65dcbb4a99,https://www.actionfigure411.com/star-wars/the-vintage-collection/the-vintage-collection-playsets/the-armorers-forge-playset-8772.php,2024-01-01,The Armorer,0.9999999999999998
5,The Vintage Collection,23,The Vintage Collection Playsets,groupTable476,1488,,Jabba the Hutt Set,Pulse,2024,4,89.99,190.62,100.63,199.99,6973f624df0b7c5e497368d025fa46c5,https://www.actionfigure411.com/star-wars/the-vintage-collection/the-vintage-collection-playsets/jabba-the-hutt-set-6958.php,2024-01-01,Jabba the Hutt,1.0000000000000004
5,The Vintage Collection,23,The Vintage Collection Playsets,groupTable476,1489,,Moff Gideon’s Imperial Light Cruiser Hallway,,2024,16,59.99,36.42,-23.57,56.94,99d1c7ae0cf49599c2e1d448ddf68ca6,https://www.actionfigure411.com/star-wars/the-vintage-collection/the-vintage-collection-playsets/moff-gideons-imperial-light-cruiser-hallway-8750.php,2024-01-01,Moff Gideon,0.810671825480576
6,Archive Collection,24,Archive Collection,groupTable94,1492,,Boba Fett,1,2019,10,19.99,17.48,-2.51,24.99,94c7f33a0bfe5fbced0aa12ae6fb886e,https://www.actionfigure411.com/star-wars/archive-collection/archive-collection/boba-fett-1151.php,2019-01-01,Boba Fett,1.0
6,Archive Collection,24,Archive Collection,groupTable94,1493,,Bossk,1,2019,10,19.99,18.89,-1.1,27.99,7a81096f108c3d29a7d3138202b3869c,https://www.actionfigure411.com/star-wars/archive-collection/archive-collection/bossk-1154.php,2019-01-01,Bossk,1.0
6,Archive Collection,24,Archive Collection,groupTable94,1494,,IG-88,1,2019,6,19.99,22.41,2.42,34.95,5b23a0dff9055efacdf6af8bea2abcaa,https://www.actionfigure411.com/star-wars/archive-collection/archive-collection/ig-88-1153.php,2019-01-01,IG-88,1.0000000000000002
6,Archive Collection,24,Archive Collection,groupTable94,1496,,Anakin Skywalker,2,2019,7,19.99,49.07,29.08,70.0,8906305e4a03cc576f64b7c10040c92f,https://www.actionfigure411.com/star-wars/archive-collection/archive-collection/anakin-skywalker-1240.php,2019-01-01,Anakin Skywalker,1.0000000000000002
6,Archive Collection,24,Archive Collection,groupTable94,1498,,Darth Maul,2,2019,7,19.99,22.21,2.22,34.99,d3ea33afb7928f6a56ab80d83dfaff30,https://www.actionfigure411.com/star-wars/archive-collection/archive-collection/darth-maul-1238.php,2019-01-01,Maul,0.7534510784814418
6,Archive Collection,24,Archive Collection,groupTable94,1499,,Yoda ( $6.31),2,2019,16,19.99,25.89,5.9,37.5,65a9db3d264fd48d9e959f1ebe9c6e74,https://www.actionfigure411.com/star-wars/archive-collection/archive-collection/yoda-1237.php,2019-01-01,Yoda,1.0
6,Archive Collection,24,Archive Collection,groupTable94,1500,,Clone Commander Cody,3,2020,8,19.99,12.92,-7.07,18.39,674869b507f902c06de67404722c21fe,https://www.actionfigure411.com/star-wars/archive-collection/archive-collection/clone-commander-cody-1605.php,2020-01-01,Clone Commander Cody,0.9999999999999998
6,Archive Collection,24,Archive Collection,groupTable94,1501,,Grand Admiral Thrawn,3,2020,7,19.99,12.15,-7.84,15.25,58d7d13748b8436aa1a2827ed9409809,https://www.actionfigure411.com/star-wars/archive-collection/archive-collection/grand-admiral-thrawn-1602.php,2020-01-01,Grand Admiral Thrawn,1.0
6,Archive Collection,24,Archive Collection,groupTable94,1502,,Han Solo (Hoth),3,2020,4,19.99,11.74,-8.25,15.99,23077a45137b9b9d50fd9859547c518a,https://www.actionfigure411.com/star-wars/archive-collection/archive-collection/han-solo-hoth-1603.php,2020-01-01,Han Solo,1.0000000000000002
6,Archive Collection,24,Archive Collection,groupTable94,1503,,Luke Skywalker (Hoth),3,2020,5,19.99,11.87,-8.12,14.39,cf3c1f87f4217eb21ae910bab6bc1772,https://www.actionfigure411.com/star-wars/archive-collection/archive-collection/luke-skywalker-hoth-1604.php,2020-01-01,Luke Skywalker,1.0000000000000002
6,Archive Collection,24,Archive Collection,groupTable94,1505,,Imperial Hovertank Driver,4,2021,3,21.99,16.3,-5.69,17.95,fe3acf41a402a011fd6ec18dcefb632a,https://www.actionfigure411.com/star-wars/archive-collection/archive-collection/imperial-hovertank-driver-1619.php,2021-01-01,Imperial Juggernaut driver,0.808724952682001
6,Archive Collection,24,Archive Collection,groupTable94,1508,,501st Legion Clone Trooper,5,2021,10,22.99,17.15,-5.84,39.88,cfb8e0662ce5411d91d3ec4aa7f3228d,https://www.actionfigure411.com/star-wars/archive-collection/archive-collection/501st-legion-clone-trooper-2526.php,2021-01-01,Clone X trooper,1.0
6,Archive Collection,24,Archive Collection,groupTable94,1510,,Obi-Wan Kenobi,5,2021,5,22.99,19.2,-3.79,24.99,7ee070e4799c87166af19da5a8b77b05,https://www.actionfigure411.com/star-wars/archive-collection/archive-collection/obi-wan-kenobi-2527.php,2021-01-01,Obi-Wan Kenobi,1.0
6,Archive Collection,24,Archive Collection,groupTable94,1511,,Princess Leia Organa,5,2021,6,22.99,9.63,-13.36,12.95,1db571ba3a1ea76304c24684fc44995a,https://www.actionfigure411.com/star-wars/archive-collection/archive-collection/princess-leia-organa-2528.php,2021-01-01,Leia Organa,1.0000000000000002
6,Archive Collection,24,Archive Collection,groupTable94,1513,,Dengar,6,2022,3,24.99,7.76,-17.23,11.99,f5148fe2a7831cff8261a490eefb0764,https://www.actionfigure411.com/star-wars/archive-collection/archive-collection/dengar-3960.php,2022-01-01,Dengar,1.0
6,Archive Collection,24,Archive Collection,groupTable94,1514,,Emperor Palpatine,6,2022,3,24.99,8.59,-16.4,11.79,97eb91c22e34db969e79fe2d0ed83d5e,https://www.actionfigure411.com/star-wars/archive-collection/archive-collection/emperor-palpatine-3961.php,2022-01-01,Emperor Palpatine (Darth Sidious),0.7291766797036204
6,Archive Collection,24,Archive Collection,groupTable94,1515,,Lando Calrissian (Skiff Guard),6,2022,5,24.99,8.31,-16.68,12.59,ec3d5e7a73d6aac8835943548afa0ddf,https://www.actionfigure411.com/star-wars/archive-collection/archive-collection/lando-calrissian-skiff-guard-3959.php,2022-01-01,Lando Calrissian,0.816496580927726
6,Archive Collection,24,Archive Collection,groupTable94,1516,,Chewbacca,7,2023,9,24.99,11.99,-13.0,15.95,b061100b9fdddb3b7d5c961e6d814e79,https://www.actionfigure411.com/star-wars/archive-collection/archive-collection/chewbacca-4287.php,2023-01-01,Chewbacca,1.0
6,Archive Collection,24,Archive Collection,groupTable94,1517,,Grand Moff Tarkin,7,2023,2,24.99,5.0,-19.99,5.0,55b9c5ff6ca26a2ad0e07e3e9a29b4a8,https://www.actionfigure411.com/star-wars/archive-collection/archive-collection/grand-moff-tarkin-4285.php,2023-01-01,Grand Moff Tarkin,1.0000000000000002
6,Archive Collection,24,Archive Collection,groupTable94,1518,,Han Solo (TFA),7,2023,2,24.99,7.5,-17.49,10.0,ec507d76afee3fef755639ffc484519c,https://www.actionfigure411.com/star-wars/archive-collection/archive-collection/han-solo-tfa-4286.php,2023-01-01,Han Solo,1.0000000000000002
6,Archive Collection,24,Archive Collection,groupTable94,1519,,Princess Leia Organa (Boushh),7,2023,6,24.99,9.66,-15.33,13.45,2aef9143b3c86d709591b18b7f36ab9b,https://www.actionfigure411.com/star-wars/archive-collection/archive-collection/princess-leia-organa-boushh-4284.php,2023-01-01,Leia Organa,1.0000000000000002
6,Archive Collection,24,Archive Collection,groupTable94,1520,,Bo-Katan Kryze,8,2024,1,24.99,29.99,5.0,29.99,acdb7a47f9955320869032bc80987a2a,https://www.actionfigure411.com/star-wars/archive-collection/archive-collection/bo-katan-kryze-7935.php,2024-01-01,Bo-Katan Kryze,1.0
6,Archive Collection,24,Archive Collection,groupTable94,1521,,Darth Vader,8,2024,1,24.99,29.99,5.0,29.99,ccd14cf05894e8b1bd6fddeed58d207a,https://www.actionfigure411.com/star-wars/archive-collection/archive-collection/darth-vader-7936.php,2024-01-01,Darth Vader,1.0
6,Archive Collection,24,Archive Collection,groupTable94,1522,,Luke Skywalker X-Wing Pilot,8,2024,0,24.99,,,0.0,20e00292e8ce088bcb01427d924bcf99,https://www.actionfigure411.com/star-wars/archive-collection/archive-collection/luke-skywalker-x-wing-pilot-7938.php,2024-01-01,Luke Skywalker,0.8305905453308053
6,Archive Collection,24,Archive Collection,groupTable94,1524,,Ahsoka Tano,9,2024,0,24.99,,,0.0,371616bd7f1766d63e861c6432483ee4,https://www.actionfigure411.com/star-wars/archive-collection/archive-collection/ahsoka-tano-8559.php,2024-01-01,Ahsoka Tano,1.0000000000000002
6,Archive Collection,24,Archive Collection,groupTable94,1525,,Grogu,9,2024,0,24.99,,,0.0,51079eb655c931d4c10834134d07610b,https://www.actionfigure411.com/star-wars/archive-collection/archive-collection/grogu-8557.php,2024-01-01,Grogu,1.0
6,Archive Collection,24,Archive Collection,groupTable94,1526,,Luke Skywalker (Imperial Light Cruiser),9,2024,0,24.99,,,0.0,61a0d7069dce287d3cdd448d1cecefb9,https://www.actionfigure411.com/star-wars/archive-collection/archive-collection/luke-skywalker-imperial-light-cruiser-8560.php,2024-01-01,Luke Skywalker,0.8191816100989555
6,Archive Collection,24,Archive Collection,groupTable94,1527,,Obi-Wan Kenobi (Padawan),9,2024,1,24.99,27.99,3.0,27.99,a561d374d8a6733c5e0d1d62eff2e051,https://www.actionfigure411.com/star-wars/archive-collection/archive-collection/obi-wan-kenobi-padawan-8558.php,2024-01-01,Obi-Wan Kenobi,1.0
7,Credit Collection,25,Credit Collection,groupTable118,1528,,Cara Dune ( $-4.10),Target,2020,9,24.99,28.72,3.73,44.99,df411ff0bbd0613fe782bb156a282c36,https://www.actionfigure411.com/star-wars/credit-collection/credit-collection/cara-dune-1530.php,2020-01-01,Cara Dune,1.0000000000000002
7,Credit Collection,25,Credit Collection,groupTable118,1530,,IG-11,Gamestop,2020,2,24.99,15.49,-9.5,15.99,aa3c806c713955bb4aa66ee40b836b1e,https://www.actionfigure411.com/star-wars/credit-collection/credit-collection/ig-11-1531.php,2020-01-01,IG-11,1.0000000000000002
7,Credit Collection,25,Credit Collection,groupTable118,1533,,Ahsoka Tano,Target,2022,3,26.49,8.66,-17.83,9.99,f049d975308f42edcef34861e32e2660,https://www.actionfigure411.com/star-wars/credit-collection/credit-collection/ahsoka-tano-4620.php,2022-01-01,Ahsoka Tano,1.0000000000000002
7,Credit Collection,25,Credit Collection,groupTable118,1534,,The Armorer,Gamestop,2022,2,24.99,10.38,-14.61,12.75,6dbeb3de1945c29c513011ec8cc1dc70,https://www.actionfigure411.com/star-wars/credit-collection/credit-collection/the-armorer-3217.php,2022-01-01,The Armorer,0.9999999999999998
7,Credit Collection,25,Credit Collection,groupTable118,1535,,Bo-Katan Kryze,EE,2022,3,27.99,10.66,-17.33,12.99,10d587d3c9f1cf425e44403bd15acc54,https://www.actionfigure411.com/star-wars/credit-collection/credit-collection/bo-katan-kryze-4603.php,2022-01-01,Bo-Katan Kryze,1.0
7,Credit Collection,25,Credit Collection,groupTable118,1536,,Boba Fett,Walmart,2022,2,27.97,8.55,-19.42,9.9,a63669fdac6948140dbde8e0592d3f34,https://www.actionfigure411.com/star-wars/credit-collection/credit-collection/boba-fett-4604.php,2022-01-01,Boba Fett,1.0
7,Credit Collection,25,Credit Collection,groupTable118,1537,,Dark Trooper,Pulse,2022,3,38.99,12.65,-26.34,19.95,970076370312bdf387fa9815236426dc,https://www.actionfigure411.com/star-wars/credit-collection/credit-collection/dark-trooper-4605.php,2022-01-01,Clone X trooper,0.7772933980533595
7,Credit Collection,25,Credit Collection,groupTable118,1538,,Greef Karga,Fan,2022,3,26.99,6.0,-20.99,8.0,dfa9c973568f9f36d2c07183a8d4b261,https://www.actionfigure411.com/star-wars/credit-collection/credit-collection/greef-karga-3215.php,2022-01-01,Greef Karga,1.0000000000000002
7,Credit Collection,25,Credit Collection,groupTable118,1539,,Kuiil,Amazon,2022,4,26.49,8.21,-18.28,9.99,11201a6e4a1d5007585363c60335eca9,https://www.actionfigure411.com/star-wars/credit-collection/credit-collection/kuiil-3214.php,2022-01-01,Kuiil,1.0
7,Credit Collection,25,Credit Collection,groupTable118,1541,,Moff Gideon,BestBuy,2022,2,24.99,11.48,-13.51,16.99,7f9d1a8d7440c6694611c9ede41d58c2,https://www.actionfigure411.com/star-wars/credit-collection/credit-collection/moff-gideon-3216.php,2022-01-01,Moff Gideon,1.0
8,Elite,26,Elite,groupTable11,1544,,Anakin Skywalker,,2015,2,24.99,12.52,-12.47,14.0,876b1277cb5953926e4ecf63c33846d5,https://www.actionfigure411.com/star-wars/elite/elite/anakin-skywalker-119.php,2015-01-01,Anakin Skywalker,1.0000000000000002
8,Elite,26,Elite,groupTable11,1545,,Boba Fett,,2015,8,24.99,24.4,-0.59,34.99,758e19e2a85c4154e0cf7222ea590994,https://www.actionfigure411.com/star-wars/elite/elite/boba-fett-123.php,2015-01-01,Boba Fett,1.0
8,Elite,26,Elite,groupTable11,1546,,Darth Maul,,2015,5,24.99,16.59,-8.4,24.99,9053d493eb66848b28fd3ee9207cd0c6,https://www.actionfigure411.com/star-wars/elite/elite/darth-maul-118.php,2015-01-01,Maul,0.7534510784814418
8,Elite,26,Elite,groupTable11,1547,,Darth Vader,,2015,5,24.99,27.59,2.6,38.99,d4adc68c2e9ab79d47a2c80579dcf8f7,https://www.actionfigure411.com/star-wars/elite/elite/darth-vader-122.php,2015-01-01,Darth Vader,1.0
8,Elite,26,Elite,groupTable11,1548,,General Grievous,,2015,7,24.95,48.14,23.19,55.99,0852bf8a23bbf440c36c77b72cd28d39,https://www.actionfigure411.com/star-wars/elite/elite/general-grievous-120.php,2015-01-01,General Grievous,0.9999999999999998
8,Elite,26,Elite,groupTable11,1550,,Baze Malbus,,2016,1,26.95,13.95,-13.0,13.95,82f9ca36dcc5c029722a404e4c847003,https://www.actionfigure411.com/star-wars/elite/elite/baze-malbus-187.php,2016-01-01,Baze Malbus,1.0000000000000002
8,Elite,26,Elite,groupTable11,1551,,Boba Fett Prototype,,2016,7,24.99,31.68,6.69,49.99,d13a905a78b5dabac0354f78c804371b,https://www.actionfigure411.com/star-wars/elite/elite/boba-fett-prototype-132.php,2016-01-01,Boba Fett,1.0
8,Elite,26,Elite,groupTable11,1552,,Bodhi Rook,,2016,1,26.95,14.0,-12.95,14.0,2c68fed586add599980c12374c701486,https://www.actionfigure411.com/star-wars/elite/elite/bodhi-rook-185.php,2016-01-01,Bodhi Rook,1.0000000000000002
8,Elite,26,Elite,groupTable11,1554,,C2-B5,,2016,4,26.95,17.75,-9.2,23.99,9c92694adf12bdec5847f01cd1a594d0,https://www.actionfigure411.com/star-wars/elite/elite/c2-b5-184.php,2016-01-01,C2-B5,1.0000000000000002
8,Elite,26,Elite,groupTable11,1555,,Captain Cassian Andor,,2016,2,26.95,14.75,-12.2,15.0,4516728a119380d3b603e404e27d3187,https://www.actionfigure411.com/star-wars/elite/elite/captain-cassian-andor-186.php,2016-01-01,Cassian Andor,0.9050867118516728
8,Elite,26,Elite,groupTable11,1556,,Chirrut Imwe,,2016,1,26.95,5.99,-20.96,5.99,d716afc308da6eda3aedc37ce36f4731,https://www.actionfigure411.com/star-wars/elite/elite/chirrut-imwe-189.php,2016-01-01,Chirrut  mwe,0.7071067811865476
8,Elite,26,Elite,groupTable11,1557,,Finn,,2016,1,24.99,14.99,-10.0,14.99,ef7fddb2d99340f7a17b95cce950920a,https://www.actionfigure411.com/star-wars/elite/elite/finn-128.php,2016-01-01,Finn,1.0
8,Elite,26,Elite,groupTable11,1558,,Finn FN-2187,,2016,1,24.99,20.0,-4.99,20.0,e65dda5a7d9bf876323ae9d6320c9656,https://www.actionfigure411.com/star-wars/elite/elite/finn-fn-2187-143.php,2016-01-01,Finn,0.7071067811865476
8,Elite,26,Elite,groupTable11,1560,,Han Solo,,2016,1,26.95,29.0,2.05,29.0,e5e1cf6d73e16f2706b68823c4f0e178,https://www.actionfigure411.com/star-wars/elite/elite/han-solo-248.php,2016-01-01,Han Solo,1.0000000000000002
8,Elite,26,Elite,groupTable11,1563,,Jyn Erso,,2016,1,26.95,20.0,-6.95,20.0,6bf0055192bdacc5c981916a789a2f2a,https://www.actionfigure411.com/star-wars/elite/elite/jyn-erso-191.php,2016-01-01,Jyn Erso,1.0000000000000002
8,Elite,26,Elite,groupTable11,1565,,Kylo Ren,,2016,3,24.99,13.95,-11.04,16.68,2e74b860478f424192804a8cf8b30fb1,https://www.actionfigure411.com/star-wars/elite/elite/kylo-ren-125.php,2016-01-01,Supreme Leader Kylo Ren,0.7345111134705395
8,Elite,26,Elite,groupTable11,1566,,Kylo Ren Unmasked,,2016,2,24.99,10.72,-14.27,11.43,f19888ced1575c076f6429983cf41f52,https://www.actionfigure411.com/star-wars/elite/elite/kylo-ren-unmasked-126.php,2016-01-01,Supreme Leader Kylo Ren,0.7345111134705395
8,Elite,26,Elite,groupTable11,1567,,Captain Phasma,,2016,2,24.99,16.0,-8.99,17.0,30da663c89b852e3cbe735458961f058,https://www.actionfigure411.com/star-wars/elite/elite/captain-phasma-130.php,2016-01-01,Captain Phasma,1.0
8,Elite,26,Elite,groupTable11,1568,,Poe Dameron,,2016,2,24.99,15.0,-9.99,19.99,8d6f0fe65ad16695963f9c067ae9a5e0,https://www.actionfigure411.com/star-wars/elite/elite/poe-dameron-129.php,2016-01-01,Poe Dameron,1.0000000000000002
8,Elite,26,Elite,groupTable11,1569,,R2-D2,,2016,5,24.99,19.59,-5.4,25.0,0a264a219e7a3835ceb204ef3b131786,https://www.actionfigure411.com/star-wars/elite/elite/r2-d2-134.php,2016-01-01,R2-D2,1.0
8,Elite,26,Elite,groupTable11,1574,,Captain Phasma (The Last Jedi),,2017,1,26.59,14.99,-11.6,14.99,eba6b49d032c6fe61f4bad8cb17253cd,https://www.actionfigure411.com/star-wars/elite/elite/captain-phasma-the-last-jedi-5370.php,2017-01-01,Captain Phasma,0.8750715591661742
8,Elite,26,Elite,groupTable11,1575,,Chewbacca,,2017,1,26.95,18.18,-8.77,18.18,96fb3b3988a6fa3a648c13dd369237c9,https://www.actionfigure411.com/star-wars/elite/elite/chewbacca-838.php,2017-01-01,Chewbacca,1.0
8,Elite,26,Elite,groupTable11,1577,,Elite Praetorian Guard,,2017,1,26.95,24.99,-1.96,24.99,79f08721a2e416c8dbe765be12832889,https://www.actionfigure411.com/star-wars/elite/elite/elite-praetorian-guard-673.php,2017-01-01,Pyke Guard,0.7534510784814418
8,Elite,26,Elite,groupTable11,1578,,Finn (Officer Uniform),,2017,1,26.95,7.0,-19.95,7.0,3264d86c57f7f6443fccc0b21dffe1c4,https://www.actionfigure411.com/star-wars/elite/elite/finn-officer-uniform-935.php,2017-01-01,Finn,0.7534510784814418
8,Elite,26,Elite,groupTable11,1579,,Finn with Lightsaber,,2017,1,24.99,10.0,-14.99,10.0,35d446ff085ac12d279135f2e203b917,https://www.actionfigure411.com/star-wars/elite/elite/finn-with-lightsaber-289.php,2017-01-01,Finn,1.0
8,Elite,26,Elite,groupTable11,1580,,First Order Judicial Stormtrooper,,2017,1,26.95,13.29,-13.66,13.29,28cd8cbdf7b951402276feeef02fd3b6,https://www.actionfigure411.com/star-wars/elite/elite/first-order-judicial-stormtrooper-670.php,2017-01-01,First Order Raiders,0.794103136389463
8,Elite,26,Elite,groupTable11,1582,,Kylo Ren (Last Jedi),,2017,1,26.95,17.0,-9.95,17.0,91dac004507092ed7d7c2d4cbe5835b6,https://www.actionfigure411.com/star-wars/elite/elite/kylo-ren-last-jedi-671.php,2017-01-01,Supreme Leader Kylo Ren,0.7345111134705395
8,Elite,26,Elite,groupTable11,1583,,Luke Skywalker (Last Jedi),,2017,2,26.95,13.2,-13.75,14.4,9262bc0bb0f627ce9e0c2f72b0e8ba10,https://www.actionfigure411.com/star-wars/elite/elite/luke-skywalker-last-jedi-672.php,2017-01-01,Luke Skywalker,1.0000000000000002
8,Elite,26,Elite,groupTable11,1584,,Poe Dameron (Last Jedi),,2017,2,26.95,11.29,-15.66,14.99,05b8bf1b6d2d33764581820a05ed8d77,https://www.actionfigure411.com/star-wars/elite/elite/poe-dameron-last-jedi-936.php,2017-01-01,Poe Dameron,1.0000000000000002
8,Elite,26,Elite,groupTable11,1585,,R2-D2 (Last Jedi),,2017,1,26.95,29.99,3.04,29.99,98eccb6eb5f63619fe130d20bd501fdb,https://www.actionfigure411.com/star-wars/elite/elite/r2-d2-last-jedi-675.php,2017-01-01,R2-D2,1.0
8,Elite,26,Elite,groupTable11,1586,,Rey (Last Jedi),,2017,1,26.95,16.99,-9.96,16.99,c8c2a78af058a39a8191b81bede86a73,https://www.actionfigure411.com/star-wars/elite/elite/rey-last-jedi-674.php,2017-01-01,Rey,1.0
8,Elite,26,Elite,groupTable11,1588,,Rose Tico & BB-8,,2017,1,26.95,17.99,-8.96,17.99,ec323f9386b6068c21066bc3484e105c,https://www.actionfigure411.com/star-wars/elite/elite/rose-tico-bb-8-963.php,2017-01-01,Rose Tico,0.8244966530678768
8,Elite,26,Elite,groupTable11,1591,,Darth Vader Unmasked (35th Anniversary),,2018,3,26.99,45.82,18.83,61.49,a787121284bdc7f8757029fe2f1f0035,https://www.actionfigure411.com/star-wars/elite/elite/darth-vader-unmasked-35th-anniversary-1050.php,2018-01-01,Darth Vader,1.0
8,Elite,26,Elite,groupTable11,1593,,R2-D2 (Drink Serving Apparatus),,2018,3,19.99,31.31,11.32,43.99,1b1a617f0ce6657734a524e5b93d4884,https://www.actionfigure411.com/star-wars/elite/elite/r2-d2-drink-serving-apparatus-1141.php,2018-01-01,R2-D2,1.0
8,Elite,26,Elite,groupTable11,1594,,R5-D4,,2018,2,19.99,42.5,22.51,50.0,7b12582704f7ee42acf2477cbb2d6be4,https://www.actionfigure411.com/star-wars/elite/elite/r5-d4-1142.php,2018-01-01,R5-D4,1.0
8,Elite,26,Elite,groupTable11,1596,,TC-14,,2018,1,19.99,37.8,17.81,37.8,831150236a81cce3d771b18aea32ee61,https://www.actionfigure411.com/star-wars/elite/elite/tc-14-1143.php,2018-01-01,TC-14,1.0000000000000002
8,Elite,27,Elite Premium,groupTable14,1599,,Darth Vader (Premium),,2016,5,34.95,30.37,-4.58,44.95,5912638a7f160468b6f910bf04962b34,https://www.actionfigure411.com/star-wars/elite/elite-premium/darth-vader-premium-169.php,2016-01-01,Darth Vader,1.0
8,Elite,27,Elite Premium,groupTable14,1600,,Director Krennic,,2016,4,34.95,18.24,-16.71,20.0,9bce6ebbbe48a6d3317cadb4b9c1de6c,https://www.actionfigure411.com/star-wars/elite/elite-premium/director-krennic-168.php,2016-01-01,Director Orson Krennic,0.816496580927726
8,Elite,27,Elite Premium,groupTable14,1602,,Jyn Erso (Premium),,2016,2,34.95,15.5,-19.45,16.99,7766b83018b768751dded0aec8f33563,https://www.actionfigure411.com/star-wars/elite/elite-premium/jyn-erso-premium-255.php,2016-01-01,Jyn Erso,1.0000000000000002
8,Elite,27,Elite Premium,groupTable14,1603,,Kylo Ren (Premium),,2016,3,34.95,27.38,-7.57,39.95,86cce4b3556b53538759bcf9d3bb9c5d,https://www.actionfigure411.com/star-wars/elite/elite-premium/kylo-ren-premium-252.php,2016-01-01,Supreme Leader Kylo Ren,0.7345111134705395
8,Elite,27,Elite Premium,groupTable14,1604,,Princess Leia,,2016,6,34.95,30.68,-4.27,54.95,25f6c28a5b93a9ecb4cdb7a31f1a57dc,https://www.actionfigure411.com/star-wars/elite/elite-premium/princess-leia-254.php,2016-01-01,Leia Organa,0.7419392967573335
8,Elite,27,Elite Premium,groupTable14,1605,,Rey,,2016,3,34.95,15.31,-19.64,17.99,b269e98269ed131ce9e5a68bf90856c0,https://www.actionfigure411.com/star-wars/elite/elite-premium/rey-251.php,2016-01-01,Rey,1.0
8,Elite,28,Limited Edition,groupTable12,1607,,Kylo Ren Limited Edition Statue,,2015,1,199.99,129.99,-70.0,129.99,878cd64b597d8d7fa9f36968b062053f,https://www.actionfigure411.com/star-wars/elite/limited-edition/kylo-ren-limited-edition-statue-249.php,2015-01-01,Supreme Leader Kylo Ren,0.7345111134705395
8,Elite,28,Limited Edition,groupTable12,1608,,Boba Fett Limited Edition Figurine,,2016,1,149.99,160.0,10.01,160.0,782f03b51f823f151bf75ef8ff119ca7,https://www.actionfigure411.com/star-wars/elite/limited-edition/boba-fett-limited-edition-figurine-133.php,2016-01-01,Boba Fett,1.0
8,Elite,28,Limited Edition,groupTable12,1610,,Captain Phasma Limited Edition Figurine,,2016,1,149.95,89.0,-60.95,89.0,3db393060ab4c906f0a4a15f49ccb18e,https://www.actionfigure411.com/star-wars/elite/limited-edition/captain-phasma-limited-edition-figurine-250.php,2016-01-01,Captain Phasma,1.0
8,Elite,28,Limited Edition,groupTable12,1611,,Rey & BB-8 Limited Edition Figurine,,2016,1,199.99,148.5,-51.49,148.5,d1cf01def72b3b687da90cf4a3d96728,https://www.actionfigure411.com/star-wars/elite/limited-edition/rey-bb-8-limited-edition-figurine-137.php,2016-01-01,Rey,0.7273016634383198
8,Elite,28,Limited Edition,groupTable12,1614,,Limited Edition Trooper Set,,2017,1,159.95,280.0,120.05,280.0,53c7041b6e5beb2a3f674dfe6292d96e,https://www.actionfigure411.com/star-wars/elite/limited-edition/limited-edition-trooper-set-676.php,2017-01-01,Clone X trooper,0.7772933980533595
8,Elite,28,Limited Edition,groupTable12,1615,,Princess Leia and Darth Vader (D23),,2017,1,79.95,125.0,45.05,125.0,ba3d625269e2ff8783ef3433ce7596a9,https://www.actionfigure411.com/star-wars/elite/limited-edition/princess-leia-and-darth-vader-d23-3275.php,2017-01-01,Darth Vader,0.7071067811865475
9,Titanium,29,Titanium Figures,groupTable18,1617,01,Darth Vader,1,2017,2,14.99,14.78,-0.21,21.57,22864e1c1da6254ce35420720014a9a8,https://www.actionfigure411.com/star-wars/titanium/titanium-figures/darth-vader-348.php,2017-01-01,Darth Vader,1.0
9,Titanium,29,Titanium Figures,groupTable18,1618,02,Obi Wan Kenobi,1,2017,2,14.99,14.5,-0.49,20.0,9024ba6753453788cb7708a8640e25f5,https://www.actionfigure411.com/star-wars/titanium/titanium-figures/obi-wan-kenobi-275.php,2017-01-01,Obi-Wan Kenobi,1.0
9,Titanium,29,Titanium Figures,groupTable18,1619,03,Luke Skywalker,1,2017,3,14.0,10.74,-3.26,14.0,6f0325ddf9d728f75df29955e1aad329,https://www.actionfigure411.com/star-wars/titanium/titanium-figures/luke-skywalker-349.php,2017-01-01,Luke Skywalker,1.0000000000000002
9,Titanium,29,Titanium Figures,groupTable18,1620,04,Princess Leia,1,2017,1,14.99,14.98,-0.01,14.98,0972aad11a492e5b08e7f0f3e9654975,https://www.actionfigure411.com/star-wars/titanium/titanium-figures/princess-leia-350.php,2017-01-01,Leia Organa,0.7419392967573335
9,Titanium,29,Titanium Figures,groupTable18,1621,05,Han Solo,1,2017,2,14.99,10.51,-4.48,13.01,dd8bc248c0eae1444caabbd12ddaff32,https://www.actionfigure411.com/star-wars/titanium/titanium-figures/han-solo-351.php,2017-01-01,Han Solo,1.0000000000000002
9,Titanium,29,Titanium Figures,groupTable18,1622,06,Captain Phasma,2,2017,1,14.99,9.99,-5.0,9.99,c29ca90dbbc5580db204537d80bafabc,https://www.actionfigure411.com/star-wars/titanium/titanium-figures/captain-phasma-600.php,2017-01-01,Captain Phasma,1.0
9,Titanium,29,Titanium Figures,groupTable18,1623,07,Kylo Ren,2,2017,1,14.99,16.95,1.96,16.95,37b9305b060ff067c8fcf5101a8048a3,https://www.actionfigure411.com/star-wars/titanium/titanium-figures/kylo-ren-598.php,2017-01-01,Supreme Leader Kylo Ren,0.7345111134705395
9,Titanium,29,Titanium Figures,groupTable18,1624,08,Rey,2,2017,2,14.99,12.5,-2.49,14.99,d258dfff3e7ae2612878e273cdfefdb0,https://www.actionfigure411.com/star-wars/titanium/titanium-figures/rey-599.php,2017-01-01,Rey,1.0
9,Titanium,29,Titanium Figures,groupTable18,1625,09,Finn,2,2017,1,14.99,5.75,-9.24,5.75,bf42c4219c3ea2b2472d5c603ebf66dd,https://www.actionfigure411.com/star-wars/titanium/titanium-figures/finn-597.php,2017-01-01,Finn,1.0
9,Titanium,30,Titanium Vehicles,groupTable7,1629,03,Kylo Ren Shuttle,1,2015,1,4.99,8.25,3.26,8.25,27ef3ebef1427d2b8cebdaaaa67092ca,https://www.actionfigure411.com/star-wars/titanium/titanium-vehicles/kylo-ren-shuttle-82.php,2015-01-01,Supreme Leader Kylo Ren,0.7345111134705395
9,Titanium,30,Titanium Vehicles,groupTable7,1631,05,Rey Speeder,1,2015,1,4.99,15.0,10.01,15.0,799a28200824ab96ec72d0c1c6eb6ce6,https://www.actionfigure411.com/star-wars/titanium/titanium-vehicles/rey-speeder-84.php,2015-01-01,Rey,1.0
9,Titanium,30,Titanium Vehicles,groupTable7,1632,06,First Order Star Destroyer,1,2015,1,4.99,12.99,8.0,12.99,95f1011e8e63552aab9c9252c4e0a68a,https://www.actionfigure411.com/star-wars/titanium/titanium-vehicles/first-order-star-destroyer-85.php,2015-01-01,First Order Raiders,0.794103136389463
9,Titanium,30,Titanium Vehicles,groupTable7,1635,09,Luke Landspeeder,1,2015,3,4.99,8.65,3.66,10.0,b7c5331e58eee61b104cd370ae2a541a,https://www.actionfigure411.com/star-wars/titanium/titanium-vehicles/luke-landspeeder-88.php,2015-01-01,Luke Skywalker,0.7419392967573335
9,Titanium,30,Titanium Vehicles,groupTable7,1637,11,First Order Snowspeeder,2,2015,2,4.99,4.74,-0.25,4.99,2714bf8335ef4c94a40338ab84b4c96d,https://www.actionfigure411.com/star-wars/titanium/titanium-vehicles/first-order-snowspeeder-90.php,2015-01-01,First Order Raiders,0.794103136389463
9,Titanium,30,Titanium Vehicles,groupTable7,1638,12,Poe X-Wing,2,2015,1,4.99,12.98,7.99,12.98,930131c92ea06ffdf3d6de3e10bf35b0,https://www.actionfigure411.com/star-wars/titanium/titanium-vehicles/poe-x-wing-91.php,2015-01-01,Poe Dameron,0.7071067811865476
9,Titanium,30,Titanium Vehicles,groupTable7,1639,13,First Order Tie Fighter,2,2015,2,4.99,8.94,3.95,9.89,0bc1666fc3ed050b605895c35708ee49,https://www.actionfigure411.com/star-wars/titanium/titanium-vehicles/first-order-tie-fighter-92.php,2015-01-01,First Order Raiders,0.794103136389463
9,Titanium,30,Titanium Vehicles,groupTable7,1648,22,Anakin Starfighter,3,2015,1,4.99,39.0,34.01,39.0,279b99ac380907d84b3afb33d1c79c12,https://www.actionfigure411.com/star-wars/titanium/titanium-vehicles/anakin-starfighter-101.php,2015-01-01,Anakin Skywalker,0.7419392967573335
9,Titanium,30,Titanium Vehicles,groupTable7,1653,27,Jango Fett Slave 1,4,2016,3,4.99,7.33,2.34,10.0,74baf53294fe0d72c425d973da90f9b4,https://www.actionfigure411.com/star-wars/titanium/titanium-vehicles/jango-fett-slave-1-106.php,2016-01-01,Jango Fett,0.808724952682001
9,Titanium,31,Titanium Helmets,groupTable8,1660,01,Kylo Ren & Poe Dameron,1,2016,2,14.99,4.25,-10.74,4.99,7e5aa462f5dc6c15afa707c8b8e2c42e,https://www.actionfigure411.com/star-wars/titanium/titanium-helmets/kylo-ren-poe-dameron-108.php,2016-01-01,Poe Dameron,0.7071067811865476
9,Titanium,31,Titanium Helmets,groupTable8,1661,02,Phasma & Stormtrooper,1,2016,4,14.99,6.82,-8.17,8.0,f9a917033f6155ad59104ab65b19d3a9,https://www.actionfigure411.com/star-wars/titanium/titanium-helmets/phasma-stormtrooper-109.php,2016-01-01,Captain Phasma,0.8448580686982082
9,Titanium,31,Titanium Helmets,groupTable8,1662,03,Darth Vader & Stormtrooper,2,2016,3,14.99,15.07,0.08,18.99,1984b9bab0d8f8645af8cc78c06da601,https://www.actionfigure411.com/star-wars/titanium/titanium-helmets/darth-vader-stormtrooper-141.php,2016-01-01,Darth Vader,1.0
9,Titanium,31,Titanium Helmets,groupTable8,1663,04,Tie Pilot & Poe Dameron,2,2016,1,14.99,20.0,5.01,20.0,6c9c0da39f50065de6fbec55b4666d8b,https://www.actionfigure411.com/star-wars/titanium/titanium-helmets/tie-pilot-poe-dameron-142.php,2016-01-01,Poe Dameron,0.842657594279938
9,Titanium,31,Titanium Helmets,groupTable8,1665,06,Death Trooper & Rebel Commando,3,2016,3,14.99,10.04,-4.95,12.91,9c3c32c2f404e9278204edcec83a6905,https://www.actionfigure411.com/star-wars/titanium/titanium-helmets/death-trooper-rebel-commando-171.php,2016-01-01,Clone X trooper,0.7772933980533595
9,Titanium,31,Titanium Helmets,groupTable8,1666,07,Leia Boushh & Boba Fett,4,2016,6,14.99,21.44,6.45,29.75,2695a0a0addf38aa35b5bc75c0664c67,https://www.actionfigure411.com/star-wars/titanium/titanium-helmets/leia-boushh-boba-fett-172.php,2016-01-01,Boba Fett,0.808724952682001
9,Titanium,31,Titanium Helmets,groupTable8,1669,10,Luke Skywalker & Tie Fighter Pilot,6,2017,2,14.99,60.0,45.01,65.0,b3904ff656311beb53443754136e8f3c,https://www.actionfigure411.com/star-wars/titanium/titanium-helmets/luke-skywalker-tie-fighter-pilot-902.php,2017-01-01,Luke Skywalker,0.8305905453308053
10,Roleplay,32,Lightsabers,groupTable9,1670,,Ahsoka Tano Lightsaber,,2020,3,249.99,161.66,-88.33,224.98,7dd78a6fa503dd855b9192c80765ec93,https://www.actionfigure411.com/star-wars/roleplay/lightsabers/ahsoka-tano-lightsaber-1569.php,2020-01-01,Ahsoka Tano,1.0000000000000002
10,Roleplay,32,Lightsabers,groupTable9,1672,,Emperor Palpatine Lightsaber,,2020,1,249.99,250.0,0.01,250.0,9e596fd912af677e25d0dc2ded4af361,https://www.actionfigure411.com/star-wars/roleplay/lightsabers/emperor-palpatine-lightsaber-1512.php,2020-01-01,Emperor Palpatine (Darth Sidious),0.7291766797036204
10,Roleplay,32,Lightsabers,groupTable9,1673,,Kylo Ren Elite Lightsaber,,2020,2,299.99,225.0,-74.99,280.0,767e6e80eaaeee091bd59e0ade94076e,https://www.actionfigure411.com/star-wars/roleplay/lightsabers/kylo-ren-elite-lightsaber-1316.php,2020-01-01,Supreme Leader Kylo Ren,0.7345111134705395
10,Roleplay,32,Lightsabers,groupTable9,1675,,Rey Skywalker Lightsaber (Yellow - Force FX Elite),,2021,4,264.99,150.88,-114.11,175.0,1cdcb58f89f2cdf4150da68d80f2f0d0,https://www.actionfigure411.com/star-wars/roleplay/lightsabers/rey-skywalker-lightsaber-yellow-force-fx-elite-3218.php,2021-01-01,Rey,0.7419392967573335
10,Roleplay,32,Lightsabers,groupTable9,1676,,Darth Vader Force FX Elite Lightsaber,,2022,0,278.99,,,0.0,2288841341887f186e14cfbfd31248dd,https://www.actionfigure411.com/star-wars/roleplay/lightsabers/darth-vader-force-fx-elite-lightsaber-4601.php,2022-01-01,Darth Vader,1.0
10,Roleplay,32,Lightsabers,groupTable9,1677,,Leia Organa Lightsaber,,2022,4,249.99,135.0,-114.99,164.99,74342d2d70c17fa1a4f1048e851b570e,https://www.actionfigure411.com/star-wars/roleplay/lightsabers/leia-organa-lightsaber-3531.php,2022-01-01,Leia Organa,1.0000000000000002
10,Roleplay,32,Lightsabers,groupTable9,1678,,Luke Skywalker Elite Lightsaber (Green),,2023,9,278.99,158.6,-120.39,180.49,d7ac32cfe024356b96da1399cbf1e80a,https://www.actionfigure411.com/star-wars/roleplay/lightsabers/luke-skywalker-elite-lightsaber-green-5430.php,2023-01-01,Luke Skywalker,1.0000000000000002
10,Roleplay,32,Lightsabers,groupTable9,1679,,Obi-Wan Kenobi Force FX Lightsaber,,2023,5,278.99,246.99,-32.0,285.0,c4f7f8087ef8f86ff953d258e8ea60fe,https://www.actionfigure411.com/star-wars/roleplay/lightsabers/obi-wan-kenobi-force-fx-lightsaber-4178.php,2023-01-01,Obi-Wan Kenobi,1.0
10,Roleplay,32,Lightsabers,groupTable9,1680,,Yoda Force FX Elite Electronic Lightsaber,,2023,0,249.99,,,0.0,318dcef0d5fdde5d770063a102f0ced1,https://www.actionfigure411.com/star-wars/roleplay/lightsabers/yoda-force-fx-elite-electronic-lightsaber-6444.php,2023-01-01,Yoda,1.0
10,Roleplay,32,Lightsabers,groupTable9,1681,,Ahsoka Tano Lightsaber,,2024,0,278.99,,,0.0,b661c31aff01be1e650ca568a6be9151,https://www.actionfigure411.com/star-wars/roleplay/lightsabers/ahsoka-tano-lightsaber-7515.php,2024-01-01,Ahsoka Tano,1.0000000000000002
10,Roleplay,32,Lightsabers,groupTable9,1682,,Sabine Wren Lightsaber,,2024,14,278.99,104.27,-174.72,129.98,af9cc9daccb47cdd2d533793652c79c3,https://www.actionfigure411.com/star-wars/roleplay/lightsabers/sabine-wren-lightsaber-7514.php,2024-01-01,Sabine Wren,1.0
10,Roleplay,32,Lightsabers,groupTable9,1683,,Baylan Skoll Force FX Elite Electronic Lightsaber,,2025,0,249.99,,,0.0,2f82dc416f704572882cf215f8d9b50b,https://www.actionfigure411.com/star-wars/roleplay/lightsabers/baylan-skoll-force-fx-elite-electronic-lightsaber-9049.php,2025-01-01,Baylan Skoll,1.0000000000000002
10,Roleplay,32,Lightsabers,groupTable9,1684,,Ezra Bridger Lightsaber,,2025,0,249.99,,,0.0,8453db3e7cf363b53b1dadabe622117c,https://www.actionfigure411.com/star-wars/roleplay/lightsabers/ezra-bridger-lightsaber-10759.php,2025-01-01,Ezra Bridger,1.0000000000000002
10,Roleplay,32,Lightsabers,groupTable9,1685,01,Yoda Lightsaber,,2015,3,149.99,99.67,-50.32,100.0,db05881999a94d6f6b06a9ed86f7ab59,https://www.actionfigure411.com/star-wars/roleplay/lightsabers/yoda-lightsaber-110.php,2015-01-01,Yoda,1.0
10,Roleplay,32,Lightsabers,groupTable9,1686,02,Darth Vader Lightsaber,,2015,4,149.99,222.87,72.88,299.0,82fb2d6fa6c9c57a9932276a0c13d0df,https://www.actionfigure411.com/star-wars/roleplay/lightsabers/darth-vader-lightsaber-111.php,2015-01-01,Darth Vader,1.0
10,Roleplay,32,Lightsabers,groupTable9,1687,03,Luke Skywalker Lightsaber (Blue),,2015,2,149.99,217.5,67.51,284.99,aaa8bf8f5f9a23912bdce57a0d9cc547,https://www.actionfigure411.com/star-wars/roleplay/lightsabers/luke-skywalker-lightsaber-blue-112.php,2015-01-01,Luke Skywalker,0.8030965629369695
10,Roleplay,32,Lightsabers,groupTable9,1688,04,Kylo Ren Lightsaber,,2015,4,199.99,167.62,-32.37,199.99,57906b80ba7e01b51bf8a7601feb8268,https://www.actionfigure411.com/star-wars/roleplay/lightsabers/kylo-ren-lightsaber-113.php,2015-01-01,Supreme Leader Kylo Ren,0.7345111134705395
10,Roleplay,32,Lightsabers,groupTable9,1689,05,Luke Skywalker Lightsaber (Green),,2016,2,149.99,119.5,-30.49,139.99,f2bf8de7b32e0d5ed9ba4d853f20ba71,https://www.actionfigure411.com/star-wars/roleplay/lightsabers/luke-skywalker-lightsaber-green-145.php,2016-01-01,Luke Skywalker,1.0000000000000002
10,Roleplay,32,Lightsabers,groupTable9,1690,06,Obi-Wan Kenobi Lightsaber (ANH),,2017,2,179.99,225.0,45.01,249.99,ced1c925ab4e380e44e7d3dbe27e7512,https://www.actionfigure411.com/star-wars/roleplay/lightsabers/obi-wan-kenobi-lightsaber-anh-266.php,2017-01-01,Obi-Wan Kenobi,1.0
10,Roleplay,32,Lightsabers,groupTable9,1691,07,Rey Lightsaber (Blue),,2017,1,174.99,159.99,-15.0,159.99,5eab793f9a8bd6193c64ad9f65f26ebf,https://www.actionfigure411.com/star-wars/roleplay/lightsabers/rey-lightsaber-blue-795.php,2017-01-01,Rey,0.7071067811865476
10,Roleplay,32,Lightsabers,groupTable9,1693,08,Mace Windu Lightsaber,,2019,1,169.99,179.0,9.01,179.0,4f347b2c07c6fffa7f5ad38acb851955,https://www.actionfigure411.com/star-wars/roleplay/lightsabers/mace-windu-lightsaber-1222.php,2019-01-01,Mace Windu,1.0000000000000002
10,Roleplay,32,Lightsabers,groupTable9,1694,09,Obi-Wan Kenobi Lightsaber (TPM),,2019,1,174.99,419.9,244.91,419.9,300c4a45a44b49d88148a77be61bc218,https://www.actionfigure411.com/star-wars/roleplay/lightsabers/obi-wan-kenobi-lightsaber-tpm-1564.php,2019-01-01,Obi-Wan Kenobi,1.0
10,Roleplay,32,Lightsabers,groupTable9,1695,10,Darth Maul Lightsaber,,2019,3,169.99,152.66,-17.33,175.99,23e3684bbbdce8a513eca20dd5e5b39a,https://www.actionfigure411.com/star-wars/roleplay/lightsabers/darth-maul-lightsaber-1223.php,2019-01-01,Maul,0.7534510784814418
10,Roleplay,32,Lightsabers,groupTable9,1696,11,Asajj Ventress Lightsaber,,2020,2,214.99,142.5,-72.49,159.99,7a422632c762c1292259312cc8383636,https://www.actionfigure411.com/star-wars/roleplay/lightsabers/asajj-ventress-lightsaber-1565.php,2020-01-01,Asajj Ventress,1.0000000000000002
10,Roleplay,32,Lightsabers,groupTable9,1697,12,Kit Fisto Lightsaber,,2020,2,214.99,137.5,-77.49,149.99,0a0a35d276354355f268c42a997cc105,https://www.actionfigure411.com/star-wars/roleplay/lightsabers/kit-fisto-lightsaber-1567.php,2020-01-01,Kit Fisto,1.0000000000000002
10,Roleplay,32,Lightsabers,groupTable9,1698,13,Count Dooku Lightsaber,,2020,3,214.99,187.33,-27.66,250.0,608fe05ae02aedb2086dedff74b83357,https://www.actionfigure411.com/star-wars/roleplay/lightsabers/count-dooku-lightsaber-1568.php,2020-01-01,Count Dooku,1.0000000000000002
10,Roleplay,33,Helmets,groupTable10,1699,,Kylo Ren Voice Changer Helmet,,2015,5,79.99,298.99,219.0,315.0,41dce010eda6438d3ebfbcbca2fd6c84,https://www.actionfigure411.com/star-wars/roleplay/helmets/kylo-ren-voice-changer-helmet-114.php,2015-01-01,Supreme Leader Kylo Ren,0.7345111134705395
10,Roleplay,33,Helmets,groupTable10,1700,,Shadow Trooper Helmet,,2016,2,79.99,105.5,25.51,125.99,798721db7930ea716bf9bd61ba6e1669,https://www.actionfigure411.com/star-wars/roleplay/helmets/shadow-trooper-helmet-158.php,2016-01-01,Clone X trooper,0.7772933980533595
10,Roleplay,33,Helmets,groupTable10,1702,,Poe Dameron Helmet,,2017,6,79.99,108.5,28.51,142.0,94c90c0b32f4445f84051a3f334413c2,https://www.actionfigure411.com/star-wars/roleplay/helmets/poe-dameron-helmet-267.php,2017-01-01,Poe Dameron,1.0000000000000002
10,Roleplay,33,Helmets,groupTable10,1703,,Darth Vader Helmet,,2018,5,99.99,181.9,81.91,249.99,2fb281cac90cd2c62174d04169c3cd83,https://www.actionfigure411.com/star-wars/roleplay/helmets/darth-vader-helmet-1041.php,2018-01-01,Darth Vader,1.0
10,Roleplay,33,Helmets,groupTable10,1704,,Shock Trooper Helmet,Gamestop,2018,2,99.99,122.0,22.01,145.0,5f78ecfcbcc046088af845cb20968b78,https://www.actionfigure411.com/star-wars/roleplay/helmets/shock-trooper-helmet-1087.php,2018-01-01,Clone X trooper,0.7772933980533595
10,Roleplay,33,Helmets,groupTable10,1705,,Boba Fett Helmet ( $5.77),,2019,16,119.99,134.31,14.32,169.99,71e30387e841a926ff731dea97b29a36,https://www.actionfigure411.com/star-wars/roleplay/helmets/boba-fett-helmet-1299.php,2019-01-01,Boba Fett,1.0
10,Roleplay,33,Helmets,groupTable10,1707,,Luke Skywalker Electronic X-Wing Pilot Helmet,,2019,6,99.99,136.32,36.33,199.99,621d96bbba2c8888a8492904f6e73f68,https://www.actionfigure411.com/star-wars/roleplay/helmets/luke-skywalker-electronic-x-wing-pilot-helmet-1300.php,2019-01-01,Luke Skywalker,0.8305905453308053
10,Roleplay,33,Helmets,groupTable10,1709,,Prototype Boba Fett Helmet,,2020,6,99.99,84.66,-15.33,93.46,009dc2c75ef79505a12711a654f8f7bd,https://www.actionfigure411.com/star-wars/roleplay/helmets/prototype-boba-fett-helmet-1434.php,2020-01-01,Boba Fett,1.0
10,Roleplay,33,Helmets,groupTable10,1710,,Boba Fett (Re-Armored) Helmet,,2021,10,119.99,109.33,-10.66,124.95,db70afaeb8254d71751906eb83eb2324,https://www.actionfigure411.com/star-wars/roleplay/helmets/boba-fett-re-armored-helmet-1617.php,2021-01-01,Boba Fett,1.0
10,Roleplay,33,Helmets,groupTable10,1712,,First Order Stormtrooper Helmet,,2021,3,99.99,93.33,-6.66,100.0,ca1895630a3e52f91b2175bfdbb3a442,https://www.actionfigure411.com/star-wars/roleplay/helmets/first-order-stormtrooper-helmet-1871.php,2021-01-01,First Order Raiders,0.794103136389463
10,Roleplay,33,Helmets,groupTable10,1714,,Wedge Antilles Helmet,,2021,5,99.99,121.9,21.91,140.0,0d30227d3875c33a83848fc31e033fbc,https://www.actionfigure411.com/star-wars/roleplay/helmets/wedge-antilles-helmet-2081.php,2021-01-01,Wedge Antilles,1.0
10,Roleplay,33,Helmets,groupTable10,1715,,Bo-Katan Kryze Helmet,,2022,6,124.99,105.66,-19.33,114.99,27dbbe94645ce122b4865153dd2167ba,https://www.actionfigure411.com/star-wars/roleplay/helmets/bo-katan-kryze-helmet-3736.php,2022-01-01,Bo-Katan Kryze,1.0
10,Roleplay,33,Helmets,groupTable10,1717,,332nd Ahsoka's Clone Trooper Helmet,,2023,2,131.99,183.75,51.76,245.0,3ffdc7936ed3df5f28a5ec9d9dbd4f81,https://www.actionfigure411.com/star-wars/roleplay/helmets/332nd-ahsokas-clone-trooper-helmet-6393.php,2023-01-01,Clone X trooper,0.7066658179760842
10,Roleplay,33,Helmets,groupTable10,1720,,Darth Vader Premium Helmet ( $-7.43),,2023,7,131.99,176.13,44.14,199.95,b9914dc47b095b195a4be2e2f896c466,https://www.actionfigure411.com/star-wars/roleplay/helmets/darth-vader-premium-helmet-4179.php,2023-01-01,Darth Vader,1.0
10,Roleplay,33,Helmets,groupTable10,1721,,Phase II Clone Trooper Premium Electronic,,2023,3,131.99,102.0,-29.99,110.0,4936dd7899e25e9fe37f738c8c22eced,https://www.actionfigure411.com/star-wars/roleplay/helmets/phase-ii-clone-trooper-premium-electronic-5371.php,2023-01-01,Clone X trooper,1.0
10,Roleplay,33,Helmets,groupTable10,1722,,Sabine Wren Helmet,,2023,15,131.99,65.91,-66.08,89.95,463d2d5ef17a467c09a759dbbae6ea8d,https://www.actionfigure411.com/star-wars/roleplay/helmets/sabine-wren-helmet-7212.php,2023-01-01,Sabine Wren,1.0
10,Roleplay,33,Helmets,groupTable10,1723,,Scout Trooper Helmet,,2023,7,129.99,97.41,-32.58,118.88,6f93336e58c0edf11f8726aca2cd5d16,https://www.actionfigure411.com/star-wars/roleplay/helmets/scout-trooper-helmet-6883.php,2023-01-01,Clone X trooper,0.7772933980533595
10,Roleplay,33,Helmets,groupTable10,1724,,Carson Teva Helmet,,2024,1,131.99,79.97,-52.02,79.97,631c5eed7a8a3d1a9836531e30b572c6,https://www.actionfigure411.com/star-wars/roleplay/helmets/carson-teva-helmet-7476.php,2024-01-01,Carson Teva,1.0000000000000002
10,Roleplay,33,Helmets,groupTable10,1725,,Clone Captain Rex Helmet,,2024,8,131.99,220.5,88.51,299.99,16e07cdc1081c41749d408eb584b8c41,https://www.actionfigure411.com/star-wars/roleplay/helmets/clone-captain-rex-helmet-7513.php,2024-01-01,Clone Captain Rex,0.9999999999999997
10,Roleplay,33,Helmets,groupTable10,1726,,Moff Gideon Premium Electronic Helmet,,2024,4,99.99,85.5,-14.49,102.0,505cecc40d9a76daadaa50729f868d7c,https://www.actionfigure411.com/star-wars/roleplay/helmets/moff-gideon-premium-electronic-helmet-8347.php,2024-01-01,Moff Gideon,1.0
10,Roleplay,33,Helmets,groupTable10,1728,,Clone Commander Cody Helmet,,2025,1,99.99,149.99,50.0,149.99,010c1e6987a9cab7ac317ecc3486d7c9,https://www.actionfigure411.com/star-wars/roleplay/helmets/clone-commander-cody-helmet-10767.php,2025-01-01,Clone Commander Cody,0.9999999999999998
10,Roleplay,33,Helmets,groupTable10,1729,,Clone Trooper (501st Legion) Helmet,GameStop,2025,3,99.99,126.33,26.34,159.99,419a61a3a602c894847a0dcad6c3f37f,https://www.actionfigure411.com/star-wars/roleplay/helmets/clone-trooper-501st-legion-helmet-11048.php,2025-01-01,Clone X trooper,1.0
10,Roleplay,33,Helmets,groupTable10,1732,,The Armorer Helmet,,2025,3,99.99,100.66,0.67,116.99,868fa89682ee1958033c74198eb83b38,https://www.actionfigure411.com/star-wars/roleplay/helmets/the-armorer-helmet-8867.php,2025-01-01,The Armorer,0.9999999999999998
11,Hallmark,34,Ornaments,groupTable13,1734,,Boba Fett,,1998,9,14.95,11.77,-3.18,15.0,737d87337b28f18d487804b51f892901,https://www.actionfigure411.com/star-wars/hallmark/ornaments/boba-fett-200.php,1998-01-01,Boba Fett,1.0
11,Hallmark,34,Ornaments,groupTable13,1735,,Darth Vader Tie Fighter,,1999,6,24.0,16.05,-7.95,29.99,b570c34727e74fa4d23fd26976cfbff6,https://www.actionfigure411.com/star-wars/hallmark/ornaments/darth-vader-tie-fighter-217.php,1999-01-01,Darth Vader,1.0
11,Hallmark,34,Ornaments,groupTable13,1736,,R2-D2,,2001,6,14.95,11.32,-3.63,14.95,155cfd218c894bbbd03546d46b141815,https://www.actionfigure411.com/star-wars/hallmark/ornaments/r2-d2-201.php,2001-01-01,R2-D2,1.0
11,Hallmark,34,Ornaments,groupTable13,1744,,R2-D2 and Jawa,,2007,7,15.0,17.69,2.69,24.95,c272ba678c38715e75c5daf648c7c808,https://www.actionfigure411.com/star-wars/hallmark/ornaments/r2-d2-and-jawa-215.php,2007-01-01,R2-D2,0.8443030133346692
11,Hallmark,34,Ornaments,groupTable13,1752,,Greedo,,2009,2,15.0,40.25,25.25,40.49,5f92e2c1557ff8cd29929a3e2decbbda,https://www.actionfigure411.com/star-wars/hallmark/ornaments/greedo-241.php,2009-01-01,Greedo,1.0
11,Hallmark,34,Ornaments,groupTable13,1753,,Han Solo,,2009,4,15.0,15.5,0.5,23.0,f76d9a00fb65a267171f5b58e041dcff,https://www.actionfigure411.com/star-wars/hallmark/ornaments/han-solo-240.php,2009-01-01,Han Solo,1.0000000000000002
11,Hallmark,34,Ornaments,groupTable13,1754,,Luke's Landspeeder,,2009,3,22.5,20.01,-2.49,22.45,3afff7a4e4ac93156d35f363d5c9d017,https://www.actionfigure411.com/star-wars/hallmark/ornaments/lukes-landspeeder-239.php,2009-01-01,Luke Skywalker,0.7419392967573335
11,Hallmark,34,Ornaments,groupTable13,1758,,Lando Calrissian,,2010,3,14.95,20.6,5.65,21.84,6341eda92153ec17a18d90861a13faf2,https://www.actionfigure411.com/star-wars/hallmark/ornaments/lando-calrissian-229.php,2010-01-01,Lando Calrissian,1.0000000000000002
11,Hallmark,34,Ornaments,groupTable13,1759,,Luke Skywalker (ESB),,2010,8,14.95,13.43,-1.52,19.97,f99c7d1e9dfd1ae12c644322ca2c841d,https://www.actionfigure411.com/star-wars/hallmark/ornaments/luke-skywalker-esb-234.php,2010-01-01,Luke Skywalker,1.0000000000000002
11,Hallmark,34,Ornaments,groupTable13,1763,,IG-88 and Dengar,SDCC,2011,1,35.0,485.0,450.0,485.0,f3012c686e8e57ece6a09280863ca613,https://www.actionfigure411.com/star-wars/hallmark/ornaments/ig-88-and-dengar-7671.php,2011-01-01,IG-88,0.7125291026404255
11,Hallmark,34,Ornaments,groupTable13,1767,,Jedi Master Yoda,,2011,5,17.95,16.55,-1.4,19.87,419a28fd44cb2a9bdd36a05463bce933,https://www.actionfigure411.com/star-wars/hallmark/ornaments/jedi-master-yoda-232.php,2011-01-01,Yoda,0.7273016634383198
11,Hallmark,34,Ornaments,groupTable13,1769,,General Grievous,,2012,5,17.95,22.97,5.02,29.95,00770a2a451054d015a3f32779c4e790,https://www.actionfigure411.com/star-wars/hallmark/ornaments/general-grievous-242.php,2012-01-01,General Grievous,0.9999999999999998
11,Hallmark,34,Ornaments,groupTable13,1770,,Obi-Wan Kenobi and Ponda Baba,Celebration,2012,2,35.0,205.0,170.0,235.0,90bb853a3cd016fe80a59c662c694095,https://www.actionfigure411.com/star-wars/hallmark/ornaments/obi-wan-kenobi-and-ponda-baba-7672.php,2012-01-01,Obi-Wan Kenobi,0.7215920474623555
11,Hallmark,34,Ornaments,groupTable13,1773,,Jango Fett,,2013,5,14.95,17.97,3.02,20.0,1d7c1d939054caf53e4dbe1721199988,https://www.actionfigure411.com/star-wars/hallmark/ornaments/jango-fett-206.php,2013-01-01,Jango Fett,1.0
11,Hallmark,34,Ornaments,groupTable13,1778,,Admiral Ackbar,,2015,4,14.95,24.19,9.24,29.99,cdf7b46cdbb3d6d8472753c321a9e6b7,https://www.actionfigure411.com/star-wars/hallmark/ornaments/admiral-ackbar-211.php,2015-01-01,Admiral Ackbar,1.0
11,Hallmark,34,Ornaments,groupTable13,1780,,R2-D2 and C-3PO,,2015,7,17.95,23.26,5.31,29.99,ede75ec454f7bfe92bcfa0c7c7f95c59,https://www.actionfigure411.com/star-wars/hallmark/ornaments/r2-d2-and-c-3po-214.php,2015-01-01,R2-D2,0.7194817831545128
11,Hallmark,34,Ornaments,groupTable13,1781,,U-3PO and R5-D4,SDCC,2015,2,40.0,94.5,54.5,99.99,0603857f31d7507b734e361d1f8b905c,https://www.actionfigure411.com/star-wars/hallmark/ornaments/u-3po-and-r5-d4-244.php,2015-01-01,R5-D4,0.7194817831545128
11,Hallmark,34,Ornaments,groupTable13,1783,,BB-8 (2016),,2016,2,15.95,13.7,-2.25,13.9,e4a4980a972349a0340721c374f6a508,https://www.actionfigure411.com/star-wars/hallmark/ornaments/bb-8-2016-222.php,2016-01-01,BB-8,1.0
11,Hallmark,34,Ornaments,groupTable13,1784,,Beginnings Boba Fett,SDCC,2016,1,34.99,35.0,0.01,35.0,cc1a7112ec958f0ab367aebcc99f0524,https://www.actionfigure411.com/star-wars/hallmark/ornaments/beginnings-boba-fett-213.php,2016-01-01,Boba Fett,1.0
11,Hallmark,34,Ornaments,groupTable13,1786,,Rogue One Death Trooper,,2016,2,17.95,13.74,-4.21,14.49,ff185834f17b1ff56e8c62a835e054db,https://www.actionfigure411.com/star-wars/hallmark/ornaments/rogue-one-death-trooper-227.php,2016-01-01,Clone X trooper,0.7772933980533595
11,Hallmark,34,Ornaments,groupTable13,1787,,TFA Han Solo,,2016,1,15.95,10.99,-4.96,10.99,c7fd6fd44ece9cf88d628833aa18c125,https://www.actionfigure411.com/star-wars/hallmark/ornaments/tfa-han-solo-225.php,2016-01-01,Han Solo,1.0000000000000002
11,Hallmark,34,Ornaments,groupTable13,1792,,Darth Vader's Tie Fighter (Storytellers) ( $7.82),,2017,10,39.95,41.48,1.53,54.51,f2fcd97bca5e39aac3402916482dc7d9,https://www.actionfigure411.com/star-wars/hallmark/ornaments/darth-vaders-tie-fighter-storytellers-6735.php,2017-01-01,Darth Vader,1.0
11,Hallmark,34,Ornaments,groupTable13,1795,,First Order Stormtrooper FN-2199,,2017,2,39.95,22.31,-17.64,22.89,24f4319a6ec1944197a5e1c59b9d9595,https://www.actionfigure411.com/star-wars/hallmark/ornaments/first-order-stormtrooper-fn-2199-6739.php,2017-01-01,FN-2199,0.7345111134705395
11,Hallmark,34,Ornaments,groupTable13,1796,,Praetorian Guard,,2017,2,39.95,13.49,-26.46,14.99,aba66f7c61e1841f879d083bb5ba73ca,https://www.actionfigure411.com/star-wars/hallmark/ornaments/praetorian-guard-6737.php,2017-01-01,Pyke Guard,0.7534510784814418
11,Hallmark,34,Ornaments,groupTable13,1797,,Princess Leia Organa,,2017,3,39.95,23.99,-15.96,26.99,c5f4ec104c25ac98f9d812302cf173b7,https://www.actionfigure411.com/star-wars/hallmark/ornaments/princess-leia-organa-6738.php,2017-01-01,Leia Organa,1.0000000000000002
11,Hallmark,34,Ornaments,groupTable13,1802,,Boba Fett (ROTJ),,2018,3,39.99,19.99,-20.0,25.0,2f67c132a4b58155dbde836a1d485b30,https://www.actionfigure411.com/star-wars/hallmark/ornaments/boba-fett-rotj-6745.php,2018-01-01,Boba Fett,1.0
11,Hallmark,34,Ornaments,groupTable13,1803,,Han Solo and Chewbacca (Storytellers) ( $-61.56),,2018,14,39.99,274.92,234.93,349.99,86beb5dea66efaece15b71e0b5068aa0,https://www.actionfigure411.com/star-wars/hallmark/ornaments/han-solo-and-chewbacca-storytellers-6744.php,2018-01-01,Han Solo,0.7291766797036204
11,Hallmark,34,Ornaments,groupTable13,1805,,Lando Calrissian and Lobot Keepsake,SDCC,2018,1,39.99,109.99,70.0,109.99,b6b48ec24387bfe11d143f91eeeb7322,https://www.actionfigure411.com/star-wars/hallmark/ornaments/lando-calrissian-and-lobot-keepsake-6758.php,2018-01-01,Lando Calrissian,0.7291766797036204
11,Hallmark,34,Ornaments,groupTable13,1806,,Millennium Falcon (Solo),,2018,6,39.99,17.93,-22.06,24.88,e4e61ac5d0b493db7b625af35f4ba5c1,https://www.actionfigure411.com/star-wars/hallmark/ornaments/millennium-falcon-solo-6742.php,2018-01-01,Han Solo,0.7071067811865476
11,Hallmark,34,Ornaments,groupTable13,1808,,Porgs of a Feather (R2-D2),,2018,1,39.99,15.0,-24.99,15.0,140ebb9fec44367ff50a1065b66e1922,https://www.actionfigure411.com/star-wars/hallmark/ornaments/porgs-of-a-feather-r2-d2-6748.php,2018-01-01,R2-D2,0.808724952682001
11,Hallmark,34,Ornaments,groupTable13,1810,,A Wild Ride on Endor (Scout Trooper),,2019,2,39.99,51.05,11.06,58.0,814b9f4e7c18b2a80e2dc727dd7ce2a6,https://www.actionfigure411.com/star-wars/hallmark/ornaments/a-wild-ride-on-endor-scout-trooper-6751.php,2019-01-01,Clone X trooper,0.7772933980533595
11,Hallmark,34,Ornaments,groupTable13,1811,,A Wild Ride On Endor (Paploo),SDCC,2019,2,39.99,224.5,184.51,249.99,e01a18f9884c13154aa62d7b8e2f391c,https://www.actionfigure411.com/star-wars/hallmark/ornaments/a-wild-ride-on-endor-paploo-6757.php,2019-01-01,Paploo,1.0
11,Hallmark,34,Ornaments,groupTable13,1812,,Boba Fett Helmet,,2019,2,39.99,19.48,-20.51,24.95,f074d16e9e84d494630139dd873b879e,https://www.actionfigure411.com/star-wars/hallmark/ornaments/boba-fett-helmet-6752.php,2019-01-01,Boba Fett,1.0
11,Hallmark,34,Ornaments,groupTable13,1813,,C-3PO and R2-D2 Peekbuster,,2019,4,39.99,22.0,-17.99,35.0,b627217e388c268537a10aee6a3f5291,https://www.actionfigure411.com/star-wars/hallmark/ornaments/c-3po-and-r2-d2-peekbuster-6753.php,2019-01-01,R2-D2,0.7194817831545128
11,Hallmark,34,Ornaments,groupTable13,1815,,Luke Skywalker (A New Hope),,2019,5,39.99,12.43,-27.56,14.95,66afeb04bf4ccee4eb14e8dd028374f7,https://www.actionfigure411.com/star-wars/hallmark/ornaments/luke-skywalker-a-new-hope-6755.php,2019-01-01,Luke Skywalker,1.0000000000000002
11,Hallmark,34,Ornaments,groupTable13,1817,,Sith Trooper,,2019,2,19.99,16.99,-3.0,19.99,4acf5983becc86935b6c3210c8511fe2,https://www.actionfigure411.com/star-wars/hallmark/ornaments/sith-trooper-6756.php,2019-01-01,Clone X trooper,0.7772933980533595
11,Hallmark,34,Ornaments,groupTable13,1820,,Ahsoka Tano & Clone Trooper helmet,Celebration,2020,1,39.99,49.99,10.0,49.99,f87be42d81039af285d160b5a5750b23,https://www.actionfigure411.com/star-wars/hallmark/ornaments/ahsoka-tano-clone-trooper-helmet-6759.php,2020-01-01,Ahsoka Tano,0.8168357173106766
11,Hallmark,34,Ornaments,groupTable13,1821,,BB-8 (2020),,2020,1,19.99,41.99,22.0,41.99,1b426f88c3dfad7fa68b2569c110a4a8,https://www.actionfigure411.com/star-wars/hallmark/ornaments/bb-8-2020-6767.php,2020-01-01,BB-8,1.0
11,Hallmark,34,Ornaments,groupTable13,1824,,Darth Vader,,2020,2,19.99,25.2,5.21,38.95,0e1720c58f9ea2a63aa254f1ce5a22e3,https://www.actionfigure411.com/star-wars/hallmark/ornaments/darth-vader-6765.php,2020-01-01,Darth Vader,1.0
11,Hallmark,34,Ornaments,groupTable13,1827,,Luke Skywalker (Cloud City),,2020,2,19.99,19.6,-0.39,24.99,7c499bbbec60241f5361047c05f4602f,https://www.actionfigure411.com/star-wars/hallmark/ornaments/luke-skywalker-cloud-city-6764.php,2020-01-01,Luke Skywalker,1.0000000000000002
11,Hallmark,34,Ornaments,groupTable13,1831,,Animated Boba Fett,SDCC,2021,2,30.0,31.34,1.34,32.72,b71791e35d1d3833852c8086341b2076,https://www.actionfigure411.com/star-wars/hallmark/ornaments/animated-boba-fett-6797.php,2021-01-01,Boba Fett,1.0
11,Hallmark,34,Ornaments,groupTable13,1832,,Boba Fett on Throne,,2021,1,24.99,8.0,-16.99,8.0,dac823239456db9b39bc713d2f9890af,https://www.actionfigure411.com/star-wars/hallmark/ornaments/boba-fett-on-throne-7649.php,2021-01-01,Boba Fett,1.0
11,Hallmark,34,Ornaments,groupTable13,1833,,C-3PO and R2-D2,,2021,19,39.99,29.76,-10.23,39.75,510a9058d8affc984aa499d2fe17597a,https://www.actionfigure411.com/star-wars/hallmark/ornaments/c-3po-and-r2-d2-6801.php,2021-01-01,R2-D2,0.7194817831545128
11,Hallmark,34,Ornaments,groupTable13,1835,,Han Solo and Chewbacca,,2021,9,39.99,242.77,202.78,350.0,f36576a91d6617d8559a4be4f96f804a,https://www.actionfigure411.com/star-wars/hallmark/ornaments/han-solo-and-chewbacca-6800.php,2021-01-01,Han Solo,0.7291766797036204
11,Hallmark,34,Ornaments,groupTable13,1836,,Obi-Wan Kenobi (A New Hope),,2021,5,39.99,26.98,-13.01,32.99,bd9bad1c05533af3b3d901c636519e59,https://www.actionfigure411.com/star-wars/hallmark/ornaments/obi-wan-kenobi-a-new-hope-6803.php,2021-01-01,Obi-Wan Kenobi,1.0
11,Hallmark,34,Ornaments,groupTable13,1837,,Darth Vader (Storyteller),,2022,8,39.99,25.05,-14.94,36.99,ab6446bfc8cb0dacd8373774bb15f2ae,https://www.actionfigure411.com/star-wars/hallmark/ornaments/darth-vader-storyteller-6798.php,2022-01-01,Darth Vader,1.0
11,Hallmark,34,Ornaments,groupTable13,1838,,Darth Vader,,2022,1,24.0,3.5,-20.5,3.5,0a161e2497770b3636d2d95d43faa531,https://www.actionfigure411.com/star-wars/hallmark/ornaments/darth-vader-7748.php,2022-01-01,Darth Vader,1.0
11,Hallmark,34,Ornaments,groupTable13,1840,,IG-11,,2022,2,35.0,23.0,-12.0,24.99,5feec4d190b87440aafd0e7cedd3def6,https://www.actionfigure411.com/star-wars/hallmark/ornaments/ig-11-6927.php,2022-01-01,IG-11,1.0000000000000002
11,Hallmark,34,Ornaments,groupTable13,1841,,Bo Katan Kryze & Darksaber,Celebration,2022,2,35.0,57.5,22.5,65.0,79ea4baa9be0907fad8f0d68cb893230,https://www.actionfigure411.com/star-wars/hallmark/ornaments/bo-katan-kryze-darksaber-6925.php,2022-01-01,Bo-Katan Kryze,1.0
11,Hallmark,34,Ornaments,groupTable13,1842,,Luke Skywalker,,2022,9,39.99,28.72,-11.27,37.8,9b36ce92182509a7f37ad94465e59097,https://www.actionfigure411.com/star-wars/hallmark/ornaments/luke-skywalker-6802.php,2022-01-01,Luke Skywalker,1.0000000000000002
11,Hallmark,34,Ornaments,groupTable13,1844,,Obi-Wan Kenobi (Revenge of The Sith),,2022,2,39.99,13.48,-26.51,13.49,e4e73c009375d161f5339dc1109e770f,https://www.actionfigure411.com/star-wars/hallmark/ornaments/obi-wan-kenobi-revenge-of-the-sith-6914.php,2022-01-01,Obi-Wan Kenobi,0.8230547724084716
11,Hallmark,34,Ornaments,groupTable13,1845,,Princess Leia Organa (Storyteller),,2022,4,39.99,91.93,51.94,99.99,c0ecd931623b192bc5fc12a5a16a54fa,https://www.actionfigure411.com/star-wars/hallmark/ornaments/princess-leia-organa-storyteller-6799.php,2022-01-01,Leia Organa,1.0000000000000002
11,Hallmark,34,Ornaments,groupTable13,1847,,Ahsoka Tano,,2023,1,19.99,10.0,-9.99,10.0,dad5e6b0307c026ea828d79f11df1b96,https://www.actionfigure411.com/star-wars/hallmark/ornaments/ahsoka-tano-6911.php,2023-01-01,Ahsoka Tano,1.0000000000000002
11,Hallmark,34,Ornaments,groupTable13,1848,,Anakin Skywalker (Revenge of the Sith),,2023,5,21.99,19.58,-2.41,24.95,3999fbb741ef61c8a978d68120a70de3,https://www.actionfigure411.com/star-wars/hallmark/ornaments/anakin-skywalker-revenge-of-the-sith-6904.php,2023-01-01,Anakin Skywalker,0.748189509906481
11,Hallmark,34,Ornaments,groupTable13,1853,,Grogu's Jetpack Adventure,,2023,2,24.99,15.0,-9.99,15.0,b6f302db363f8c099fb0abdb846a1889,https://www.actionfigure411.com/star-wars/hallmark/ornaments/grogus-jetpack-adventure-6908.php,2023-01-01,Grogu,1.0
11,Hallmark,34,Ornaments,groupTable13,1855,,Jabba's Sail Barge (The Khetanna),,2023,4,37.99,12.21,-25.78,14.95,ec7aba550b833892171af8990e74c1e1,https://www.actionfigure411.com/star-wars/hallmark/ornaments/jabbas-sail-barge-the-khetanna-6903.php,2023-01-01,Jabba the Hutt,0.8157999288080677
11,Hallmark,34,Ornaments,groupTable13,1856,,Jabba the Hutt,,2023,17,49.99,20.13,-29.86,36.0,03e67d0bf6200815e83950260d30ebf8,https://www.actionfigure411.com/star-wars/hallmark/ornaments/jabba-the-hutt-6907.php,2023-01-01,Jabba the Hutt,1.0000000000000004
11,Hallmark,34,Ornaments,groupTable13,1859,,25th Anniversary Padme Amidala,,2024,2,19.99,6.25,-13.74,6.5,99a6348c0dd38b6489c3d37dab159df3,https://www.actionfigure411.com/star-wars/hallmark/ornaments/25th-anniversary-padme-amidala-8934.php,2024-01-01,Padm  Amidala,0.7071067811865476
11,Hallmark,34,Ornaments,groupTable13,1860,,25th Anniversary Qui-Gon Jinn,,2024,0,21.99,,,0.0,63e853b4aa7687a16561228cbf4904af,https://www.actionfigure411.com/star-wars/hallmark/ornaments/25th-anniversary-qui-gon-jinn-8939.php,2024-01-01,Qui-Gon Jinn,1.0
11,Hallmark,34,Ornaments,groupTable13,1861,,C-3PO and R2-D2 Peekbuster,,2024,6,29.99,18.07,-11.92,19.99,c0f2c1c23ecc2cde3b87d99a730f4b60,https://www.actionfigure411.com/star-wars/hallmark/ornaments/c-3po-and-r2-d2-peekbuster-8928.php,2024-01-01,R2-D2,0.7194817831545128
11,Hallmark,34,Ornaments,groupTable13,1862,,Cad Bane,,2024,2,21.99,16.47,-5.52,17.99,41711cfdeae7fe1e92acd791e28ec348,https://www.actionfigure411.com/star-wars/hallmark/ornaments/cad-bane-8930.php,2024-01-01,Cad Bane,1.0
11,Hallmark,34,Ornaments,groupTable13,1864,,Darth Vader Vintage Figure,,2024,11,22.99,42.67,19.68,50.0,03ec11963cbf0568169bafa41538dfa2,https://www.actionfigure411.com/star-wars/hallmark/ornaments/darth-vader-vintage-figure-8926.php,2024-01-01,Darth Vader,1.0
11,Hallmark,34,Ornaments,groupTable13,1865,,Grand Admiral Thrawn,,2024,5,19.99,7.46,-12.53,9.98,5eaf44040e69264585ff85f8a433d951,https://www.actionfigure411.com/star-wars/hallmark/ornaments/grand-admiral-thrawn-8932.php,2024-01-01,Grand Admiral Thrawn,1.0
11,Hallmark,34,Ornaments,groupTable13,1870,,Obi-Wan Kenobi Face-Off With Darth Vader,,2024,8,34.99,18.13,-16.86,24.49,050e070e60abddb230084ec6452590a1,https://www.actionfigure411.com/star-wars/hallmark/ornaments/obi-wan-kenobi-face-off-with-darth-vader-8927.php,2024-01-01,Obi-Wan Kenobi,0.7937566828964369
11,Hallmark,34,Ornaments,groupTable13,1876,,Ahsoka Tano (Ahsoka),,2025,1,27.99,28.99,1.0,28.99,485f113f091ee02ff3e8fb78873ef707,https://www.actionfigure411.com/star-wars/hallmark/ornaments/ahsoka-tano-ahsoka-12429.php,2025-01-01,Ahsoka Tano,0.948683298050514
11,Hallmark,34,Ornaments,groupTable13,1878,,Cassian Andor,,2025,1,31.99,34.99,3.0,34.99,9bd678033d95be529aa5cb7cc8bb1c55,https://www.actionfigure411.com/star-wars/hallmark/ornaments/cassian-andor-12424.php,2025-01-01,Cassian Andor,1.0000000000000002
11,Hallmark,34,Ornaments,groupTable13,1881,,Darth Vader Pyre Helmet,,2025,7,24.99,32.1,7.11,39.99,52a06375dea76de1a3de58febff088b3,https://www.actionfigure411.com/star-wars/hallmark/ornaments/darth-vader-pyre-helmet-12441.php,2025-01-01,Darth Vader,0.7986750358205664
11,Hallmark,34,Ornaments,groupTable13,1882,,Darth Vader's TIE Fighter (Miniature),,2025,0,13.99,,,0.0,a6234d18a57df105c4a6e8a4f37dc142,https://www.actionfigure411.com/star-wars/hallmark/ornaments/darth-vaders-tie-fighter-miniature-12434.php,2025-01-01,Darth Vader,1.0
11,Hallmark,34,Ornaments,groupTable13,1883,,Darth Vader Tree Topper (Miniature),,2025,0,37.99,,,0.0,24fcb690d7be1da52b4a8396b46e963a,https://www.actionfigure411.com/star-wars/hallmark/ornaments/darth-vader-tree-topper-miniature-12439.php,2025-01-01,Darth Vader,1.0
11,Hallmark,34,Ornaments,groupTable13,1887,,General Anakin Skywalker,,2025,0,27.99,,,0.0,eaa5c76cb6870b992a8b61621dde4cc3,https://www.actionfigure411.com/star-wars/hallmark/ornaments/general-anakin-skywalker-12437.php,2025-01-01,Anakin Skywalker,0.8909066031710327
11,Hallmark,34,Ornaments,groupTable13,1888,,Grogu with Mudhorn Signet,,2025,0,24.99,,,0.0,c61e14e9ad0cff1ce81ce7f009bc0dcd,https://www.actionfigure411.com/star-wars/hallmark/ornaments/grogu-with-mudhorn-signet-12435.php,2025-01-01,Grogu,1.0
11,Hallmark,34,Ornaments,groupTable13,1892,,Luke Skywalker Vintage Figure,,2025,4,28.99,26.94,-2.05,32.0,de254034f61e07a457542974d9b011f7,https://www.actionfigure411.com/star-wars/hallmark/ornaments/luke-skywalker-vintage-figure-12422.php,2025-01-01,Luke Skywalker,1.0000000000000002
11,Hallmark,34,Ornaments,groupTable13,1895,,The Armorer,,2025,2,27.99,24.18,-3.81,25.26,f8da243094785f4b93c49b428bc48f5b,https://www.actionfigure411.com/star-wars/hallmark/ornaments/the-armorer-12423.php,2025-01-01,The Armorer,0.9999999999999998
12,Kenner Vintage Series,35,Star Wars Action Figures,groupTable96,1900,,Chewbacca,1,1977,4,1.99,1400.0,1398.01,2300.0,de718ed540a7711a97718080c4c34a90,https://www.actionfigure411.com/star-wars/kenner-vintage-collection/star-wars-action-figures/chewbacca-1186.php,1977-01-01,Chewbacca,1.0
12,Kenner Vintage Series,35,Star Wars Action Figures,groupTable96,1902,,Han Solo,1,1977,9,1.99,1642.99,1641.0,3761.98,9e6e01d44f9cfa4c053c7cc168d83145,https://www.actionfigure411.com/star-wars/kenner-vintage-collection/star-wars-action-figures/han-solo-1190.php,1977-01-01,Han Solo,1.0000000000000002
12,Kenner Vintage Series,35,Star Wars Action Figures,groupTable96,1904,,Luke Skywalker,1,1977,8,1.99,864.36,862.37,1707.0,d4fc1c209fc195f83fc27f4498d725e5,https://www.actionfigure411.com/star-wars/kenner-vintage-collection/star-wars-action-figures/luke-skywalker-1182.php,1977-01-01,Luke Skywalker,1.0000000000000002
12,Kenner Vintage Series,35,Star Wars Action Figures,groupTable96,1905,,Obi-Wan Kenobi,1,1977,5,1.99,969.4,967.41,1999.99,4a13d7e0e3c5774e50c9c75122b90776,https://www.actionfigure411.com/star-wars/kenner-vintage-collection/star-wars-action-figures/obi-wan-kenobi-1189.php,1977-01-01,Obi-Wan Kenobi,1.0
12,Kenner Vintage Series,35,Star Wars Action Figures,groupTable96,1906,,Princess Leia,1,1977,6,1.99,1223.58,1221.59,2899.0,d8b243c67ef410bba2b9c76f2f9f1d65,https://www.actionfigure411.com/star-wars/kenner-vintage-collection/star-wars-action-figures/princess-leia-1184.php,1977-01-01,Leia Organa,0.7419392967573335
12,Kenner Vintage Series,35,Star Wars Action Figures,groupTable96,1907,,R2-D2,1,1977,5,1.99,1699.37,1697.38,5219.78,838c3de85a7c868ef1b75dacfcd86ea5,https://www.actionfigure411.com/star-wars/kenner-vintage-collection/star-wars-action-figures/r2-d2-1185.php,1977-01-01,R2-D2,1.0
12,Kenner Vintage Series,35,Star Wars Action Figures,groupTable96,1911,,Darth Vader,1,1978,10,1.99,1880.9,1878.91,3999.0,46a6dab02b4f2dccd9cb2e617fd6d397,https://www.actionfigure411.com/star-wars/kenner-vintage-collection/star-wars-action-figures/darth-vader-1183.php,1978-01-01,Darth Vader,1.0
12,Kenner Vintage Series,35,Star Wars Action Figures,groupTable96,1913,,Greedo,2,1978,4,1.99,426.0,424.01,750.0,090cd78a6e650b7ccbfe7ada4366b497,https://www.actionfigure411.com/star-wars/kenner-vintage-collection/star-wars-action-figures/greedo-1208.php,1978-01-01,Greedo,1.0
12,Kenner Vintage Series,35,Star Wars Action Figures,groupTable96,1915,,Luke Skywalker X-wing Pilot,2,1978,2,1.99,921.89,919.9,1026.78,73713c17d53acf4679a86ed11d8e9c96,https://www.actionfigure411.com/star-wars/kenner-vintage-collection/star-wars-action-figures/luke-skywalker-x-wing-pilot-1212.php,1978-01-01,Luke Skywalker,0.8305905453308053
12,Kenner Vintage Series,35,Star Wars Action Figures,groupTable96,1917,,R5-D4,2,1978,2,1.99,437.45,435.46,534.59,194c5f1d224b836672d10de0d6daf9bb,https://www.actionfigure411.com/star-wars/kenner-vintage-collection/star-wars-action-figures/r5-d4-1213.php,1978-01-01,R5-D4,1.0
12,Kenner Vintage Series,35,Star Wars Action Figures,groupTable96,1920,,Boba Fett,3,1979,3,1.99,2550.0,2548.01,4050.0,4e3516b54b3de618ee4ccd877c3673fb,https://www.actionfigure411.com/star-wars/kenner-vintage-collection/star-wars-action-figures/boba-fett-1216.php,1979-01-01,Boba Fett,1.0
12,Kenner Vintage Series,36,Star Wars Vehicles and Playsets,groupTable144,1922,,Creature Cantina,,1978,2,8.99,339.5,330.51,479.0,649c8040ff2b130aab55892d082aee01,https://www.actionfigure411.com/star-wars/kenner-vintage-collection/star-wars-vehicles-and-playsets/creature-cantina-2243.php,1978-01-01,Marrok (creature),0.7273016634383198
12,Kenner Vintage Series,36,Star Wars Vehicles and Playsets,groupTable144,1933,,Tie Fighter (Darth Vader),,1978,1,11.44,529.99,518.55,529.99,d726dd42b921468d9a341a3acea18025,https://www.actionfigure411.com/star-wars/kenner-vintage-collection/star-wars-vehicles-and-playsets/tie-fighter-darth-vader-2190.php,1978-01-01,Darth Vader,1.0
12,Kenner Vintage Series,37,Empire Strikes Back Action Figures,groupTable145,1935,,Bespin Security Guard (White),1,1980,5,2.49,122.04,119.55,179.26,3af1ae15592f50c1c5e27b0a536820c8,https://www.actionfigure411.com/star-wars/kenner-vintage-collection/empire-strikes-back-action-figures/bespin-security-guard-white-2198.php,1980-01-01,Pyke Guard,0.7534510784814418
12,Kenner Vintage Series,37,Empire Strikes Back Action Figures,groupTable145,1936,,Bossk,1,1980,1,2.49,356.9,354.41,356.9,2d5e931de5096b294eca208d217434ce,https://www.actionfigure411.com/star-wars/kenner-vintage-collection/empire-strikes-back-action-figures/bossk-2199.php,1980-01-01,Bossk,1.0
12,Kenner Vintage Series,37,Empire Strikes Back Action Figures,groupTable145,1938,,Han Solo (Hoth Outfit),1,1980,7,2.49,188.88,186.39,346.0,500a0c1a21ab9ae89a6c44751ec74445,https://www.actionfigure411.com/star-wars/kenner-vintage-collection/empire-strikes-back-action-figures/han-solo-hoth-outfit-2201.php,1980-01-01,Han Solo,1.0000000000000002
12,Kenner Vintage Series,37,Empire Strikes Back Action Figures,groupTable145,1939,,IG-88,1,1980,3,2.49,303.5,301.01,350.0,1149f431c24887536ee1342002d823a1,https://www.actionfigure411.com/star-wars/kenner-vintage-collection/empire-strikes-back-action-figures/ig-88-2202.php,1980-01-01,IG-88,1.0000000000000002
12,Kenner Vintage Series,37,Empire Strikes Back Action Figures,groupTable145,1940,,Lando Calrissian,1,1980,5,2.49,245.4,242.91,399.99,a56375b8eacf5beec0a8f8fefd290b2d,https://www.actionfigure411.com/star-wars/kenner-vintage-collection/empire-strikes-back-action-figures/lando-calrissian-2204.php,1980-01-01,Lando Calrissian,1.0000000000000002
12,Kenner Vintage Series,37,Empire Strikes Back Action Figures,groupTable145,1941,,Leia Organa (Bespin Gown),1,1980,2,2.49,749.98,747.49,1300.0,a3daa3de652d466c417d3b2439b0261d,https://www.actionfigure411.com/star-wars/kenner-vintage-collection/empire-strikes-back-action-figures/leia-organa-bespin-gown-2205.php,1980-01-01,Leia Organa,1.0000000000000002
12,Kenner Vintage Series,37,Empire Strikes Back Action Figures,groupTable145,1942,,Luke Skywalker (Bespin Fatigues),1,1980,5,2.49,580.22,577.73,1136.11,d6db2c998de10d1115e9a6732a30e3ac,https://www.actionfigure411.com/star-wars/kenner-vintage-collection/empire-strikes-back-action-figures/luke-skywalker-bespin-fatigues-2206.php,1980-01-01,Luke Skywalker,1.0000000000000002
12,Kenner Vintage Series,37,Empire Strikes Back Action Figures,groupTable145,1945,,Yoda,2,1980,8,2.49,350.64,348.15,619.0,25d85d48b599b69b624b12f02c7199f1,https://www.actionfigure411.com/star-wars/kenner-vintage-collection/empire-strikes-back-action-figures/yoda-2208.php,1980-01-01,Yoda,1.0
12,Kenner Vintage Series,37,Empire Strikes Back Action Figures,groupTable145,1948,,Dengar,3,1980,4,2.49,328.75,326.26,395.0,b7d858e005ae0f1bf3dd32b9979d346f,https://www.actionfigure411.com/star-wars/kenner-vintage-collection/empire-strikes-back-action-figures/dengar-2210.php,1980-01-01,Dengar,1.0
12,Kenner Vintage Series,37,Empire Strikes Back Action Figures,groupTable145,1949,,Han Solo (Bespin Outfit),3,1980,7,2.49,423.78,421.29,780.0,f9578ae8265331628a55dcd44e6c4ade,https://www.actionfigure411.com/star-wars/kenner-vintage-collection/empire-strikes-back-action-figures/han-solo-bespin-outfit-2211.php,1980-01-01,Han Solo,1.0000000000000002
12,Kenner Vintage Series,37,Empire Strikes Back Action Figures,groupTable145,1951,,Leia (Hoth Outfit),3,1980,5,2.49,304.8,302.31,450.0,ffa18e0667a7f58378603b6b20c989a1,https://www.actionfigure411.com/star-wars/kenner-vintage-collection/empire-strikes-back-action-figures/leia-hoth-outfit-2213.php,1980-01-01,Leia Organa,0.7419392967573335
12,Kenner Vintage Series,37,Empire Strikes Back Action Figures,groupTable145,1952,,Lobot,3,1980,6,2.49,214.88,212.39,395.0,86c28929120d993e3f7944f59005a77f,https://www.actionfigure411.com/star-wars/kenner-vintage-collection/empire-strikes-back-action-figures/lobot-2214.php,1980-01-01,Lobot,1.0
12,Kenner Vintage Series,37,Empire Strikes Back Action Figures,groupTable145,1956,,Bespin Security Guard (Black),4,1980,2,2.49,245.42,242.93,400.83,221fe6309091eb23d410e46492a12709,https://www.actionfigure411.com/star-wars/kenner-vintage-collection/empire-strikes-back-action-figures/bespin-security-guard-black-2220.php,1980-01-01,Pyke Guard,0.7534510784814418
12,Kenner Vintage Series,37,Empire Strikes Back Action Figures,groupTable145,1959,,Luke Skywalker (Hoth Battle Gear),4,1980,4,2.49,460.59,458.1,710.0,2d116c23d7d626b2d6beaef376e4fb61,https://www.actionfigure411.com/star-wars/kenner-vintage-collection/empire-strikes-back-action-figures/luke-skywalker-hoth-battle-gear-2222.php,1980-01-01,Luke Skywalker,0.8030965629369695
12,Kenner Vintage Series,37,Empire Strikes Back Action Figures,groupTable145,1960,,R2-D2 (Sensorscope),4,1980,2,2.49,812.5,810.01,825.0,9892e2a3b59bcd68d214aacfb12749fc,https://www.actionfigure411.com/star-wars/kenner-vintage-collection/empire-strikes-back-action-figures/r2-d2-sensorscope-2218.php,1980-01-01,R2-D2,1.0
12,Kenner Vintage Series,37,Empire Strikes Back Action Figures,groupTable145,1962,,Zuckuss,5,1980,4,2.49,304.57,302.08,510.0,20aca48c916a07a89dd6e5f1387a523b,https://www.actionfigure411.com/star-wars/kenner-vintage-collection/empire-strikes-back-action-figures/zuckuss-2225.php,1980-01-01,Zuckuss,1.0
12,Kenner Vintage Series,37,Empire Strikes Back Action Figures,groupTable145,1963,,4-LOM,6,1980,2,2.49,383.0,380.51,466.0,c243aca6f21c6ea4dc57d10b5839e64c,https://www.actionfigure411.com/star-wars/kenner-vintage-collection/empire-strikes-back-action-figures/4-lom-2226.php,1980-01-01,4-LOM,1.0
12,Kenner Vintage Series,39,Return of the Jedi Action Figures,groupTable147,1983,,Admiral Ackbar,1,1983,4,2.99,86.37,83.38,105.49,09c661a65576cf9979663bc094251a31,https://www.actionfigure411.com/star-wars/kenner-vintage-collection/return-of-the-jedi-action-figures/admiral-ackbar-2276.php,1983-01-01,Admiral Ackbar,1.0
12,Kenner Vintage Series,39,Return of the Jedi Action Figures,groupTable147,1984,,Bib Fortuna,1,1983,6,2.99,92.42,89.43,109.0,b9f311ffbf8fe286418f0f5a3a168bba,https://www.actionfigure411.com/star-wars/kenner-vintage-collection/return-of-the-jedi-action-figures/bib-fortuna-2277.php,1983-01-01,Bib Fortuna,1.0
12,Kenner Vintage Series,39,Return of the Jedi Action Figures,groupTable147,1986,,Chief Chirpa,1,1983,2,2.99,120.0,117.01,150.0,12e2e2fff2e83841a72cff1029cac9d2,https://www.actionfigure411.com/star-wars/kenner-vintage-collection/return-of-the-jedi-action-figures/chief-chirpa-2279.php,1983-01-01,Chief Chirpa,1.0
12,Kenner Vintage Series,39,Return of the Jedi Action Figures,groupTable147,1988,,General Madine ( $-3.93),1,1983,9,2.99,118.52,115.53,311.0,1c5ed31c3a24b71c0bcd191ab3229630,https://www.actionfigure411.com/star-wars/kenner-vintage-collection/return-of-the-jedi-action-figures/general-madine-2282.php,1983-01-01,General Madine,0.9999999999999998
12,Kenner Vintage Series,39,Return of the Jedi Action Figures,groupTable147,1989,,Klaatu,1,1983,5,2.99,60.39,57.4,75.0,338ed6651ba851deecdacec391f91bae,https://www.actionfigure411.com/star-wars/kenner-vintage-collection/return-of-the-jedi-action-figures/klaatu-2283.php,1983-01-01,Klaatu,1.0
12,Kenner Vintage Series,39,Return of the Jedi Action Figures,groupTable147,1990,,Lando Calrissian (Skiff Guard Disguise),1,1983,5,2.99,201.86,198.87,315.66,81539688064398c8adac669c6667782e,https://www.actionfigure411.com/star-wars/kenner-vintage-collection/return-of-the-jedi-action-figures/lando-calrissian-skiff-guard-disguise-2284.php,1983-01-01,Lando Calrissian,0.816496580927726
12,Kenner Vintage Series,39,Return of the Jedi Action Figures,groupTable147,1991,,Princess Leia Organa (Boushh Disguise),1,1983,5,2.99,170.19,167.2,204.95,dbbf361062db91a773b14f0bf94b1a6e,https://www.actionfigure411.com/star-wars/kenner-vintage-collection/return-of-the-jedi-action-figures/princess-leia-organa-boushh-disguise-2288.php,1983-01-01,Leia Organa,1.0000000000000002
12,Kenner Vintage Series,39,Return of the Jedi Action Figures,groupTable147,1992,,Logray (Ewok Medicine Man),1,1983,3,2.99,87.83,84.84,112.5,263a4362c66c743b7623d93aa492530d,https://www.actionfigure411.com/star-wars/kenner-vintage-collection/return-of-the-jedi-action-figures/logray-ewok-medicine-man-2285.php,1983-01-01,Logray,1.0
12,Kenner Vintage Series,39,Return of the Jedi Action Figures,groupTable147,1993,,Luke Skywalker (Jedi Knight Outfit),1,1983,9,2.99,268.94,265.95,450.0,ed74a8d1f48f3c806dc0523138f6e647,https://www.actionfigure411.com/star-wars/kenner-vintage-collection/return-of-the-jedi-action-figures/luke-skywalker-jedi-knight-outfit-2286.php,1983-01-01,Luke Skywalker,1.0000000000000002
12,Kenner Vintage Series,39,Return of the Jedi Action Figures,groupTable147,1994,,Nien Nunb,1,1983,5,2.99,139.1,136.11,257.0,48386ed038d35a94d85306252e42e0ae,https://www.actionfigure411.com/star-wars/kenner-vintage-collection/return-of-the-jedi-action-figures/nien-nunb-2287.php,1983-01-01,Nien Nunb,1.0000000000000002
12,Kenner Vintage Series,39,Return of the Jedi Action Figures,groupTable147,2000,,8D8,2,1983,5,2.99,170.93,167.94,255.66,e27baf5e0ca599ac77d87a612306ff5e,https://www.actionfigure411.com/star-wars/kenner-vintage-collection/return-of-the-jedi-action-figures/8d8-2293.php,1983-01-01,8D8,1.0
12,Kenner Vintage Series,39,Return of the Jedi Action Figures,groupTable147,2004,,Han Solo (Trench Coat),2,1983,7,2.99,133.35,130.36,293.0,ce584760d7cc1a3bac96a7708d2705cc,https://www.actionfigure411.com/star-wars/kenner-vintage-collection/return-of-the-jedi-action-figures/han-solo-trench-coat-2297.php,1983-01-01,Han Solo,0.816496580927726
12,Kenner Vintage Series,39,Return of the Jedi Action Figures,groupTable147,2005,,Klaatu (In Skiff Guard Outfit),2,1983,2,2.99,71.0,68.01,79.0,32f55fa3a3433d48da7f2200c9da3e3a,https://www.actionfigure411.com/star-wars/kenner-vintage-collection/return-of-the-jedi-action-figures/klaatu-in-skiff-guard-outfit-2298.php,1983-01-01,Klaatu,0.7071067811865476
12,Kenner Vintage Series,39,Return of the Jedi Action Figures,groupTable147,2006,,Princess Leia Organa (In Combat Poncho),2,1983,5,2.99,112.99,110.0,144.0,119890a8a0e28ba5e8d10dc1bba27950,https://www.actionfigure411.com/star-wars/kenner-vintage-collection/return-of-the-jedi-action-figures/princess-leia-organa-in-combat-poncho-2300.php,1983-01-01,Leia Organa,0.8030965629369695
12,Kenner Vintage Series,39,Return of the Jedi Action Figures,groupTable147,2009,,Rancor Keeper,2,1983,9,2.99,150.11,147.12,795.0,06499709dda865eb89e1fff73b67de0b,https://www.actionfigure411.com/star-wars/kenner-vintage-collection/return-of-the-jedi-action-figures/rancor-keeper-2302.php,1983-01-01,Rancor keeper,0.9999999999999998
12,Kenner Vintage Series,39,Return of the Jedi Action Figures,groupTable147,2010,,Teebo,2,1983,4,2.99,80.79,77.8,95.0,0144321444654239d89bc49f25b59080,https://www.actionfigure411.com/star-wars/kenner-vintage-collection/return-of-the-jedi-action-figures/teebo-2303.php,1983-01-01,Teebo,1.0
12,Kenner Vintage Series,39,Return of the Jedi Action Figures,groupTable147,2011,,Wicket W. Warrick,2,1983,14,2.99,185.17,182.18,499.99,6063336c9fb1f746fb3cd3f28ba8b54e,https://www.actionfigure411.com/star-wars/kenner-vintage-collection/return-of-the-jedi-action-figures/wicket-w-warrick-2304.php,1983-01-01,Wicket W  Warrick,1.0000000000000002
12,Kenner Vintage Series,39,Return of the Jedi Action Figures,groupTable147,2013,,Paploo,3,1983,8,2.99,178.0,175.01,275.0,0d342886fcd0d7fd34f6e02211024595,https://www.actionfigure411.com/star-wars/kenner-vintage-collection/return-of-the-jedi-action-figures/paploo-2306.php,1983-01-01,Paploo,1.0
12,Kenner Vintage Series,40,Return of the Jedi Vehicles and Playsets,groupTable148,2017,,Jabba the Hutt,,1983,10,11.99,188.59,176.6,331.0,37b0b46d37884cde79f4165bbb27f524,https://www.actionfigure411.com/star-wars/kenner-vintage-collection/return-of-the-jedi-vehicles-and-playsets/jabba-the-hutt-2309.php,1983-01-01,Jabba the Hutt,1.0000000000000004
12,Kenner Vintage Series,40,Return of the Jedi Vehicles and Playsets,groupTable148,2018,,The Jabba the Hutt Dungeon,,1983,3,11.99,191.33,179.34,199.0,ae6a9d7571f0984971b9095dba4de288,https://www.actionfigure411.com/star-wars/kenner-vintage-collection/return-of-the-jedi-vehicles-and-playsets/the-jabba-the-hutt-dungeon-2318.php,1983-01-01,Jabba the Hutt,0.9487170279903572
12,Kenner Vintage Series,40,Return of the Jedi Vehicles and Playsets,groupTable148,2019,,Rancor Monster,,1983,2,14.99,503.0,488.01,617.0,132702e6b38c329d7f8b8ca772d82937,https://www.actionfigure411.com/star-wars/kenner-vintage-collection/return-of-the-jedi-vehicles-and-playsets/rancor-monster-2310.php,1983-01-01,Rancor,1.0
12,Kenner Vintage Series,40,Return of the Jedi Vehicles and Playsets,groupTable148,2020,,Sy Snootles & The Rebo Band,,1983,4,9.99,272.49,262.5,375.0,047bb9aaf8f5379cdf3d45fdfdba7867,https://www.actionfigure411.com/star-wars/kenner-vintage-collection/return-of-the-jedi-vehicles-and-playsets/sy-snootles-the-rebo-band-2319.php,1983-01-01,Sy Snootles,0.7637624727776068
12,Kenner Vintage Series,41,Power of the Force Action Figures,groupTable149,2027,,Anakin Skywalker,,1985,1,2.99,11000.0,10997.01,11000.0,543d3dbc759ab138f77237ee2016b4d9,https://www.actionfigure411.com/star-wars/kenner-vintage-collection/power-of-the-force-action-figures/anakin-skywalker-2321.php,1985-01-01,Anakin Skywalker,1.0000000000000002
12,Kenner Vintage Series,41,Power of the Force Action Figures,groupTable149,2028,,Barada,,1985,1,2.99,500.0,497.01,500.0,003b2bb2a0002cf7575a01db70705aea,https://www.actionfigure411.com/star-wars/kenner-vintage-collection/power-of-the-force-action-figures/barada-2324.php,1985-01-01,Barada,1.0
12,Kenner Vintage Series,41,Power of the Force Action Figures,groupTable149,2029,,EV-9D9,,1985,3,2.99,563.7,560.71,716.1,1ae198ae44fb2a2873a611fa4159608c,https://www.actionfigure411.com/star-wars/kenner-vintage-collection/power-of-the-force-action-figures/ev-9d9-2325.php,1985-01-01,EV-9D9,1.0
12,Kenner Vintage Series,41,Power of the Force Action Figures,groupTable149,2030,,Han Solo (In Carbonite Chamber),,1985,1,2.99,1000.0,997.01,1000.0,62539e43c5cd10a5678f78b00feb8970,https://www.actionfigure411.com/star-wars/kenner-vintage-collection/power-of-the-force-action-figures/han-solo-in-carbonite-chamber-2326.php,1985-01-01,Han Solo,1.0000000000000002
12,Kenner Vintage Series,41,Power of the Force Action Figures,groupTable149,2033,,Lando Calrissian (General Pilot),,1985,1,2.99,475.0,472.01,475.0,a8269737fb661c1e38584f4df4f17b5f,https://www.actionfigure411.com/star-wars/kenner-vintage-collection/power-of-the-force-action-figures/lando-calrissian-general-pilot-2329.php,1985-01-01,Lando Calrissian,0.7798289968098768
12,Kenner Vintage Series,41,Power of the Force Action Figures,groupTable149,2034,,Luke Skywalker (Imperial Stormtrooper Outfit),,1985,3,2.99,1664.99,1662.0,1899.99,386ffa698a6401cc4cab9d9f6f479570,https://www.actionfigure411.com/star-wars/kenner-vintage-collection/power-of-the-force-action-figures/luke-skywalker-imperial-stormtrooper-outfit-2330.php,1985-01-01,Luke Skywalker,0.8191816100989555
12,Kenner Vintage Series,41,Power of the Force Action Figures,groupTable149,2035,,Luke Skywalker (Battle Poncho),,1985,3,2.99,562.67,559.68,650.0,33b8233aa7ed8a987871c9914122ed50,https://www.actionfigure411.com/star-wars/kenner-vintage-collection/power-of-the-force-action-figures/luke-skywalker-battle-poncho-2331.php,1985-01-01,Luke Skywalker,0.8030965629369695
12,Kenner Vintage Series,41,Power of the Force Action Figures,groupTable149,2036,,R2-D2 (Pop up Lightsaber),,1985,1,2.99,979.0,976.01,979.0,4ebe8cb99a5e3fcc470d22a29af0e5f4,https://www.actionfigure411.com/star-wars/kenner-vintage-collection/power-of-the-force-action-figures/r2-d2-pop-up-lightsaber-2322.php,1985-01-01,R2-D2,1.0
12,Kenner Vintage Series,43,Droids Action Figures,groupTable282,2046,,Boba Fett,1,1985,1,2.99,3000.0,2997.01,3000.0,67f651dc0941fdf5a02faed3833eb1ca,https://www.actionfigure411.com/star-wars/kenner-vintage-collection/droids-action-figures/boba-fett-4489.php,1985-01-01,Boba Fett,1.0
12,Kenner Vintage Series,43,Droids Action Figures,groupTable282,2052,,R2-D2,1,1985,3,2.99,741.67,738.68,1200.0,46f2a63f5b5cceca038e1659a741df22,https://www.actionfigure411.com/star-wars/kenner-vintage-collection/droids-action-figures/r2-d2-4487.php,1985-01-01,R2-D2,1.0
12,Kenner Vintage Series,45,Ewoks Action Figures,groupTable283,2064,,Logray,1,1985,9,2.99,239.86,236.87,549.99,1085eb907ec9541bf362b99806d61c7a,https://www.actionfigure411.com/star-wars/kenner-vintage-collection/ewoks-action-figures/logray-4503.php,1985-01-01,Logray,1.0
12,Kenner Vintage Series,45,Ewoks Action Figures,groupTable283,2065,,Urgah (Lady Gorneesh),1,1985,4,2.99,115.01,112.02,132.5,b82cceb9b8d466e79150830afa439c35,https://www.actionfigure411.com/star-wars/kenner-vintage-collection/ewoks-action-figures/urgah-lady-gorneesh-4504.php,1985-01-01,Lady Proxima,0.7071067811865476
12,Kenner Vintage Series,45,Ewoks Action Figures,groupTable283,2066,,Wicket W. Warrick,1,1985,3,2.99,527.22,524.23,648.0,a4cf642e4e7e36e1140ef208ef26ec90,https://www.actionfigure411.com/star-wars/kenner-vintage-collection/ewoks-action-figures/wicket-w-warrick-4505.php,1985-01-01,Wicket W  Warrick,1.0000000000000002
12,Kenner Vintage Series,47,Cases,groupTable570,2070,,Darth Vader Collector's Case,,1980,10,5.99,64.72,58.73,250.0,754562a7400fead6d303648f07555311,https://www.actionfigure411.com/star-wars/kenner-vintage-collection/cases/darth-vader-collectors-case-11649.php,1980-01-01,Darth Vader,1.0
12,Kenner Vintage Series,47,Cases,groupTable570,2073,,Chewbacca's Bandolier Strap,,1983,8,8.99,56.2,47.21,91.0,f4eabf0bf239df51bfc4d20e4ef6d886,https://www.actionfigure411.com/star-wars/kenner-vintage-collection/cases/chewbaccas-bandolier-strap-11648.php,1983-01-01,Chewbacca,1.0
12,Kenner Vintage Series,48,Die Cast,groupTable281,2077,,Tie Fighter (Darth Vader),1,1978,1,3.99,155.35,151.36,155.35,7c75b8363f89552f1b28b493b628bca5,https://www.actionfigure411.com/star-wars/kenner-vintage-collection/die-cast/tie-fighter-darth-vader-4462.php,1978-01-01,Darth Vader,1.0
12,Kenner Vintage Series,49,Micro Collection,groupTable280,2094,,Hoth Ion Cannon,,1982,2,14.99,104.75,89.76,152.5,88d4d3010d7df7e099227471680fda08,https://www.actionfigure411.com/star-wars/kenner-vintage-collection/micro-collection/hoth-ion-cannon-4453.php,1982-01-01,Ion Papanoida,0.7534510784814418
12,Kenner Vintage Series,50,Mini-Rigs,groupTable279,2109,AST 05,Armored Sentinel Transport AST-5,3,1983,2,4.99,45.0,40.01,49.99,4bb341734a3bebaffdccd02af880dfe7,https://www.actionfigure411.com/star-wars/kenner-vintage-collection/mini-rigs/armored-sentinel-transport-ast-5-4442.php,1983-01-01,Sentinel,1.0
13,Micro Galaxy,51,Scout Class,groupTable263,2116,01,Speeder Bike (Endor) with Scout Trooper,1,2022,2,5.99,14.97,8.98,14.99,9b2efa1ad5520be3c9325897dbc27ded,https://www.actionfigure411.com/star-wars/micro-galaxy-squadron/scout-class/speeder-bike-endor-with-scout-trooper-4243.php,2022-01-01,Clone X trooper,0.7772933980533595
13,Micro Galaxy,51,Scout Class,groupTable263,2117,02,Speeder Bike with Din Djarin (v1),1,2022,1,5.99,7.5,1.51,7.5,7b4b2a2b8e18bd6c1581f210360124c3,https://www.actionfigure411.com/star-wars/micro-galaxy-squadron/scout-class/speeder-bike-with-din-djarin-v1-4250.php,2022-01-01,Din Djarin (The Mandalorian),0.7637624727776068
13,Micro Galaxy,51,Scout Class,groupTable263,2118,03,AT-RT with Clone Trooper,1,2022,3,5.99,7.67,1.68,8.0,2c174a10964f9c86ddf131cce5b7e1bd,https://www.actionfigure411.com/star-wars/micro-galaxy-squadron/scout-class/at-rt-with-clone-trooper-4253.php,2022-01-01,Clone X trooper,1.0
13,Micro Galaxy,51,Scout Class,groupTable263,2119,03A,AT-RT with Clone Trooper (Phase 1),6,2024,0,5.99,,,0.0,8dc15d2a2938a10968e08cde60a8d225,https://www.actionfigure411.com/star-wars/micro-galaxy-squadron/scout-class/at-rt-with-clone-trooper-phase-1-8797.php,2024-01-01,Clone X trooper,1.0
13,Micro Galaxy,51,Scout Class,groupTable263,2120,04,Bloodfin with Darth Maul,1,2022,1,5.99,6.49,0.5,6.49,e69efde3a376887fe2849439f5a792c4,https://www.actionfigure411.com/star-wars/micro-galaxy-squadron/scout-class/bloodfin-with-darth-maul-4252.php,2022-01-01,Maul,0.7534510784814418
13,Micro Galaxy,51,Scout Class,groupTable263,2121,05,Speeder Bike with Ahsoka Tano,1,2022,1,5.99,7.0,1.01,7.0,cf2ae399ae8bab7a3899e2b9028716fb,https://www.actionfigure411.com/star-wars/micro-galaxy-squadron/scout-class/speeder-bike-with-ahsoka-tano-4249.php,2022-01-01,Ahsoka Tano,1.0000000000000002
13,Micro Galaxy,51,Scout Class,groupTable263,2122,06,Speeder Bike with Cobb Vanth,1 (Rare),2022,1,5.99,22.0,16.01,22.0,e57488eda989be1ecb7893e8bdace9ba,https://www.actionfigure411.com/star-wars/micro-galaxy-squadron/scout-class/speeder-bike-with-cobb-vanth-4251.php,2022-01-01,Cobb Vanth,1.0000000000000002
13,Micro Galaxy,51,Scout Class,groupTable263,2123,07,Speeder Bike with IG-11,1 (Rare),2022,2,5.99,24.99,19.0,24.99,63607807a5c1982744165d62edabd969,https://www.actionfigure411.com/star-wars/micro-galaxy-squadron/scout-class/speeder-bike-with-ig-11-4474.php,2022-01-01,IG-11,1.0000000000000002
13,Micro Galaxy,51,Scout Class,groupTable263,2125,24,Speeder Bike with Din Djarin (v2),2,2022,1,5.99,10.5,4.51,10.5,134b1994147e8ce275a2a9ab81271c24,https://www.actionfigure411.com/star-wars/micro-galaxy-squadron/scout-class/speeder-bike-with-din-djarin-v2-5449.php,2022-01-01,Din Djarin (The Mandalorian),0.7637624727776068
13,Micro Galaxy,51,Scout Class,groupTable263,2126,25,Endor Speeder Bike with Leia Organa,2,2022,1,5.99,10.5,4.51,10.5,1c00ea821a50f60a77ffae686b420a22,https://www.actionfigure411.com/star-wars/micro-galaxy-squadron/scout-class/endor-speeder-bike-with-leia-organa-5446.php,2022-01-01,Leia Organa,1.0000000000000002
13,Micro Galaxy,51,Scout Class,groupTable263,2127,26,AT-RT with Hunter,2,2022,1,5.99,15.95,9.96,15.95,585b139a46abe00c42ad591351f44b5d,https://www.actionfigure411.com/star-wars/micro-galaxy-squadron/scout-class/at-rt-with-hunter-5445.php,2022-01-01,Hunter,1.0
13,Micro Galaxy,51,Scout Class,groupTable263,2128,27,BARC Speeder Bike with Clone Trooper,2,2022,1,5.99,10.99,5.0,10.99,7b38e8490cac6b7724d774b148e81430,https://www.actionfigure411.com/star-wars/micro-galaxy-squadron/scout-class/barc-speeder-bike-with-clone-trooper-5448.php,2022-01-01,Clone X trooper,1.0
13,Micro Galaxy,51,Scout Class,groupTable263,2129,28,STAP with Battle Droid,2,2022,4,5.99,13.87,7.88,15.5,95d604fa2c211671bf93a6a256edd384,https://www.actionfigure411.com/star-wars/micro-galaxy-squadron/scout-class/stap-with-battle-droid-5443.php,2022-01-01,Battle Droid 513,0.7892379838534719
13,Micro Galaxy,51,Scout Class,groupTable263,2130,29,Escape Pod with R2-D2,2 (Rare),2022,3,5.99,31.98,25.99,36.99,d3ecb7e835e8fa401d05ed64f7cb8620,https://www.actionfigure411.com/star-wars/micro-galaxy-squadron/scout-class/escape-pod-with-r2-d2-5442.php,2022-01-01,R2-D2,1.0
13,Micro Galaxy,51,Scout Class,groupTable263,2131,30,STAP with Anakin Skywalker,2 (Rare),2022,1,5.99,39.95,33.96,39.95,84ecb1048dd42b0d41716a25846e0ccf,https://www.actionfigure411.com/star-wars/micro-galaxy-squadron/scout-class/stap-with-anakin-skywalker-5444.php,2022-01-01,Anakin Skywalker,1.0000000000000002
13,Micro Galaxy,51,Scout Class,groupTable263,2132,31,BARC Speeder Bike with General Obi-Wan Kenobi,2 (Chase),2022,2,5.99,40.5,34.51,50.0,9867b30744db449117ea9c6cb814861a,https://www.actionfigure411.com/star-wars/micro-galaxy-squadron/scout-class/barc-speeder-bike-with-general-obi-wan-kenobi-5447.php,2022-01-01,Obi-Wan Kenobi,0.9295274971891878
13,Micro Galaxy,51,Scout Class,groupTable263,2133,48,BARC Speeder (Batch Batch) with Tech,3,2023,2,5.99,9.48,3.49,10.95,ec167708d826ab24f331654716f0e62c,https://www.actionfigure411.com/star-wars/micro-galaxy-squadron/scout-class/barc-speeder-batch-batch-with-tech-5899.php,2023-01-01,Tech,1.0
13,Micro Galaxy,51,Scout Class,groupTable263,2134,49,Treadspeeder with First Order Stormtrooper,3,2023,3,5.99,6.33,0.34,10.0,016067764668aba66d31c98034ef8ceb,https://www.actionfigure411.com/star-wars/micro-galaxy-squadron/scout-class/treadspeeder-with-first-order-stormtrooper-5900.php,2023-01-01,First Order Raiders,0.794103136389463
13,Micro Galaxy,51,Scout Class,groupTable263,2139,54,Count Dooku's Speeder with Count Dooku,3 (Rare),2023,3,5.99,15.66,9.67,21.99,12d5b81db044b2ddbdd13af7edbc0749,https://www.actionfigure411.com/star-wars/micro-galaxy-squadron/scout-class/count-dookus-speeder-with-count-dooku-5905.php,2023-01-01,Count Dooku,1.0000000000000002
13,Micro Galaxy,51,Scout Class,groupTable263,2140,55,Starhawk Speeder with Cad Bane,3 (Chase),2023,1,5.99,22.0,16.01,22.0,d1cd7a3188c249c361fda7f328d21e10,https://www.actionfigure411.com/star-wars/micro-galaxy-squadron/scout-class/starhawk-speeder-with-cad-bane-5906.php,2023-01-01,Cad Bane,1.0
13,Micro Galaxy,51,Scout Class,groupTable263,2141,70,Speeder Bike with Luke Skywalker (Endor),4,2023,1,5.99,6.5,0.51,6.5,23adc7a0341c523102d42e4502677b31,https://www.actionfigure411.com/star-wars/micro-galaxy-squadron/scout-class/speeder-bike-with-luke-skywalker-endor-6374.php,2023-01-01,Luke Skywalker,1.0000000000000002
13,Micro Galaxy,51,Scout Class,groupTable263,2144,73,Starhawk Speeder with Echo,4,2023,2,5.99,12.99,7.0,12.99,4954d54065c755e7481dcb9afd3e7361,https://www.actionfigure411.com/star-wars/micro-galaxy-squadron/scout-class/starhawk-speeder-with-echo-6371.php,2023-01-01,Echo,1.0
13,Micro Galaxy,51,Scout Class,groupTable263,2146,75,General Grievous TSMEU-6 Wheel Bike,4 (Rare),2023,2,5.99,15.39,9.4,15.79,99866c38ead75d650451c0c29f3dffcf,https://www.actionfigure411.com/star-wars/micro-galaxy-squadron/scout-class/general-grievous-tsmeu-6-wheel-bike-6369.php,2023-01-01,General Grievous,0.9999999999999998
13,Micro Galaxy,51,Scout Class,groupTable263,2147,76,BARC Speeder with Captain Rex,4 (Rare),2023,1,5.99,6.99,1.0,6.99,bc3a071496262f0e7a187a6ce6500b7b,https://www.actionfigure411.com/star-wars/micro-galaxy-squadron/scout-class/barc-speeder-with-captain-rex-6367.php,2023-01-01,Clone Captain Rex,0.8832546586179191
13,Micro Galaxy,51,Scout Class,groupTable263,2148,77,Speeder Bike (Endor - Flaming) with Paploo,4 (Chase),2023,2,5.99,25.0,19.01,29.99,d410a58e61312e7a13102f0f583638f1,https://www.actionfigure411.com/star-wars/micro-galaxy-squadron/scout-class/speeder-bike-endor-flaming-with-paploo-6368.php,2023-01-01,Paploo,1.0
13,Micro Galaxy,51,Scout Class,groupTable263,2151,94,STAP (Battle Damaged) With Battle Droid,5,2023,2,5.99,6.37,0.38,6.75,088f9c10cbc74f00272a347707630e9f,https://www.actionfigure411.com/star-wars/micro-galaxy-squadron/scout-class/stap-battle-damaged-with-battle-droid-8025.php,2023-01-01,Battle Droid 513,0.7550219953602351
13,Micro Galaxy,51,Scout Class,groupTable263,2153,96,Hover E-Web Blaster with Din Djarin,5,2023,2,5.99,7.0,1.01,7.0,6b405994632f7dc9162ca15488398ed6,https://www.actionfigure411.com/star-wars/micro-galaxy-squadron/scout-class/hover-e-web-blaster-with-din-djarin-8023.php,2023-01-01,Din Djarin (The Mandalorian),0.7637624727776068
13,Micro Galaxy,51,Scout Class,groupTable263,2155,98,Shadow Speeder Bike with Shadow Scout Trooper,5 (Rare),2023,1,5.99,14.99,9.0,14.99,6fa750218fde4e847b745f9bf0048152,https://www.actionfigure411.com/star-wars/micro-galaxy-squadron/scout-class/shadow-speeder-bike-with-shadow-scout-trooper-8024.php,2023-01-01,Clone X trooper,0.7772933980533595
13,Micro Galaxy,51,Scout Class,groupTable263,2156,99,Starhawk Speeder with Aurra Sing,5 (Rare),2023,2,5.99,5.0,-0.99,5.0,ff0030f8d8d06296585c704a5f69113e,https://www.actionfigure411.com/star-wars/micro-galaxy-squadron/scout-class/starhawk-speeder-with-aurra-sing-6399.php,2023-01-01,Aurra Sing,1.0000000000000002
13,Micro Galaxy,51,Scout Class,groupTable263,2157,100,Nikto Speeder with Boba Fett,5 (Chase),2023,1,5.99,15.88,9.89,15.88,e0288a4aa5fa0d4455e516baef997db9,https://www.actionfigure411.com/star-wars/micro-galaxy-squadron/scout-class/nikto-speeder-with-boba-fett-6401.php,2023-01-01,Boba Fett,1.0
13,Micro Galaxy,51,Scout Class,groupTable263,2158,115,BARC Speeder Bike with Clone Trooper (Reissue),6,2024,1,5.99,9.75,3.76,9.75,b2bfabb88681cbb65e724639803c706d,https://www.actionfigure411.com/star-wars/micro-galaxy-squadron/scout-class/barc-speeder-bike-with-clone-trooper-reissue-8992.php,2024-01-01,Clone X trooper,1.0
13,Micro Galaxy,51,Scout Class,groupTable263,2159,116,STAP with Battle Droid,6,2024,0,5.99,,,0.0,56daba6492598f1e7c6a7dd75671c562,https://www.actionfigure411.com/star-wars/micro-galaxy-squadron/scout-class/stap-with-battle-droid-8799.php,2024-01-01,Battle Droid 513,0.7892379838534719
13,Micro Galaxy,51,Scout Class,groupTable263,2160,117,BARC Speeder (Green) with Clone Trooper Sergeant,6 (Rare),2024,0,5.99,,,0.0,44dd4987db7ba3f6eef36812e33af25a,https://www.actionfigure411.com/star-wars/micro-galaxy-squadron/scout-class/barc-speeder-green-with-clone-trooper-sergeant-8801.php,2024-01-01,Clone X trooper,1.0
13,Micro Galaxy,51,Scout Class,groupTable263,2161,118,BARC Speeder (Red) with Clone Trooper Captain,6 (Chase),2024,0,5.99,,,0.0,8aab9748955721ff597f122cf5191701,https://www.actionfigure411.com/star-wars/micro-galaxy-squadron/scout-class/barc-speeder-red-with-clone-trooper-captain-8800.php,2024-01-01,Clone X trooper,0.8445563536526919
13,Micro Galaxy,51,Scout Class,groupTable263,2163,133,Jedi Speeder with Jedi Master Kelnacca,7,2024,2,5.99,6.0,0.01,7.0,a239bcd6804244a248239dbdbbd7c932,https://www.actionfigure411.com/star-wars/micro-galaxy-squadron/scout-class/jedi-speeder-with-jedi-master-kelnacca-8918.php,2024-01-01,Kelnacca,0.7273016634383198
13,Micro Galaxy,51,Scout Class,groupTable263,2164,134,BARC Speeder and Sidecar with Captain Rex,7,2024,0,5.99,,,0.0,947992f67f67030e746cac7fa6c8802b,https://www.actionfigure411.com/star-wars/micro-galaxy-squadron/scout-class/barc-speeder-and-sidecar-with-captain-rex-8919.php,2024-01-01,Clone Captain Rex,0.7109237210086465
13,Micro Galaxy,51,Scout Class,groupTable263,2165,135,Ava Speeder Bike with Sabine Wren,7,2024,2,5.99,4.05,-1.94,5.59,f3fee2fe29668d10d69aea27801a3da4,https://www.actionfigure411.com/star-wars/micro-galaxy-squadron/scout-class/ava-speeder-bike-with-sabine-wren-8920.php,2024-01-01,Sabine Wren,1.0
13,Micro Galaxy,51,Scout Class,groupTable263,2167,137,BARC Speeder (Yellow) with Clone Trooper Commander,7 (Chase),2024,1,5.99,14.19,8.2,14.19,9f82c7737224a54ff93ab69a4a99a9c8,https://www.actionfigure411.com/star-wars/micro-galaxy-squadron/scout-class/barc-speeder-yellow-with-clone-trooper-commander-8922.php,2024-01-01,Clone X trooper,0.8238576297832706
13,Micro Galaxy,51,Scout Class,groupTable263,2168,??,Tatooine Swoop with Anakin Skywalker,?,2023,0,5.99,,,0.0,b8ce2caca26e1e679c6660053574524c,https://www.actionfigure411.com/star-wars/micro-galaxy-squadron/scout-class/tatooine-swoop-with-anakin-skywalker-6394.php,2023-01-01,Anakin Skywalker,1.0000000000000002
13,Micro Galaxy,51,Scout Class,groupTable263,2169,??,Andor’s Speeder with Cassian Andor,8,2025,1,5.99,8.75,2.76,8.75,e9541564bfcc9766903174f84683feda,https://www.actionfigure411.com/star-wars/micro-galaxy-squadron/scout-class/andors-speeder-with-cassian-andor-10227.php,2025-01-01,Cassian Andor,0.9458527203533693
13,Micro Galaxy,51,Scout Class,groupTable263,2170,??,AVA Speeder with Seventh Sister,8,2025,2,5.99,5.34,-0.65,5.49,f0cc5573f7ac0c91648503b0ebfcd531,https://www.actionfigure411.com/star-wars/micro-galaxy-squadron/scout-class/ava-speeder-with-seventh-sister-10228.php,2025-01-01,Seventh Sister Inquisitor,0.8513271216136125
13,Micro Galaxy,51,Scout Class,groupTable263,2171,??,BARC Speeder with Sidecar with Ahsoka Tano,8 (Rare),2025,1,5.99,9.99,4.0,9.99,bfe209961bd7b35be4009491048abe8d,https://www.actionfigure411.com/star-wars/micro-galaxy-squadron/scout-class/barc-speeder-with-sidecar-with-ahsoka-tano-10229.php,2025-01-01,Ahsoka Tano,1.0000000000000002
13,Micro Galaxy,51,Scout Class,groupTable263,2172,??,Bloodfin Speeder (Hologram) with Darth Maul,8 (Chase),2025,0,5.99,,,0.0,2b08431782c62beba7f70a1a8e6e1d13,https://www.actionfigure411.com/star-wars/micro-galaxy-squadron/scout-class/bloodfin-speeder-hologram-with-darth-maul-10230.php,2025-01-01,Maul,0.7534510784814418
13,Micro Galaxy,51,Scout Class,groupTable263,2173,??,General Grievous’ Wheelbike with General Grievous,8,2025,2,5.99,8.99,3.0,8.99,27a3242e1a3ce4dc5bac056654dbdc45,https://www.actionfigure411.com/star-wars/micro-galaxy-squadron/scout-class/general-grievous-wheelbike-with-general-grievous-10231.php,2025-01-01,General Grievous,0.9999999999999998
13,Micro Galaxy,51,Scout Class,groupTable263,2174,??,Undicur-class Jumpspeeder with Sabine Wren,8,2025,0,5.99,,,0.0,333d803976a6e30aa0232b0e6ca163c2,https://www.actionfigure411.com/star-wars/micro-galaxy-squadron/scout-class/undicur-class-jumpspeeder-with-sabine-wren-10278.php,2025-01-01,Sabine Wren,1.0
13,Micro Galaxy,51,Scout Class,groupTable263,2175,??,Ava Speeder Bike with Scout Trooper,9,2025,0,5.99,,,0.0,dc09405ad9dffe7d63991de6006cec8c,https://www.actionfigure411.com/star-wars/micro-galaxy-squadron/scout-class/ava-speeder-bike-with-scout-trooper-11680.php,2025-01-01,Clone X trooper,0.7772933980533595
13,Micro Galaxy,51,Scout Class,groupTable263,2176,??,BARC Speeder and Sidecar with Anakin Skywalker,9 (Rare),2025,0,5.99,,,0.0,380edbda6e1bef89d50915368a02ca85,https://www.actionfigure411.com/star-wars/micro-galaxy-squadron/scout-class/barc-speeder-and-sidecar-with-anakin-skywalker-12234.php,2025-01-01,Anakin Skywalker,0.8394172430048368
13,Micro Galaxy,51,Scout Class,groupTable263,2177,??,Holo Scout Trooper,9 (Chase),2025,10,5.99,27.28,21.29,34.99,710bd344bf2664af6d5b2fd9419796e6,https://www.actionfigure411.com/star-wars/micro-galaxy-squadron/scout-class/holo-scout-trooper-12233.php,2025-01-01,Clone X trooper,0.7772933980533595
13,Micro Galaxy,51,Scout Class,groupTable263,2179,??,Kanan Jarrus' Joben T-85 Speeder Bike,9,2025,0,5.99,,,0.0,d1c77773492524899bd2cb83c0cf011c,https://www.actionfigure411.com/star-wars/micro-galaxy-squadron/scout-class/kanan-jarrus-joben-t-85-speeder-bike-11679.php,2025-01-01,Kanan Jarrus   Caleb Dume,0.7169910057829517
13,Micro Galaxy,51,Scout Class,groupTable263,2180,??,Luthen Rael's Speeder,9,2025,2,5.99,9.0,3.01,12.0,6bd714c8df058831bd63bb431e7377c5,https://www.actionfigure411.com/star-wars/micro-galaxy-squadron/scout-class/luthen-raels-speeder-11678.php,2025-01-01,Luthen Rael,1.0000000000000002
13,Micro Galaxy,51,Scout Class,groupTable263,2181,??,AT-RT (Bad Batch) with Crosshair,10,2025,4,5.99,18.33,12.34,23.76,d9ce66b5fd68b8a146cb635475365bde,https://www.actionfigure411.com/star-wars/micro-galaxy-squadron/scout-class/at-rt-bad-batch-with-crosshair-12362.php,2025-01-01,Crosshair,1.0
13,Micro Galaxy,51,Scout Class,groupTable263,2182,??,Dwarf Spider Droid with Battle Droid,10,2025,1,5.99,14.99,9.0,14.99,b702e994325d2411566773848ddfdbc7,https://www.actionfigure411.com/star-wars/micro-galaxy-squadron/scout-class/dwarf-spider-droid-with-battle-droid-12361.php,2025-01-01,Battle Droid 513,0.7448197267400338
13,Micro Galaxy,51,Scout Class,groupTable263,2183,??,Jedi Jump Speeder with Ahsoka Tano,10,2025,0,5.99,,,0.0,c5a8c19d43e6d65a1a6ac62ab029956e,https://www.actionfigure411.com/star-wars/micro-galaxy-squadron/scout-class/jedi-jump-speeder-with-ahsoka-tano-12360.php,2025-01-01,Ahsoka Tano,1.0000000000000002
13,Micro Galaxy,51,Scout Class,groupTable263,2184,??,Rey's Speeder with Rey,10,2025,5,5.99,22.45,16.46,46.0,72c17ff1e923ef6142c21a6295a1971a,https://www.actionfigure411.com/star-wars/micro-galaxy-squadron/scout-class/reys-speeder-with-rey-6395.php,2025-01-01,Rey,1.0
13,Micro Galaxy,52,Light Armor Class,groupTable262,2188,10A,Tie Fighter (Grey - Armada Edition),6,2024,3,12.99,16.31,3.32,18.99,26741e76f5316a34e1655a885043c332,https://www.actionfigure411.com/star-wars/micro-galaxy-squadron/light-armor-class/tie-fighter-grey-armada-edition-8740.php,2024-01-01,Clone Captain Grey,0.7116541446598508
13,Micro Galaxy,52,Light Armor Class,groupTable262,2189,11,Ginivex Starfighter (Asajj Ventress),1,2022,1,12.99,8.95,-4.04,8.95,eca4dccdc813e66c3614977134b42ba1,https://www.actionfigure411.com/star-wars/micro-galaxy-squadron/light-armor-class/ginivex-starfighter-asajj-ventress-4236.php,2022-01-01,Asajj Ventress,1.0000000000000002
13,Micro Galaxy,52,Light Armor Class,groupTable262,2192,32,Jedi Starfighter (Yoda),2,2022,6,12.99,16.22,3.23,18.37,b942fff8432edaeff88eeb4858eb0135,https://www.actionfigure411.com/star-wars/micro-galaxy-squadron/light-armor-class/jedi-starfighter-yoda-5438.php,2022-01-01,Yoda,1.0
13,Micro Galaxy,52,Light Armor Class,groupTable262,2196,35,A-Wing (Hera Syndulla),2 (Rare),2022,5,12.99,48.79,35.8,56.99,1d3b3b9a8c15cb54a35e582afda4ccc1,https://www.actionfigure411.com/star-wars/micro-galaxy-squadron/light-armor-class/a-wing-hera-syndulla-5423.php,2022-01-01,Hera Syndulla,1.0
13,Micro Galaxy,52,Light Armor Class,groupTable262,2197,36,Tie Fighter (Sabine Wren),2 (Chase),2022,5,12.99,161.8,148.81,179.99,bf88c10c70d47d3d2d1b20df500a70ff,https://www.actionfigure411.com/star-wars/micro-galaxy-squadron/light-armor-class/tie-fighter-sabine-wren-5424.php,2022-01-01,Sabine Wren,1.0
13,Micro Galaxy,52,Light Armor Class,groupTable262,2198,56,Obi-Wan Kenobi's Jedi Interceptor,3,2023,9,12.99,31.15,18.16,69.95,899d64065a196123d2fd0d7fada4c11f,https://www.actionfigure411.com/star-wars/micro-galaxy-squadron/light-armor-class/obi-wan-kenobis-jedi-interceptor-5850.php,2023-01-01,Obi-Wan Kenobi,1.0
13,Micro Galaxy,52,Light Armor Class,groupTable262,2199,56A,Obi-Wan Kenobi's Jedi Interceptor (Armada),9,2025,0,12.99,,,0.0,92c06aca0142d0357202863194fe25eb,https://www.actionfigure411.com/star-wars/micro-galaxy-squadron/light-armor-class/obi-wan-kenobis-jedi-interceptor-armada-11683.php,2025-01-01,Obi-Wan Kenobi,1.0
13,Micro Galaxy,52,Light Armor Class,groupTable262,2200,57,Anakin Skywalker's Jedi Interceptor,3,2023,7,12.99,13.66,0.67,19.79,79df482864a622f7dd83bab16ae7743c,https://www.actionfigure411.com/star-wars/micro-galaxy-squadron/light-armor-class/anakin-skywalkers-jedi-interceptor-5849.php,2023-01-01,Anakin Skywalker,1.0000000000000002
13,Micro Galaxy,52,Light Armor Class,groupTable262,2201,57A,Anakin's Jedi Interceptor (Armada Edition),8,2025,6,12.99,13.58,0.59,18.99,0ffd10c1b77dcfd10975a8b9294bbeae,https://www.actionfigure411.com/star-wars/micro-galaxy-squadron/light-armor-class/anakins-jedi-interceptor-armada-edition-10222.php,2025-01-01,Anakin Skywalker,0.7419392967573335
13,Micro Galaxy,52,Light Armor Class,groupTable262,2202,58,First Order Tie Fighter,3,2023,4,12.99,16.11,3.12,19.94,ca7b79af22a4a9ed4628783fd32f2c82,https://www.actionfigure411.com/star-wars/micro-galaxy-squadron/light-armor-class/first-order-tie-fighter-5898.php,2023-01-01,First Order Raiders,0.794103136389463
13,Micro Galaxy,52,Light Armor Class,groupTable262,2203,59,Plo Koon's Jedi Starfighter,3 (Rare),2023,5,12.99,68.5,55.51,76.49,3bc678f4814c0817cb6b5a377e22a50f,https://www.actionfigure411.com/star-wars/micro-galaxy-squadron/light-armor-class/plo-koons-jedi-starfighter-5908.php,2023-01-01,Plo Koon,1.0000000000000002
13,Micro Galaxy,52,Light Armor Class,groupTable262,2204,60,Aayla Secura's Jedi Interceptor,3 (Chase),2023,4,12.99,64.25,51.26,74.99,c2f00430f38dd24170d6514125cfd51a,https://www.actionfigure411.com/star-wars/micro-galaxy-squadron/light-armor-class/aayla-securas-jedi-interceptor-5909.php,2023-01-01,Aayla Secura,1.0000000000000002
13,Micro Galaxy,52,Light Armor Class,groupTable262,2207,80,Luke Skywalker's Landspeeder ( $-11.83),4 (Chase),2023,34,12.99,34.44,21.45,65.0,90054398b1a5d8af61870049f9f1abfe,https://www.actionfigure411.com/star-wars/micro-galaxy-squadron/light-armor-class/luke-skywalkers-landspeeder-7776.php,2023-01-01,Luke Skywalker,0.8030965629369695
13,Micro Galaxy,52,Light Armor Class,groupTable262,2208,81,Royal Guard Tie Interceptor ( $3.85),4 (Rare),2023,31,12.99,25.75,12.76,40.0,971fe3a87370402232636efaa53aaf2c,https://www.actionfigure411.com/star-wars/micro-galaxy-squadron/light-armor-class/royal-guard-tie-interceptor-7775.php,2023-01-01,Pyke Guard,0.7534510784814418
13,Micro Galaxy,52,Light Armor Class,groupTable262,2211,103,Mace Windu’s Jedi Interceptor,5,2024,4,12.99,13.8,0.81,25.0,625d4253c16c8546f4cecd42a0746a85,https://www.actionfigure411.com/star-wars/micro-galaxy-squadron/light-armor-class/mace-windus-jedi-interceptor-7990.php,2024-01-01,Mace Windu,1.0000000000000002
13,Micro Galaxy,52,Light Armor Class,groupTable262,2212,104,Darth Vader's Sith Interceptor,5 (Rare),2024,8,12.99,108.5,95.51,139.99,8c164ee555b4e6de536df1adbb1ae289,https://www.actionfigure411.com/star-wars/micro-galaxy-squadron/light-armor-class/darth-vaders-sith-interceptor-8120.php,2024-01-01,Darth Vader,1.0
13,Micro Galaxy,52,Light Armor Class,groupTable262,2213,105,Kit Fisto's Jedi Starfighter,5 (Chase),2024,1,12.99,124.95,111.96,124.95,5e51da0bcd25809f831c08818c38e3ff,https://www.actionfigure411.com/star-wars/micro-galaxy-squadron/light-armor-class/kit-fistos-jedi-starfighter-8121.php,2024-01-01,Kit Fisto,1.0000000000000002
13,Micro Galaxy,52,Light Armor Class,groupTable262,2214,113,Ahsoka Tano’s Jedi Starfighters Set,Amazon,2023,1,24.99,20.99,-4.0,20.99,e4bad35656eea9b34644b1341b3432ca,https://www.actionfigure411.com/star-wars/micro-galaxy-squadron/light-armor-class/ahsoka-tanos-jedi-starfighters-set-7167.php,2023-01-01,Ahsoka Tano,1.0000000000000002
13,Micro Galaxy,52,Light Armor Class,groupTable262,2215,119,Pirate Snub Fighter,6,2024,4,12.99,17.75,4.76,19.99,1976d69e2a73054de6b1fc856111fad3,https://www.actionfigure411.com/star-wars/micro-galaxy-squadron/light-armor-class/pirate-snub-fighter-8741.php,2024-01-01,Shydopp Pirate,0.7071067811865476
13,Micro Galaxy,52,Light Armor Class,groupTable262,2220,140,Saesee Tiin's Jedi Starfighter,7,2024,4,12.99,12.47,-0.52,14.9,ed4370ba509a22236895d60df047d2ca,https://www.actionfigure411.com/star-wars/micro-galaxy-squadron/light-armor-class/saesee-tiins-jedi-starfighter-8848.php,2024-01-01,Saesee Tiin,1.0000000000000002
13,Micro Galaxy,52,Light Armor Class,groupTable262,2221,142,Kylo Ren's Tie Whisper (Destroyed),7 (Rare),2024,3,13.97,25.78,11.81,29.99,725d0856b26524154c913dbfb3c5d3ff,https://www.actionfigure411.com/star-wars/micro-galaxy-squadron/light-armor-class/kylo-rens-tie-whisper-destroyed-9318.php,2024-01-01,Supreme Leader Kylo Ren,0.7345111134705395
13,Micro Galaxy,52,Light Armor Class,groupTable262,2225,170,Mace Windu's Jedi Starfighter,8 (Rare),2025,12,12.99,16.83,3.84,22.5,d66db5edd20b2f05ab7221f0380ba80e,https://www.actionfigure411.com/star-wars/micro-galaxy-squadron/light-armor-class/mace-windus-jedi-starfighter-11028.php,2025-01-01,Mace Windu,1.0000000000000002
13,Micro Galaxy,52,Light Armor Class,groupTable262,2226,171,Obi-Wan’s Jedi Interceptor (Utapau),8 (Chase),2025,2,12.99,77.97,64.98,85.98,3f64b935baded179c8a9df78f37dd55f,https://www.actionfigure411.com/star-wars/micro-galaxy-squadron/light-armor-class/obi-wans-jedi-interceptor-utapau-10959.php,2025-01-01,Obi-Wan Kenobi,0.816496580927726
13,Micro Galaxy,52,Light Armor Class,groupTable262,2227,184,Obi-Wan’s Jedi Interceptor (Weathered - Utapau),Target,2025,1,0.0,49.99,49.99,49.99,e3823d2e0d0bcbfd82055582ce5d65d0,https://www.actionfigure411.com/star-wars/micro-galaxy-squadron/light-armor-class/obi-wans-jedi-interceptor-weathered-utapau-10449.php,2025-01-01,Obi-Wan Kenobi,0.816496580927726
13,Micro Galaxy,52,Light Armor Class,groupTable262,2230,195,Ezra Bridger's A-Wing,9 (Rare),2025,12,12.99,39.09,26.1,51.0,b5d40d5741c6756ecbe7e5f2db4bb54b,https://www.actionfigure411.com/star-wars/micro-galaxy-squadron/light-armor-class/ezra-bridgers-a-wing-11684.php,2025-01-01,Ezra Bridger,1.0000000000000002
13,Micro Galaxy,53,Starfighter Class,groupTable261,2237,14,Jedi Starfighter (Obi-Wan),1,2022,5,16.99,16.69,-0.3,24.99,8e36ce733c918fa8d4b31949e56bafb2,https://www.actionfigure411.com/star-wars/micro-galaxy-squadron/starfighter-class/jedi-starfighter-obi-wan-4247.php,2022-01-01,Obi-Wan Kenobi,0.816496580927726
13,Micro Galaxy,53,Starfighter Class,groupTable261,2238,15,X-Wing (Luke Skywalker),1,2022,10,16.99,19.59,2.6,26.5,9142045649c1d3fd02363e930a8ccb89,https://www.actionfigure411.com/star-wars/micro-galaxy-squadron/starfighter-class/x-wing-luke-skywalker-4233.php,2022-01-01,Luke Skywalker,1.0000000000000002
13,Micro Galaxy,53,Starfighter Class,groupTable261,2239,16,Tie Advanced (Darth Vader),1,2022,12,16.99,31.11,14.12,39.95,09be7b9ab1233f019a0b61e028e813f3,https://www.actionfigure411.com/star-wars/micro-galaxy-squadron/starfighter-class/tie-advanced-darth-vader-4234.php,2022-01-01,Darth Vader,1.0
13,Micro Galaxy,53,Starfighter Class,groupTable261,2240,17,Outland Tie Fighter (Moff Gideon),1 (Rare),2022,15,16.99,31.42,14.43,44.99,ccf6c73604bb6d4d29a3744435000af2,https://www.actionfigure411.com/star-wars/micro-galaxy-squadron/starfighter-class/outland-tie-fighter-moff-gideon-4238.php,2022-01-01,Moff Gideon,1.0
13,Micro Galaxy,53,Starfighter Class,groupTable261,2241,18,X-Wing (Luke Skywalker) - Weathered,1 (Chase),2022,8,16.99,44.62,27.63,50.0,8e8aefd3adbb5e1f755f9cf0a5c08ed8,https://www.actionfigure411.com/star-wars/micro-galaxy-squadron/starfighter-class/x-wing-luke-skywalker-weathered-4264.php,2022-01-01,Luke Skywalker,1.0000000000000002
13,Micro Galaxy,53,Starfighter Class,groupTable261,2242,37,Bo Katan's Gauntlet Fighter,2,2022,6,16.99,16.97,-0.02,27.99,c51fcf02575d0d5275adb06026bd72c4,https://www.actionfigure411.com/star-wars/micro-galaxy-squadron/starfighter-class/bo-katans-gauntlet-fighter-5425.php,2022-01-01,Bo-Katan Kryze,0.8356684141764008
13,Micro Galaxy,53,Starfighter Class,groupTable261,2243,37A,Bo Katan's Gauntlet Fighter (Armada),6,2024,2,16.99,16.64,-0.35,20.0,002af0890ab88629f00143607db53855,https://www.actionfigure411.com/star-wars/micro-galaxy-squadron/starfighter-class/bo-katans-gauntlet-fighter-armada-8687.php,2024-01-01,Bo-Katan Kryze,0.8356684141764008
13,Micro Galaxy,53,Starfighter Class,groupTable261,2244,38,Luke Skywalker's Snowspeeder,2,2022,5,16.99,17.94,0.95,19.95,8308409869dca2802f087cf0cae422ed,https://www.actionfigure411.com/star-wars/micro-galaxy-squadron/starfighter-class/luke-skywalkers-snowspeeder-5426.php,2022-01-01,Luke Skywalker,1.0000000000000002
13,Micro Galaxy,53,Starfighter Class,groupTable261,2245,38A,Luke Skywalker’s Snowspeeder (Armada Edition),7,2024,8,14.99,16.75,1.76,20.0,4b30a69ff75b56fb87594fcf99f830cb,https://www.actionfigure411.com/star-wars/micro-galaxy-squadron/starfighter-class/luke-skywalkers-snowspeeder-armada-edition-8850.php,2024-01-01,Luke Skywalker,1.0000000000000002
13,Micro Galaxy,53,Starfighter Class,groupTable261,2247,40,Jedi Starfighter (Ahsoka Tano),2 (Rare),2022,7,16.99,22.47,5.48,29.99,6517753199b06b1b55ccc19933dd557d,https://www.actionfigure411.com/star-wars/micro-galaxy-squadron/starfighter-class/jedi-starfighter-ahsoka-tano-5440.php,2022-01-01,Ahsoka Tano,1.0000000000000002
13,Micro Galaxy,53,Starfighter Class,groupTable261,2248,41,X-Wing (Antoc Merrick),2 (Chase),2022,6,16.99,90.82,73.83,129.99,2df708b4ceffafbace14ccd9bda435a5,https://www.actionfigure411.com/star-wars/micro-galaxy-squadron/starfighter-class/x-wing-antoc-merrick-5439.php,2022-01-01,General Merrick,0.8241874204827399
13,Micro Galaxy,53,Starfighter Class,groupTable261,2249,61,Jedi Starfighter (Anakin Skywalker),3,2023,8,16.99,19.09,2.1,28.95,0ba36ed0b123aed7ee8e55422db83d55,https://www.actionfigure411.com/star-wars/micro-galaxy-squadron/starfighter-class/jedi-starfighter-anakin-skywalker-5927.php,2023-01-01,Anakin Skywalker,1.0000000000000002
13,Micro Galaxy,53,Starfighter Class,groupTable261,2250,62,Poe Dameron's T-70 X-Wing (TFA),3,2023,9,16.99,31.35,14.36,49.88,324669395598803fc0c710960340d093,https://www.actionfigure411.com/star-wars/micro-galaxy-squadron/starfighter-class/poe-damerons-t-70-x-wing-tfa-5889.php,2023-01-01,Poe Dameron,1.0000000000000002
13,Micro Galaxy,53,Starfighter Class,groupTable261,2251,62A,Poe Dameron's T-70 X-Wing (Armada Edition),8,2025,9,16.99,35.85,18.86,40.0,90a4b7b31f4d0e3e64e575f803783cad,https://www.actionfigure411.com/star-wars/micro-galaxy-squadron/starfighter-class/poe-damerons-t-70-x-wing-armada-edition-11030.php,2025-01-01,Poe Dameron,1.0000000000000002
13,Micro Galaxy,53,Starfighter Class,groupTable261,2254,64,General Grievous's Starfighter,3 (Rare),2023,9,16.99,28.73,11.74,49.77,2eafb35abd5e15ffdb1e570f8bc96f7f,https://www.actionfigure411.com/star-wars/micro-galaxy-squadron/starfighter-class/general-grievouss-starfighter-5907.php,2023-01-01,General Grievous,0.9999999999999998
13,Micro Galaxy,53,Starfighter Class,groupTable261,2255,65,Poe Dameron's T-70 X-Wing (Blue),3 (Chase),2023,2,16.99,60.0,43.01,60.0,09b02b187aaf5ff2fbcab47bc2c3dec8,https://www.actionfigure411.com/star-wars/micro-galaxy-squadron/starfighter-class/poe-damerons-t-70-x-wing-blue-6564.php,2023-01-01,Poe Dameron,0.816496580927726
13,Micro Galaxy,53,Starfighter Class,groupTable261,2260,86,Biggs Darklighter's X-Wing,4 (Chase),2023,6,16.99,90.16,73.17,130.0,7cfe5420ca2d587702b322d730842432,https://www.actionfigure411.com/star-wars/micro-galaxy-squadron/starfighter-class/biggs-darklighters-x-wing-7777.php,2023-01-01,Biggs Darklighter,1.0000000000000002
13,Micro Galaxy,53,Starfighter Class,groupTable261,2261,87,X-Wing (Wedge Antilles) - Damaged,4 (Rare),2023,3,16.99,32.45,15.46,39.02,3dff8432af4ff211d0ec2a8afbb276b9,https://www.actionfigure411.com/star-wars/micro-galaxy-squadron/starfighter-class/x-wing-wedge-antilles-damaged-6994.php,2023-01-01,Wedge Antilles,1.0
13,Micro Galaxy,53,Starfighter Class,groupTable261,2264,108,Poe Dameron's T-70 X-Wing (TROS),5,2024,1,16.99,36.99,20.0,36.99,2143c8bb2959561e5cafe27508527d0f,https://www.actionfigure411.com/star-wars/micro-galaxy-squadron/starfighter-class/poe-damerons-t-70-x-wing-tros-7991.php,2024-01-01,Poe Dameron,1.0000000000000002
13,Micro Galaxy,53,Starfighter Class,groupTable261,2266,114,Luke Skywalker's X-Wing Hologram,5 (Chase),2024,1,16.99,26.0,9.01,26.0,f1788c8e6cd2f9acf395edc55e2f60e4,https://www.actionfigure411.com/star-wars/micro-galaxy-squadron/starfighter-class/luke-skywalkers-x-wing-hologram-7992.php,2024-01-01,Luke Skywalker,1.0000000000000002
13,Micro Galaxy,53,Starfighter Class,groupTable261,2269,126,X-Wing (Hera Syndulla),6 (Rare),2024,22,16.99,26.18,9.19,39.5,3851753775594664861507709c78a9f8,https://www.actionfigure411.com/star-wars/micro-galaxy-squadron/starfighter-class/x-wing-hera-syndulla-8686.php,2024-01-01,Hera Syndulla,1.0
13,Micro Galaxy,53,Starfighter Class,groupTable261,2270,128,X-Wing (Luke Skywalker - Kenner),6 (Chase),2024,6,16.99,70.33,53.34,119.0,da219301ca23e87eb6afe193ad68d472,https://www.actionfigure411.com/star-wars/micro-galaxy-squadron/starfighter-class/x-wing-luke-skywalker-kenner-8685.php,2024-01-01,Luke Skywalker,1.0000000000000002
13,Micro Galaxy,53,Starfighter Class,groupTable261,2272,145,Shin Hati's Fiend Fighter,7,2024,7,14.99,14.62,-0.37,30.0,f31d0144f6b6b68fdde58f563e22375e,https://www.actionfigure411.com/star-wars/micro-galaxy-squadron/starfighter-class/shin-hatis-fiend-fighter-8849.php,2024-01-01,Shin Hati,1.0000000000000002
13,Micro Galaxy,53,Starfighter Class,groupTable261,2273,147,Darth Maul's Nightbrother,7 (Rare),2024,14,16.99,24.49,7.5,38.0,f7a65868c655bc4c9df7965d8e6e3603,https://www.actionfigure411.com/star-wars/micro-galaxy-squadron/starfighter-class/darth-mauls-nightbrother-9153.php,2024-01-01,Maul,0.7534510784814418
13,Micro Galaxy,53,Starfighter Class,groupTable261,2274,148,Marrok's Fiend Fighter,7 (Chase),2024,11,16.99,30.51,13.52,36.99,d2edf88bec74cf67f79b434619562699,https://www.actionfigure411.com/star-wars/micro-galaxy-squadron/starfighter-class/marroks-fiend-fighter-9154.php,2024-01-01,Marrok (Inquisitor),0.7440647327220956
13,Micro Galaxy,53,Starfighter Class,groupTable261,2275,150,Anakin's Naboo N-1 Starfighter,Target,2024,7,14.99,11.19,-3.8,12.99,7861a76d266b79b195dfa382e6398e63,https://www.actionfigure411.com/star-wars/micro-galaxy-squadron/starfighter-class/anakins-naboo-n-1-starfighter-8119.php,2024-01-01,Anakin Skywalker,0.7419392967573335
13,Micro Galaxy,53,Starfighter Class,groupTable261,2276,172,Kylo Ren's TIE Silencer,8,2025,5,14.99,16.59,1.6,19.99,1b772421312b07d726da2f2605f2b7d8,https://www.actionfigure411.com/star-wars/micro-galaxy-squadron/starfighter-class/kylo-rens-tie-silencer-10223.php,2025-01-01,Supreme Leader Kylo Ren,0.7345111134705395
13,Micro Galaxy,53,Starfighter Class,groupTable261,2280,183,General Grievous’s Starfighter,Target,2025,0,0.0,,,0.0,69d0bfd468976f88e70f64b3bcffb93e,https://www.actionfigure411.com/star-wars/micro-galaxy-squadron/starfighter-class/general-grievouss-starfighter-10450.php,2025-01-01,General Grievous,0.9999999999999998
13,Micro Galaxy,53,Starfighter Class,groupTable261,2281,197,AT-DP ( $-11.78),9,2025,18,14.99,28.71,13.72,39.99,0299726e1f70917b911798776513e53d,https://www.actionfigure411.com/star-wars/micro-galaxy-squadron/starfighter-class/at-dp-11686.php,2025-01-01,IG-11,0.7419392967573335
13,Micro Galaxy,55,Starship Class,groupTable259,2289,21,Boba Fett's Starship (Slave I),1,2022,6,29.99,20.1,-9.89,25.9,5e04b5adfb3c36a45ab69cd36aef533a,https://www.actionfigure411.com/star-wars/micro-galaxy-squadron/starship-class/boba-fetts-starship-slave-i-4235.php,2022-01-01,Boba Fett,0.808724952682001
13,Micro Galaxy,55,Starship Class,groupTable259,2293,44,Jango Fett's Starship,2,2022,7,29.99,23.37,-6.62,29.99,fc25ad7fe37b5773869a95d0f07406f1,https://www.actionfigure411.com/star-wars/micro-galaxy-squadron/starship-class/jango-fetts-starship-5429.php,2022-01-01,Jango Fett,1.0
13,Micro Galaxy,55,Starship Class,groupTable259,2302,182,Boba Fett's Starship (ESB),8,2025,2,34.99,18.63,-16.36,19.25,1ad909abcae79f8b67b85f4d99cf4284,https://www.actionfigure411.com/star-wars/micro-galaxy-squadron/starship-class/boba-fetts-starship-esb-9393.php,2025-01-01,Boba Fett,1.0
13,Micro Galaxy,56,Dreadnaught Class,groupTable466,2305,149,Ahsoka Tano's T-6 Shuttle,Walmart,2024,9,29.97,20.77,-9.2,26.98,47dfb957f44d91364d06fd770df6fde4,https://www.actionfigure411.com/star-wars/micro-galaxy-squadron/dreadnaught-class/ahsoka-tanos-t-6-shuttle-8765.php,2024-01-01,Ahsoka Tano,1.0000000000000002
13,Micro Galaxy,57,Assault Class,groupTable258,2309,89,AT-AT Walker ( $12.31),2,2023,10,59.99,81.19,21.2,99.0,c6c239cb0470ad68b825028b2034bb2b,https://www.actionfigure411.com/star-wars/micro-galaxy-squadron/assault-class/at-at-walker-6653.php,2023-01-01,LE-12,0.7273016634383198
13,Micro Galaxy,58,Battle Packs,groupTable323,2322,154,Battle Droid Battle Pack,Disney,2024,2,59.99,73.0,13.01,100.0,1e6d114a90a5b287f0cb7ffc655e32cf,https://www.actionfigure411.com/star-wars/micro-galaxy-squadron/battle-packs/battle-droid-battle-pack-8527.php,2024-01-01,Battle Droid 513,0.7550219953602351
13,Micro Galaxy,59,Exclusives,groupTable394,2339,,Anakin Evolution Set,Target,2025,2,59.99,67.99,8.0,69.99,200dac36d9f15e5d7050c9e0acfbcabc,https://www.actionfigure411.com/star-wars/micro-galaxy-squadron/exclusives/anakin-evolution-set-12133.php,2025-01-01,Anakin Skywalker,0.7419392967573335
13,Micro Galaxy,59,Exclusives,groupTable394,2340,,Darth Vader's Tie Advanced (Imperial Hangar Bay),SDCC,2025,0,100.0,,,0.0,1e727e990d9256e923cff52bf80d9552,https://www.actionfigure411.com/star-wars/micro-galaxy-squadron/exclusives/darth-vaders-tie-advanced-imperial-hangar-bay-11752.php,2025-01-01,Darth Vader,0.8150004739284686
13,Micro Galaxy,59,Exclusives,groupTable394,2360,LE 10,Hera Syndulla’s B-wing,Vault,2025,4,30.0,75.89,45.89,89.98,e9edcd7b5544f22d907546293be7c648,https://www.actionfigure411.com/star-wars/micro-galaxy-squadron/exclusives/hera-syndullas-b-wing-10579.php,2025-01-01,Hera Syndulla,1.0
14,30th Anniversary,60,Action Figures,groupTable237,2364,01,Darth Vader (Coin Album),1,2007,4,9.99,7.52,-2.47,12.0,b761a702c55491ced9f5972dfd90baa3,https://www.actionfigure411.com/star-wars/30th-anniversary/action-figures/darth-vader-coin-album-3864.php,2007-01-01,Darth Vader,1.0
14,30th Anniversary,60,Action Figures,groupTable237,2368,04,R2-D2 (Gold Coin),1,2007,4,6.99,15.49,8.5,25.99,3f58c8900407b6d930b4f83157c4083d,https://www.actionfigure411.com/star-wars/30th-anniversary/action-figures/r2-d2-gold-coin-3886.php,2007-01-01,R2-D2,1.0
14,30th Anniversary,60,Action Figures,groupTable237,2369,04,R2-D2 (ROTS - Galactic Hunt),1,2007,2,6.99,8.7,1.71,11.4,eec07d2d81b265eebbe86d663f44ea30,https://www.actionfigure411.com/star-wars/30th-anniversary/action-figures/r2-d2-rots-galactic-hunt-3867.php,2007-01-01,R2-D2,1.0
14,30th Anniversary,60,Action Figures,groupTable237,2370,05,Obi-Wan Kenobi (General Grievous Duel),1,2007,2,6.99,7.75,0.76,8.5,5ea81b9814115d3104379a0acac14318,https://www.actionfigure411.com/star-wars/30th-anniversary/action-figures/obi-wan-kenobi-general-grievous-duel-3868.php,2007-01-01,Obi-Wan Kenobi,0.8190362225484837
14,30th Anniversary,60,Action Figures,groupTable237,2371,06,Mace Windu,1,2007,3,6.99,10.33,3.34,20.0,f083a0bdd314607ad260844ed92a3e98,https://www.actionfigure411.com/star-wars/30th-anniversary/action-figures/mace-windu-3869.php,2007-01-01,Mace Windu,1.0000000000000002
14,30th Anniversary,60,Action Figures,groupTable237,2372,06,Mace Windu (Gold Coin),1,2007,1,6.99,14.99,8.0,14.99,47c460172fb6a376ff92b7a504fc36ef,https://www.actionfigure411.com/star-wars/30th-anniversary/action-figures/mace-windu-gold-coin-3887.php,2007-01-01,Mace Windu,1.0000000000000002
14,30th Anniversary,60,Action Figures,groupTable237,2373,07,Airborne Trooper ( $-4.18),1,2007,11,6.99,24.04,17.05,29.99,dc0662516be890ca35befce0ec42b5f7,https://www.actionfigure411.com/star-wars/30th-anniversary/action-figures/airborne-trooper-3870.php,2007-01-01,Clone X trooper,0.7772933980533595
14,30th Anniversary,60,Action Figures,groupTable237,2374,07,Airborne Trooper (Gold Coin),1,2007,3,6.99,29.99,23.0,39.99,d85789344d9b801f5847bcb5122bc5eb,https://www.actionfigure411.com/star-wars/30th-anniversary/action-figures/airborne-trooper-gold-coin-3871.php,2007-01-01,Clone X trooper,0.7772933980533595
14,30th Anniversary,60,Action Figures,groupTable237,2375,08,Super Battle Droid,1,2007,1,6.99,15.0,8.01,15.0,833a91aef71b63475d1bdd024fcc2bae,https://www.actionfigure411.com/star-wars/30th-anniversary/action-figures/super-battle-droid-3872.php,2007-01-01,Battle Droid 513,0.7892379838534719
14,30th Anniversary,60,Action Figures,groupTable237,2378,10,Rebel Honor Guard,2,2007,9,6.99,16.97,9.98,22.99,c2a2fbafdfb8f081ac4399c9004e1191,https://www.actionfigure411.com/star-wars/30th-anniversary/action-figures/rebel-honor-guard-3875.php,2007-01-01,Pyke Guard,0.7534510784814418
14,30th Anniversary,60,Action Figures,groupTable237,2379,11,Han Solo,2,2007,1,6.99,6.97,-0.02,6.97,343b4f3fd942ac5cc785dadeab4e150f,https://www.actionfigure411.com/star-wars/30th-anniversary/action-figures/han-solo-3876.php,2007-01-01,Han Solo,1.0000000000000002
14,30th Anniversary,60,Action Figures,groupTable237,2380,11,Han Solo (Gold Coin),2,2007,2,6.99,15.94,8.95,21.89,37ea1abbbea2dbf0d94ef531cce714c3,https://www.actionfigure411.com/star-wars/30th-anniversary/action-figures/han-solo-gold-coin-3877.php,2007-01-01,Han Solo,1.0000000000000002
14,30th Anniversary,60,Action Figures,groupTable237,2381,12,Luke Skywalker (Yavin Ceremony),2,2007,1,6.99,5.0,-1.99,5.0,07b0f5309bf2f4ae6a51e775930337a4,https://www.actionfigure411.com/star-wars/30th-anniversary/action-figures/luke-skywalker-yavin-ceremony-3878.php,2007-01-01,Luke Skywalker,1.0000000000000002
14,30th Anniversary,60,Action Figures,groupTable237,2382,12,Luke Skywalker (Yavin Ceremony - Gold Coin),2,2007,1,6.99,10.95,3.96,10.95,4fc10079be6aab9eba1fbd5117da252e,https://www.actionfigure411.com/star-wars/30th-anniversary/action-figures/luke-skywalker-yavin-ceremony-gold-coin-3879.php,2007-01-01,Luke Skywalker,1.0000000000000002
14,30th Anniversary,60,Action Figures,groupTable237,2383,13,Death Star Trooper,2,2007,9,6.99,12.71,5.72,25.5,466ec04e6547bb9583ddb872dfacb518,https://www.actionfigure411.com/star-wars/30th-anniversary/action-figures/death-star-trooper-3880.php,2007-01-01,Clone X trooper,0.7772933980533595
14,30th Anniversary,60,Action Figures,groupTable237,2384,14,Biggs Darklighter (Gold Coin),2,2007,2,6.99,9.99,3.0,9.99,d231cc39dd57a620d5e03a4b58c13ee0,https://www.actionfigure411.com/star-wars/30th-anniversary/action-figures/biggs-darklighter-gold-coin-3882.php,2007-01-01,Biggs Darklighter,1.0000000000000002
14,30th Anniversary,60,Action Figures,groupTable237,2385,14,Biggs Darklighter,2,2007,3,6.99,15.0,8.01,18.0,844e16e58c2a46e85588b18a73c92f1e,https://www.actionfigure411.com/star-wars/30th-anniversary/action-figures/biggs-darklighter-3881.php,2007-01-01,Biggs Darklighter,1.0000000000000002
14,30th Anniversary,60,Action Figures,groupTable237,2386,15,Boba Fett (Concept - Gold Coin),2,2007,1,6.99,17.95,10.96,17.95,c1c42f12a8b1e4c8536ae6310105d77d,https://www.actionfigure411.com/star-wars/30th-anniversary/action-figures/boba-fett-concept-gold-coin-3884.php,2007-01-01,Boba Fett,1.0
14,30th Anniversary,60,Action Figures,groupTable237,2387,15,Boba Fett (Concept),2,2007,3,6.99,16.98,9.99,21.99,9e13b86c233b23bf83a4e9853876f4ba,https://www.actionfigure411.com/star-wars/30th-anniversary/action-figures/boba-fett-concept-3883.php,2007-01-01,Boba Fett,1.0
14,30th Anniversary,60,Action Figures,groupTable237,2388,16,Darth Vader (ANH),3,2007,1,6.99,11.95,4.96,11.95,42e6b5f9676a8a59ee61b48b3856bc36,https://www.actionfigure411.com/star-wars/30th-anniversary/action-figures/darth-vader-anh-3888.php,2007-01-01,Darth Vader,1.0
14,30th Anniversary,60,Action Figures,groupTable237,2389,16,Darth Vader (Gold Coin),3,2007,3,6.99,10.52,3.53,14.58,9d3c6081ad2293f806929d373bbcd8bf,https://www.actionfigure411.com/star-wars/30th-anniversary/action-figures/darth-vader-gold-coin-3889.php,2007-01-01,Darth Vader,1.0
14,30th Anniversary,60,Action Figures,groupTable237,2390,17,Biggs Darklighter (Space Academy),3,2007,5,6.99,10.53,3.54,16.65,8959d4ac7b30886806ce37ebb4295a0d,https://www.actionfigure411.com/star-wars/30th-anniversary/action-figures/biggs-darklighter-space-academy-3890.php,2007-01-01,Biggs Darklighter,1.0000000000000002
14,30th Anniversary,60,Action Figures,groupTable237,2391,18,Luke Skywalker (Tatooine Moisture Farmer),3,2007,4,6.99,22.49,15.5,29.99,3693e9bfe2441dcd3e5d66431ab77eec,https://www.actionfigure411.com/star-wars/30th-anniversary/action-figures/luke-skywalker-tatooine-moisture-farmer-3891.php,2007-01-01,Luke Skywalker,1.0000000000000002
14,30th Anniversary,60,Action Figures,groupTable237,2394,21,Chewbacca (Concept),3,2007,3,6.99,11.86,4.87,14.59,58e35345bfc108fdd8c5730607bdc4fc,https://www.actionfigure411.com/star-wars/30th-anniversary/action-figures/chewbacca-concept-3894.php,2007-01-01,Chewbacca,1.0
14,30th Anniversary,60,Action Figures,groupTable237,2397,24,Boba Fett (Animated Debut - Gold Coin),4,2007,1,6.99,12.5,5.51,12.5,39beed93f80c23e5259e16ab6aaa2202,https://www.actionfigure411.com/star-wars/30th-anniversary/action-figures/boba-fett-animated-debut-gold-coin-3898.php,2007-01-01,Boba Fett,1.0
14,30th Anniversary,60,Action Figures,groupTable237,2398,24,Boba Fett (Animated Debut),4,2007,4,6.99,12.97,5.98,17.99,6d74ebfadd621349dc19e946e648153e,https://www.actionfigure411.com/star-wars/30th-anniversary/action-figures/boba-fett-animated-debut-3897.php,2007-01-01,Boba Fett,1.0
14,30th Anniversary,60,Action Figures,groupTable237,2399,25,Luke Skywalker (Jedi Knight),4,2007,2,6.99,7.0,0.01,8.0,042ab789d2df4771f9087a397b0b3c9f,https://www.actionfigure411.com/star-wars/30th-anniversary/action-figures/luke-skywalker-jedi-knight-3899.php,2007-01-01,Luke Skywalker,1.0000000000000002
14,30th Anniversary,60,Action Figures,groupTable237,2402,28,Darth Vader (Concept),4,2007,2,6.99,10.47,3.48,10.95,f9c279109c2eb97850c922a60be74035,https://www.actionfigure411.com/star-wars/30th-anniversary/action-figures/darth-vader-concept-3902.php,2007-01-01,Darth Vader,1.0
14,30th Anniversary,60,Action Figures,groupTable237,2403,29,Hermi Odle,4,2007,8,6.99,37.76,30.77,45.0,66096b4e25b970d2f38b68062defffff,https://www.actionfigure411.com/star-wars/30th-anniversary/action-figures/hermi-odle-3903.php,2007-01-01,Hermi Odle,1.0000000000000002
14,30th Anniversary,60,Action Figures,groupTable237,2404,30,C-3PO & Salacious Crumb,4,2007,4,6.99,19.5,12.51,24.95,687039f9daaa3744ad8c1b3da8939f06,https://www.actionfigure411.com/star-wars/30th-anniversary/action-figures/c-3po-salacious-crumb-3904.php,2007-01-01,Salacious B  Crumb,0.816496580927726
14,30th Anniversary,60,Action Figures,groupTable237,2406,32,Yoda & Kybuck,5,2007,1,6.99,12.0,5.01,12.0,1845f4b097102e2f8e245e9c8571c794,https://www.actionfigure411.com/star-wars/30th-anniversary/action-figures/yoda-kybuck-3908.php,2007-01-01,Yoda,1.0
14,30th Anniversary,60,Action Figures,groupTable237,2407,33,Anakin Skywalker,5,2007,1,6.99,5.0,-1.99,5.0,6ba7f34eebe5463416fa1db6c56b8b7b,https://www.actionfigure411.com/star-wars/30th-anniversary/action-figures/anakin-skywalker-3909.php,2007-01-01,Anakin Skywalker,1.0000000000000002
14,30th Anniversary,60,Action Figures,groupTable237,2412,38,Han Solo (Torture Rack),6,2007,1,6.99,15.0,8.01,15.0,2db0883bf5b2f221ba081c14116cd816,https://www.actionfigure411.com/star-wars/30th-anniversary/action-figures/han-solo-torture-rack-3921.php,2007-01-01,Han Solo,0.816496580927726
14,30th Anniversary,60,Action Figures,groupTable237,2413,39,Lando Calrissian (Smuggler Outfit),6,2007,2,6.99,8.99,2.0,10.0,1bb09c7fac545249e99b5704945fb22c,https://www.actionfigure411.com/star-wars/30th-anniversary/action-figures/lando-calrissian-smuggler-outfit-3922.php,2007-01-01,Lando Calrissian,1.0000000000000002
14,30th Anniversary,60,Action Figures,groupTable237,2415,41,4-LOM,6,2007,2,6.99,14.49,7.5,14.98,9f4ed7fb89a4f277de5780b84b67a539,https://www.actionfigure411.com/star-wars/30th-anniversary/action-figures/4-lom-3924.php,2007-01-01,4-LOM,1.0
14,30th Anniversary,60,Action Figures,groupTable237,2419,45,Anakin Skywalker (Spirit),7,2007,2,6.99,9.0,2.01,9.99,fe26881b095f10bbe94c5702bf2852e4,https://www.actionfigure411.com/star-wars/30th-anniversary/action-figures/anakin-skywalker-spirit-3928.php,2007-01-01,Anakin Skywalker,1.0000000000000002
14,30th Anniversary,60,Action Figures,groupTable237,2420,46,R2-D2 (Cargo Net),7,2007,3,6.99,16.61,9.62,19.98,8d568558f269fcd3d405b3cf3accaf43,https://www.actionfigure411.com/star-wars/30th-anniversary/action-figures/r2-d2-cargo-net-3929.php,2007-01-01,R2-D2,1.0
14,30th Anniversary,60,Action Figures,groupTable237,2421,47,Han Solo (Concept),7,2007,5,6.99,8.99,2.0,12.49,2aba8be047b60c001d46d64e3964f98e,https://www.actionfigure411.com/star-wars/30th-anniversary/action-figures/han-solo-concept-3930.php,2007-01-01,Han Solo,1.0000000000000002
14,30th Anniversary,60,Action Figures,groupTable237,2422,48,Darth Vader (Hologram),7.5,2007,2,6.99,9.0,2.01,10.0,926f727cd6f3cdeb996b5092bb930a46,https://www.actionfigure411.com/star-wars/30th-anniversary/action-figures/darth-vader-hologram-3931.php,2007-01-01,Darth Vader,1.0
14,30th Anniversary,60,Action Figures,groupTable237,2423,49,Clone Trooper (7th Legion Trooper),7.5,2007,3,6.99,17.32,10.33,21.98,1b1b62b53c8a8d0e02558cef9c7079dd,https://www.actionfigure411.com/star-wars/30th-anniversary/action-figures/clone-trooper-7th-legion-trooper-3932.php,2007-01-01,Clone X trooper,0.956541771751753
14,30th Anniversary,60,Action Figures,groupTable237,2424,50,Clone Trooper (Hawkbat Battalion),7.5,2007,7,6.99,15.29,8.3,19.99,2137a7190081732e4ed4f2a04410904b,https://www.actionfigure411.com/star-wars/30th-anniversary/action-figures/clone-trooper-hawkbat-battalion-3933.php,2007-01-01,Clone X trooper,1.0
14,30th Anniversary,60,Action Figures,groupTable237,2425,51,R2-B1,7.5,2007,3,6.99,11.41,4.42,14.23,38d231d5a336b42b90106cd1a237b99f,https://www.actionfigure411.com/star-wars/30th-anniversary/action-figures/r2-b1-3934.php,2007-01-01,B1,0.7273016634383198
14,30th Anniversary,60,Action Figures,groupTable237,2427,53,Rebel Vanguard Trooper,7.5,2007,4,6.99,14.5,7.51,19.99,f6e6604ccd1659abb6972b2c452e49c4,https://www.actionfigure411.com/star-wars/30th-anniversary/action-figures/rebel-vanguard-trooper-3936.php,2007-01-01,Clone X trooper,0.7772933980533595
14,30th Anniversary,60,Action Figures,groupTable237,2429,55,Clone Trooper (Training Fatigues),8,2007,3,6.99,11.66,4.67,19.99,584fbec8a809a1a6cb735cb638328c0c,https://www.actionfigure411.com/star-wars/30th-anniversary/action-figures/clone-trooper-training-fatigues-3938.php,2007-01-01,Clone X trooper,1.0
14,30th Anniversary,60,Action Figures,groupTable237,2431,57,Jango Fett,8,2007,1,6.99,14.99,8.0,14.99,45a75301e0ad9fd47b0f05fc3d5f938b,https://www.actionfigure411.com/star-wars/30th-anniversary/action-figures/jango-fett-3940.php,2007-01-01,Jango Fett,1.0
14,30th Anniversary,60,Action Figures,groupTable237,2434,60,Rebel Trooper (Concept),8,2007,2,6.99,10.37,3.38,14.24,d0f3d06e1097aaa828b67ec28b33582f,https://www.actionfigure411.com/star-wars/30th-anniversary/action-figures/rebel-trooper-concept-3943.php,2007-01-01,Clone X trooper,0.7772933980533595
14,30th Anniversary,60,Action Figures,groupTable237,2435,08 01,Obi-Wan Kenobi (Mustafar),1,2008,3,6.99,12.76,5.77,17.5,9ba8926b82a5e1312bb620993157005d,https://www.actionfigure411.com/star-wars/30th-anniversary/action-figures/obi-wan-kenobi-mustafar-4508.php,2008-01-01,Obi-Wan Kenobi,1.0
14,30th Anniversary,60,Action Figures,groupTable237,2436,08 02,Darth Vader (Anakin Mustafar),1,2008,1,6.99,19.99,13.0,19.99,51dd87e5651d3ce59866eac949ebead2,https://www.actionfigure411.com/star-wars/30th-anniversary/action-figures/darth-vader-anakin-mustafar-4509.php,2008-01-01,Darth Vader,0.7986750358205664
14,30th Anniversary,60,Action Figures,groupTable237,2437,08 03,Clone Commander Gree,1,2008,2,6.99,13.2,6.21,14.39,ea72eb14f511e0f0f86b55fde6d009c1,https://www.actionfigure411.com/star-wars/30th-anniversary/action-figures/clone-commander-gree-4510.php,2008-01-01,Clone Commander Gree,0.9999999999999998
14,30th Anniversary,60,Action Figures,groupTable237,2438,08 04,Kashyyyk Trooper,1,2008,7,6.99,21.13,14.14,30.0,d06f6653e9ab273d0869899f7c699cbc,https://www.actionfigure411.com/star-wars/30th-anniversary/action-figures/kashyyyk-trooper-4511.php,2008-01-01,Clone X trooper,0.7772933980533595
14,30th Anniversary,60,Action Figures,groupTable237,2441,08 07,Po Nudo,1,2008,4,6.99,10.22,3.23,15.99,20a0a8823ace5e58b5745d4fbf7a2add,https://www.actionfigure411.com/star-wars/30th-anniversary/action-figures/po-nudo-4514.php,2008-01-01,Po Nudo,1.0000000000000002
14,30th Anniversary,60,Action Figures,groupTable237,2446,08 12,Darth Vader (Battle-Damaged),2,2008,1,6.99,15.0,8.01,15.0,7ed3ba5ba194b98ef745d9edd6efe94f,https://www.actionfigure411.com/star-wars/30th-anniversary/action-figures/darth-vader-battle-damaged-4519.php,2008-01-01,Darth Vader,0.7986750358205664
14,30th Anniversary,60,Action Figures,groupTable237,2448,08 14,Shadow Guard,2,2008,6,6.99,21.05,14.06,25.99,5e098d7eb3983c0701577a8ec51f4581,https://www.actionfigure411.com/star-wars/30th-anniversary/action-figures/shadow-guard-4521.php,2008-01-01,Pyke Guard,0.7534510784814418
14,30th Anniversary,61,Saga Legends,groupTable285,2454,,Darth Maul,1,2007,3,5.99,8.99,3.0,10.99,2b5d55939732769748663ccdb27b8627,https://www.actionfigure411.com/star-wars/30th-anniversary/saga-legends/darth-maul-4533.php,2007-01-01,Maul,0.7534510784814418
14,30th Anniversary,61,Saga Legends,groupTable285,2455,,Darth Vader (Echo Base),1,2007,1,5.99,7.0,1.01,7.0,faaa660682734cb504e486c93d6a2fc9,https://www.actionfigure411.com/star-wars/30th-anniversary/saga-legends/darth-vader-echo-base-4534.php,2007-01-01,Darth Vader,0.7986750358205664
14,30th Anniversary,61,Saga Legends,groupTable285,2456,,General Grievous,1,2007,3,5.99,23.31,17.32,29.95,bf6e585dd31f708f9878b86a10b27330,https://www.actionfigure411.com/star-wars/30th-anniversary/saga-legends/general-grievous-4535.php,2007-01-01,General Grievous,0.9999999999999998
14,30th Anniversary,61,Saga Legends,groupTable285,2457,,R2-D2,1,2007,4,5.99,13.84,7.85,20.0,02869cb789bc14cc3b5e4a987f5ce39a,https://www.actionfigure411.com/star-wars/30th-anniversary/saga-legends/r2-d2-4536.php,2007-01-01,R2-D2,1.0
14,30th Anniversary,61,Saga Legends,groupTable285,2458,,Shock Trooper,1,2007,2,5.99,12.09,6.1,15.19,0c388518da9014bcd0203eb1d562d88d,https://www.actionfigure411.com/star-wars/30th-anniversary/saga-legends/shock-trooper-4537.php,2007-01-01,Clone X trooper,0.7772933980533595
14,30th Anniversary,61,Saga Legends,groupTable285,2459,,Yoda,1,2007,2,5.99,12.48,6.49,16.98,2813ddb7c59034dfd18fcd866d65445d,https://www.actionfigure411.com/star-wars/30th-anniversary/saga-legends/yoda-4538.php,2007-01-01,Yoda,1.0
14,30th Anniversary,61,Saga Legends,groupTable285,2460,,501st Legion Trooper,2,2007,4,6.99,14.68,7.69,21.98,7dd209940d69e0fa703c5367435a179d,https://www.actionfigure411.com/star-wars/30th-anniversary/saga-legends/501st-legion-trooper-4622.php,2007-01-01,Clone X trooper,0.7772933980533595
14,30th Anniversary,61,Saga Legends,groupTable285,2462,,Boba Fett,2,2007,3,6.99,10.99,4.0,12.99,4855dac6490c27977ab610902a1bd040,https://www.actionfigure411.com/star-wars/30th-anniversary/saga-legends/boba-fett-5584.php,2007-01-01,Boba Fett,1.0
14,30th Anniversary,61,Saga Legends,groupTable285,2463,,Chewbacca,2,2007,2,6.99,11.94,4.95,12.99,6f516fac31c50e8d65b85a271c3af7d4,https://www.actionfigure411.com/star-wars/30th-anniversary/saga-legends/chewbacca-5585.php,2007-01-01,Chewbacca,1.0
14,30th Anniversary,61,Saga Legends,groupTable285,2464,,Darth Vader (Anakin Skywalker),2,2007,1,6.99,11.1,4.11,11.1,7d2f40d1c02ab2a95996ae806066db83,https://www.actionfigure411.com/star-wars/30th-anniversary/saga-legends/darth-vader-anakin-skywalker-5586.php,2007-01-01,Anakin Skywalker,0.7125291026404255
14,30th Anniversary,61,Saga Legends,groupTable285,2466,,Obi-Wan Kenobi (Starfighter Pilot),2,2007,3,6.99,17.16,10.17,21.49,453d8baff77030fae4c43b3188652a9e,https://www.actionfigure411.com/star-wars/30th-anniversary/saga-legends/obi-wan-kenobi-starfighter-pilot-5588.php,2007-01-01,Obi-Wan Kenobi,0.8865870148347889
14,30th Anniversary,61,Saga Legends,groupTable285,2467,,Princess Leia (Boushh Disguise),2,2007,2,6.99,11.94,4.95,12.99,e9d1cafe3cddd762cd39e2ed710a6d81,https://www.actionfigure411.com/star-wars/30th-anniversary/saga-legends/princess-leia-boushh-disguise-5589.php,2007-01-01,Leia Organa,0.7419392967573335
14,30th Anniversary,61,Saga Legends,groupTable285,2468,,Saesee Tiin,2,2007,2,6.99,18.98,11.99,20.0,ee362f5ba58be395c82af9a34479bb3b,https://www.actionfigure411.com/star-wars/30th-anniversary/saga-legends/saesee-tiin-5590.php,2007-01-01,Saesee Tiin,1.0000000000000002
14,30th Anniversary,61,Saga Legends,groupTable285,2469,,Clone Commander,3,2007,4,6.99,14.87,7.88,19.5,ec3e3aa4d8c4958d9783d96b53838f6e,https://www.actionfigure411.com/star-wars/30th-anniversary/saga-legends/clone-commander-4706.php,2007-01-01,Clone Commander Jet,0.7023614202669458
14,30th Anniversary,61,Saga Legends,groupTable285,2479,,TC-14,4,2007,2,6.99,15.0,8.01,20.0,f76e9e3d4b40b290344bd32a382c26d4,https://www.actionfigure411.com/star-wars/30th-anniversary/saga-legends/tc-14-4716.php,2007-01-01,TC-14,1.0000000000000002
14,30th Anniversary,61,Saga Legends,groupTable285,2480,,Commander Neyo,6,2007,4,6.99,29.49,22.5,55.0,c6231074c16da36762826fb306950719,https://www.actionfigure411.com/star-wars/30th-anniversary/saga-legends/commander-neyo-5591.php,2007-01-01,Clone Commander Neyo,0.8879854920732977
14,30th Anniversary,61,Saga Legends,groupTable285,2481,,Covert Ops Clone Trooper,6,2007,5,6.99,15.39,8.4,24.99,d87a976f681520b3626c05102aeef047,https://www.actionfigure411.com/star-wars/30th-anniversary/saga-legends/covert-ops-clone-trooper-5592.php,2007-01-01,Clone X trooper,1.0
14,30th Anniversary,61,Saga Legends,groupTable285,2484,,Zev Senesca,6,2007,1,6.99,12.99,6.0,12.99,68a6bf3a4549db1faa491f1546d505f4,https://www.actionfigure411.com/star-wars/30th-anniversary/saga-legends/zev-senesca-5595.php,2007-01-01,Zev Senesca,1.0000000000000002
14,30th Anniversary,62,Vehicles,groupTable513,2485,,Darth Vader's Sith Starfighter,1,2006,3,19.99,76.66,56.67,84.99,cc19688e7dd439e83f682d48bdd11fa8,https://www.actionfigure411.com/star-wars/30th-anniversary/vehicles/darth-vaders-sith-starfighter-10405.php,2006-01-01,Darth Vader,1.0
14,30th Anniversary,62,Vehicles,groupTable513,2486,,Darth Vader’s TIE Advanced x1 Starfighter,1,2006,0,19.99,,,0.0,2a98da9c84d2355ae0f7cba076b3e65f,https://www.actionfigure411.com/star-wars/30th-anniversary/vehicles/darth-vaders-tie-advanced-x1-starfighter-10406.php,2006-01-01,Darth Vader,1.0
14,30th Anniversary,62,Vehicles,groupTable513,2492,,Mace Windu’s Jedi Starfighter,1.5,2007,3,19.99,61.66,41.67,65.0,3bcf52cf35813e9d1cd6c62c2084b55f,https://www.actionfigure411.com/star-wars/30th-anniversary/vehicles/mace-windus-jedi-starfighter-10409.php,2007-01-01,Mace Windu,1.0000000000000002
14,30th Anniversary,62,Vehicles,groupTable513,2493,,Obi-Wan Kenobi's Jedi Starfighter (Coruscant),1.5,2007,1,19.99,64.99,45.0,64.99,a1e47dca942da7089967f1ba6d7ebcc7,https://www.actionfigure411.com/star-wars/30th-anniversary/vehicles/obi-wan-kenobis-jedi-starfighter-coruscant-10410.php,2007-01-01,Obi-Wan Kenobi,1.0
14,30th Anniversary,62,Vehicles,groupTable513,2494,,Anakin Skywalker’s Starfighter (Mustafar),2,2007,0,19.99,,,0.0,d14e62ab390c124944faca390d27d614,https://www.actionfigure411.com/star-wars/30th-anniversary/vehicles/anakin-skywalkers-starfighter-mustafar-10412.php,2007-01-01,Anakin Skywalker,1.0000000000000002
14,30th Anniversary,62,Vehicles,groupTable513,2495,,Saesee Tiin’s Jedi Starfighter,2,2007,2,19.99,54.99,35.0,60.0,ef9f25707c8f9bc6157f5b2db58aa4e7,https://www.actionfigure411.com/star-wars/30th-anniversary/vehicles/saesee-tiins-jedi-starfighter-10411.php,2007-01-01,Saesee Tiin,1.0000000000000002
14,30th Anniversary,62,Vehicles,groupTable513,2499,,Aayla Secura's Jedi Starfighter,Target,2008,2,19.99,35.5,15.51,36.0,04249cc696aaca48708eacd4c6d26ebd,https://www.actionfigure411.com/star-wars/30th-anniversary/vehicles/aayla-securas-jedi-starfighter-10420.php,2008-01-01,Aayla Secura,1.0000000000000002
14,30th Anniversary,62,Vehicles,groupTable513,2502,,Obi-Wan's Starfighter (Hyperspace Ring),Toys R Us,2008,3,34.99,128.31,93.32,139.95,b999b205eba1dd8878f979d0a426b6d5,https://www.actionfigure411.com/star-wars/30th-anniversary/vehicles/obi-wans-starfighter-hyperspace-ring-10424.php,2008-01-01,Obi-Wan Kenobi,0.816496580927726
14,30th Anniversary,62,Vehicles,groupTable513,2503,,Anakin Skywalker's Jedi Starfighter (Coruscant),4,2008,0,19.99,,,0.0,35c626c4c4a8b8afb3c610487b8edea4,https://www.actionfigure411.com/star-wars/30th-anniversary/vehicles/anakin-skywalkers-jedi-starfighter-coruscant-10416.php,2008-01-01,Anakin Skywalker,1.0000000000000002
14,30th Anniversary,62,Vehicles,groupTable513,2504,,AT-AP Walker,4,2008,2,19.99,67.5,47.51,70.0,0fb7b738933a8fdbd498865417ec7375,https://www.actionfigure411.com/star-wars/30th-anniversary/vehicles/at-ap-walker-10417.php,2008-01-01,AP-5,1.0
14,30th Anniversary,62,Vehicles,groupTable513,2505,,General Grievous' Starfighter,4,2008,3,19.99,43.0,23.01,65.0,db4c6c52ce95965bf24e8d9994561d70,https://www.actionfigure411.com/star-wars/30th-anniversary/vehicles/general-grievous-starfighter-10418.php,2008-01-01,General Grievous,0.9999999999999998
14,30th Anniversary,62,Vehicles,groupTable513,2506,,Obi-Wan Kenobi's Starfighter (Utapau),4,2008,1,19.99,65.0,45.01,65.0,cb7b2caa26be964d167d702d136af6cf,https://www.actionfigure411.com/star-wars/30th-anniversary/vehicles/obi-wan-kenobis-starfighter-utapau-10419.php,2008-01-01,Obi-Wan Kenobi,1.0
15,Saga Collection,63,Basic Action Figures,groupTable344,2507,SAGA 01,Princess Leia (Boushh Disguise),1,2006,2,6.99,9.0,2.01,11.0,3ffaabf2b1de9dcd0ef1bdb60bd73e23,https://www.actionfigure411.com/star-wars/the-saga-collection/basic-action-figures/princess-leia-boushh-disguise-5684.php,2006-01-01,Leia Organa,0.7419392967573335
15,Saga Collection,63,Basic Action Figures,groupTable344,2508,SAGA 02,Han Solo (Carbonite),1,2006,4,6.99,12.24,5.25,14.99,b37def06a41f00208e1bd0b5ee656b5d,https://www.actionfigure411.com/star-wars/the-saga-collection/basic-action-figures/han-solo-carbonite-5685.php,2006-01-01,Han Solo,1.0000000000000002
15,Saga Collection,63,Basic Action Figures,groupTable344,2509,SAGA 03,Bib Fortuna,1,2006,2,6.99,9.75,2.76,11.99,4acdac0b3992d6737045cc30d3a23615,https://www.actionfigure411.com/star-wars/the-saga-collection/basic-action-figures/bib-fortuna-5686.php,2006-01-01,Bib Fortuna,1.0
15,Saga Collection,63,Basic Action Figures,groupTable344,2510,SAGA 04,Barada,1,2006,1,6.99,20.49,13.5,20.49,c735921707ce6adc99697a316b3045f2,https://www.actionfigure411.com/star-wars/the-saga-collection/basic-action-figures/barada-5687.php,2006-01-01,Barada,1.0
15,Saga Collection,63,Basic Action Figures,groupTable344,2511,SAGA 05,Chewbacca,1,2006,1,6.99,9.99,3.0,9.99,05935a6a1804e4560825f224b93c44af,https://www.actionfigure411.com/star-wars/the-saga-collection/basic-action-figures/chewbacca-5688.php,2006-01-01,Chewbacca,1.0
15,Saga Collection,63,Basic Action Figures,groupTable344,2512,SAGA 06,Boba Fett,1,2006,4,6.99,18.16,11.17,40.0,24030f4c9f0a33e9b03febfa71fb3f9f,https://www.actionfigure411.com/star-wars/the-saga-collection/basic-action-figures/boba-fett-5689.php,2006-01-01,Boba Fett,1.0
15,Saga Collection,63,Basic Action Figures,groupTable344,2513,SAGA 07,General Veers,2,2006,8,6.99,18.42,11.43,24.95,3a26a1c597d1f4f7aeb248bde1fc85bf,https://www.actionfigure411.com/star-wars/the-saga-collection/basic-action-figures/general-veers-5690.php,2006-01-01,General Veers,0.9999999999999998
15,Saga Collection,63,Basic Action Figures,groupTable344,2514,SAGA 08,Major Bren Derlin,2,2006,6,6.99,11.63,4.64,17.49,12cfc3979c59c7a5c52b655baea0e6cf,https://www.actionfigure411.com/star-wars/the-saga-collection/basic-action-figures/major-bren-derlin-5691.php,2006-01-01,Major Bren Derlin,1.0
15,Saga Collection,63,Basic Action Figures,groupTable344,2516,SAGA 10,R2-D2,2,2006,4,6.99,10.48,3.49,16.95,721e929d13e9ec59614403e6bfbd2b49,https://www.actionfigure411.com/star-wars/the-saga-collection/basic-action-figures/r2-d2-5693.php,2006-01-01,R2-D2,1.0
15,Saga Collection,63,Basic Action Figures,groupTable344,2518,SAGA 12,General Rieekan,2,2006,3,6.99,10.31,3.32,14.95,d356af422e0c1bf8b53f013a37b84af5,https://www.actionfigure411.com/star-wars/the-saga-collection/basic-action-figures/general-rieekan-5695.php,2006-01-01,General Rieekan,0.9999999999999998
15,Saga Collection,63,Basic Action Figures,groupTable344,2519,SAGA 13,Darth Vader (ESB),2,2006,1,6.99,7.99,1.0,7.99,48e686bf9892f59c94bf6140b0b2c741,https://www.actionfigure411.com/star-wars/the-saga-collection/basic-action-figures/darth-vader-esb-5696.php,2006-01-01,Darth Vader,1.0
15,Saga Collection,63,Basic Action Figures,groupTable344,2524,SAGA 18,Poggle the Lesser,3,2006,4,6.99,12.0,5.01,15.0,c073937ec9015ab63b9e3de0824bcbdc,https://www.actionfigure411.com/star-wars/the-saga-collection/basic-action-figures/poggle-the-lesser-5701.php,2006-01-01,Poggle the Lesser,1.0
15,Saga Collection,63,Basic Action Figures,groupTable344,2525,SAGA 19,Yoda,3,2006,4,6.99,6.49,-0.5,7.99,fbf6858c5a4cd10697dfcdad854735b6,https://www.actionfigure411.com/star-wars/the-saga-collection/basic-action-figures/yoda-5702.php,2006-01-01,Yoda,1.0
15,Saga Collection,63,Basic Action Figures,groupTable344,2526,SAGA 20,Jango Fett,3,2006,2,6.99,10.0,3.01,10.0,2312b898130b9c6255af6514392c9e6c,https://www.actionfigure411.com/star-wars/the-saga-collection/basic-action-figures/jango-fett-5703.php,2006-01-01,Jango Fett,1.0
15,Saga Collection,63,Basic Action Figures,groupTable344,2527,SAGA 21,Scorch (Republic Commando),3,2006,7,6.99,20.56,13.57,27.95,d5e7adbc9c9b82fb8bd4aa273fe2e55d,https://www.actionfigure411.com/star-wars/the-saga-collection/basic-action-figures/scorch-republic-commando-5704.php,2006-01-01,Clone Commander Scorch,0.7318664721379878
15,Saga Collection,63,Basic Action Figures,groupTable344,2529,SAGA 23,Lushros Dofine,4,2006,5,6.99,10.47,3.48,18.37,319d036af42fa4c070765266729d4f99,https://www.actionfigure411.com/star-wars/the-saga-collection/basic-action-figures/lushros-dofine-5706.php,2006-01-01,Daultay Dofine,0.7071067811865476
15,Saga Collection,63,Basic Action Figures,groupTable344,2530,SAGA 24,Clone Commander Cody,4,2006,4,6.99,16.74,9.75,20.0,6c5da51b6654ad0f6a336b083aebcd2b,https://www.actionfigure411.com/star-wars/the-saga-collection/basic-action-figures/clone-commander-cody-5707.php,2006-01-01,Clone Commander Cody,0.9999999999999998
15,Saga Collection,63,Basic Action Figures,groupTable344,2531,SAGA 25,Anakin Skywalker,4,2006,8,6.99,13.78,6.79,18.74,77ed092f421567b13c1c3196f85af717,https://www.actionfigure411.com/star-wars/the-saga-collection/basic-action-figures/anakin-skywalker-5708.php,2006-01-01,Anakin Skywalker,1.0000000000000002
15,Saga Collection,63,Basic Action Figures,groupTable344,2532,SAGA 26,Clone Trooper (Utapau),4,2006,5,6.99,20.59,13.6,29.99,7f7ea6ba2965da8fcda47957c13dfd08,https://www.actionfigure411.com/star-wars/the-saga-collection/basic-action-figures/clone-trooper-utapau-5709.php,2006-01-01,Clone X trooper,1.0
15,Saga Collection,63,Basic Action Figures,groupTable344,2533,SAGA 27,Holographic Ki-Adi-Mundi,4,2006,2,6.99,7.75,0.76,10.0,44b3550cccfb00a3f79bd6dfe2184cf9,https://www.actionfigure411.com/star-wars/the-saga-collection/basic-action-figures/holographic-ki-adi-mundi-5710.php,2006-01-01,Ki-Adi-Mundi,0.9999999999999996
15,Saga Collection,63,Basic Action Figures,groupTable344,2534,SAGA 28,Obi-Wan Kenobi (ROTS),4,2006,2,6.99,9.0,2.01,10.0,6a891e2592c8fdc2a3ef9e91ef0da06a,https://www.actionfigure411.com/star-wars/the-saga-collection/basic-action-figures/obi-wan-kenobi-rots-5711.php,2006-01-01,Obi-Wan Kenobi,1.0
15,Saga Collection,63,Basic Action Figures,groupTable344,2536,SAGA 30,General Grievous,4,2006,12,6.99,15.32,8.33,25.0,e6dc5943a244878571b44afa8c0b15ab,https://www.actionfigure411.com/star-wars/the-saga-collection/basic-action-figures/general-grievous-5713.php,2006-01-01,General Grievous,0.9999999999999998
15,Saga Collection,63,Basic Action Figures,groupTable344,2537,SAGA 31,Momaw Nadon,5,2006,8,6.99,14.62,7.63,20.99,1fe6d80a4260097d9135748bf9bd6bce,https://www.actionfigure411.com/star-wars/the-saga-collection/basic-action-figures/momaw-nadon-5714.php,2006-01-01,Momaw Nadon,1.0000000000000002
15,Saga Collection,63,Basic Action Figures,groupTable344,2538,SAGA 32,R5-D4,5,2006,3,6.99,13.31,6.32,17.95,51aa5641c2d79434d779fd7daa4ebe44,https://www.actionfigure411.com/star-wars/the-saga-collection/basic-action-figures/r5-d4-5715.php,2006-01-01,R5-D4,1.0
15,Saga Collection,63,Basic Action Figures,groupTable344,2540,SAGA 34,Garindan,5,2006,7,6.99,23.84,16.85,27.95,34445eed214d0281b77096924d4e45b0,https://www.actionfigure411.com/star-wars/the-saga-collection/basic-action-figures/garindan-5717.php,2006-01-01,Garindan,1.0
15,Saga Collection,63,Basic Action Figures,groupTable344,2541,SAGA 35,Han Solo (AHN),5,2006,1,6.99,6.97,-0.02,6.97,f0815cb77bce0c5c649c14b7e9ec7f6e,https://www.actionfigure411.com/star-wars/the-saga-collection/basic-action-figures/han-solo-ahn-5718.php,2006-01-01,Han Solo,1.0000000000000002
15,Saga Collection,63,Basic Action Figures,groupTable344,2542,SAGA 36,Luke Skywalker (ANH),5,2006,2,6.99,13.5,6.51,14.99,745adff85d23cce5763cdab40758e47d,https://www.actionfigure411.com/star-wars/the-saga-collection/basic-action-figures/luke-skywalker-anh-5719.php,2006-01-01,Luke Skywalker,1.0000000000000002
15,Saga Collection,63,Basic Action Figures,groupTable344,2544,SAGA 38,Darth Vader (Bespin Confession),5,2006,1,6.99,8.0,1.01,8.0,8541b1925ed48247fec1f038cbe72854,https://www.actionfigure411.com/star-wars/the-saga-collection/basic-action-figures/darth-vader-bespin-confession-5721.php,2006-01-01,Darth Vader,1.0
15,Saga Collection,63,Basic Action Figures,groupTable344,2545,SAGA 39,Chief Chirpa,6,2006,7,6.99,16.14,9.15,25.49,a04a612d8cfd65e718e7c0cb2ee3b1cb,https://www.actionfigure411.com/star-wars/the-saga-collection/basic-action-figures/chief-chirpa-5722.php,2006-01-01,Chief Chirpa,1.0
15,Saga Collection,63,Basic Action Figures,groupTable344,2546,SAGA 40,Moff Jerjerrod,6,2006,3,6.99,11.66,4.67,14.99,4bc518ffa452b2d5aa9844bb3562f3cd,https://www.actionfigure411.com/star-wars/the-saga-collection/basic-action-figures/moff-jerjerrod-5723.php,2006-01-01,Moff Jerjerrod,1.0000000000000002
15,Saga Collection,63,Basic Action Figures,groupTable344,2549,SAGA 43,Emperor Palpatine,6,2006,2,6.99,18.5,11.51,20.0,6e6dd8677cf2c80deaeeaf56bcd2ea61,https://www.actionfigure411.com/star-wars/the-saga-collection/basic-action-figures/emperor-palpatine-5726.php,2006-01-01,Emperor Palpatine (Darth Sidious),0.7291766797036204
15,Saga Collection,63,Basic Action Figures,groupTable344,2550,SAGA 44,Luke Skywalker (Endor),7,2006,1,6.99,11.96,4.97,11.96,aee0e375639efb9c9da7695830f3b8c6,https://www.actionfigure411.com/star-wars/the-saga-collection/basic-action-figures/luke-skywalker-endor-5728.php,2006-01-01,Luke Skywalker,1.0000000000000002
15,Saga Collection,63,Basic Action Figures,groupTable344,2551,SAGA 45,Darth Vader (Endor Capture),7,2006,1,6.99,7.0,0.01,7.0,5ea9768d53039610268afc43e889d133,https://www.actionfigure411.com/star-wars/the-saga-collection/basic-action-figures/darth-vader-endor-capture-5729.php,2006-01-01,Darth Vader,1.0
15,Saga Collection,63,Basic Action Figures,groupTable344,2552,SAGA 46,Rebel Trooper,7,2006,2,6.99,15.0,8.01,19.99,895be91db5901a4b63058ee9305d427f,https://www.actionfigure411.com/star-wars/the-saga-collection/basic-action-figures/rebel-trooper-5730.php,2006-01-01,Clone X trooper,0.7772933980533595
15,Saga Collection,63,Basic Action Figures,groupTable344,2553,SAGA 47,Obi-Wan Kenobi (TPM),7,2006,0,6.99,,,0.0,f3b9fcd493022d38cce318984e01ec96,https://www.actionfigure411.com/star-wars/the-saga-collection/basic-action-figures/obi-wan-kenobi-tpm-5731.php,2006-01-01,Obi-Wan Kenobi,1.0
15,Saga Collection,63,Basic Action Figures,groupTable344,2554,SAGA 48,Holographic Darth Maul,7,2006,2,6.99,11.48,4.49,12.95,0b03b6c51773b6ad066100d74afcec07,https://www.actionfigure411.com/star-wars/the-saga-collection/basic-action-figures/holographic-darth-maul-5732.php,2006-01-01,Maul,0.7534510784814418
15,Saga Collection,63,Basic Action Figures,groupTable344,2559,SAGA 53,Darth Maul (Sith Training),8,2006,1,6.99,5.79,-1.2,5.79,9e766958df88f4f563dcca7f520e54a2,https://www.actionfigure411.com/star-wars/the-saga-collection/basic-action-figures/darth-maul-sith-training-5737.php,2006-01-01,Maul,0.7534510784814418
15,Saga Collection,63,Basic Action Figures,groupTable344,2560,SAGA 54,Chewbacca with Electronic C-3PO,8,2006,2,6.99,11.98,4.99,12.0,2f6117acb88b69066a3d7bc1a2a60d10,https://www.actionfigure411.com/star-wars/the-saga-collection/basic-action-figures/chewbacca-with-electronic-c-3po-5738.php,2006-01-01,Chewbacca,0.7071067811865476
15,Saga Collection,63,Basic Action Figures,groupTable344,2561,SAGA 55,Kit Fisto,8,2006,3,6.99,11.66,4.67,15.0,bdfff00750315ba9cf12d266bac1e930,https://www.actionfigure411.com/star-wars/the-saga-collection/basic-action-figures/kit-fisto-5739.php,2006-01-01,Kit Fisto,1.0000000000000002
15,Saga Collection,63,Basic Action Figures,groupTable344,2562,SAGA 56,Holographic Clone Commander Cody,8,2006,1,6.99,8.05,1.06,8.05,913f1b7e8788470be6ebd63da431472b,https://www.actionfigure411.com/star-wars/the-saga-collection/basic-action-figures/holographic-clone-commander-cody-5740.php,2006-01-01,Clone Commander Cody,0.9999999999999998
15,Saga Collection,63,Basic Action Figures,groupTable344,2563,SAGA 57,Clone Trooper (442nd Siege Battalion),8,2006,1,6.99,11.97,4.98,11.97,5632086bfbb399273543db69584fc8c3,https://www.actionfigure411.com/star-wars/the-saga-collection/basic-action-figures/clone-trooper-442nd-siege-battalion-5741.php,2006-01-01,Clone X trooper,1.0
15,Saga Collection,63,Basic Action Figures,groupTable344,2565,SAGA 59,Clone Trooper (Fifth Fleet Security),8,2006,1,6.99,10.0,3.01,10.0,6169712e56994e35619c7d575d71a449,https://www.actionfigure411.com/star-wars/the-saga-collection/basic-action-figures/clone-trooper-fifth-fleet-security-5743.php,2006-01-01,Clone X trooper,0.7066658179760842
15,Saga Collection,63,Basic Action Figures,groupTable344,2566,SAGA 60,Clone Trooper Sergeant,8,2006,1,6.99,4.97,-2.02,4.97,a55fc526569e1e7d7d1c8acbd69dfef4,https://www.actionfigure411.com/star-wars/the-saga-collection/basic-action-figures/clone-trooper-sergeant-5744.php,2006-01-01,Clone X trooper,1.0
15,Saga Collection,63,Basic Action Figures,groupTable344,2567,SAGA 61,Super Battle Droid,8,2006,1,6.99,12.0,5.01,12.0,476bdf1c1511ee61a81a81621b177565,https://www.actionfigure411.com/star-wars/the-saga-collection/basic-action-figures/super-battle-droid-5745.php,2006-01-01,Battle Droid 513,0.7892379838534719
15,Saga Collection,63,Basic Action Figures,groupTable344,2569,SAGA 63,Holographic Obi-Wan Kenobi,9,2006,1,6.99,8.99,2.0,8.99,79f710a8888f7716dc407fec367724f3,https://www.actionfigure411.com/star-wars/the-saga-collection/basic-action-figures/holographic-obi-wan-kenobi-5747.php,2006-01-01,Obi-Wan Kenobi,1.0
15,Saga Collection,63,Basic Action Figures,groupTable344,2570,SAGA 64,Commander Appo,9,2006,5,6.99,23.03,16.04,29.74,e7bab8a47cb16bf9a61e7c809a95148e,https://www.actionfigure411.com/star-wars/the-saga-collection/basic-action-figures/commander-appo-5748.php,2006-01-01,Appo,0.8241874204827399
15,Saga Collection,63,Basic Action Figures,groupTable344,2571,SAGA 65,Clone Trooper (Elite Corps),9,2006,1,6.99,15.95,8.96,15.95,6bf0293ace4ff4c1e1a16229887c3b5f,https://www.actionfigure411.com/star-wars/the-saga-collection/basic-action-figures/clone-trooper-elite-corps-5749.php,2006-01-01,Clone X trooper,1.0
15,Saga Collection,63,Basic Action Figures,groupTable344,2572,SAGA 66,R4-K5 (Darth Vader's Astromech Droid),9,2006,1,6.99,17.0,10.01,17.0,323d647f2b216d63578324be346cb75f,https://www.actionfigure411.com/star-wars/the-saga-collection/basic-action-figures/r4-k5-darth-vaders-astromech-droid-5750.php,2006-01-01,Darth Vader,0.7384954472933094
15,Saga Collection,63,Basic Action Figures,groupTable344,2573,SAGA 67,Padme Amidala,9,2006,1,6.99,7.0,0.01,7.0,55403746c496efe2efa11a1dae46af6d,https://www.actionfigure411.com/star-wars/the-saga-collection/basic-action-figures/padme-amidala-5751.php,2006-01-01,Padm  Amidala,0.7071067811865476
15,Saga Collection,63,Basic Action Figures,groupTable344,2574,SAGA 68,Clone Trooper (Combat Engineer),9,2006,3,6.99,15.33,8.34,17.0,c34084c70e3077643abeb9afea365366,https://www.actionfigure411.com/star-wars/the-saga-collection/basic-action-figures/clone-trooper-combat-engineer-5752.php,2006-01-01,Clone X trooper,0.7066658179760842
15,Saga Collection,63,Basic Action Figures,groupTable344,2575,SAGA 69,Yarael Poof,9,2006,6,6.99,23.0,16.01,29.46,4ea290e5925d6c46a55c039418081753,https://www.actionfigure411.com/star-wars/the-saga-collection/basic-action-figures/yarael-poof-5753.php,2006-01-01,Yarael Poof,1.0000000000000002
15,Saga Collection,63,Basic Action Figures,groupTable344,2576,SAGA 70,Aurra Sing,10,2006,1,6.99,11.99,5.0,11.99,6f2a99bdfb318dc6e5dd0c096a11beae,https://www.actionfigure411.com/star-wars/the-saga-collection/basic-action-figures/aurra-sing-5754.php,2006-01-01,Aurra Sing,1.0000000000000002
15,Saga Collection,63,Basic Action Figures,groupTable344,2580,SAGA 74,R4-M6 (Mace Windu's Astromech Droid),10,2006,1,6.99,17.97,10.98,17.97,3e870a8044942235ca8b31c57bcbe7b8,https://www.actionfigure411.com/star-wars/the-saga-collection/basic-action-figures/r4-m6-mace-windus-astromech-droid-5758.php,2006-01-01,Mace Windu,0.7593637182322812
15,Saga Collection,64,Vintage Saga Collection,groupTable390,2582,,Bossk,,2006,2,9.99,20.99,11.0,29.99,685bd0b9f4496fbfef74d84cacd64f3c,https://www.actionfigure411.com/star-wars/the-saga-collection/vintage-saga-collection/bossk-6784.php,2006-01-01,Bossk,1.0
15,Saga Collection,64,Vintage Saga Collection,groupTable390,2584,,Greedo,,2006,2,9.99,16.75,6.76,17.99,89a0e2584ad8cc58b33e1e88d05b5d7b,https://www.actionfigure411.com/star-wars/the-saga-collection/vintage-saga-collection/greedo-6786.php,2006-01-01,Greedo,1.0
15,Saga Collection,64,Vintage Saga Collection,groupTable390,2585,,Han Solo (Hoth Outfit),,2006,1,9.99,8.0,-1.99,8.0,ea463efd0e728629b0285aacbdc091fe,https://www.actionfigure411.com/star-wars/the-saga-collection/vintage-saga-collection/han-solo-hoth-outfit-6788.php,2006-01-01,Han Solo,1.0000000000000002
15,Saga Collection,64,Vintage Saga Collection,groupTable390,2586,,Han Solo (in Trench Coat),,2006,1,9.99,6.85,-3.14,6.85,cb102ba6d3246489f75bbc6002ce382d,https://www.actionfigure411.com/star-wars/the-saga-collection/vintage-saga-collection/han-solo-in-trench-coat-6787.php,2006-01-01,Han Solo,0.816496580927726
15,Saga Collection,64,Vintage Saga Collection,groupTable390,2587,,IG-88,,2007,1,9.99,35.0,25.01,35.0,2c90b53cbac7b7a069e591c021e36c80,https://www.actionfigure411.com/star-wars/the-saga-collection/vintage-saga-collection/ig-88-6789.php,2007-01-01,IG-88,1.0000000000000002
15,Saga Collection,64,Vintage Saga Collection,groupTable390,2588,,Luke Skywalker (Bespin Fatigues),,2007,1,9.99,7.99,-2.0,7.99,a22b7bd3c789b5211fc0d1005f915dff,https://www.actionfigure411.com/star-wars/the-saga-collection/vintage-saga-collection/luke-skywalker-bespin-fatigues-6791.php,2007-01-01,Luke Skywalker,1.0000000000000002
15,Saga Collection,64,Vintage Saga Collection,groupTable390,2589,,Luke Skywalker (X-Wing Pilot),,2007,2,9.99,11.24,1.25,14.99,8238b85f908c83690c08a4e28ec5e99a,https://www.actionfigure411.com/star-wars/the-saga-collection/vintage-saga-collection/luke-skywalker-x-wing-pilot-6790.php,2007-01-01,Luke Skywalker,0.8305905453308053
15,Saga Collection,64,Vintage Saga Collection,groupTable390,2590,,Princess Leia Organa (in Combat Poncho),,2007,3,9.99,12.89,2.9,15.19,4ac132f425d532dae72da2b500d41aac,https://www.actionfigure411.com/star-wars/the-saga-collection/vintage-saga-collection/princess-leia-organa-in-combat-poncho-6792.php,2007-01-01,Leia Organa,0.8030965629369695
15,Saga Collection,65,Vehicles,groupTable498,2593,,Darth Vader's TIE Advanced x1 Starfighter,,2005,1,24.99,45.0,20.01,45.0,1b53d9c1dffa0b1bdd82661fb33a5d39,https://www.actionfigure411.com/star-wars/the-saga-collection/vehicles/darth-vaders-tie-advanced-x1-starfighter-9455.php,2005-01-01,Darth Vader,1.0
15,Saga Collection,65,Vehicles,groupTable498,2596,,Kit Fisto's Jedi Starfighter,Target,2006,3,19.99,33.57,13.58,45.2,ea7841b2efbcd0cd8060ea5b50ad895b,https://www.actionfigure411.com/star-wars/the-saga-collection/vehicles/kit-fistos-jedi-starfighter-9457.php,2006-01-01,Kit Fisto,1.0000000000000002
15,Saga Collection,65,Vehicles,groupTable498,2597,,Luke Skywalker's X-Wing,Toys R Us,2006,4,44.99,119.75,74.76,239.99,9d1ac71190acdf11e6e46d8d32821a03,https://www.actionfigure411.com/star-wars/the-saga-collection/vehicles/luke-skywalkers-x-wing-9458.php,2006-01-01,Luke Skywalker,1.0000000000000002
15,Saga Collection,65,Vehicles,groupTable498,2598,,Mace Windu's Jedi Starfighter,Target,2006,2,24.99,50.98,25.99,61.97,3c1f72aad24f224c0224f38ddc55a2ac,https://www.actionfigure411.com/star-wars/the-saga-collection/vehicles/mace-windus-jedi-starfighter-9459.php,2006-01-01,Mace Windu,1.0000000000000002
16,Original Trilogy,66,Action Figures,groupTable481,2601,OTC 01,Luke Skywalker (Dagobah Training),1,2004,2,4.99,10.0,5.01,10.0,916a8c27cb0a36cced214088ab1f7f2b,https://www.actionfigure411.com/star-wars/the-original-trilogy-collection/action-figures/luke-skywalker-dagobah-training-9106.php,2004-01-01,Luke Skywalker,1.0000000000000002
16,Original Trilogy,66,Action Figures,groupTable481,2602,OTC 02,Yoda (Dagobah Training),1,2004,1,4.99,12.0,7.01,12.0,2a42bf993b5c8054c508da9cfeb3a16c,https://www.actionfigure411.com/star-wars/the-original-trilogy-collection/action-figures/yoda-dagobah-training-9107.php,2004-01-01,Yoda,1.0
16,Original Trilogy,66,Action Figures,groupTable481,2603,OTC 03,Spirit Obi-Wan (Dagobah Training),1,2004,1,4.99,7.99,3.0,7.99,f4fe5ac471e5ad326abbaae0cde26dcc,https://www.actionfigure411.com/star-wars/the-original-trilogy-collection/action-figures/spirit-obi-wan-dagobah-training-9108.php,2004-01-01,Obi-Wan Kenobi,0.816496580927726
16,Original Trilogy,66,Action Figures,groupTable481,2604,OTC 04,R2-D2 (Dagobah Training),1,2004,4,4.99,13.19,8.2,16.95,57bfd1f77825468e784b8f26646a6d1a,https://www.actionfigure411.com/star-wars/the-original-trilogy-collection/action-figures/r2-d2-dagobah-training-9109.php,2004-01-01,R2-D2,1.0
16,Original Trilogy,66,Action Figures,groupTable481,2605,OTC 05,Luke Skywalker (X-Wing Pilot),1,2004,2,4.99,13.36,8.37,16.77,5571d83a821c4b67a4d0784385e30d13,https://www.actionfigure411.com/star-wars/the-original-trilogy-collection/action-figures/luke-skywalker-x-wing-pilot-9110.php,2004-01-01,Luke Skywalker,0.8305905453308053
16,Original Trilogy,66,Action Figures,groupTable481,2606,OTC 06,Luke Skywalker (Jedi Knight),1,2004,3,4.99,10.33,5.34,14.0,b452cf3b86322a4c7b82d5bbf655a57a,https://www.actionfigure411.com/star-wars/the-original-trilogy-collection/action-figures/luke-skywalker-jedi-knight-9111.php,2004-01-01,Luke Skywalker,1.0000000000000002
16,Original Trilogy,66,Action Figures,groupTable481,2607,OTC 07,Han Solo,1,2004,3,4.99,7.67,2.68,12.0,f7501308961309d25aaf7fa4ed699b8f,https://www.actionfigure411.com/star-wars/the-original-trilogy-collection/action-figures/han-solo-9112.php,2004-01-01,Han Solo,1.0000000000000002
16,Original Trilogy,66,Action Figures,groupTable481,2608,OTC 08,Chewbacca,1,2004,1,4.99,17.3,12.31,17.3,bfd693196155eaefc1298daa809a47e6,https://www.actionfigure411.com/star-wars/the-original-trilogy-collection/action-figures/chewbacca-9113.php,2004-01-01,Chewbacca,1.0
16,Original Trilogy,66,Action Figures,groupTable481,2609,OTC 09,Princess Leia,1,2004,2,4.99,9.5,4.51,10.0,0a7c92b3522afe76a025a7a9026c7547,https://www.actionfigure411.com/star-wars/the-original-trilogy-collection/action-figures/princess-leia-9114.php,2004-01-01,Leia Organa,0.7419392967573335
16,Original Trilogy,66,Action Figures,groupTable481,2610,OTC 10,Darth Vader (Throne Room),1,2004,2,4.99,14.47,9.48,14.99,7539c873df0dbb5e980ac79ad662bf1c,https://www.actionfigure411.com/star-wars/the-original-trilogy-collection/action-figures/darth-vader-throne-room-9115.php,2004-01-01,Darth Vader,1.0
16,Original Trilogy,66,Action Figures,groupTable481,2611,OTC 11,Scout Trooper,1,2004,1,4.99,9.99,5.0,9.99,dbe69b83fde5663962dad8912c76e950,https://www.actionfigure411.com/star-wars/the-original-trilogy-collection/action-figures/scout-trooper-9116.php,2004-01-01,Clone X trooper,0.7772933980533595
16,Original Trilogy,66,Action Figures,groupTable481,2612,OTC 12,R2-D2 (A New Hope),2,2004,3,4.99,13.3,8.31,16.95,30aaae1b7fcf748f33c77aa879902bc4,https://www.actionfigure411.com/star-wars/the-original-trilogy-collection/action-figures/r2-d2-a-new-hope-9117.php,2004-01-01,R2-D2,1.0
16,Original Trilogy,66,Action Figures,groupTable481,2614,OTC 14,Boba Fett (Return of the Jedi),2,2004,2,4.99,14.48,9.49,16.95,708f3d20f5a484ad07418a2182bee440,https://www.actionfigure411.com/star-wars/the-original-trilogy-collection/action-figures/boba-fett-return-of-the-jedi-9119.php,2004-01-01,Boba Fett,0.7547075590909054
16,Original Trilogy,66,Action Figures,groupTable481,2615,OTC 15,Obi-Wan Kenobi (A New Hope),2,2004,2,4.99,8.98,3.99,8.99,be7c2e4408cc0aabc3489bed64bb60bc,https://www.actionfigure411.com/star-wars/the-original-trilogy-collection/action-figures/obi-wan-kenobi-a-new-hope-9120.php,2004-01-01,Obi-Wan Kenobi,1.0
16,Original Trilogy,66,Action Figures,groupTable481,2617,OTC 17,Wicket,2,2004,5,4.99,13.02,8.03,17.95,a3cbc132d85aa1bfa2e3ba96ed824cce,https://www.actionfigure411.com/star-wars/the-original-trilogy-collection/action-figures/wicket-9122.php,2004-01-01,Wicket W  Warrick,0.7071067811865476
16,Original Trilogy,66,Action Figures,groupTable481,2618,OTC 18,Princess Leia (Bespin),2,2004,2,4.99,15.5,10.51,16.0,99483663c2d8908633389c0cc6c76f01,https://www.actionfigure411.com/star-wars/the-original-trilogy-collection/action-figures/princess-leia-bespin-9123.php,2004-01-01,Leia Organa,0.7419392967573335
16,Original Trilogy,66,Action Figures,groupTable481,2620,OTC 20,Lobot,2,2004,2,4.99,7.74,2.75,9.99,eae84c16142ac63a8b77e5ef7112cacb,https://www.actionfigure411.com/star-wars/the-original-trilogy-collection/action-figures/lobot-9125.php,2004-01-01,Lobot,1.0
16,Original Trilogy,66,Action Figures,groupTable481,2622,OTC 22,Greedo,3,2004,3,4.99,10.99,6.0,12.99,63179105d2d9ab0fb1a0c58cf0c12f73,https://www.actionfigure411.com/star-wars/the-original-trilogy-collection/action-figures/greedo-9127.php,2004-01-01,Greedo,1.0
16,Original Trilogy,66,Action Figures,groupTable481,2626,OTC 26,Luke Skywalker (Bespin),3,2004,3,4.99,12.65,7.66,15.95,8985b53fa13521e4011e114c009cbbc1,https://www.actionfigure411.com/star-wars/the-original-trilogy-collection/action-figures/luke-skywalker-bespin-9131.php,2004-01-01,Luke Skywalker,1.0000000000000002
16,Original Trilogy,66,Action Figures,groupTable481,2627,OTC 27,IG-88,4,2004,1,4.99,13.5,8.51,13.5,0bf60b0d6c534d86bdaeb06ccedf96af,https://www.actionfigure411.com/star-wars/the-original-trilogy-collection/action-figures/ig-88-9132.php,2004-01-01,IG-88,1.0000000000000002
16,Original Trilogy,66,Action Figures,groupTable481,2628,OTC 28,Bossk,4,2004,2,4.99,17.99,13.0,19.99,a640108a0aca0e59c1d1216e8a7e5417,https://www.actionfigure411.com/star-wars/the-original-trilogy-collection/action-figures/bossk-9133.php,2004-01-01,Bossk,1.0
16,Original Trilogy,66,Action Figures,groupTable481,2629,OTC 29,Darth Vader (Hoth),5,2004,2,4.99,8.49,3.5,9.99,63e5f4092166b9ceb2f442de8a98ff65,https://www.actionfigure411.com/star-wars/the-original-trilogy-collection/action-figures/darth-vader-hoth-9134.php,2004-01-01,Darth Vader,1.0
16,Original Trilogy,66,Action Figures,groupTable481,2631,OTC 31,Bib Fortuna,5,2004,2,4.99,7.99,3.0,9.99,5fa7df41f603cd77f6534d1435fa7693,https://www.actionfigure411.com/star-wars/the-original-trilogy-collection/action-figures/bib-fortuna-9136.php,2004-01-01,Bib Fortuna,1.0
16,Original Trilogy,66,Action Figures,groupTable481,2632,OTC 32,Lando Calrissian (Skiff Guard),5,2004,2,4.99,9.99,5.0,9.99,0afd2bae883ed6d8274e4e70373ea78f,https://www.actionfigure411.com/star-wars/the-original-trilogy-collection/action-figures/lando-calrissian-skiff-guard-9137.php,2004-01-01,Lando Calrissian,0.816496580927726
16,Original Trilogy,66,Action Figures,groupTable481,2633,OTC 33,Princess Leia (Sail Barge),5,2004,4,4.99,24.07,19.08,29.99,7594e31e05f1a626378383616a0b191e,https://www.actionfigure411.com/star-wars/the-original-trilogy-collection/action-figures/princess-leia-sail-barge-9138.php,2004-01-01,Leia Organa,0.7419392967573335
16,Original Trilogy,66,Action Figures,groupTable481,2634,OTC 34,Darth Vader (Death Star),5,2004,2,4.99,11.39,6.4,15.79,74ef3948a73946c7c3552d6df1f773f6,https://www.actionfigure411.com/star-wars/the-original-trilogy-collection/action-figures/darth-vader-death-star-9139.php,2004-01-01,Darth Vader,1.0
16,Original Trilogy,66,Action Figures,groupTable481,2635,OTC 35,Han Solo (AT-ST Driver),5,2004,1,4.99,14.39,9.4,14.39,6feadb083851cde2b3727321cc0df186,https://www.actionfigure411.com/star-wars/the-original-trilogy-collection/action-figures/han-solo-at-st-driver-9140.php,2004-01-01,Han Solo,0.816496580927726
16,Original Trilogy,66,Action Figures,groupTable481,2636,OTC 36,General Madine,5,2004,1,4.99,14.99,10.0,14.99,1d68b6f58296dc371b89dede98c0b14b,https://www.actionfigure411.com/star-wars/the-original-trilogy-collection/action-figures/general-madine-9141.php,2004-01-01,General Madine,0.9999999999999998
16,Original Trilogy,66,Action Figures,groupTable481,2637,OTC 37,Lando Calrissian (General),5,2004,3,4.99,10.66,5.67,11.99,9ea41f99771a65c5327a7caca603334f,https://www.actionfigure411.com/star-wars/the-original-trilogy-collection/action-figures/lando-calrissian-general-9142.php,2004-01-01,Lando Calrissian,0.8994536479300936
16,Original Trilogy,67,Vintage Collection,groupTable483,2639,,Boba Fett,,2004,2,9.99,15.47,5.48,15.95,ea3b465ee0fc85d70260f9af39dccbc3,https://www.actionfigure411.com/star-wars/the-original-trilogy-collection/vintage-collection/boba-fett-9168.php,2004-01-01,Boba Fett,1.0
16,Original Trilogy,67,Vintage Collection,groupTable483,2640,,See-Threepio (C-3PO),,2004,2,9.99,14.49,4.5,16.99,bf42c830c864732df1583a57915d6817,https://www.actionfigure411.com/star-wars/the-original-trilogy-collection/vintage-collection/see-threepio-c-3po-9166.php,2004-01-01,C-3PO (See-Threepio),1.0
16,Original Trilogy,67,Vintage Collection,groupTable483,2641,,Chewbacca,,2004,1,9.99,9.99,0.0,9.99,00b1b4bb4748f38c22ce1328c223b927,https://www.actionfigure411.com/star-wars/the-original-trilogy-collection/vintage-collection/chewbacca-9169.php,2004-01-01,Chewbacca,1.0
16,Original Trilogy,67,Vintage Collection,groupTable483,2642,,Darth Vader,,2004,1,9.99,9.99,0.0,9.99,76b5f3d15a8624db89da4395d194ae20,https://www.actionfigure411.com/star-wars/the-original-trilogy-collection/vintage-collection/darth-vader-9164.php,2004-01-01,Darth Vader,1.0
16,Original Trilogy,67,Vintage Collection,groupTable483,2643,,Han Solo,,2004,4,9.99,15.23,5.24,16.0,8e77ed9752c99cb0422c70693cae396f,https://www.actionfigure411.com/star-wars/the-original-trilogy-collection/vintage-collection/han-solo-9161.php,2004-01-01,Han Solo,1.0000000000000002
16,Original Trilogy,67,Vintage Collection,groupTable483,2644,,Ben (Obi-Wan) Kenobi,,2004,3,9.99,17.24,7.25,18.99,a986cc771c0c0821c519ded2e8544c7d,https://www.actionfigure411.com/star-wars/the-original-trilogy-collection/vintage-collection/ben-obi-wan-kenobi-9160.php,2004-01-01,Obi-Wan Kenobi,0.8660254037844386
16,Original Trilogy,67,Vintage Collection,groupTable483,2645,,Lando Calrissian,,2004,2,9.99,7.0,-2.99,8.99,0b5b44031faee54b5fbc2314393b85ab,https://www.actionfigure411.com/star-wars/the-original-trilogy-collection/vintage-collection/lando-calrissian-9165.php,2004-01-01,Lando Calrissian,1.0000000000000002
16,Original Trilogy,67,Vintage Collection,groupTable483,2646,,Luke Skywalker,,2004,4,9.99,11.62,1.63,13.75,89dcca414ddb31ffecf29d9cfc68a72a,https://www.actionfigure411.com/star-wars/the-original-trilogy-collection/vintage-collection/luke-skywalker-9162.php,2004-01-01,Luke Skywalker,1.0000000000000002
16,Original Trilogy,67,Vintage Collection,groupTable483,2647,,Princess Leia Organa,,2004,1,9.99,16.95,6.96,16.95,f7f9c57d9ce7751806530d784b6b64b0,https://www.actionfigure411.com/star-wars/the-original-trilogy-collection/vintage-collection/princess-leia-organa-9163.php,2004-01-01,Leia Organa,1.0000000000000002
16,Original Trilogy,67,Vintage Collection,groupTable483,2648,,Artoo Detoo (R2-D2) (with extension arm),,2004,0,9.99,,,0.0,b3646c9a3640d8c051d081e79e859120,https://www.actionfigure411.com/star-wars/the-original-trilogy-collection/vintage-collection/artoo-detoo-r2-d2-with-extension-arm-9170.php,2004-01-01,R2-D2,1.0
16,Original Trilogy,67,Vintage Collection,groupTable483,2650,,Yoda,,2004,3,9.99,12.99,3.0,17.99,e23433012d35faaec69251ae42b14cc4,https://www.actionfigure411.com/star-wars/the-original-trilogy-collection/vintage-collection/yoda-9167.php,2004-01-01,Yoda,1.0
16,Original Trilogy,68,Vehicles,groupTable482,2651,,Darth Vader's TIE Fighter,Toys R Us,2004,1,29.99,69.0,39.01,69.0,a2050473990d1679fe030882e7cea194,https://www.actionfigure411.com/star-wars/the-original-trilogy-collection/vehicles/darth-vaders-tie-fighter-9144.php,2004-01-01,Darth Vader,1.0
17,Hot Toys,69,Action Figures,groupTable499,2659,,Obi-Wan Kenobi (Mythos),,2017,1,265.0,205.0,-60.0,205.0,8f71093939d86b3ec6331ed20d8f2615,https://www.actionfigure411.com/star-wars/hot-toys-star-wars/action-figures/obi-wan-kenobi-mythos-10244.php,2017-01-01,Obi-Wan Kenobi,1.0
17,Hot Toys,69,Action Figures,groupTable499,2660,,Garindan,,2025,0,269.99,,,0.0,1196d9b9a21827dee4aa8553a71cad8c,https://www.actionfigure411.com/star-wars/hot-toys-star-wars/action-figures/garindan-9762.php,2025-01-01,Garindan,1.0
17,Hot Toys,69,Action Figures,groupTable499,2661,,Greedo,,2025,0,279.99,,,0.0,ca189ac2fcda5b78bbb516b865537a53,https://www.actionfigure411.com/star-wars/hot-toys-star-wars/action-figures/greedo-9764.php,2025-01-01,Greedo,1.0
17,Hot Toys,69,Action Figures,groupTable499,2662,,Greedo (Exclusive),,2025,0,279.99,,,0.0,8001d3287292bb9fb483cd09f0aaabea,https://www.actionfigure411.com/star-wars/hot-toys-star-wars/action-figures/greedo-exclusive-9765.php,2025-01-01,Greedo,1.0
17,Hot Toys,69,Action Figures,groupTable499,2664,,Ponda Baba,,2025,0,274.99,,,0.0,9a75936e9fced8b5d320d35107102b0d,https://www.actionfigure411.com/star-wars/hot-toys-star-wars/action-figures/ponda-baba-9766.php,2025-01-01,Ponda Baba,1.0000000000000002
17,Hot Toys,69,Action Figures,groupTable499,2666,,Bib Fortuna,,2026,0,280.0,,,0.0,88b0dc84f14cc8dc790814488a464090,https://www.actionfigure411.com/star-wars/hot-toys-star-wars/action-figures/bib-fortuna-11518.php,2026-01-01,Bib Fortuna,1.0
17,Hot Toys,69,Action Figures,groupTable499,2667,,Pagetti Rook,,2026,0,275.0,,,0.0,493df1d153d721e92c532248b044296f,https://www.actionfigure411.com/star-wars/hot-toys-star-wars/action-figures/pagetti-rook-11513.php,2026-01-01,Bodhi Rook,0.7071067811865476
17,Hot Toys,69,Action Figures,groupTable499,2668,CMS 11,Boba Fett (Arena Suit),,2022,4,259.99,325.0,65.01,360.0,f34acd50e33fad915dddc0bb4b90e346,https://www.actionfigure411.com/star-wars/hot-toys-star-wars/action-figures/boba-fett-arena-suit-9663.php,2022-01-01,Boba Fett,1.0
17,Hot Toys,69,Action Figures,groupTable499,2671,CMS 19,Luke Skywalker (Dark Empire),,2024,4,279.99,286.47,6.48,295.0,4a82e0af9b56c8375bedcb2ba7bfbdb1,https://www.actionfigure411.com/star-wars/hot-toys-star-wars/action-figures/luke-skywalker-dark-empire-9734.php,2024-01-01,Luke Skywalker,1.0000000000000002
17,Hot Toys,69,Action Figures,groupTable499,2672,CMS 19B,Luke Skywalker (Special Edition - Dark Empire),,2024,0,279.99,,,0.0,9653e463f4f1b494abdf4e5d1cb69bdd,https://www.actionfigure411.com/star-wars/hot-toys-star-wars/action-figures/luke-skywalker-special-edition-dark-empire-9735.php,2024-01-01,Luke Skywalker,1.0000000000000002
17,Hot Toys,69,Action Figures,groupTable499,2673,CMS 20AE,Luke Skywalker (Artisan Edition - Dark Empire),,2024,9,429.99,425.52,-4.47,510.0,7ca57166c88718d5a2235d1204c8d71f,https://www.actionfigure411.com/star-wars/hot-toys-star-wars/action-figures/luke-skywalker-artisan-edition-dark-empire-9736.php,2024-01-01,Luke Skywalker,1.0000000000000002
17,Hot Toys,69,Action Figures,groupTable499,2674,DX 07,Luke Skywalker (Bespin Outfit),,2012,1,299.99,399.95,99.96,399.95,5679bf14b55b66c9bc856d5485d5f0af,https://www.actionfigure411.com/star-wars/hot-toys-star-wars/action-figures/luke-skywalker-bespin-outfit-9462.php,2012-01-01,Luke Skywalker,1.0000000000000002
17,Hot Toys,69,Action Figures,groupTable499,2675,DX 16,Darth Maul (TPM),,2018,2,281.99,179.95,-102.04,181.38,439e32fe3468595a54ce67e46074fa33,https://www.actionfigure411.com/star-wars/hot-toys-star-wars/action-figures/darth-maul-tpm-9559.php,2018-01-01,Maul,0.7534510784814418
17,Hot Toys,69,Action Figures,groupTable499,2676,DX 17,Darth Maul with Sith Speeder,,2018,1,404.99,435.0,30.01,435.0,16030938659cadb54539b4ec8290a6b4,https://www.actionfigure411.com/star-wars/hot-toys-star-wars/action-figures/darth-maul-with-sith-speeder-9560.php,2018-01-01,Maul,0.7534510784814418
17,Hot Toys,69,Action Figures,groupTable499,2677,DX 17B,Darth Maul with Sith Speeder (Special Edition),,2018,2,405.0,355.0,-50.0,390.0,35ecebdf0e288fcc3df535cac0c9761b,https://www.actionfigure411.com/star-wars/hot-toys-star-wars/action-figures/darth-maul-with-sith-speeder-special-edition-10668.php,2018-01-01,Maul,0.7534510784814418
17,Hot Toys,69,Action Figures,groupTable499,2679,DX 20,Ahsoka Tano,,2021,2,289.99,182.0,-107.99,198.99,ddf2a6731277510a920412f336e87d02,https://www.actionfigure411.com/star-wars/hot-toys-star-wars/action-figures/ahsoka-tano-9617.php,2021-01-01,Ahsoka Tano,1.0000000000000002
17,Hot Toys,69,Action Figures,groupTable499,2680,DX 21,Ahsoka Tano & Grogu,,2021,3,319.99,184.33,-135.66,199.0,063cc341c860ee48d930427330578b2c,https://www.actionfigure411.com/star-wars/hot-toys-star-wars/action-figures/ahsoka-tano-grogu-9618.php,2021-01-01,Ahsoka Tano,0.816496580927726
17,Hot Toys,69,Action Figures,groupTable499,2681,DX 22,Luke Skywalker (The Mandalorian),,2021,5,289.99,289.99,0.0,299.99,edca20e4744a69383df548fb4f9b0fcd,https://www.actionfigure411.com/star-wars/hot-toys-star-wars/action-figures/luke-skywalker-the-mandalorian-9636.php,2021-01-01,Luke Skywalker,0.748189509906481
17,Hot Toys,69,Action Figures,groupTable499,2682,DX 22B,Luke Skywalker (Special Edition - The Mandalorian),,2021,1,289.99,269.99,-20.0,269.99,c2801890051b1803513716f4962a4f9b,https://www.actionfigure411.com/star-wars/hot-toys-star-wars/action-figures/luke-skywalker-special-edition-the-mandalorian-9637.php,2021-01-01,Luke Skywalker,0.748189509906481
17,Hot Toys,69,Action Figures,groupTable499,2683,DX 23,Luke Skywalker (Deluxe - The Mandalorian),,2021,6,334.99,349.0,14.01,399.99,1d0a2b95cbcb9de74a1ca47b3a8ffb79,https://www.actionfigure411.com/star-wars/hot-toys-star-wars/action-figures/luke-skywalker-deluxe-the-mandalorian-9638.php,2021-01-01,Luke Skywalker,0.748189509906481
17,Hot Toys,69,Action Figures,groupTable499,2684,DX 23B,Luke Skywalker (Deluxe - Special Edition - The Mandalorian),,2021,0,334.99,,,0.0,deddf7b82ff29ba61660b155da688166,https://www.actionfigure411.com/star-wars/hot-toys-star-wars/action-figures/luke-skywalker-deluxe-special-edition-the-mandalorian-9639.php,2021-01-01,Luke Skywalker,0.748189509906481
17,Hot Toys,69,Action Figures,groupTable499,2685,DX 24,Luke Skywalker (Bespin),,2022,1,289.99,297.0,7.01,297.0,836efb309a63a93862d175d5d89cddda,https://www.actionfigure411.com/star-wars/hot-toys-star-wars/action-figures/luke-skywalker-bespin-9648.php,2022-01-01,Luke Skywalker,1.0000000000000002
17,Hot Toys,69,Action Figures,groupTable499,2686,DX 25,Luke Skywalker (Deluxe - Bespin),,2022,2,349.99,397.49,47.5,414.99,4e02c32ccdebbef74c691dbb031c8843,https://www.actionfigure411.com/star-wars/hot-toys-star-wars/action-figures/luke-skywalker-deluxe-bespin-9649.php,2022-01-01,Luke Skywalker,1.0000000000000002
17,Hot Toys,69,Action Figures,groupTable499,2688,DX 26,Obi-Wan Kenobi (Collector Edition),,2022,9,259.99,284.66,24.67,315.0,c1df2c00ab541a8a63477530dd67c817,https://www.actionfigure411.com/star-wars/hot-toys-star-wars/action-figures/obi-wan-kenobi-collector-edition-9664.php,2022-01-01,Obi-Wan Kenobi,1.0
17,Hot Toys,69,Action Figures,groupTable499,2689,DX 26B,Obi-Wan Kenobi (Special Edition),,2022,1,299.99,198.5,-101.49,198.5,7d00bef262587243ee299b14e35b30b4,https://www.actionfigure411.com/star-wars/hot-toys-star-wars/action-figures/obi-wan-kenobi-special-edition-10008.php,2022-01-01,Obi-Wan Kenobi,1.0
17,Hot Toys,69,Action Figures,groupTable499,2690,DX 27,Darth Vader,,2022,1,299.99,375.0,75.01,375.0,e9336bf6f8364a3a4471845110ec0624,https://www.actionfigure411.com/star-wars/hot-toys-star-wars/action-figures/darth-vader-9665.php,2022-01-01,Darth Vader,1.0
17,Hot Toys,69,Action Figures,groupTable499,2691,DX 27B,Darth Vader (Special Edition),,2022,0,299.99,,,0.0,f57b9cc3195dd76537df04877071e6f7,https://www.actionfigure411.com/star-wars/hot-toys-star-wars/action-figures/darth-vader-special-edition-9666.php,2022-01-01,Darth Vader,1.0
17,Hot Toys,69,Action Figures,groupTable499,2692,DX 28,Darth Vader (Deluxe),,2022,4,334.99,360.0,25.01,450.0,01db54a2eb5cfcbbf86f1142cfe5e525,https://www.actionfigure411.com/star-wars/hot-toys-star-wars/action-figures/darth-vader-deluxe-9667.php,2022-01-01,Darth Vader,1.0
17,Hot Toys,69,Action Figures,groupTable499,2693,DX 28B,Darth Vader (Special Edition - Deluxe),,2022,3,334.99,421.66,86.67,479.99,7749cbb90628375b58388d7d2c683382,https://www.actionfigure411.com/star-wars/hot-toys-star-wars/action-figures/darth-vader-special-edition-deluxe-9668.php,2022-01-01,Darth Vader,1.0
17,Hot Toys,69,Action Figures,groupTable499,2694,DX 34,Anakin Skywalker (Artisan Edition),,2023,6,414.99,760.67,345.68,850.0,2a1231c5145303ce654c6a86160c278e,https://www.actionfigure411.com/star-wars/hot-toys-star-wars/action-figures/anakin-skywalker-artisan-edition-9702.php,2023-01-01,Anakin Skywalker,1.0000000000000002
17,Hot Toys,69,Action Figures,groupTable499,2695,DX 44B,Darth Vader (Special Edition - Battle Damaged),,2025,0,374.99,,,0.0,5b461c5b6c67c2bc26d6eeb62fcbb734,https://www.actionfigure411.com/star-wars/hot-toys-star-wars/action-figures/darth-vader-special-edition-battle-damaged-9771.php,2025-01-01,Darth Vader,0.7986750358205664
17,Hot Toys,69,Action Figures,groupTable499,2696,DX 44,Darth Vader (Battle Damaged),,2025,6,374.99,520.83,145.84,550.0,e5ef0c22334accbc9e6c48a2e221692d,https://www.actionfigure411.com/star-wars/hot-toys-star-wars/action-figures/darth-vader-battle-damaged-9770.php,2025-01-01,Darth Vader,0.7986750358205664
17,Hot Toys,69,Action Figures,groupTable499,2697,DX 45B,Darth Vader (Deluxe - Special Edition - Battle Damaged),,2025,3,429.99,746.33,316.34,799.0,1de825e849b6f7585fce3eae7ea6ce4d,https://www.actionfigure411.com/star-wars/hot-toys-star-wars/action-figures/darth-vader-deluxe-special-edition-battle-damaged-9773.php,2025-01-01,Darth Vader,0.7986750358205664
17,Hot Toys,69,Action Figures,groupTable499,2698,DX 45,Darth Vader (Deluxe - Battle Damaged),,2025,2,429.99,775.0,345.01,849.99,c4470513f7698ba5fa801eee139d2bcf,https://www.actionfigure411.com/star-wars/hot-toys-star-wars/action-figures/darth-vader-deluxe-battle-damaged-9772.php,2025-01-01,Darth Vader,0.7986750358205664
17,Hot Toys,69,Action Figures,groupTable499,2699,DX 49AE,Darth Vader (Artisan Edition - Mustafar),,2026,0,430.0,,,0.0,6bf3d84fdeecbb3a75ba52d41d0ecdc2,https://www.actionfigure411.com/star-wars/hot-toys-star-wars/action-figures/darth-vader-artisan-edition-mustafar-12240.php,2026-01-01,Darth Vader,1.0
17,Hot Toys,69,Action Figures,groupTable499,2700,MMS 261,Han Solo (ANH),,2015,2,224.99,327.5,102.51,399.99,1e01adb235f0b25bccdc06c502c03a9e,https://www.actionfigure411.com/star-wars/hot-toys-star-wars/action-figures/han-solo-anh-9463.php,2015-01-01,Han Solo,1.0000000000000002
17,Hot Toys,69,Action Figures,groupTable499,2701,MMS 262,Chewbacca (ANH),,2015,2,254.99,295.0,40.01,365.0,92eacec02edfbd2c936e9ca24bf4e7bb,https://www.actionfigure411.com/star-wars/hot-toys-star-wars/action-figures/chewbacca-anh-9464.php,2015-01-01,Chewbacca,1.0
17,Hot Toys,69,Action Figures,groupTable499,2702,MMS 263,Han Solo & Chewbacca (ANH),,2015,1,479.99,560.0,80.01,560.0,40248e9ec52a76bb1ff7a7a2fcf87fb0,https://www.actionfigure411.com/star-wars/hot-toys-star-wars/action-figures/han-solo-chewbacca-anh-9465.php,2015-01-01,Han Solo,0.816496580927726
17,Hot Toys,69,Action Figures,groupTable499,2705,MMS 279,Darth Vader,,2015,1,299.99,328.88,28.89,328.88,c970b63173ea41c32c285fa9750cd2a1,https://www.actionfigure411.com/star-wars/hot-toys-star-wars/action-figures/darth-vader-9469.php,2015-01-01,Darth Vader,1.0
17,Hot Toys,69,Action Figures,groupTable499,2706,MMS 283,Obi-Wan Kenobi,,2015,1,219.99,600.0,380.01,600.0,01ae4925b936cfcf367fcd1ad572ca67,https://www.actionfigure411.com/star-wars/hot-toys-star-wars/action-figures/obi-wan-kenobi-9470.php,2015-01-01,Obi-Wan Kenobi,1.0
17,Hot Toys,69,Action Figures,groupTable499,2709,MMS 297,Luke Skywalker,,2016,2,229.99,234.0,4.01,247.5,769c9b239d76025b0db84437e79b0725,https://www.actionfigure411.com/star-wars/hot-toys-star-wars/action-figures/luke-skywalker-9473.php,2016-01-01,Luke Skywalker,1.0000000000000002
17,Hot Toys,69,Action Figures,groupTable499,2710,MMS 298,Princess Leia Organa,,2015,3,204.99,378.33,173.34,449.99,6336e99d90f8315b2f6e388ca371d5e4,https://www.actionfigure411.com/star-wars/hot-toys-star-wars/action-figures/princess-leia-organa-9474.php,2015-01-01,Leia Organa,1.0000000000000002
17,Hot Toys,69,Action Figures,groupTable499,2711,MMS 304,Luke Skywalker (Stormtrooper Disguise),,2015,1,229.99,218.0,-11.99,218.0,7d70f5dca2fe4ed75fbc030938463bd0,https://www.actionfigure411.com/star-wars/hot-toys-star-wars/action-figures/luke-skywalker-stormtrooper-disguise-9475.php,2015-01-01,Luke Skywalker,1.0000000000000002
17,Hot Toys,69,Action Figures,groupTable499,2712,MMS 312,Boba Fett,,2016,1,234.99,324.99,90.0,324.99,2f8abf36b5ade13b3bcc42bb7a9369be,https://www.actionfigure411.com/star-wars/hot-toys-star-wars/action-figures/boba-fett-9476.php,2016-01-01,Boba Fett,1.0
17,Hot Toys,69,Action Figures,groupTable499,2713,MMS 313,Boba Fett (Deluxe Version),,2016,4,259.99,426.25,166.26,470.0,08a0bbe5d550fbbcd2210a938bd0ae16,https://www.actionfigure411.com/star-wars/hot-toys-star-wars/action-figures/boba-fett-deluxe-version-9477.php,2016-01-01,Boba Fett,1.0
17,Hot Toys,69,Action Figures,groupTable499,2715,MMS 317,First Order Stormtrooper,,2015,3,204.99,146.98,-58.01,159.95,c3568fb4df3ea2d8af74f8001cac71e7,https://www.actionfigure411.com/star-wars/hot-toys-star-wars/action-figures/first-order-stormtrooper-9479.php,2015-01-01,First Order Raiders,0.794103136389463
17,Hot Toys,69,Action Figures,groupTable499,2716,MMS 318,First Order Heavy Gunner Stormtrooper,,2015,0,219.99,,,0.0,ccb8afa1a0cc3d170195b06ea5fbbcd6,https://www.actionfigure411.com/star-wars/hot-toys-star-wars/action-figures/first-order-heavy-gunner-stormtrooper-9480.php,2015-01-01,First Order Raiders,0.794103136389463
17,Hot Toys,69,Action Figures,groupTable499,2717,MMS 319,First Order Stormtrooper Set,,2015,1,389.99,143.05,-246.94,143.05,b0b653e89e5cd5239f058df614946aaa,https://www.actionfigure411.com/star-wars/hot-toys-star-wars/action-figures/first-order-stormtrooper-set-9481.php,2015-01-01,First Order Raiders,0.794103136389463
17,Hot Toys,69,Action Figures,groupTable499,2718,MMS 320,Kylo Ren,,2015,3,224.99,157.5,-67.49,179.99,b7362fedc9fa9bc71f5ec1decff63933,https://www.actionfigure411.com/star-wars/hot-toys-star-wars/action-figures/kylo-ren-9482.php,2015-01-01,Supreme Leader Kylo Ren,0.7345111134705395
17,Hot Toys,69,Action Figures,groupTable499,2719,MMS 321,First Order Snowtrooper,,2015,1,214.99,99.99,-115.0,99.99,0ac0452b6163a8bad51e4147018cfffa,https://www.actionfigure411.com/star-wars/hot-toys-star-wars/action-figures/first-order-snowtrooper-9483.php,2015-01-01,First Order Raiders,0.794103136389463
17,Hot Toys,69,Action Figures,groupTable499,2721,MMS 323,First Order Snowtrooper Set,,2015,0,389.99,,,0.0,92fbac808a7799a338fe98bbaf412797,https://www.actionfigure411.com/star-wars/hot-toys-star-wars/action-figures/first-order-snowtrooper-set-9485.php,2015-01-01,First Order Raiders,0.794103136389463
17,Hot Toys,69,Action Figures,groupTable499,2723,MMS 326,First Order Flametrooper,,2015,2,234.99,126.0,-108.99,170.0,a367f60118b186380f90b0e91cbdc29d,https://www.actionfigure411.com/star-wars/hot-toys-star-wars/action-figures/first-order-flametrooper-9487.php,2015-01-01,First Order Raiders,0.794103136389463
17,Hot Toys,69,Action Figures,groupTable499,2724,MMS 328,Captain Phasma,,2015,3,249.99,119.99,-130.0,199.99,99cc17d2fdf02f7fac98140a9177aa37,https://www.actionfigure411.com/star-wars/hot-toys-star-wars/action-figures/captain-phasma-9488.php,2015-01-01,Captain Phasma,1.0
17,Hot Toys,69,Action Figures,groupTable499,2725,MMS 333,First Order Stormtrooper (Jakku Exclusive),,2015,1,219.99,135.0,-84.99,135.0,7621dc1268fdd404ca41ccc5ac996a70,https://www.actionfigure411.com/star-wars/hot-toys-star-wars/action-figures/first-order-stormtrooper-jakku-exclusive-9489.php,2015-01-01,First Order Raiders,0.794103136389463
17,Hot Toys,69,Action Figures,groupTable499,2727,MMS 336,Rey,,2015,1,224.99,184.48,-40.51,184.48,26d1a2be8cbd32685564050f904dc962,https://www.actionfigure411.com/star-wars/hot-toys-star-wars/action-figures/rey-9491.php,2015-01-01,Rey,1.0
17,Hot Toys,69,Action Figures,groupTable499,2728,MMS 337,Rey & BB-8 Set,,2015,3,289.99,218.33,-71.66,280.0,538f137226f41ec273ea439f8aff8ec6,https://www.actionfigure411.com/star-wars/hot-toys-star-wars/action-figures/rey-bb-8-set-9492.php,2015-01-01,Rey,0.7273016634383198
17,Hot Toys,69,Action Figures,groupTable499,2729,MMS 345,Finn,,2015,0,204.99,,,0.0,d587d44d7906bf625d79a53aa2e9ac3b,https://www.actionfigure411.com/star-wars/hot-toys-star-wars/action-figures/finn-9493.php,2015-01-01,Finn,1.0
17,Hot Toys,69,Action Figures,groupTable499,2732,MMS 367,FN-2187 (Stormtrooper Finn),,2016,2,219.99,358.24,138.25,373.0,90fc05b2b57a58c2eea007845ec6c96a,https://www.actionfigure411.com/star-wars/hot-toys-star-wars/action-figures/fn-2187-stormtrooper-finn-9497.php,2016-01-01,Finn,0.7071067811865476
17,Hot Toys,69,Action Figures,groupTable499,2733,MMS 369,Yoda,,2016,1,199.99,399.0,199.01,399.0,379bc6fbdb07d1a3e944b34c94842614,https://www.actionfigure411.com/star-wars/hot-toys-star-wars/action-figures/yoda-9498.php,2016-01-01,Yoda,1.0
17,Hot Toys,69,Action Figures,groupTable499,2734,MMS 374,Han Solo,,2016,0,244.99,,,0.0,0d02ad6ba0e2d6f19c7007c33ab9e39e,https://www.actionfigure411.com/star-wars/hot-toys-star-wars/action-figures/han-solo-9499.php,2016-01-01,Han Solo,1.0000000000000002
17,Hot Toys,69,Action Figures,groupTable499,2735,MMS 375,Chewbacca,,2016,0,279.99,,,0.0,ccb92e17d448c8c6850485f9d0888bda,https://www.actionfigure411.com/star-wars/hot-toys-star-wars/action-figures/chewbacca-9500.php,2016-01-01,Chewbacca,1.0
17,Hot Toys,69,Action Figures,groupTable499,2736,MMS 376,Han Solo & Chewbacca Set,,2016,1,519.99,271.0,-248.99,271.0,44a2ebd98f66dd7678405655ada0a7e9,https://www.actionfigure411.com/star-wars/hot-toys-star-wars/action-figures/han-solo-chewbacca-set-9501.php,2016-01-01,Han Solo,0.816496580927726
17,Hot Toys,69,Action Figures,groupTable499,2737,MMS 377,Resistance Outfit Rey,,2016,1,219.99,175.0,-44.99,175.0,6906ae9344c87dbe3b7b2fae86615866,https://www.actionfigure411.com/star-wars/hot-toys-star-wars/action-figures/resistance-outfit-rey-9503.php,2016-01-01,Rey,1.0
17,Hot Toys,69,Action Figures,groupTable499,2738,MMS 385,Death Trooper Specialist,,2016,1,234.99,424.23,189.24,424.23,67b1ca6679ea3ba200e576b24b437f34,https://www.actionfigure411.com/star-wars/hot-toys-star-wars/action-figures/death-trooper-specialist-9504.php,2016-01-01,Clone X trooper,0.7772933980533595
17,Hot Toys,69,Action Figures,groupTable499,2740,MMS 388,Darth Vader (Rogue One),,2016,1,249.99,198.5,-51.49,198.5,1445e564632b17517f7a9a69a79aed7f,https://www.actionfigure411.com/star-wars/hot-toys-star-wars/action-figures/darth-vader-rogue-one-9506.php,2016-01-01,Darth Vader,1.0
17,Hot Toys,69,Action Figures,groupTable499,2742,MMS 390,Luke Skywalker (Last Jedi),,2016,2,229.99,149.5,-80.49,149.99,1d622551ca16f819e6e82be021016292,https://www.actionfigure411.com/star-wars/hot-toys-star-wars/action-figures/luke-skywalker-last-jedi-9508.php,2016-01-01,Luke Skywalker,1.0000000000000002
17,Hot Toys,69,Action Figures,groupTable499,2747,MMS 398,Death Trooper,,2016,1,219.99,370.0,150.01,370.0,5dc79e7aad0b9eb9e4494703d2d1377e,https://www.actionfigure411.com/star-wars/hot-toys-star-wars/action-figures/death-trooper-9515.php,2016-01-01,Clone X trooper,0.7772933980533595
17,Hot Toys,69,Action Figures,groupTable499,2748,MMS 399,Death Trooper Specialist (Deluxe),,2016,1,249.99,500.0,250.01,500.0,0dfc548c401287f02030c3aef442c702,https://www.actionfigure411.com/star-wars/hot-toys-star-wars/action-figures/death-trooper-specialist-deluxe-9516.php,2016-01-01,Clone X trooper,0.7772933980533595
17,Hot Toys,69,Action Figures,groupTable499,2750,MMS 402,Chirrut Imwe,,2016,0,219.99,,,0.0,bd5dab9de68a8a0b09e17296356c9005,https://www.actionfigure411.com/star-wars/hot-toys-star-wars/action-figures/chirrut-imwe-9518.php,2016-01-01,Chirrut  mwe,0.7071067811865476
17,Hot Toys,69,Action Figures,groupTable499,2751,MMS 403,Chirrut Imwe (Deluxe),,2016,2,244.99,363.49,118.5,411.98,f8b0ca66d4cefffc72995cc5d666c1da,https://www.actionfigure411.com/star-wars/hot-toys-star-wars/action-figures/chirrut-imwe-deluxe-9519.php,2016-01-01,Chirrut  mwe,0.7071067811865476
17,Hot Toys,69,Action Figures,groupTable499,2752,MMS 404,Jyn Erso,,2016,1,219.99,345.95,125.96,345.95,27566192b1bed770e1e92d0a2ee083d0,https://www.actionfigure411.com/star-wars/hot-toys-star-wars/action-figures/jyn-erso-9520.php,2016-01-01,Jyn Erso,1.0000000000000002
17,Hot Toys,69,Action Figures,groupTable499,2753,MMS 405,Jyn Erso (Deluxe),,2016,2,249.99,375.0,125.01,450.0,7fe5f8a2acd9ef98d5dcb1fc73d99966,https://www.actionfigure411.com/star-wars/hot-toys-star-wars/action-figures/jyn-erso-deluxe-9521.php,2016-01-01,Jyn Erso,1.0000000000000002
17,Hot Toys,69,Action Figures,groupTable499,2755,MMS 408,R2-D2 (The Force Awakens),,2017,3,219.99,394.66,174.67,569.99,1a971d08c7bffffc64f00157241c8748,https://www.actionfigure411.com/star-wars/hot-toys-star-wars/action-figures/r2-d2-the-force-awakens-9523.php,2017-01-01,R2-D2,0.90288121630488
17,Hot Toys,69,Action Figures,groupTable499,2757,MMS 418,Han Solo (Stormtrooper Disguise),,2017,5,242.99,451.8,208.81,599.99,bfd38032c3e3e8024b0fea47371df6b4,https://www.actionfigure411.com/star-wars/hot-toys-star-wars/action-figures/han-solo-stormtrooper-disguise-9525.php,2017-01-01,Han Solo,1.0000000000000002
17,Hot Toys,69,Action Figures,groupTable499,2758,MMS 419,Jyn Erso (Imperial Disguise),,2017,1,219.99,349.0,129.01,349.0,154380f7ce29fcba93fd1e48cdccc598,https://www.actionfigure411.com/star-wars/hot-toys-star-wars/action-figures/jyn-erso-imperial-disguise-9526.php,2017-01-01,Jyn Erso,0.8191816100989555
17,Hot Toys,69,Action Figures,groupTable499,2759,MMS 423,Princess Leia (ESB),,2017,6,219.99,454.08,234.09,549.99,183d01033cc4d72da717f07cf1efee48,https://www.actionfigure411.com/star-wars/hot-toys-star-wars/action-figures/princess-leia-esb-9527.php,2017-01-01,Leia Organa,0.7419392967573335
17,Hot Toys,69,Action Figures,groupTable499,2760,MMS 428,Executioner Trooper,,2017,2,203.99,130.83,-73.16,140.99,ddd5264f7fbe1d010d9becde4fd6fc09,https://www.actionfigure411.com/star-wars/hot-toys-star-wars/action-figures/executioner-trooper-9528.php,2017-01-01,Clone X trooper,0.7772933980533595
17,Hot Toys,69,Action Figures,groupTable499,2761,MMS 429,Luke Skywalker (ROTJ),,2017,2,229.99,290.0,60.01,299.99,ea09431239cd15edee979367bcc40ca8,https://www.actionfigure411.com/star-wars/hot-toys-star-wars/action-figures/luke-skywalker-rotj-9529.php,2017-01-01,Luke Skywalker,1.0000000000000002
17,Hot Toys,69,Action Figures,groupTable499,2762,MMS 433,Grand Moff Tarkin,,2017,2,234.99,685.0,450.01,695.0,af87c226c6eb9e7eab3758671eaf2bac,https://www.actionfigure411.com/star-wars/hot-toys-star-wars/action-figures/grand-moff-tarkin-9530.php,2017-01-01,Grand Moff Tarkin,1.0000000000000002
17,Hot Toys,69,Action Figures,groupTable499,2763,MMS 434,Grand Moff Tarkin and Darth Vader,,2017,2,469.99,515.0,45.01,530.0,6d84ad161a3a7c98bae3ef546dc6da51,https://www.actionfigure411.com/star-wars/hot-toys-star-wars/action-figures/grand-moff-tarkin-and-darth-vader-9531.php,2017-01-01,Grand Moff Tarkin,0.7146212151225916
17,Hot Toys,69,Action Figures,groupTable499,2764,MMS 437,Anakin Skywalker (ROTS),,2017,2,234.99,350.0,115.01,400.0,8f20125aac6496ebcb6f7aed3550a312,https://www.actionfigure411.com/star-wars/hot-toys-star-wars/action-figures/anakin-skywalker-rots-9532.php,2017-01-01,Anakin Skywalker,1.0000000000000002
17,Hot Toys,69,Action Figures,groupTable499,2765,MMS 438,Kylo Ren (Last Jedi),,2017,2,234.99,166.25,-68.74,172.5,a54ed35ffe1ce55595692484c4840a0f,https://www.actionfigure411.com/star-wars/hot-toys-star-wars/action-figures/kylo-ren-last-jedi-9533.php,2017-01-01,Supreme Leader Kylo Ren,0.7345111134705395
17,Hot Toys,69,Action Figures,groupTable499,2766,MMS 440,BB-8,,2017,1,102.99,176.4,73.41,176.4,0a01c325c036f2c59d0ab46b6ebbbaf4,https://www.actionfigure411.com/star-wars/hot-toys-star-wars/action-figures/bb-8-9534.php,2017-01-01,BB-8,1.0
17,Hot Toys,69,Action Figures,groupTable499,2767,MMS 441,BB-9E,,2017,0,102.99,,,0.0,932cee723cb6902b5e6410bfd5302490,https://www.actionfigure411.com/star-wars/hot-toys-star-wars/action-figures/bb-9e-9535.php,2017-01-01,BB-9E,1.0
17,Hot Toys,69,Action Figures,groupTable499,2768,MMS 442,BB-8 & BB-9E Set,,2017,1,175.99,195.5,19.51,195.5,b37bac156ed723a196020086a1e2e231,https://www.actionfigure411.com/star-wars/hot-toys-star-wars/action-figures/bb-8-bb-9e-set-9536.php,2017-01-01,BB-9E,0.9469669624042436
17,Hot Toys,69,Action Figures,groupTable499,2769,MMS 446,Rey (Jedi Training),,2017,3,279.99,252.5,-27.49,375.0,52aba41c4eb9f2026df5f2dd70639123,https://www.actionfigure411.com/star-wars/hot-toys-star-wars/action-figures/rey-jedi-training-9538.php,2017-01-01,Rey,1.0
17,Hot Toys,69,Action Figures,groupTable499,2770,MMS 452,Darth Vader (ESB),,2017,3,266.99,234.16,-32.83,269.99,ffc7a75e497dbca376447f2347b79a40,https://www.actionfigure411.com/star-wars/hot-toys-star-wars/action-figures/darth-vader-esb-9539.php,2017-01-01,Darth Vader,1.0
17,Hot Toys,69,Action Figures,groupTable499,2771,MMS 453,Praetorian Guard (Heavy Blade),,2017,0,204.99,,,0.0,38bcbf713c699b6d1ca5a30af795bf86,https://www.actionfigure411.com/star-wars/hot-toys-star-wars/action-figures/praetorian-guard-heavy-blade-9540.php,2017-01-01,Pyke Guard,0.7534510784814418
17,Hot Toys,69,Action Figures,groupTable499,2772,MMS 454,Praetorian Guard (Double Blade),,2017,1,204.99,232.58,27.59,232.58,1eb480248c20563f3417b2adece9ba13,https://www.actionfigure411.com/star-wars/hot-toys-star-wars/action-figures/praetorian-guard-double-blade-9541.php,2017-01-01,Pyke Guard,0.7534510784814418
17,Hot Toys,69,Action Figures,groupTable499,2773,MMS 457,Luke Skywalker (Last Jedi),,2017,0,227.99,,,0.0,49edc831a8811325742306144d17d49c,https://www.actionfigure411.com/star-wars/hot-toys-star-wars/action-figures/luke-skywalker-last-jedi-9542.php,2017-01-01,Luke Skywalker,1.0000000000000002
17,Hot Toys,69,Action Figures,groupTable499,2774,MMS 458,Luke Skywalker Deluxe (Last Jedi),,2017,2,244.99,224.97,-20.02,299.95,748433a3e42817d80309bd8178ab8a4c,https://www.actionfigure411.com/star-wars/hot-toys-star-wars/action-figures/luke-skywalker-deluxe-last-jedi-9543.php,2017-01-01,Luke Skywalker,1.0000000000000002
17,Hot Toys,69,Action Figures,groupTable499,2775,MMS 459,Leia Organa (Last Jedi),,2017,2,219.99,268.71,48.72,297.42,0fa657cc647754c184ef66bbe55687bd,https://www.actionfigure411.com/star-wars/hot-toys-star-wars/action-figures/leia-organa-last-jedi-9544.php,2017-01-01,Leia Organa,1.0000000000000002
17,Hot Toys,69,Action Figures,groupTable499,2776,MMS 463,Boba Fett (ESB),,2018,1,234.99,250.0,15.01,250.0,f47156cca7f674b5402b59ec13735c1b,https://www.actionfigure411.com/star-wars/hot-toys-star-wars/action-figures/boba-fett-esb-9545.php,2018-01-01,Boba Fett,1.0
17,Hot Toys,69,Action Figures,groupTable499,2777,MMS 464,Boba Fett Deluxe (ESB),,2018,1,266.99,424.99,158.0,424.99,52bc91cd6eec4f65431bf9941edb7597,https://www.actionfigure411.com/star-wars/hot-toys-star-wars/action-figures/boba-fett-deluxe-esb-9546.php,2018-01-01,Boba Fett,1.0
17,Hot Toys,69,Action Figures,groupTable499,2778,MMS 467,Emperor Palpatine,,2018,1,219.99,224.99,5.0,224.99,cee431187a2ac0f47e6814cfa30e66ad,https://www.actionfigure411.com/star-wars/hot-toys-star-wars/action-figures/emperor-palpatine-9547.php,2018-01-01,Emperor Palpatine (Darth Sidious),0.7291766797036204
17,Hot Toys,69,Action Figures,groupTable499,2779,MMS 468,Emperor Palpatine (Deluxe),,2018,2,313.99,460.0,146.01,570.0,f8c87784b331a579321f40cf55f62195,https://www.actionfigure411.com/star-wars/hot-toys-star-wars/action-figures/emperor-palpatine-deluxe-9548.php,2018-01-01,Emperor Palpatine (Darth Sidious),0.7291766797036204
17,Hot Toys,69,Action Figures,groupTable499,2780,MMS 469,Royal Guard,,2018,3,204.99,460.33,255.34,530.98,97be7f68556aac55c2fcf0e7c777deb4,https://www.actionfigure411.com/star-wars/hot-toys-star-wars/action-figures/royal-guard-9549.php,2018-01-01,Pyke Guard,0.7534510784814418
17,Hot Toys,69,Action Figures,groupTable499,2781,MMS 477,Obi-Wan Kenobi (ROTS),,2018,1,234.99,285.0,50.01,285.0,976c978b55800945de7f755c50f1ad7e,https://www.actionfigure411.com/star-wars/hot-toys-star-wars/action-figures/obi-wan-kenobi-rots-9550.php,2018-01-01,Obi-Wan Kenobi,1.0
17,Hot Toys,69,Action Figures,groupTable499,2782,MMS 478,Obi-Wan Kenobi Deluxe (ROTS),,2018,5,273.99,442.6,168.61,599.99,fa7e7d471c18cf929d47a0cec8520a04,https://www.actionfigure411.com/star-wars/hot-toys-star-wars/action-figures/obi-wan-kenobi-deluxe-rots-9551.php,2018-01-01,Obi-Wan Kenobi,1.0
17,Hot Toys,69,Action Figures,groupTable499,2783,MMS 486,Anakin Skywalker (Darkside),,2018,1,266.99,500.0,233.01,500.0,dfe53353f3f1eeffaaeb8d8ed3267694,https://www.actionfigure411.com/star-wars/hot-toys-star-wars/action-figures/anakin-skywalker-darkside-9552.php,2018-01-01,Anakin Skywalker,1.0000000000000002
17,Hot Toys,69,Action Figures,groupTable499,2784,MMS 491,Han Solo (Solo),,2018,1,219.99,230.0,10.01,230.0,c799f993c97e4da35ee5cec48bf92472,https://www.actionfigure411.com/star-wars/hot-toys-star-wars/action-figures/han-solo-solo-9553.php,2018-01-01,Han Solo,0.948683298050514
17,Hot Toys,69,Action Figures,groupTable499,2785,MMS 492,Han Solo Deluxe (Solo),,2018,1,242.99,169.99,-73.0,169.99,5d74ebf48734627121b4ad37e9a7761f,https://www.actionfigure411.com/star-wars/hot-toys-star-wars/action-figures/han-solo-deluxe-solo-9554.php,2018-01-01,Han Solo,0.948683298050514
17,Hot Toys,69,Action Figures,groupTable499,2786,MMS 493,Han Solo (Mudtrooper),,2018,1,234.99,235.0,0.01,235.0,c1d8683f56cf949c3998aa4555af2c10,https://www.actionfigure411.com/star-wars/hot-toys-star-wars/action-figures/han-solo-mudtrooper-9555.php,2018-01-01,Han Solo,1.0000000000000002
17,Hot Toys,69,Action Figures,groupTable499,2787,MMS 494,Patrol Trooper,,2018,3,219.99,316.66,96.67,325.0,2b4adce93f5776196c497e7a6232a787,https://www.actionfigure411.com/star-wars/hot-toys-star-wars/action-figures/patrol-trooper-9556.php,2018-01-01,Clone X trooper,0.7772933980533595
17,Hot Toys,69,Action Figures,groupTable499,2789,MMS 496,Count Dooku (Attack of the Clones),,2018,1,242.99,434.99,192.0,434.99,2882806422de2d61a36a3c8da7a8047f,https://www.actionfigure411.com/star-wars/hot-toys-star-wars/action-figures/count-dooku-attack-of-the-clones-9558.php,2018-01-01,Count Dooku,0.7637624727776068
17,Hot Toys,69,Action Figures,groupTable499,2790,MMS 507,Luke Skywalker (Crait),,2018,1,234.99,123.5,-111.49,123.5,7b479b478eb334aeed358af8de27f995,https://www.actionfigure411.com/star-wars/hot-toys-star-wars/action-figures/luke-skywalker-crait-9561.php,2018-01-01,Luke Skywalker,1.0000000000000002
17,Hot Toys,69,Action Figures,groupTable499,2791,MMS 508,Princess Leia (Bespin),,2018,3,234.99,280.0,45.01,315.0,c6023c04634328f4e66fc1a8bad09c30,https://www.actionfigure411.com/star-wars/hot-toys-star-wars/action-figures/princess-leia-bespin-9562.php,2018-01-01,Leia Organa,0.7419392967573335
17,Hot Toys,69,Action Figures,groupTable499,2792,MMS 511,R2-D2 (Deluxe),,2018,2,242.99,514.5,271.51,549.0,b45605b5c4fa9fe80a28d20b44991e5a,https://www.actionfigure411.com/star-wars/hot-toys-star-wars/action-figures/r2-d2-deluxe-9563.php,2018-01-01,R2-D2,1.0
17,Hot Toys,69,Action Figures,groupTable499,2795,MMS 516,Luke Skywalker (Endor),,2018,2,242.99,299.5,56.51,300.0,d0b6482e4ae2f80fcb2c424f841ff7b4,https://www.actionfigure411.com/star-wars/hot-toys-star-wars/action-figures/luke-skywalker-endor-9566.php,2018-01-01,Luke Skywalker,1.0000000000000002
17,Hot Toys,69,Action Figures,groupTable499,2796,MMS 517,Luke Skywalker Deluxe (ROTJ),,2018,2,281.99,325.0,43.01,330.0,630af3b957f24af900a8f6d39004eebc,https://www.actionfigure411.com/star-wars/hot-toys-star-wars/action-figures/luke-skywalker-deluxe-rotj-9567.php,2018-01-01,Luke Skywalker,1.0000000000000002
17,Hot Toys,69,Action Figures,groupTable499,2797,MMS 519,Director Krennic,,2019,2,234.99,412.49,177.5,499.99,693404b37246d65c0e2c5ec544c38fc1,https://www.actionfigure411.com/star-wars/hot-toys-star-wars/action-figures/director-krennic-9568.php,2019-01-01,Director Orson Krennic,0.816496580927726
17,Hot Toys,69,Action Figures,groupTable499,2798,MMS 524,Commander Cody,,2019,5,242.99,235.5,-7.49,280.0,b7bde6330dfcd8843a299d33dddf9426,https://www.actionfigure411.com/star-wars/hot-toys-star-wars/action-figures/commander-cody-9569.php,2019-01-01,Clone Commander Cody,0.8879854920732977
17,Hot Toys,69,Action Figures,groupTable499,2799,MMS 525,Qui-Gon Jinn,,2019,2,234.99,318.75,83.76,320.0,a8fe2e790b6276a0a381ef81054e4744,https://www.actionfigure411.com/star-wars/hot-toys-star-wars/action-figures/qui-gon-jinn-9570.php,2019-01-01,Qui-Gon Jinn,1.0
17,Hot Toys,69,Action Figures,groupTable499,2800,MMS 544,Sith Trooper,,2019,2,234.99,193.75,-41.24,207.5,4d17a0158fa5d1859a699c4b6a4fadfd,https://www.actionfigure411.com/star-wars/hot-toys-star-wars/action-figures/sith-trooper-9572.php,2019-01-01,Clone X trooper,0.7772933980533595
17,Hot Toys,69,Action Figures,groupTable499,2801,MMS 549,Princess Leia (Endor),,2019,0,227.99,,,0.0,47624f541dce9ad952a6fc7e8714d0f5,https://www.actionfigure411.com/star-wars/hot-toys-star-wars/action-figures/princess-leia-endor-9573.php,2019-01-01,Leia Organa,0.7419392967573335
17,Hot Toys,69,Action Figures,groupTable499,2802,MMS 550,Wicket,,2019,5,196.99,353.2,156.21,561.0,d976e537fbdd5b78aa46d040c71b35bd,https://www.actionfigure411.com/star-wars/hot-toys-star-wars/action-figures/wicket-9574.php,2019-01-01,Wicket W  Warrick,0.7071067811865476
17,Hot Toys,69,Action Figures,groupTable499,2805,MMS 559,Rey & D-O,,2019,4,244.99,250.0,5.01,299.99,338847d680510cdcd9d46f5d966b4ad9,https://www.actionfigure411.com/star-wars/hot-toys-star-wars/action-figures/rey-d-o-9579.php,2019-01-01,Rey,1.0
17,Hot Toys,69,Action Figures,groupTable499,2806,MMS 560,Kylo Ren (TROS),,2019,4,250.99,274.75,23.76,300.0,171904e98b982fc9ac994f8a5a2a6b70,https://www.actionfigure411.com/star-wars/hot-toys-star-wars/action-figures/kylo-ren-tros-9580.php,2019-01-01,Supreme Leader Kylo Ren,0.7345111134705395
17,Hot Toys,69,Action Figures,groupTable499,2809,MMS 571,Boba Fett (Vintage Colors),,2020,0,254.99,,,0.0,cc4bdabeb90e6e882a60309515fa97bc,https://www.actionfigure411.com/star-wars/hot-toys-star-wars/action-figures/boba-fett-vintage-colors-9591.php,2020-01-01,Boba Fett,1.0
17,Hot Toys,69,Action Figures,groupTable499,2810,MMS 572,Darth Vader (ESB 40th),,2020,1,284.99,325.0,40.01,325.0,3240a03819e696c1e86fa9481df91be2,https://www.actionfigure411.com/star-wars/hot-toys-star-wars/action-figures/darth-vader-esb-40th-9592.php,2020-01-01,Darth Vader,1.0
17,Hot Toys,69,Action Figures,groupTable499,2811,MMS 574,Boba Fett (ESB 40th),,2020,3,284.99,321.67,36.68,395.0,5b6c7350ba686b5d94969899f590f11c,https://www.actionfigure411.com/star-wars/hot-toys-star-wars/action-figures/boba-fett-esb-40th-9598.php,2020-01-01,Boba Fett,1.0
17,Hot Toys,69,Action Figures,groupTable499,2812,MMS 585,Luke Skywalker (Snowspeeder Pilot),,2020,7,269.99,243.64,-26.35,260.0,a1ccdc07052d33c998d40f8ea97222e2,https://www.actionfigure411.com/star-wars/hot-toys-star-wars/action-figures/luke-skywalker-snowspeeder-pilot-9599.php,2020-01-01,Luke Skywalker,0.8305905453308053
17,Hot Toys,69,Action Figures,groupTable499,2814,MMS 588,Lando Calrissian,,2020,5,239.99,167.8,-72.19,199.99,3d7e4bbdde5d76bc07c0a9f485631290,https://www.actionfigure411.com/star-wars/hot-toys-star-wars/action-figures/lando-calrissian-9603.php,2020-01-01,Lando Calrissian,1.0000000000000002
17,Hot Toys,69,Action Figures,groupTable499,2815,MMS 589,Jango Fett,,2020,6,289.99,235.0,-54.99,290.0,e060b199f1f115e048a4119ddc313a88,https://www.actionfigure411.com/star-wars/hot-toys-star-wars/action-figures/jango-fett-9607.php,2020-01-01,Jango Fett,1.0
17,Hot Toys,69,Action Figures,groupTable499,2817,MMS 611,Scout Trooper (ROTJ),,2021,4,234.99,234.34,-0.65,254.88,ae6eb3a499390a16fa64051527ee328e,https://www.actionfigure411.com/star-wars/hot-toys-star-wars/action-figures/scout-trooper-rotj-9640.php,2021-01-01,Clone X trooper,0.7772933980533595
17,Hot Toys,69,Action Figures,groupTable499,2818,MMS 612,Scout Trooper & Speeder Bike (ROTJ),,2021,4,509.99,418.75,-91.24,450.0,fa2370e02c4f7f217464498172a2c43a,https://www.actionfigure411.com/star-wars/hot-toys-star-wars/action-figures/scout-trooper-speeder-bike-rotj-9641.php,2021-01-01,Clone X trooper,0.7772933980533595
17,Hot Toys,69,Action Figures,groupTable499,2820,MMS 621,Death Trooper (Black Chrome),,2022,3,249.99,199.33,-50.66,220.0,02843c8fe96862a54225136c1fca9f6c,https://www.actionfigure411.com/star-wars/hot-toys-star-wars/action-figures/death-trooper-black-chrome-9657.php,2022-01-01,Clone X trooper,0.7772933980533595
17,Hot Toys,69,Action Figures,groupTable499,2821,MMS 643,Clone Trooper (Chrome),,2022,4,279.99,213.75,-66.24,265.0,aac98c38d0a328c68fb8f18bd6eb79bc,https://www.actionfigure411.com/star-wars/hot-toys-star-wars/action-figures/clone-trooper-chrome-9658.php,2022-01-01,Clone X trooper,1.0
17,Hot Toys,69,Action Figures,groupTable499,2822,MMS 647,Clone Trooper (AOTC),,2022,3,229.99,326.66,96.67,399.99,738c11f8411bbb09d5cce5c27a9e12af,https://www.actionfigure411.com/star-wars/hot-toys-star-wars/action-figures/clone-trooper-aotc-9650.php,2022-01-01,Clone X trooper,1.0
17,Hot Toys,69,Action Figures,groupTable499,2823,MMS 648,Clone Pilot (AOTC),,2022,6,239.99,217.91,-22.08,259.99,b3497d341761b0a9f0fce34ce6ab10fa,https://www.actionfigure411.com/star-wars/hot-toys-star-wars/action-figures/clone-pilot-aotc-9651.php,2022-01-01,Clone Pilot Warthog,0.7401399262330008
17,Hot Toys,69,Action Figures,groupTable499,2824,MMS 649,Battle Droid (Geonosis),,2022,8,194.99,199.56,4.57,225.0,4e48e16f0080a1fb7349e57d6382e8a5,https://www.actionfigure411.com/star-wars/hot-toys-star-wars/action-figures/battle-droid-geonosis-9652.php,2022-01-01,Battle Droid 513,0.7892379838534719
17,Hot Toys,69,Action Figures,groupTable499,2826,MMS 651,R2-D2 (AOTC),,2022,4,274.99,378.85,103.86,474.99,20401b5a2c8c4858ece82661a25e7115,https://www.actionfigure411.com/star-wars/hot-toys-star-wars/action-figures/r2-d2-aotc-9654.php,2022-01-01,R2-D2,1.0
17,Hot Toys,69,Action Figures,groupTable499,2827,MMS 677,Anakin Skywalker (AOTC),,2023,5,283.99,298.99,15.0,344.95,1ccccf6a8a87817f23f595fb65df75de,https://www.actionfigure411.com/star-wars/hot-toys-star-wars/action-figures/anakin-skywalker-aotc-9686.php,2023-01-01,Anakin Skywalker,1.0000000000000002
17,Hot Toys,69,Action Figures,groupTable499,2828,MMS 678,Padme Amidala (AOTC),,2023,6,274.99,429.0,154.01,474.0,890837a2e8ba074f630fe2d4a5fc5db7,https://www.actionfigure411.com/star-wars/hot-toys-star-wars/action-figures/padme-amidala-aotc-9687.php,2023-01-01,Padm  Amidala,0.7071067811865476
17,Hot Toys,69,Action Figures,groupTable499,2829,MMS 681,Mace Windu,,2023,3,283.99,341.67,57.68,350.0,712eb87695dae15b6164e4e0d3e27e14,https://www.actionfigure411.com/star-wars/hot-toys-star-wars/action-figures/mace-windu-9688.php,2023-01-01,Mace Windu,1.0000000000000002
17,Hot Toys,69,Action Figures,groupTable499,2830,MMS 682,Super Battle Droid,,2023,3,242.99,265.0,22.01,320.0,e7ff4cbcf56317ce6089134b193bdf72,https://www.actionfigure411.com/star-wars/hot-toys-star-wars/action-figures/super-battle-droid-9689.php,2023-01-01,Battle Droid 513,0.7892379838534719
17,Hot Toys,69,Action Figures,groupTable499,2831,MMS 699,Darth Vader (ROTJ),,2023,1,304.99,417.99,113.0,417.99,62caa2afc9a4acd9b683bd8da1208371,https://www.actionfigure411.com/star-wars/hot-toys-star-wars/action-figures/darth-vader-rotj-9694.php,2023-01-01,Darth Vader,1.0
17,Hot Toys,69,Action Figures,groupTable499,2832,MMS 700,Darth Vader (Deluxe - ROTJ),,2023,8,349.99,449.87,99.88,499.99,2b2be78b8475c4034648d8493b796c21,https://www.actionfigure411.com/star-wars/hot-toys-star-wars/action-figures/darth-vader-deluxe-rotj-9695.php,2023-01-01,Darth Vader,1.0
17,Hot Toys,69,Action Figures,groupTable499,2838,MMS 734,Commander Cody (Chrome),,2024,2,264.99,127.5,-137.49,215.0,2dbfce5abb1c95846ff334e969badd83,https://www.actionfigure411.com/star-wars/hot-toys-star-wars/action-figures/commander-cody-chrome-9724.php,2024-01-01,Clone Commander Cody,0.8879854920732977
17,Hot Toys,69,Action Figures,groupTable499,2839,MMS 735,Clone Trooper (Gold Chrome),,2024,1,259.99,199.0,-60.99,199.0,c97472c74990ad72e37919710ce50275,https://www.actionfigure411.com/star-wars/hot-toys-star-wars/action-figures/clone-trooper-gold-chrome-9732.php,2024-01-01,Clone X trooper,1.0
17,Hot Toys,69,Action Figures,groupTable499,2841,MMS 737,Shadow Trooper with Death Star Environment,,2024,3,239.99,206.66,-33.33,219.99,ae265915beb7f248bf07e4351d50535a,https://www.actionfigure411.com/star-wars/hot-toys-star-wars/action-figures/shadow-trooper-with-death-star-environment-9733.php,2024-01-01,Clone X trooper,0.7772933980533595
17,Hot Toys,69,Action Figures,groupTable499,2842,MMS 740,Han Solo (ROTJ),,2024,9,289.99,266.67,-23.32,299.0,460dc7065cf9a953ee2a1cb02f67eda9,https://www.actionfigure411.com/star-wars/hot-toys-star-wars/action-figures/han-solo-rotj-9718.php,2024-01-01,Han Solo,1.0000000000000002
17,Hot Toys,69,Action Figures,groupTable499,2846,MMS 748B,Darth Maul (Special Edition - TPM),,2024,0,284.99,,,0.0,e8315305768df0702e87c82e27519e80,https://www.actionfigure411.com/star-wars/hot-toys-star-wars/action-figures/darth-maul-special-edition-tpm-9740.php,2024-01-01,Maul,0.7534510784814418
17,Hot Toys,69,Action Figures,groupTable499,2847,MMS 749,Darth Maul with Sith Speeder (TPM),,2024,2,404.99,425.0,20.01,450.0,992228a8afe2418dd4c6ce6e1da2bfb7,https://www.actionfigure411.com/star-wars/hot-toys-star-wars/action-figures/darth-maul-with-sith-speeder-tpm-9741.php,2024-01-01,Maul,0.7534510784814418
17,Hot Toys,69,Action Figures,groupTable499,2848,MMS 749B,Darth Maul with Sith Speeder (Special Edition - TPM),,2024,0,404.99,,,0.0,10f8df35ab38832a800dafb95caade2e,https://www.actionfigure411.com/star-wars/hot-toys-star-wars/action-figures/darth-maul-with-sith-speeder-special-edition-tpm-9742.php,2024-01-01,Maul,0.7534510784814418
17,Hot Toys,69,Action Figures,groupTable499,2849,MMS 751,Kit Fisto,,2024,5,274.99,278.9,3.91,309.99,9d91c9d217767be615e62ce571d30145,https://www.actionfigure411.com/star-wars/hot-toys-star-wars/action-figures/kit-fisto-9745.php,2024-01-01,Kit Fisto,1.0000000000000002
17,Hot Toys,69,Action Figures,groupTable499,2851,MMS 760B,General Grievous (Special Edition),,2025,2,369.99,340.0,-29.99,340.0,395b96e8a37639c120402ab191c84c24,https://www.actionfigure411.com/star-wars/hot-toys-star-wars/action-figures/general-grievous-special-edition-9769.php,2025-01-01,General Grievous,0.9999999999999998
17,Hot Toys,69,Action Figures,groupTable499,2852,MMS 760,General Grievous,,2025,1,369.99,650.0,280.01,650.0,b00483da456926e49cc5cc6a2217e07e,https://www.actionfigure411.com/star-wars/hot-toys-star-wars/action-figures/general-grievous-9768.php,2025-01-01,General Grievous,0.9999999999999998
17,Hot Toys,69,Action Figures,groupTable499,2853,MMS 766,Chewbacca with Disassembled C-3PO,,2025,0,429.99,,,0.0,f39b4d7094c658fc383384ba57f80aa0,https://www.actionfigure411.com/star-wars/hot-toys-star-wars/action-figures/chewbacca-with-disassembled-c-3po-9763.php,2025-01-01,Chewbacca,0.7071067811865476
17,Hot Toys,69,Action Figures,groupTable499,2854,MMS 768,Range Trooper,,2026,4,279.99,229.75,-50.24,265.0,ad6bf79e9df634579b63d6a1ff5102a1,https://www.actionfigure411.com/star-wars/hot-toys-star-wars/action-figures/range-trooper-9754.php,2026-01-01,Clone X trooper,0.7772933980533595
17,Hot Toys,69,Action Figures,groupTable499,2855,MMS 778,Darth Maul (Concept Art),,2025,1,290.0,207.5,-82.5,207.5,b1c4f2612cfc198c1a82044d2abf47f8,https://www.actionfigure411.com/star-wars/hot-toys-star-wars/action-figures/darth-maul-concept-art-10881.php,2025-01-01,Maul,0.7534510784814418
17,Hot Toys,69,Action Figures,groupTable499,2856,MMS 785,Plo Koon,,2026,2,279.99,245.0,-34.99,245.0,0c95050f6a06bb393d0671893ec6e422,https://www.actionfigure411.com/star-wars/hot-toys-star-wars/action-figures/plo-koon-9755.php,2026-01-01,Plo Koon,1.0000000000000002
17,Hot Toys,69,Action Figures,groupTable499,2857,MMS 794,Airborne Trooper (212th Attack Battalion),,2025,6,255.0,348.17,93.17,360.0,2853af5f67314738a4d479358cfc8c54,https://www.actionfigure411.com/star-wars/hot-toys-star-wars/action-figures/airborne-trooper-212th-attack-battalion-11526.php,2025-01-01,Clone X trooper,0.7772933980533595
17,Hot Toys,69,Action Figures,groupTable499,2860,MMS 802,Cassian Andor (Rogue One),,2026,1,275.0,200.9,-74.1,200.9,7152c5176ace7648e88b38f13a4604f6,https://www.actionfigure411.com/star-wars/hot-toys-star-wars/action-figures/cassian-andor-rogue-one-10575.php,2026-01-01,Cassian Andor,1.0000000000000002
17,Hot Toys,69,Action Figures,groupTable499,2861,MMS 805,Palpatine (Darth Sidious),,2026,3,285.0,245.0,-40.0,245.0,9537caece36ac541b3e541c009b28a62,https://www.actionfigure411.com/star-wars/hot-toys-star-wars/action-figures/palpatine-darth-sidious-10710.php,2026-01-01,Emperor Palpatine (Darth Sidious),0.8568259361668518
17,Hot Toys,69,Action Figures,groupTable499,2862,MMS 806,Poe Dameron,,2026,1,280.0,196.0,-84.0,196.0,74846ee0775bcb9215f498373f6d6a57,https://www.actionfigure411.com/star-wars/hot-toys-star-wars/action-figures/poe-dameron-10762.php,2026-01-01,Poe Dameron,1.0000000000000002
17,Hot Toys,69,Action Figures,groupTable499,2863,MMS 807,Jar Jar Binks,,2026,0,285.0,,,0.0,e6b1f40b942121d6ffac0616609ee6f4,https://www.actionfigure411.com/star-wars/hot-toys-star-wars/action-figures/jar-jar-binks-10761.php,2026-01-01,Jar Jar Binks,1.0000000000000002
17,Hot Toys,69,Action Figures,groupTable499,2864,MMS 808,Obi-Wan Kenobi (Attack of the Clones),,2026,2,285.0,245.0,-40.0,245.0,fdb807b5b5ba0cd1461693eae3ce505b,https://www.actionfigure411.com/star-wars/hot-toys-star-wars/action-figures/obi-wan-kenobi-attack-of-the-clones-11519.php,2026-01-01,Obi-Wan Kenobi,0.8230547724084716
17,Hot Toys,69,Action Figures,groupTable499,2865,MMS 809AE,Obi-Wan Kenobi (Attack of the Clones - Artisan Edition),,2026,1,420.0,375.0,-45.0,375.0,2e38994f7776e86fa5b0e7ff0d91af4b,https://www.actionfigure411.com/star-wars/hot-toys-star-wars/action-figures/obi-wan-kenobi-attack-of-the-clones-artisan-edition-11520.php,2026-01-01,Obi-Wan Kenobi,0.8230547724084716
17,Hot Toys,69,Action Figures,groupTable499,2866,MMS 810,Darth Vader (Revenge of the Sith),,2026,3,315.0,285.0,-30.0,285.0,b65b322c2a03acef3dcc027642043622,https://www.actionfigure411.com/star-wars/hot-toys-star-wars/action-figures/darth-vader-revenge-of-the-sith-11521.php,2026-01-01,Darth Vader,0.7430921142315008
17,Hot Toys,69,Action Figures,groupTable499,2867,MMS 810B,Darth Vader (Special Edition - Revenge of the Sith),,2026,0,315.0,,,0.0,160af2897d27f819e87926cdd44f6cde,https://www.actionfigure411.com/star-wars/hot-toys-star-wars/action-figures/darth-vader-special-edition-revenge-of-the-sith-11522.php,2026-01-01,Darth Vader,0.7430921142315008
17,Hot Toys,69,Action Figures,groupTable499,2868,MMS 811,Darth Vader (Deluxe - Revenge of the Sith),,2026,2,495.0,455.0,-40.0,455.0,afe5025f20e408cac178ae2bd2adee3e,https://www.actionfigure411.com/star-wars/hot-toys-star-wars/action-figures/darth-vader-deluxe-revenge-of-the-sith-11523.php,2026-01-01,Darth Vader,0.7430921142315008
17,Hot Toys,69,Action Figures,groupTable499,2869,MMS 811B,Darth Vader (Deluxe Special Edition - Revenge of the Sith),,2026,0,495.0,,,0.0,a16f37721d8c378efd14064b23d871ef,https://www.actionfigure411.com/star-wars/hot-toys-star-wars/action-figures/darth-vader-deluxe-special-edition-revenge-of-the-sith-11524.php,2026-01-01,Darth Vader,0.7430921142315008
17,Hot Toys,69,Action Figures,groupTable499,2870,MMS 820,Saesee Tiin,,2026,1,260.0,240.0,-20.0,240.0,bcf13d0954b4e6236431e9f813efcbe1,https://www.actionfigure411.com/star-wars/hot-toys-star-wars/action-figures/saesee-tiin-11514.php,2026-01-01,Saesee Tiin,1.0000000000000002
17,Hot Toys,69,Action Figures,groupTable499,2871,MMS ??,Doctor Cornelius Evazan,,2025,0,274.99,,,0.0,c9e45df5e9fc9e69619c36c36f0857c7,https://www.actionfigure411.com/star-wars/hot-toys-star-wars/action-figures/doctor-cornelius-evazan-9756.php,2025-01-01,Doctor Cornelius Evazan,1.0
17,Hot Toys,69,Action Figures,groupTable499,2872,TMS 06,Boba Fett (Animation),,2017,3,234.99,588.33,353.34,700.0,d937c72bd41ae48e7810863d9a1d7fbb,https://www.actionfigure411.com/star-wars/hot-toys-star-wars/action-figures/boba-fett-animation-9537.php,2017-01-01,Boba Fett,1.0
17,Hot Toys,69,Action Figures,groupTable499,2874,TMS 08,IG-11,,2019,1,255.99,87.0,-168.99,87.0,5391cd261cf4691798644aca1ef10b71,https://www.actionfigure411.com/star-wars/hot-toys-star-wars/action-figures/ig-11-9578.php,2019-01-01,IG-11,1.0000000000000002
17,Hot Toys,69,Action Figures,groupTable499,2877,TMS 12,Incinerator Trooper,,2020,1,229.99,159.99,-70.0,159.99,0511bbc6edb3d8d4715710ae43d33469,https://www.actionfigure411.com/star-wars/hot-toys-star-wars/action-figures/incinerator-trooper-9585.php,2020-01-01,Clone X trooper,0.7772933980533595
17,Hot Toys,69,Action Figures,groupTable499,2878,TMS 13,Death Trooper,,2020,5,234.99,152.4,-82.59,220.0,975f0ad1a6f6e3ef4b5afc1e3418f358,https://www.actionfigure411.com/star-wars/hot-toys-star-wars/action-figures/death-trooper-9586.php,2020-01-01,Clone X trooper,0.7772933980533595
17,Hot Toys,69,Action Figures,groupTable499,2883,TMS 18,Captain Rex (TCW),,2020,8,259.99,243.93,-16.06,298.0,f67c8af5bb77139e46d19fbfec5a53a4,https://www.actionfigure411.com/star-wars/hot-toys-star-wars/action-figures/captain-rex-tcw-9593.php,2020-01-01,Clone Captain Rex,0.8832546586179191
17,Hot Toys,69,Action Figures,groupTable499,2884,TMS 19,Anakin Skywalker (TCW),,2020,4,264.99,208.75,-56.24,249.99,b0d95767199ccab73d9b3d2f0b3543be,https://www.actionfigure411.com/star-wars/hot-toys-star-wars/action-figures/anakin-skywalker-tcw-9594.php,2020-01-01,Anakin Skywalker,1.0000000000000002
17,Hot Toys,69,Action Figures,groupTable499,2885,TMS 19B,Anakin Skywalker Special Edition (TCW),,2020,1,264.99,174.99,-90.0,174.99,e6ed4326e896770c6bda28a7385397a0,https://www.actionfigure411.com/star-wars/hot-toys-star-wars/action-figures/anakin-skywalker-special-edition-tcw-9595.php,2020-01-01,Anakin Skywalker,1.0000000000000002
17,Hot Toys,69,Action Figures,groupTable499,2886,TMS 20,Anakin Skywalker & STAP,,2020,2,389.99,165.0,-224.99,174.5,03a8007051527841bd1e0e3cd413998b,https://www.actionfigure411.com/star-wars/hot-toys-star-wars/action-figures/anakin-skywalker-stap-9596.php,2020-01-01,Anakin Skywalker,1.0000000000000002
17,Hot Toys,69,Action Figures,groupTable499,2887,TMS 20B,Anakin Skywalker & STAP (Special Edition),,2020,0,389.99,,,0.0,7b0948998cfc6b631cbb096b6e362bcd,https://www.actionfigure411.com/star-wars/hot-toys-star-wars/action-figures/anakin-skywalker-stap-special-edition-9597.php,2020-01-01,Anakin Skywalker,1.0000000000000002
17,Hot Toys,69,Action Figures,groupTable499,2888,TMS 21,Ahsoka Tano (TCW),,2020,10,254.99,178.85,-76.14,249.99,a7240eb6e79fb6448826c52aae8bb213,https://www.actionfigure411.com/star-wars/hot-toys-star-wars/action-figures/ahsoka-tano-tcw-9600.php,2020-01-01,Ahsoka Tano,1.0000000000000002
17,Hot Toys,69,Action Figures,groupTable499,2889,TMS 22,501st Battalion Clone Trooper (TCW),,2020,1,219.99,299.95,79.96,299.95,bb622057689e27376be5175fffff3d9b,https://www.actionfigure411.com/star-wars/hot-toys-star-wars/action-figures/501st-battalion-clone-trooper-tcw-9601.php,2020-01-01,Clone X trooper,1.0
17,Hot Toys,69,Action Figures,groupTable499,2890,TMS 23,501st Battalion Clone Trooper Deluxe (TCW),,2020,3,254.99,220.32,-34.67,245.99,386454e45f79f2522958c32a34173b28,https://www.actionfigure411.com/star-wars/hot-toys-star-wars/action-figures/501st-battalion-clone-trooper-deluxe-tcw-9602.php,2020-01-01,Clone X trooper,1.0
17,Hot Toys,69,Action Figures,groupTable499,2891,TMS 24,Darth Maul (TCW),,2020,8,264.99,208.0,-56.99,269.99,6a3495a1d14c6fbef921ff5bc82c6903,https://www.actionfigure411.com/star-wars/hot-toys-star-wars/action-figures/darth-maul-tcw-9604.php,2020-01-01,Maul,0.7534510784814418
17,Hot Toys,69,Action Figures,groupTable499,2892,TMS 25,Coruscant Guard (TCW),,2020,9,219.99,199.39,-20.6,230.5,ab418a27a424fdb81028f1cfa307730c,https://www.actionfigure411.com/star-wars/hot-toys-star-wars/action-figures/coruscant-guard-tcw-9605.php,2020-01-01,Pyke Guard,0.7534510784814418
17,Hot Toys,69,Action Figures,groupTable499,2895,TMS 29,Moff Gideon,,2020,2,254.99,127.5,-127.49,135.0,7dbfb165738647c6cc11f8ec9c5dfbdd,https://www.actionfigure411.com/star-wars/hot-toys-star-wars/action-figures/moff-gideon-9609.php,2020-01-01,Moff Gideon,1.0
17,Hot Toys,69,Action Figures,groupTable499,2898,TMS 32,Dark Trooper,,2021,8,264.99,124.5,-140.49,142.99,70617962bd47654d02b702fabada294a,https://www.actionfigure411.com/star-wars/hot-toys-star-wars/action-figures/dark-trooper-9613.php,2021-01-01,Clone X trooper,0.7772933980533595
17,Hot Toys,69,Action Figures,groupTable499,2899,TMS 33,Boba Fett (The Mandalorian),,2021,2,289.99,152.25,-137.74,160.0,171f81176863a29a77e171420b9457da,https://www.actionfigure411.com/star-wars/hot-toys-star-wars/action-figures/boba-fett-the-mandalorian-9614.php,2021-01-01,Boba Fett,0.7547075590909054
17,Hot Toys,69,Action Figures,groupTable499,2900,TMS 34,Boba Fett Deluxe (The Mandalorian),,2021,2,499.99,174.5,-325.49,200.0,6ea24352c3059af56f55d8683f6f143f,https://www.actionfigure411.com/star-wars/hot-toys-star-wars/action-figures/boba-fett-deluxe-the-mandalorian-9615.php,2021-01-01,Boba Fett,0.7547075590909054
17,Hot Toys,69,Action Figures,groupTable499,2901,TMS 35,Bo-Katan Kryze,,2021,4,289.99,156.12,-133.87,179.99,8da5f7392a27402a674cc7973cd28147,https://www.actionfigure411.com/star-wars/hot-toys-star-wars/action-figures/bo-katan-kryze-9616.php,2021-01-01,Bo-Katan Kryze,1.0
17,Hot Toys,69,Action Figures,groupTable499,2903,TMS 42,Echo,,2021,5,289.99,153.45,-136.54,199.99,32ac51565aba185a168c738be82ce38c,https://www.actionfigure411.com/star-wars/hot-toys-star-wars/action-figures/echo-9620.php,2021-01-01,Echo,1.0
17,Hot Toys,69,Action Figures,groupTable499,2904,TMS 43,Grogu,,2021,1,144.99,50.51,-94.48,50.51,87298f7551fb9cc5015211992df58ed6,https://www.actionfigure411.com/star-wars/hot-toys-star-wars/action-figures/grogu-9621.php,2021-01-01,Grogu,1.0
17,Hot Toys,69,Action Figures,groupTable499,2905,TMS 44,The Armorer,,2021,6,249.99,137.25,-112.74,155.0,cb696f68a0223d9181fed61bd9909b75,https://www.actionfigure411.com/star-wars/hot-toys-star-wars/action-figures/the-armorer-9622.php,2021-01-01,The Armorer,0.9999999999999998
17,Hot Toys,69,Action Figures,groupTable499,2909,TMS 48,Kuiil,,2021,1,249.99,209.99,-40.0,209.99,09a55f45f4187ab6d3fc50fd0ba07fbd,https://www.actionfigure411.com/star-wars/hot-toys-star-wars/action-figures/kuiil-9627.php,2021-01-01,Kuiil,1.0
17,Hot Toys,69,Action Figures,groupTable499,2910,TMS 49,Kuiil & Blurrg,,2021,1,549.99,375.0,-174.99,375.0,435ada75ffdaa638c459e3c52390cc44,https://www.actionfigure411.com/star-wars/hot-toys-star-wars/action-figures/kuiil-blurrg-9625.php,2021-01-01,Kuiil,1.0
17,Hot Toys,69,Action Figures,groupTable499,2911,TMS 50,Hunter,,2021,2,254.99,171.25,-83.74,199.99,59c384dbb2c2cef7c30e63d5dc80ca72,https://www.actionfigure411.com/star-wars/hot-toys-star-wars/action-figures/hunter-9628.php,2021-01-01,Hunter,1.0
17,Hot Toys,69,Action Figures,groupTable499,2915,TMS 55,Boba Fett Repaint Armor,,2021,4,249.99,181.13,-68.86,200.0,fcd60c72f81379dac8e3533f7f0e0b0e,https://www.actionfigure411.com/star-wars/hot-toys-star-wars/action-figures/boba-fett-repaint-armor-9632.php,2021-01-01,Boba Fett,1.0
17,Hot Toys,69,Action Figures,groupTable499,2916,TMS 55B,Boba Fett Repaint Armor (Special Edition),,2021,0,249.99,,,0.0,8e93ad0b295ef61fd267f4cc3da37aa9,https://www.actionfigure411.com/star-wars/hot-toys-star-wars/action-figures/boba-fett-repaint-armor-special-edition-9633.php,2021-01-01,Boba Fett,1.0
17,Hot Toys,69,Action Figures,groupTable499,2917,TMS 56,Boba Fett Repaint Armor & Throne,,2021,1,394.99,299.99,-95.0,299.99,8355873fc5ff725fafa84fea6e0b14c3,https://www.actionfigure411.com/star-wars/hot-toys-star-wars/action-figures/boba-fett-repaint-armor-throne-9634.php,2021-01-01,Boba Fett,1.0
17,Hot Toys,69,Action Figures,groupTable499,2918,TMS 56B,Boba Fett Repaint Armor & Throne (Special Edition),,2021,0,394.99,,,0.0,f16a99908a170444a125ea93f0761006,https://www.actionfigure411.com/star-wars/hot-toys-star-wars/action-figures/boba-fett-repaint-armor-throne-special-edition-9635.php,2021-01-01,Boba Fett,1.0
17,Hot Toys,69,Action Figures,groupTable499,2919,TMS 64,Clone Trooper Jesse (TCW),,2021,5,289.99,249.8,-40.19,290.0,4233fca07e495db0aee0acec0b5567b7,https://www.actionfigure411.com/star-wars/hot-toys-star-wars/action-figures/clone-trooper-jesse-tcw-9642.php,2021-01-01,Clone Trooper Jesse,1.0000000000000002
17,Hot Toys,69,Action Figures,groupTable499,2921,TMS 68,Fennec Shand,,2021,3,274.99,223.5,-51.49,270.0,069fe613562c4ce188fe9f737c26ae0c,https://www.actionfigure411.com/star-wars/hot-toys-star-wars/action-figures/fennec-shand-9644.php,2021-01-01,Fennec Shand,1.0
17,Hot Toys,69,Action Figures,groupTable499,2924,TMS 72,KX Enforcer Droid (Book of Boba Fett),,2022,2,289.99,264.94,-25.05,289.88,464e0f1ab48b40962b6c7b5b2aefeda7,https://www.actionfigure411.com/star-wars/hot-toys-star-wars/action-figures/kx-enforcer-droid-book-of-boba-fett-9647.php,2022-01-01,Boba Fett,0.730541287162518
17,Hot Toys,69,Action Figures,groupTable499,2925,TMS 76,Commander Appo with BARC Speeder,,2022,1,519.99,454.0,-65.99,454.0,f6c72e8dc51d29dfa5f5aaae79eabbd8,https://www.actionfigure411.com/star-wars/hot-toys-star-wars/action-figures/commander-appo-with-barc-speeder-9655.php,2022-01-01,Appo,0.8241874204827399
17,Hot Toys,69,Action Figures,groupTable499,2926,TMS 77,Heavy Weapons Clone Trooper & BARC Speeder with Sidecar,,2022,3,614.99,503.5,-111.49,738.0,19b9db9bf623ca62c14c8344968d7869,https://www.actionfigure411.com/star-wars/hot-toys-star-wars/action-figures/heavy-weapons-clone-trooper-barc-speeder-with-sidecar-9656.php,2022-01-01,Clone X trooper,1.0
17,Hot Toys,69,Action Figures,groupTable499,2927,TMS 78,Boba Fett (Book of Boba Fett),,2022,2,279.99,279.99,0.0,299.99,9be982f9338e542d4af17e65b2d1c94b,https://www.actionfigure411.com/star-wars/hot-toys-star-wars/action-figures/boba-fett-book-of-boba-fett-9659.php,2022-01-01,Boba Fett,0.939789056509383
17,Hot Toys,69,Action Figures,groupTable499,2930,TMS 81,Purge Trooper (Obi-Wan Kenobi),,2022,6,239.99,195.55,-44.44,244.99,3a4ab3d64f1f0bf3a8978e36b1756a7a,https://www.actionfigure411.com/star-wars/hot-toys-star-wars/action-figures/purge-trooper-obi-wan-kenobi-9662.php,2022-01-01,Obi-Wan Kenobi,0.9125312956796097
17,Hot Toys,69,Action Figures,groupTable499,2931,TMS 82,Grand Inquisitor,,2022,2,244.99,222.25,-22.74,222.5,d7eac0600806b18264a264dcc148eb51,https://www.actionfigure411.com/star-wars/hot-toys-star-wars/action-figures/grand-inquisitor-9670.php,2022-01-01,The Grand Inquisitor,0.8841322582508553
17,Hot Toys,69,Action Figures,groupTable499,2933,TMS 84,Cobb Vanth,,2022,4,304.99,310.25,5.26,364.99,d29886657b911023556435e135785cef,https://www.actionfigure411.com/star-wars/hot-toys-star-wars/action-figures/cobb-vanth-9672.php,2022-01-01,Cobb Vanth,1.0000000000000002
17,Hot Toys,69,Action Figures,groupTable499,2935,TMS 87,Crosshair,,2022,3,275.99,773.33,497.34,920.0,5e9dbe0a00029e1126e4285775b9ff28,https://www.actionfigure411.com/star-wars/hot-toys-star-wars/action-figures/crosshair-9674.php,2022-01-01,Crosshair,1.0
17,Hot Toys,69,Action Figures,groupTable499,2937,TMS 91,ARF Trooper & 501st Legion AT-RT,,2022,3,439.99,510.0,70.01,529.99,7886d2e28c1ffaef49c936330d547225,https://www.actionfigure411.com/star-wars/hot-toys-star-wars/action-figures/arf-trooper-501st-legion-at-rt-9684.php,2022-01-01,Clone X trooper,0.7772933980533595
17,Hot Toys,69,Action Figures,groupTable499,2938,TMS 92,501st Legion Clone Trooper,,2022,2,234.99,280.0,45.01,299.99,6dc8c1daa3fe056b51f46bdf52800eb7,https://www.actionfigure411.com/star-wars/hot-toys-star-wars/action-figures/501st-legion-clone-trooper-9685.php,2022-01-01,Clone X trooper,1.0
17,Hot Toys,69,Action Figures,groupTable499,2939,TMS 95,Obi-Wan Kenobi (The Clone Wars),,2023,4,283.99,406.25,122.26,450.0,6848b384b7029015b0f81e4d1e1a579d,https://www.actionfigure411.com/star-wars/hot-toys-star-wars/action-figures/obi-wan-kenobi-the-clone-wars-9690.php,2023-01-01,Obi-Wan Kenobi,0.8857999529077243
17,Hot Toys,69,Action Figures,groupTable499,2940,TMS 97,Paz Vizla,,2023,0,289.99,,,0.0,c36de7399d41a89bbdc7a6c372c20a81,https://www.actionfigure411.com/star-wars/hot-toys-star-wars/action-figures/paz-vizla-9691.php,2023-01-01,Paz Vizsla,0.7273016634383198
17,Hot Toys,69,Action Figures,groupTable499,2941,TMS 98,Tech,,2023,4,283.99,398.75,114.76,450.0,45e4a8772478fd2dd9722cab49a7c8eb,https://www.actionfigure411.com/star-wars/hot-toys-star-wars/action-figures/tech-9692.php,2023-01-01,Tech,1.0
17,Hot Toys,69,Action Figures,groupTable499,2942,TMS 99,Wrecker,,2023,2,294.99,362.5,67.51,399.99,8dabbe5fdeabd24a581ded2b03905f86,https://www.actionfigure411.com/star-wars/hot-toys-star-wars/action-figures/wrecker-9693.php,2023-01-01,Wrecker,1.0
17,Hot Toys,69,Action Figures,groupTable499,2944,TMS 103,Clone Commander Fox,,2023,6,229.99,220.0,-9.99,250.0,bff3bb606390e145c80b98c9351e3a03,https://www.actionfigure411.com/star-wars/hot-toys-star-wars/action-figures/clone-commander-fox-9699.php,2023-01-01,Clone Commander Fox,0.9999999999999998
17,Hot Toys,69,Action Figures,groupTable499,2947,TMS 107,Moff Gideon,,2023,3,284.99,257.16,-27.83,299.99,b30afa7263f462abdb05ff6198c604af,https://www.actionfigure411.com/star-wars/hot-toys-star-wars/action-figures/moff-gideon-9703.php,2023-01-01,Moff Gideon,1.0
17,Hot Toys,69,Action Figures,groupTable499,2949,TMS 111,Sabine Wren (Ahsoka),,2023,6,275.99,210.41,-65.58,255.0,a4d4724e7255e5d95d693d3da0b6c05e,https://www.actionfigure411.com/star-wars/hot-toys-star-wars/action-figures/sabine-wren-ahsoka-9709.php,2023-01-01,Sabine Wren,0.7986750358205664
17,Hot Toys,69,Action Figures,groupTable499,2952,TMS 116,Grand Admiral Thrawn (Ahsoka),,2023,3,259.99,241.66,-18.33,284.99,ded01ba90d5a56190e68dd8431909350,https://www.actionfigure411.com/star-wars/hot-toys-star-wars/action-figures/grand-admiral-thrawn-ahsoka-9712.php,2023-01-01,Grand Admiral Thrawn,0.8360559965638252
17,Hot Toys,69,Action Figures,groupTable499,2954,TMS 118,Ahsoka Tano (Ahsoka),,2023,6,304.99,265.42,-39.57,295.0,bb6abb397dc87e9ba3f9c4913291d2ea,https://www.actionfigure411.com/star-wars/hot-toys-star-wars/action-figures/ahsoka-tano-ahsoka-9714.php,2023-01-01,Ahsoka Tano,0.948683298050514
17,Hot Toys,69,Action Figures,groupTable499,2956,TMS 120,Captain Enoch (Ahsoka),,2024,6,244.99,245.0,0.01,280.0,c6ed4ddde8d524080887006835b48ee6,https://www.actionfigure411.com/star-wars/hot-toys-star-wars/action-figures/captain-enoch-ahsoka-9716.php,2024-01-01,Captain Enoch,0.7638741466108518
17,Hot Toys,69,Action Figures,groupTable499,2958,TMS 123,Ahsoka Tano (Padawan - Ahsoka),,2024,4,254.99,208.88,-46.11,250.0,252cb2e3a847db5fafee659eb23988ed,https://www.actionfigure411.com/star-wars/hot-toys-star-wars/action-figures/ahsoka-tano-padawan-ahsoka-9719.php,2024-01-01,Ahsoka Tano,0.948683298050514
17,Hot Toys,69,Action Figures,groupTable499,2959,TMS 124,Shin Hati (Ahsoka),,2024,11,279.99,270.0,-9.99,310.0,cfa70860e67dd3ffe6927e750416422c,https://www.actionfigure411.com/star-wars/hot-toys-star-wars/action-figures/shin-hati-ahsoka-9720.php,2024-01-01,Shin Hati,0.816496580927726
17,Hot Toys,69,Action Figures,groupTable499,2960,TMS 125,Baylan Skoll (Ahsoka),,2024,8,284.99,252.5,-32.49,299.99,001aa5d4b9a33b8f528ffdc6a6b07217,https://www.actionfigure411.com/star-wars/hot-toys-star-wars/action-figures/baylan-skoll-ahsoka-9721.php,2024-01-01,Baylan Skoll,0.816496580927726
17,Hot Toys,69,Action Figures,groupTable499,2961,TMS 126,Obi-Wan Kenobi (Mandalorian Armor),,2024,8,264.99,293.19,28.2,365.0,128624e3f27dc803af9009ea615336f8,https://www.actionfigure411.com/star-wars/hot-toys-star-wars/action-figures/obi-wan-kenobi-mandalorian-armor-9743.php,2024-01-01,Obi-Wan Kenobi,0.8660254037844386
17,Hot Toys,69,Action Figures,groupTable499,2964,TMS 129,Anakin Skywalker (Clone Wars - Ahsoka),,2024,6,264.99,255.83,-9.16,275.0,02abbe30bad6de16d461f16a5edf627c,https://www.actionfigure411.com/star-wars/hot-toys-star-wars/action-figures/anakin-skywalker-clone-wars-ahsoka-9723.php,2024-01-01,Anakin Skywalker,0.7521099557194878
17,Hot Toys,69,Action Figures,groupTable499,2965,TMS 130,Clone Commando Scorch,,2025,1,269.99,350.0,80.01,350.0,98c482a9298cbf75852a61cd4b2170f2,https://www.actionfigure411.com/star-wars/hot-toys-star-wars/action-figures/clone-commando-scorch-9767.php,2025-01-01,Clone Commander Scorch,0.8643554239472596
17,Hot Toys,69,Action Figures,groupTable499,2967,TMS 132,Arc Trooper Fives,,2025,6,274.99,187.05,-87.94,295.0,b9d9045bea076a1be94ddff670217b9f,https://www.actionfigure411.com/star-wars/hot-toys-star-wars/action-figures/arc-trooper-fives-9775.php,2025-01-01,ARC Trooper Fives,1.0
17,Hot Toys,69,Action Figures,groupTable499,2969,TMS 134,Death Trooper,,2025,2,274.99,327.5,52.51,330.0,98e918606585ba943506f3f72d1a34c3,https://www.actionfigure411.com/star-wars/hot-toys-star-wars/action-figures/death-trooper-9761.php,2025-01-01,Clone X trooper,0.7772933980533595
17,Hot Toys,69,Action Figures,groupTable499,2970,TMS 136,Savage Opress,,2025,1,279.99,245.0,-34.99,245.0,ddd6faa19e623c71e0f40d7b58ef7fc3,https://www.actionfigure411.com/star-wars/hot-toys-star-wars/action-figures/savage-opress-9760.php,2025-01-01,Savage Opress,1.0000000000000002
17,Hot Toys,69,Action Figures,groupTable499,2971,TMS 141,Clone Commander Wolffe,,2026,3,279.99,245.0,-34.99,245.0,7b5bbbe491cbc72ad2eab116159d00a5,https://www.actionfigure411.com/star-wars/hot-toys-star-wars/action-figures/clone-commander-wolffe-9752.php,2026-01-01,Clone Commander Wolffe,0.9999999999999998
17,Hot Toys,69,Action Figures,groupTable499,2972,TMS 142,104th Battalion “Wolfpack” Clone Trooper,,2026,0,224.99,,,0.0,5c3761ed6884a0f767a4cfc9c5e22e71,https://www.actionfigure411.com/star-wars/hot-toys-star-wars/action-figures/104th-battalion-wolfpack-clone-trooper-9751.php,2026-01-01,Clone X trooper,1.0
17,Hot Toys,69,Action Figures,groupTable499,2973,TMS 143,104th Battalion “Wolfpack” Clone Trooper (Deluxe),,2026,0,259.99,,,0.0,56824abb5dd3659056ee433f8d9b3bec,https://www.actionfigure411.com/star-wars/hot-toys-star-wars/action-figures/104th-battalion-wolfpack-clone-trooper-deluxe-9753.php,2026-01-01,Clone X trooper,1.0
17,Hot Toys,69,Action Figures,groupTable499,2974,TMS 150,Elite Squad Trooper,,2026,5,255.0,292.05,37.05,348.99,1c17da3641e6562f3b7bf0e3b818d77d,https://www.actionfigure411.com/star-wars/hot-toys-star-wars/action-figures/elite-squad-trooper-10880.php,2026-01-01,Clone X trooper,0.7772933980533595
17,Hot Toys,69,Action Figures,groupTable499,2976,TMS 152,Chopper (C1-10P) & BD-1 (Imperial Disguise),,2025,2,235.0,241.0,6.0,269.0,f1c90537a853d49c5bf0e55724bf595c,https://www.actionfigure411.com/star-wars/hot-toys-star-wars/action-figures/chopper-c1-10p-bd-1-imperial-disguise-11525.php,2025-01-01,Chopper (C1-10P),0.7866108753820904
17,Hot Toys,69,Action Figures,groupTable499,2977,TMS 155,Clone Commando Gregor,,2026,9,280.0,330.65,50.65,385.0,a3df77a45d9c0255ceed3da7f621b5d1,https://www.actionfigure411.com/star-wars/hot-toys-star-wars/action-figures/clone-commando-gregor-11508.php,2026-01-01,Gregor,0.8467193608802346
17,Hot Toys,69,Action Figures,groupTable499,2981,VGM 20,Shock Trooper (Battlefront),,2016,2,219.99,275.0,55.01,330.0,73e04733f77c27b2bb51bc885f0a3627,https://www.actionfigure411.com/star-wars/hot-toys-star-wars/action-figures/shock-trooper-battlefront-9495.php,2016-01-01,Clone X trooper,0.7772933980533595
17,Hot Toys,69,Action Figures,groupTable499,2986,VGM 58,Umbra Operative ARC Trooper,,2024,1,264.99,465.0,200.01,465.0,5e634a46bfd1a8318cea0476a1c2db7f,https://www.actionfigure411.com/star-wars/hot-toys-star-wars/action-figures/umbra-operative-arc-trooper-9728.php,2024-01-01,ARC Trooper Fives,0.784716951806178
