filter,id,slug,title,href,content_type,content_slug,property_name
Characters,616b34b4f2d1d492a01ad05b,hyper-rod,"""Hyper"" Rod",https://www.starwars.com/series/star-wars-the-bad-batch,series,star-wars-the-bad-batch,Star Wars: The Bad Batch
Characters,616b34b7e840b492a01ad05b,quick-draw-quasar,"""Quick-Draw"" Quasar",https://www.starwars.com/series/star-wars-the-bad-batch,series,star-wars-the-bad-batch,Star Wars: The Bad Batch
Characters,616b34bae19c8492a01ad05b,steel-claw-kane,"""Steel Claw"" Kane",https://www.starwars.com/series/star-wars-the-bad-batch,series,star-wars-the-bad-batch,Star Wars: The Bad Batch
Characters,616b34b66ea8f492a01ad05b,the-trickster-flash-raktor,"""The Trickster"" Flash Raktor",https://www.starwars.com/series/star-wars-the-bad-batch,series,star-wars-the-bad-batch,Star Wars: The Bad Batch
Characters,616b31bd480c1492a01ad05b,2br-ntb,2BR-NTB,https://www.starwars.com/series/star-wars-resistance,series,star-wars-resistance,Star Wars Resistance
Characters,616b29405ac17492a01ad05b,4-lom,4-LOM,https://www.starwars.com/films/star-wars-episode-v-the-empire-strikes-back,films,star-wars-episode-v-the-empire-strikes-back,Star Wars: The Empire Strikes Back (Episode V)
Characters,616b30e9984af492a01ad05b,4d-m1n,4D-M1N,https://www.starwars.com/series/star-wars-resistance,series,star-wars-resistance,Star Wars Resistance
Characters,616b31f3538ff492a01ad05b,5-l,5-L,https://www.starwars.com/series/star-wars-resistance,series,star-wars-resistance,Star Wars Resistance
Characters,616b2941d64fd492a01ad05b,8d8,8D8,https://www.starwars.com/films/star-wars-episode-vi-return-of-the-jedi,films,star-wars-episode-vi-return-of-the-jedi,Star Wars: Return of the Jedi (Episode VI)
Characters,616b2303c9682492a01ad05b,aayla-secura,Aayla Secura,https://www.starwars.com/films/star-wars-episode-ii-attack-of-the-clones,films,star-wars-episode-ii-attack-of-the-clones,Star Wars: Attack of the Clones (Episode II)
Characters,616b2303c9682492a01ad05b,aayla-secura,Aayla Secura,https://www.starwars.com/films/star-wars-episode-iii-revenge-of-the-sith,films,star-wars-episode-iii-revenge-of-the-sith,Star Wars: Revenge of the Sith (Episode III)
Characters,616b2303c9682492a01ad05b,aayla-secura,Aayla Secura,https://www.starwars.com/series/star-wars-the-clone-wars,series,star-wars-the-clone-wars,Star Wars: The Clone Wars
Characters,616b23109dba0492a01ad05b,adi-gallia,Adi Gallia,https://www.starwars.com/films/star-wars-episode-ii-attack-of-the-clones,films,star-wars-episode-ii-attack-of-the-clones,Star Wars: Attack of the Clones (Episode II)
Characters,616b23109dba0492a01ad05b,adi-gallia,Adi Gallia,https://www.starwars.com/films/star-wars-episode-i-the-phantom-menace,films,star-wars-episode-i-the-phantom-menace,Star Wars: The Phantom Menace (Episode I)
Characters,616b23109dba0492a01ad05b,adi-gallia,Adi Gallia,https://www.starwars.com/series/star-wars-the-clone-wars,series,star-wars-the-clone-wars,Star Wars: The Clone Wars
Characters,616b22cce243c492a01ad05b,admiral-ackbar,Admiral Ackbar,https://www.starwars.com/films/star-wars-episode-vi-return-of-the-jedi,films,star-wars-episode-vi-return-of-the-jedi,Star Wars: Return of the Jedi (Episode VI)
Characters,616b22cce243c492a01ad05b,admiral-ackbar,Admiral Ackbar,https://www.starwars.com/films/star-wars-episode-viii-the-last-jedi,films,star-wars-episode-viii-the-last-jedi,Star Wars: The Last Jedi (Episode VIII)
Characters,616b22cce243c492a01ad05b,admiral-ackbar,Admiral Ackbar,https://www.starwars.com/films/star-wars-episode-vii-the-force-awakens,films,star-wars-episode-vii-the-force-awakens,Star Wars: The Force Awakens (Episode VII)
Characters,616b22cce243c492a01ad05b,admiral-ackbar,Admiral Ackbar,https://www.starwars.com/series/star-wars-the-clone-wars,series,star-wars-the-clone-wars,Star Wars: The Clone Wars
Characters,616b22da097f8492a01ad05b,admiral-coburn,Admiral Coburn,https://www.starwars.com/series/star-wars-the-clone-wars,series,star-wars-the-clone-wars,Star Wars: The Clone Wars
Characters,616b2f2bcfc94492a01ad05b,admiral-garrick-versio,Admiral Garrick Versio,https://www.starwars.com/games-apps/star-wars-battlefront-ii,games-apps,star-wars-battlefront-ii,Star Wars Battlefront II
Characters,616b321a5c507492a01ad05b,admiral-griss,Admiral Griss,https://www.starwars.com/films/star-wars-episode-ix-the-rise-of-skywalker,films,star-wars-episode-ix-the-rise-of-skywalker,Star Wars: The Rise of Skywalker (Episode IX)
Characters,616b329743577492a01ad05b,admiral-karius,Admiral Karius,https://www.starwars.com/interactive/virtual-reality/vader-immortal-episode-i,interactive,virtual-reality,Vader Immortal: Episode I
Characters,616b329743577492a01ad05b,admiral-karius,Admiral Karius,https://www.starwars.com/interactive/virtual-reality/vader-immortal-episode-ii,interactive,virtual-reality,Vader Immortal: Episode II
Characters,616b329743577492a01ad05b,admiral-karius,Admiral Karius,https://www.starwars.com/interactive/virtual-reality/vader-immortal-episode-iii,interactive,virtual-reality,Vader Immortal: Episode III
Characters,616b29e86ca28492a01ad05b,admiral-kassius-konstantine,Admiral Kassius Konstantine,https://www.starwars.com/series/star-wars-rebels,series,star-wars-rebels,Star Wars Rebels
Characters,616b22dba29ea492a01ad05b,admiral-kilian,Admiral Kilian,https://www.starwars.com/series/star-wars-the-clone-wars,series,star-wars-the-clone-wars,Star Wars: The Clone Wars
Characters,616b22dd460f0492a01ad05b,admiral-motti,Admiral Motti,https://www.starwars.com/films/star-wars-episode-iv-a-new-hope,films,star-wars-episode-iv-a-new-hope,Star Wars: A New Hope (Episode IV)
Characters,616b22e0e9a75492a01ad05b,admiral-ozzel,Admiral Ozzel,https://www.starwars.com/films/star-wars-episode-v-the-empire-strikes-back,films,star-wars-episode-v-the-empire-strikes-back,Star Wars: The Empire Strikes Back (Episode V)
Characters,616b22f42e9cb492a01ad05b,admiral-piett,Admiral Piett,https://www.starwars.com/films/star-wars-episode-v-the-empire-strikes-back,films,star-wars-episode-v-the-empire-strikes-back,Star Wars: The Empire Strikes Back (Episode V)
Characters,616b22f42e9cb492a01ad05b,admiral-piett,Admiral Piett,https://www.starwars.com/films/star-wars-episode-vi-return-of-the-jedi,films,star-wars-episode-vi-return-of-the-jedi,Star Wars: Return of the Jedi (Episode VI)
Characters,616b2eb65ad56492a01ad05b,admiral-raddus,Admiral Raddus,https://www.starwars.com/films/rogue-one,films,rogue-one,Rogue One: A Star Wars Story
Characters,616b2dead6b58492a01ad05b,admiral-statura,Admiral Statura,https://www.starwars.com/films/star-wars-episode-vii-the-force-awakens,films,star-wars-episode-vii-the-force-awakens,Star Wars: The Force Awakens (Episode VII)
Characters,616b22f052926492a01ad05b,admiral-trench,Admiral Trench,https://www.starwars.com/series/star-wars-the-clone-wars,series,star-wars-the-clone-wars,Star Wars: The Clone Wars
Characters,616b34d1dc6eb492a01ad05b,ady-sun-zee,Ady Sun'Zee,,games-apps,star-wars-tales-from-the-galaxy-s-edge,Star Wars: Tales from the Galaxy’s Edge
Characters,616b304cde9e5492a01ad05b,aemon-gremm,Aemon Gremm,https://www.starwars.com/films/solo,films,solo,Solo: A Star Wars Story
Characters,616b31eec5b42492a01ad05b,aeosian-queen,Aeosian Queen,https://www.starwars.com/series/star-wars-resistance,series,star-wars-resistance,Star Wars Resistance
Characters,616b31ce1a6b1492a01ad05b,aftab-ackbar,Aftab Ackbar,https://www.starwars.com/films/star-wars-episode-ix-the-rise-of-skywalker,films,star-wars-episode-ix-the-rise-of-skywalker,Star Wars: The Rise of Skywalker (Episode IX)
Characters,616b2a5fb94b6492a01ad05b,agen-kolar,Agen Kolar,https://www.starwars.com/films/star-wars-episode-iii-revenge-of-the-sith,films,star-wars-episode-iii-revenge-of-the-sith,Star Wars: Revenge of the Sith (Episode III)
Characters,616b2a5fb94b6492a01ad05b,agen-kolar,Agen Kolar,https://www.starwars.com/films/star-wars-episode-ii-attack-of-the-clones,films,star-wars-episode-ii-attack-of-the-clones,Star Wars: Attack of the Clones (Episode II)
Characters,616b2a5fb94b6492a01ad05b,agen-kolar,Agen Kolar,https://www.starwars.com/series/star-wars-the-clone-wars,series,star-wars-the-clone-wars,Star Wars: The Clone Wars
Characters,616b2f2a5de09492a01ad05b,agent-del-meeko,Agent Del Meeko,https://www.starwars.com/games-apps/star-wars-battlefront-ii,games-apps,star-wars-battlefront-ii,Star Wars Battlefront II
Characters,616b2f28e2af6492a01ad05b,agent-gideon-hask,Agent Gideon Hask,https://www.starwars.com/games-apps/star-wars-battlefront-ii,games-apps,star-wars-battlefront-ii,Star Wars Battlefront II
Characters,616b314159307492a01ad05b,agent-tierny,Agent Tierny,https://www.starwars.com/series/star-wars-resistance,series,star-wars-resistance,Star Wars Resistance
Characters,616b22a5101d9492a01ad05b,ahsoka-tano,Ahsoka Tano,https://www.starwars.com/series/the-mandalorian,series,the-mandalorian,The Mandalorian
Characters,616b22a5101d9492a01ad05b,ahsoka-tano,Ahsoka Tano,https://www.starwars.com/series/the-book-of-boba-fett,series,the-book-of-boba-fett,The Book of Boba Fett
Characters,616b22a5101d9492a01ad05b,ahsoka-tano,Ahsoka Tano,https://www.starwars.com/series/star-wars-the-clone-wars,series,star-wars-the-clone-wars,Star Wars: The Clone Wars
Characters,616b22a5101d9492a01ad05b,ahsoka-tano,Ahsoka Tano,https://www.starwars.com/series/star-wars-rebels,series,star-wars-rebels,Star Wars Rebels
Characters,616b22a5101d9492a01ad05b,ahsoka-tano,Ahsoka Tano,https://www.starwars.com/series/tales-of-the-jedi,series,tales-of-the-jedi,Tales of the Jedi
Characters,616b22a5101d9492a01ad05b,ahsoka-tano,Ahsoka Tano,https://www.starwars.com/series/star-wars-ahsoka,series,star-wars-ahsoka,Ahsoka
Characters,616b37f0b4fd8492a01ad05b,ailish,Ailish,https://www.starwars.com/series/star-wars-the-bad-batch,series,star-wars-the-bad-batch,Star Wars: The Bad Batch
Characters,616b31c971bc4492a01ad05b,albrekh,Albrekh,https://www.starwars.com/films/star-wars-episode-ix-the-rise-of-skywalker,films,star-wars-episode-ix-the-rise-of-skywalker,Star Wars: The Rise of Skywalker (Episode IX)
Characters,616b2fa65bf71492a01ad05b,alcida-auka,Alcida-Auka,https://www.starwars.com/films/star-wars-episode-viii-the-last-jedi,films,star-wars-episode-viii-the-last-jedi,Star Wars: The Last Jedi (Episode VIII)
Characters,616b33ed06149492a01ad05b,alderaanian-royal-guards,Alderaanian Royal guards ,,,,
Characters,616b295df68e1492a01ad05b,alexsandr-kallus,Alexsandr Kallus,https://www.starwars.com/series/star-wars-rebels,series,star-wars-rebels,Star Wars Rebels
Characters,616b2c4fbe46a492a01ad05b,alora,Alora,https://www.starwars.com/series/star-wars-rebels,series,star-wars-rebels,Star Wars Rebels
Characters,616b2f03387d2492a01ad05b,alrich-wren,Alrich Wren,https://www.starwars.com/series/star-wars-rebels,series,star-wars-rebels,Star Wars Rebels
Characters,616b2c1cc41d2492a01ad05b,alton-kastle,Alton Kastle,https://www.starwars.com/series/star-wars-rebels,series,star-wars-rebels,Star Wars Rebels
Characters,616b358b2a598492a01ad05b,amadeo-azzazzo,Amadeo Azzazzo,https://www.starwars.com/the-high-republic,,,Star Wars: The High Republic
Characters,616b29859541a492a01ad05b,amda-wabo,Amda Wabo,https://www.starwars.com/series/star-wars-rebels,series,star-wars-rebels,Star Wars Rebels
Characters,616b2f36ad8a1492a01ad05b,amilyn-holdo,Amilyn Holdo,https://www.starwars.com/films/star-wars-episode-viii-the-last-jedi,films,star-wars-episode-viii-the-last-jedi,Star Wars: The Last Jedi (Episode VIII)
Characters,616b22e8b997a492a01ad05b,amis,Amis,https://www.starwars.com/series/star-wars-the-clone-wars,series,star-wars-the-clone-wars,Star Wars: The Clone Wars
Characters,616b22adf8ab1492a01ad05b,anakin-skywalker,Anakin Skywalker,https://www.starwars.com/films/star-wars-episode-i-the-phantom-menace,films,star-wars-episode-i-the-phantom-menace,Star Wars: The Phantom Menace (Episode I)
Characters,616b22adf8ab1492a01ad05b,anakin-skywalker,Anakin Skywalker,https://www.starwars.com/films/star-wars-episode-ii-attack-of-the-clones,films,star-wars-episode-ii-attack-of-the-clones,Star Wars: Attack of the Clones (Episode II)
Characters,616b22adf8ab1492a01ad05b,anakin-skywalker,Anakin Skywalker,https://www.starwars.com/films/star-wars-episode-vi-return-of-the-jedi,films,star-wars-episode-vi-return-of-the-jedi,Star Wars: Return of the Jedi (Episode VI)
Characters,616b22adf8ab1492a01ad05b,anakin-skywalker,Anakin Skywalker,https://www.starwars.com/films/star-wars-episode-iii-revenge-of-the-sith,films,star-wars-episode-iii-revenge-of-the-sith,Star Wars: Revenge of the Sith (Episode III)
Characters,616b22adf8ab1492a01ad05b,anakin-skywalker,Anakin Skywalker,https://www.starwars.com/series/obi-wan-kenobi,series,obi-wan-kenobi,Obi-Wan Kenobi
Characters,616b22adf8ab1492a01ad05b,anakin-skywalker,Anakin Skywalker,https://www.starwars.com/series/star-wars-the-clone-wars,series,star-wars-the-clone-wars,Star Wars: The Clone Wars
Characters,616b22adf8ab1492a01ad05b,anakin-skywalker,Anakin Skywalker,https://www.starwars.com/series/star-wars-rebels,series,star-wars-rebels,Star Wars Rebels
Characters,616b22adf8ab1492a01ad05b,anakin-skywalker,Anakin Skywalker,https://www.starwars.com/series/tales-of-the-jedi,series,tales-of-the-jedi,Tales of the Jedi
Characters,616b22adf8ab1492a01ad05b,anakin-skywalker,Anakin Skywalker,https://www.starwars.com/series/star-wars-ahsoka,series,star-wars-ahsoka,Ahsoka
Characters,616b22adf8ab1492a01ad05b,anakin-skywalker,Anakin Skywalker,,games-apps,galactic-spy,Galactic Spy
Characters,616b22adf8ab1492a01ad05b,anakin-skywalker,Anakin Skywalker,,games-apps,disney-infinity-3-0-character-quest,Disney Infinity 3.0 - Character Quest
Characters,616b2d7a63a63492a01ad05b,ap-5,AP-5,https://www.starwars.com/series/star-wars-rebels,series,star-wars-rebels,Star Wars Rebels
Characters,616b2a54abc79492a01ad05b,appo,Appo,https://www.starwars.com/films/star-wars-episode-iii-revenge-of-the-sith,films,star-wars-episode-iii-revenge-of-the-sith,Star Wars: Revenge of the Sith (Episode III)
Characters,616b2a54abc79492a01ad05b,appo,Appo,https://www.starwars.com/series/star-wars-the-clone-wars,series,star-wars-the-clone-wars,Star Wars: The Clone Wars
Characters,616b3227fe8bf492a01ad05b,ap-lek,Ap’Lek,https://www.starwars.com/films/star-wars-episode-ix-the-rise-of-skywalker,films,star-wars-episode-ix-the-rise-of-skywalker,Star Wars: The Rise of Skywalker (Episode IX)
Characters,616b3227fe8bf492a01ad05b,ap-lek,Ap’Lek,https://www.starwars.com/films/star-wars-episode-vii-the-force-awakens,films,star-wars-episode-vii-the-force-awakens,Star Wars: The Force Awakens (Episode VII)
Characters,616b2fa9d9350492a01ad05b,arashell-sar,Arashell Sar,https://www.starwars.com/films/star-wars-episode-viii-the-last-jedi,films,star-wars-episode-viii-the-last-jedi,Star Wars: The Last Jedi (Episode VIII)
Characters,616b230b2c0ac492a01ad05b,arc-trooper-fives,ARC Trooper Fives,https://www.starwars.com/series/star-wars-the-clone-wars,series,star-wars-the-clone-wars,Star Wars: The Clone Wars
Characters,616b329f1033f492a01ad05b,ardo-barodai,Ardo Barodai,https://www.starwars.com/games-apps/star-wars-squadrons,games-apps,star-wars-squadrons,Star Wars: Squadrons
Characters,616b307de6f54492a01ad05b,argus-six-eyes-panox,Argus “Six Eyes” Panox,https://www.starwars.com/films/solo,films,solo,Solo: A Star Wars Story
Characters,616b3449daea0492a01ad05b,arvel-skeen,Arvel Skeen,https://www.starwars.com/series/andor,series,andor,Andor
Characters,616b2329e24f9492a01ad05b,asajj-ventress,Asajj Ventress,https://www.starwars.com/series/star-wars-the-bad-batch,series,star-wars-the-bad-batch,Star Wars: The Bad Batch
Characters,616b2329e24f9492a01ad05b,asajj-ventress,Asajj Ventress,https://www.starwars.com/series/star-wars-the-clone-wars,series,star-wars-the-clone-wars,Star Wars: The Clone Wars
Characters,616b2c6fd77d7492a01ad05b,ask-aak,Ask Aak,https://www.starwars.com/films/star-wars-episode-ii-attack-of-the-clones,films,star-wars-episode-ii-attack-of-the-clones,Star Wars: Attack of the Clones (Episode II)
Characters,616b23163d780492a01ad05b,atai-molec,Atai Molec,https://www.starwars.com/series/star-wars-the-clone-wars,series,star-wars-the-clone-wars,Star Wars: The Clone Wars
Characters,616b2dd459b9d492a01ad05b,athgar-heece,Athgar Heece,https://www.starwars.com/films/star-wars-episode-vii-the-force-awakens,films,star-wars-episode-vii-the-force-awakens,Star Wars: The Force Awakens (Episode VII)
Characters,616b30a8f759d492a01ad05b,aunt-z,Aunt Z,https://www.starwars.com/series/star-wars-resistance,series,star-wars-resistance,Star Wars Resistance
Characters,616b304e5f8b8492a01ad05b,aurodia-ventafoli,Aurodia Ventafoli,https://www.starwars.com/films/solo,films,solo,Solo: A Star Wars Story
Characters,616b26e370573492a01ad05b,aurra-sing,Aurra Sing,https://www.starwars.com/films/star-wars-episode-i-the-phantom-menace,films,star-wars-episode-i-the-phantom-menace,Star Wars: The Phantom Menace (Episode I)
Characters,616b26e370573492a01ad05b,aurra-sing,Aurra Sing,https://www.starwars.com/series/star-wars-the-clone-wars,series,star-wars-the-clone-wars,Star Wars: The Clone Wars
Characters,616b325c60b8e492a01ad05b,avar-kriss,Avar Kriss,https://www.starwars.com/the-high-republic,,,Star Wars: The High Republic
Characters,616b35888c5bf492a01ad05b,avon-starros,Avon Starros,https://www.starwars.com/the-high-republic,,,Star Wars: The High Republic
Characters,616b31becb4ef492a01ad05b,ax-tagrin,Ax Tagrin,https://www.starwars.com/series/star-wars-resistance,series,star-wars-resistance,Star Wars Resistance
Characters,616b29dd727d9492a01ad05b,azi-3,AZI-3,https://www.starwars.com/series/star-wars-the-clone-wars,series,star-wars-the-clone-wars,Star Wars: The Clone Wars
Characters,616b29dd727d9492a01ad05b,azi-3,AZI-3,https://www.starwars.com/series/star-wars-the-bad-batch,series,star-wars-the-bad-batch,Star Wars: The Bad Batch
Characters,616b358ea336e492a01ad05b,azlin-rell,Azlin Rell,https://www.starwars.com/the-high-republic,,,Star Wars: The High Republic
Characters,616b29f8cbd89492a01ad05b,azmorigan,Azmorigan,https://www.starwars.com/series/star-wars-rebels,series,star-wars-rebels,Star Wars Rebels
Characters,616b2b8c25d36492a01ad05b,b-u4d-buford,B-U4D (Buford),https://www.starwars.com/films/star-wars-episode-vii-the-force-awakens,films,star-wars-episode-vii-the-force-awakens,Star Wars: The Force Awakens (Episode VII)
Characters,616b31c7e6b4d492a01ad05b,b1,B1,https://www.starwars.com/series/star-wars-resistance,series,star-wars-resistance,Star Wars Resistance
Characters,616b341d832bf492a01ad05b,b2emo,B2EMO,https://www.starwars.com/series/andor,series,andor,Andor
Characters,616b31b0cf53d492a01ad05b,babu-frik,Babu Frik,https://www.starwars.com/films/star-wars-episode-ix-the-rise-of-skywalker,films,star-wars-episode-ix-the-rise-of-skywalker,Star Wars: The Rise of Skywalker (Episode IX)
Characters,616b34a412574492a01ad05b,babwa-venomor,Babwa Venomor,https://www.starwars.com/series/star-wars-the-bad-batch,series,star-wars-the-bad-batch,Star Wars: The Bad Batch
Characters,616b233152cf0492a01ad05b,bail-organa,Bail Organa,https://www.starwars.com/films/rogue-one,films,rogue-one,Rogue One: A Star Wars Story
Characters,616b233152cf0492a01ad05b,bail-organa,Bail Organa,https://www.starwars.com/films/star-wars-episode-ii-attack-of-the-clones,films,star-wars-episode-ii-attack-of-the-clones,Star Wars: Attack of the Clones (Episode II)
Characters,616b233152cf0492a01ad05b,bail-organa,Bail Organa,https://www.starwars.com/films/star-wars-episode-iii-revenge-of-the-sith,films,star-wars-episode-iii-revenge-of-the-sith,Star Wars: Revenge of the Sith (Episode III)
Characters,616b233152cf0492a01ad05b,bail-organa,Bail Organa,https://www.starwars.com/series/obi-wan-kenobi,series,obi-wan-kenobi,Obi-Wan Kenobi
Characters,616b233152cf0492a01ad05b,bail-organa,Bail Organa,https://www.starwars.com/series/star-wars-the-clone-wars,series,star-wars-the-clone-wars,Star Wars: The Clone Wars
Characters,616b233152cf0492a01ad05b,bail-organa,Bail Organa,https://www.starwars.com/series/star-wars-the-bad-batch,series,star-wars-the-bad-batch,Star Wars: The Bad Batch
Characters,616b233152cf0492a01ad05b,bail-organa,Bail Organa,https://www.starwars.com/series/star-wars-rebels,series,star-wars-rebels,Star Wars Rebels
Characters,616b233152cf0492a01ad05b,bail-organa,Bail Organa,https://www.starwars.com/series/tales-of-the-jedi,series,tales-of-the-jedi,Tales of the Jedi
Characters,616b2cbd7de22492a01ad05b,bala-tik,Bala-Tik,https://www.starwars.com/films/star-wars-episode-vii-the-force-awakens,films,star-wars-episode-vii-the-force-awakens,Star Wars: The Force Awakens (Episode VII)
Characters,616b2b9edd707492a01ad05b,barada,Barada,https://www.starwars.com/films/star-wars-episode-vi-return-of-the-jedi,films,star-wars-episode-vi-return-of-the-jedi,Star Wars: Return of the Jedi (Episode VI)
Characters,616b2fb3e255a492a01ad05b,bargwill-tomder,Bargwill Tomder,https://www.starwars.com/films/star-wars-episode-viii-the-last-jedi,films,star-wars-episode-viii-the-last-jedi,Star Wars: The Last Jedi (Episode VIII)
Characters,616b358d76619492a01ad05b,baron-boolan,Baron Boolan ,https://www.starwars.com/the-high-republic,,,Star Wars: The High Republic
Characters,616b2fb8c33ce492a01ad05b,baron-yasto-attsmun,Baron Yasto Attsmun,https://www.starwars.com/films/star-wars-episode-viii-the-last-jedi,films,star-wars-episode-viii-the-last-jedi,Star Wars: The Last Jedi (Episode VIII)
Characters,616b23394f7c7492a01ad05b,barriss-offee,Barriss Offee,https://www.starwars.com/films/star-wars-episode-ii-attack-of-the-clones,films,star-wars-episode-ii-attack-of-the-clones,Star Wars: Attack of the Clones (Episode II)
Characters,616b23394f7c7492a01ad05b,barriss-offee,Barriss Offee,https://www.starwars.com/series/star-wars-the-clone-wars,series,star-wars-the-clone-wars,Star Wars: The Clone Wars
Characters,616b23394f7c7492a01ad05b,barriss-offee,Barriss Offee,https://www.starwars.com/series/tales-of-the-empire,series,tales-of-the-empire,Tales of the Empire
Characters,616b36792acc8492a01ad05b,batcher,Batcher,https://www.starwars.com/series/star-wars-the-bad-batch,series,star-wars-the-bad-batch,Star Wars: The Bad Batch
Characters,616b235ba7336492a01ad05b,battle-droid-513,Battle Droid 513,https://www.starwars.com/series/star-wars-the-clone-wars,series,star-wars-the-clone-wars,Star Wars: The Clone Wars
Characters,616b352150641492a01ad05b,baylan-skoll,Baylan Skoll,https://www.starwars.com/series/star-wars-ahsoka,series,star-wars-ahsoka,Ahsoka
Characters,616b37e890fe4492a01ad05b,bayrn,Bayrn,https://www.starwars.com/series/star-wars-the-bad-batch,series,star-wars-the-bad-batch,Star Wars: The Bad Batch
Characters,616b2e05139d8492a01ad05b,baze-malbus,Baze Malbus,https://www.starwars.com/films/rogue-one,films,rogue-one,Rogue One: A Star Wars Story
Characters,616b2e05139d8492a01ad05b,baze-malbus,Baze Malbus,,games-apps,rogue-one-boots-on-the-ground-star-wars-arcade,Rogue One: Boots on the Ground - Star Wars Arcade
Characters,61b18a632f29e0f4def51cd7,bazil,Bazil,https://www.starwars.com/series/the-acolyte,series,the-acolyte,The Acolyte
Characters,616b2d9a4f0bd492a01ad05b,bazine-netal,Bazine Netal,https://www.starwars.com/films/star-wars-episode-vii-the-force-awakens,films,star-wars-episode-vii-the-force-awakens,Star Wars: The Force Awakens (Episode VII)
Characters,616b2b6ca415f492a01ad05b,bb-8,BB-8,https://www.starwars.com/films/star-wars-episode-vii-the-force-awakens,films,star-wars-episode-vii-the-force-awakens,Star Wars: The Force Awakens (Episode VII)
Characters,616b2b6ca415f492a01ad05b,bb-8,BB-8,https://www.starwars.com/films/star-wars-episode-ix-the-rise-of-skywalker,films,star-wars-episode-ix-the-rise-of-skywalker,Star Wars: The Rise of Skywalker (Episode IX)
Characters,616b2b6ca415f492a01ad05b,bb-8,BB-8,https://www.starwars.com/films/star-wars-episode-viii-the-last-jedi,films,star-wars-episode-viii-the-last-jedi,Star Wars: The Last Jedi (Episode VIII)
Characters,616b2b6ca415f492a01ad05b,bb-8,BB-8,,Appearances,star-wars-forces-of-destiny,Star Wars: Forces of Destiny
Characters,616b2b6ca415f492a01ad05b,bb-8,BB-8,,games-apps,x-wing-fighter-star-wars-arcade,X-wing Fighter - Star Wars Arcade
Characters,616b2b6ca415f492a01ad05b,bb-8,BB-8,,games-apps,pin-pin-hooray-,Pin Pin Hooray!
Characters,616b2b6ca415f492a01ad05b,bb-8,BB-8,,games-apps,star-wars-puzzle-droid,Star Wars: Puzzle Droid
Characters,616b2ef9eb500492a01ad05b,bb-9e,BB-9E,https://www.starwars.com/films/star-wars-episode-viii-the-last-jedi,films,star-wars-episode-viii-the-last-jedi,Star Wars: The Last Jedi (Episode VIII)
Characters,616b314cd9909492a01ad05b,bd-1,BD-1,https://www.starwars.com/games-apps/star-wars-jedi-fallen-order,games-apps,star-wars-jedi-fallen-order,Star Wars Jedi: Fallen Order
Characters,616b31cc88de3492a01ad05b,beaumont-kin,Beaumont Kin,https://www.starwars.com/films/star-wars-episode-ix-the-rise-of-skywalker,films,star-wars-episode-ix-the-rise-of-skywalker,Star Wars: The Rise of Skywalker (Episode IX)
Characters,616b2e97f51dd492a01ad05b,beezer-fortuna,Beezer Fortuna,https://www.starwars.com/films/rogue-one,films,rogue-one,Rogue One: A Star Wars Story
Characters,616b32f93dea3492a01ad05b,beilert-valance,Beilert Valance,,,,
Characters,616b330246ee9492a01ad05b,bell-zettifar,Bell Zettifar,https://www.starwars.com/the-high-republic,,,Star Wars: The High Republic
Characters,616b235d2d9af492a01ad05b,ben-quadinaros,Ben Quadinaros,https://www.starwars.com/films/star-wars-episode-i-the-phantom-menace,films,star-wars-episode-i-the-phantom-menace,Star Wars: The Phantom Menace (Episode I)
Characters,616b2e13d483b492a01ad05b,bendu,Bendu,https://www.starwars.com/series/star-wars-rebels,series,star-wars-rebels,Star Wars Rebels
Characters,616b34e562164492a01ad05b,benni-baro,Benni Baro,https://www.starwars.com/series/star-wars-the-bad-batch,series,star-wars-the-bad-batch,Star Wars: The Bad Batch
Characters,616b34812e34a492a01ad05b,benthic-two-tubes,Benthic Two Tubes,https://www.starwars.com/series/andor,series,andor,Andor
Characters,616b235ed4bce492a01ad05b,beru-lars,Beru Lars,https://www.starwars.com/films/star-wars-episode-ii-attack-of-the-clones,films,star-wars-episode-ii-attack-of-the-clones,Star Wars: Attack of the Clones (Episode II)
Characters,616b235ed4bce492a01ad05b,beru-lars,Beru Lars,https://www.starwars.com/films/star-wars-episode-iv-a-new-hope,films,star-wars-episode-iv-a-new-hope,Star Wars: A New Hope (Episode IV)
Characters,616b235ed4bce492a01ad05b,beru-lars,Beru Lars,https://www.starwars.com/films/star-wars-episode-iii-revenge-of-the-sith,films,star-wars-episode-iii-revenge-of-the-sith,Star Wars: Revenge of the Sith (Episode III)
Characters,616b235ed4bce492a01ad05b,beru-lars,Beru Lars,https://www.starwars.com/series/obi-wan-kenobi,series,obi-wan-kenobi,Obi-Wan Kenobi
Characters,616b2c24ef1b4492a01ad05b,bg-81,BG-81,https://www.starwars.com/series/star-wars-rebels,series,star-wars-rebels,Star Wars Rebels
Characters,616b2372b8e6a492a01ad05b,bib-fortuna,Bib Fortuna,https://www.starwars.com/films/star-wars-episode-vi-return-of-the-jedi,films,star-wars-episode-vi-return-of-the-jedi,Star Wars: Return of the Jedi (Episode VI)
Characters,616b2372b8e6a492a01ad05b,bib-fortuna,Bib Fortuna,https://www.starwars.com/films/star-wars-episode-i-the-phantom-menace,films,star-wars-episode-i-the-phantom-menace,Star Wars: The Phantom Menace (Episode I)
Characters,616b2372b8e6a492a01ad05b,bib-fortuna,Bib Fortuna,https://www.starwars.com/series/the-book-of-boba-fett,series,the-book-of-boba-fett,The Book of Boba Fett
Characters,616b310e89c7a492a01ad05b,bibo,Bibo,https://www.starwars.com/series/star-wars-resistance,series,star-wars-resistance,Star Wars Resistance
Characters,616b316c94cd5492a01ad05b,big-al,Big Al,https://www.starwars.com/series/star-wars-resistance,series,star-wars-resistance,Star Wars Resistance
Characters,616b26ead0f0d492a01ad05b,biggs-darklighter,Biggs Darklighter,https://www.starwars.com/films/star-wars-episode-iv-a-new-hope,films,star-wars-episode-iv-a-new-hope,Star Wars: A New Hope (Episode IV)
Characters,616b347f28d35492a01ad05b,birnok,Birnok,https://www.starwars.com/series/andor,series,andor,Andor
Characters,616b2e6a37d2d492a01ad05b,bistan,Bistan,https://www.starwars.com/films/rogue-one,films,rogue-one,Rogue One: A Star Wars Story
Characters,616b3111a4bdf492a01ad05b,bitey,Bitey,https://www.starwars.com/series/star-wars-resistance,series,star-wars-resistance,Star Wars Resistance
Characters,616b341b59c01492a01ad05b,bix-caleen,Bix Caleen,https://www.starwars.com/series/andor,series,andor,Andor
Characters,616b26ee4196e492a01ad05b,bni-393,BNI-393,https://www.starwars.com/series/star-wars-the-clone-wars,series,star-wars-the-clone-wars,Star Wars: The Clone Wars
Characters,616b309e51092492a01ad05b,bo-keevil,Bo Keevil,https://www.starwars.com/series/star-wars-resistance,series,star-wars-resistance,Star Wars Resistance
Characters,616b26efdcc90492a01ad05b,bo-katan-kryze,Bo-Katan Kryze,https://www.starwars.com/series/the-mandalorian,series,the-mandalorian,The Mandalorian
Characters,616b26efdcc90492a01ad05b,bo-katan-kryze,Bo-Katan Kryze,https://www.starwars.com/series/star-wars-the-clone-wars,series,star-wars-the-clone-wars,Star Wars: The Clone Wars
Characters,616b26efdcc90492a01ad05b,bo-katan-kryze,Bo-Katan Kryze,https://www.starwars.com/series/star-wars-rebels,series,star-wars-rebels,Star Wars Rebels
Characters,616b235274eee492a01ad05b,boba-fett,Boba Fett,https://www.starwars.com/films/star-wars-episode-v-the-empire-strikes-back,films,star-wars-episode-v-the-empire-strikes-back,Star Wars: The Empire Strikes Back (Episode V)
Characters,616b235274eee492a01ad05b,boba-fett,Boba Fett,https://www.starwars.com/films/star-wars-episode-ii-attack-of-the-clones,films,star-wars-episode-ii-attack-of-the-clones,Star Wars: Attack of the Clones (Episode II)
Characters,616b235274eee492a01ad05b,boba-fett,Boba Fett,https://www.starwars.com/films/star-wars-episode-vi-return-of-the-jedi,films,star-wars-episode-vi-return-of-the-jedi,Star Wars: Return of the Jedi (Episode VI)
Characters,616b235274eee492a01ad05b,boba-fett,Boba Fett,https://www.starwars.com/films/star-wars-episode-iv-a-new-hope,films,star-wars-episode-iv-a-new-hope,Star Wars: A New Hope (Episode IV)
Characters,616b235274eee492a01ad05b,boba-fett,Boba Fett,https://www.starwars.com/series/the-book-of-boba-fett,series,the-book-of-boba-fett,The Book of Boba Fett
Characters,616b235274eee492a01ad05b,boba-fett,Boba Fett,https://www.starwars.com/series/star-wars-the-clone-wars,series,star-wars-the-clone-wars,Star Wars: The Clone Wars
Characters,616b235274eee492a01ad05b,boba-fett,Boba Fett,https://www.starwars.com/series/the-mandalorian,series,the-mandalorian,The Mandalorian
Characters,616b235274eee492a01ad05b,boba-fett,Boba Fett,,games-apps,a-sticker-book-far-far-away,"A Sticker Book Far, Far Away"
Characters,616b235274eee492a01ad05b,boba-fett,Boba Fett,,games-apps,star-wars-battlefront,Star Wars: Battlefront
Characters,616b235274eee492a01ad05b,boba-fett,Boba Fett,,games-apps,star-wars-rivals,Star Wars: Rivals
Characters,616b2dd5dd9fb492a01ad05b,bobbajo,Bobbajo,https://www.starwars.com/films/star-wars-episode-vii-the-force-awakens,films,star-wars-episode-vii-the-force-awakens,Star Wars: The Force Awakens (Episode VII)
Characters,616b34dd78a9f492a01ad05b,bode-akuna,Bode Akuna,https://www.starwars.com/games-apps/star-wars-jedi-survivor,games-apps,star-wars-jedi-survivor,Star Wars Jedi: Survivor
Characters,616b2dfac01d4492a01ad05b,bodhi-rook,Bodhi Rook,https://www.starwars.com/films/rogue-one,films,rogue-one,Rogue One: A Star Wars Story
Characters,616b26f5851f7492a01ad05b,bolla-ropal,Bolla Ropal,https://www.starwars.com/series/star-wars-the-clone-wars,series,star-wars-the-clone-wars,Star Wars: The Clone Wars
Characters,616b2dc13afcb492a01ad05b,bollie-prindel,Bollie Prindel,https://www.starwars.com/films/star-wars-episode-viii-the-last-jedi,films,star-wars-episode-viii-the-last-jedi,Star Wars: The Last Jedi (Episode VIII)
Characters,616b2dc13afcb492a01ad05b,bollie-prindel,Bollie Prindel,https://www.starwars.com/films/star-wars-episode-vii-the-force-awakens,films,star-wars-episode-vii-the-force-awakens,Star Wars: The Force Awakens (Episode VII)
Characters,616b3348e9517492a01ad05b,bolo,Bolo,https://www.starwars.com/series/star-wars-the-bad-batch,series,star-wars-the-bad-batch,Star Wars: The Bad Batch
Characters,616b30b4171f5492a01ad05b,bolza-grool,Bolza Grool,https://www.starwars.com/series/star-wars-resistance,series,star-wars-resistance,Star Wars Resistance
Characters,616b32015788f492a01ad05b,boolio,Boolio,https://www.starwars.com/films/star-wars-episode-ix-the-rise-of-skywalker,films,star-wars-episode-ix-the-rise-of-skywalker,Star Wars: The Rise of Skywalker (Episode IX)
Characters,616b34bc646ba492a01ad05b,bosco-the-mad-bomber-brix,"Bosco ""The Mad Bomber"" Brix",https://www.starwars.com/series/star-wars-the-bad-batch,series,star-wars-the-bad-batch,Star Wars: The Bad Batch
Characters,616b2b389be13492a01ad05b,boshek,BoShek,https://www.starwars.com/films/star-wars-episode-iv-a-new-hope,films,star-wars-episode-iv-a-new-hope,Star Wars: A New Hope (Episode IV)
Characters,616b26f7603e4492a01ad05b,boss-lyonie,Boss Lyonie,https://www.starwars.com/series/star-wars-the-clone-wars,series,star-wars-the-clone-wars,Star Wars: The Clone Wars
Characters,616b26f92146c492a01ad05b,boss-nass,Boss Nass,https://www.starwars.com/films/star-wars-episode-iii-revenge-of-the-sith,films,star-wars-episode-iii-revenge-of-the-sith,Star Wars: Revenge of the Sith (Episode III)
Characters,616b26f92146c492a01ad05b,boss-nass,Boss Nass,https://www.starwars.com/films/star-wars-episode-i-the-phantom-menace,films,star-wars-episode-i-the-phantom-menace,Star Wars: The Phantom Menace (Episode I)
Characters,616b26fec502b492a01ad05b,bossk,Bossk,https://www.starwars.com/films/star-wars-episode-v-the-empire-strikes-back,films,star-wars-episode-v-the-empire-strikes-back,Star Wars: The Empire Strikes Back (Episode V)
Characters,616b26fec502b492a01ad05b,bossk,Bossk,https://www.starwars.com/films/star-wars-episode-vi-return-of-the-jedi,films,star-wars-episode-vi-return-of-the-jedi,Star Wars: Return of the Jedi (Episode VI)
Characters,616b26fec502b492a01ad05b,bossk,Bossk,https://www.starwars.com/series/star-wars-the-clone-wars,series,star-wars-the-clone-wars,Star Wars: The Clone Wars
Characters,616b3436d7dda492a01ad05b,brasso,Brasso,https://www.starwars.com/series/andor,series,andor,Andor
Characters,616b2c40e5987492a01ad05b,brom-titus,Brom Titus,https://www.starwars.com/series/star-wars-rebels,series,star-wars-rebels,Star Wars Rebels
Characters,616b2bbaf355f492a01ad05b,brother-viscus,Brother Viscus,https://www.starwars.com/series/star-wars-the-clone-wars,series,star-wars-the-clone-wars,Star Wars: The Clone Wars
Characters,616b3068c57ac492a01ad05b,bucket-r1-j5,Bucket (R1-J5),https://www.starwars.com/series/star-wars-resistance,series,star-wars-resistance,Star Wars Resistance
Characters,616b310526253492a01ad05b,buggles,Buggles,https://www.starwars.com/series/star-wars-resistance,series,star-wars-resistance,Star Wars Resistance
Characters,616b27054fbe4492a01ad05b,bulduga,Bulduga,https://www.starwars.com/series/star-wars-the-clone-wars,series,star-wars-the-clone-wars,Star Wars: The Clone Wars
Characters,616b2a6353ade492a01ad05b,bultar-swan,Bultar Swan,https://www.starwars.com/films/star-wars-episode-ii-attack-of-the-clones,films,star-wars-episode-ii-attack-of-the-clones,Star Wars: Attack of the Clones (Episode II)
Characters,616b3291a1110492a01ad05b,burg,Burg,https://www.starwars.com/series/the-mandalorian,series,the-mandalorian,The Mandalorian
Characters,616b3303645a5492a01ad05b,burryaga,Burryaga,https://www.starwars.com/the-high-republic,,,Star Wars: The High Republic
Characters,616b2706ee534492a01ad05b,byph,Byph,https://www.starwars.com/series/star-wars-the-clone-wars,series,star-wars-the-clone-wars,Star Wars: The Clone Wars
Characters,616b2f6efdfb1492a01ad05b,c-ai-threnalli,C'ai Threnalli,https://www.starwars.com/films/star-wars-episode-viii-the-last-jedi,films,star-wars-episode-viii-the-last-jedi,Star Wars: The Last Jedi (Episode VIII)
Characters,616b270872996492a01ad05b,c-21-highsinger,C-21 Highsinger,https://www.starwars.com/series/star-wars-the-clone-wars,series,star-wars-the-clone-wars,Star Wars: The Clone Wars
Characters,616b2378b6e91492a01ad05b,c-3po-see-threepio,C-3PO (See-Threepio),https://www.starwars.com/films/star-wars-episode-vii-the-force-awakens,films,star-wars-episode-vii-the-force-awakens,Star Wars: The Force Awakens (Episode VII)
Characters,616b2378b6e91492a01ad05b,c-3po-see-threepio,C-3PO (See-Threepio),https://www.starwars.com/films/star-wars-episode-iv-a-new-hope,films,star-wars-episode-iv-a-new-hope,Star Wars: A New Hope (Episode IV)
Characters,616b2378b6e91492a01ad05b,c-3po-see-threepio,C-3PO (See-Threepio),https://www.starwars.com/films/rogue-one,films,rogue-one,Rogue One: A Star Wars Story
Characters,616b2378b6e91492a01ad05b,c-3po-see-threepio,C-3PO (See-Threepio),https://www.starwars.com/films/star-wars-episode-v-the-empire-strikes-back,films,star-wars-episode-v-the-empire-strikes-back,Star Wars: The Empire Strikes Back (Episode V)
Characters,616b2378b6e91492a01ad05b,c-3po-see-threepio,C-3PO (See-Threepio),https://www.starwars.com/films/star-wars-episode-ii-attack-of-the-clones,films,star-wars-episode-ii-attack-of-the-clones,Star Wars: Attack of the Clones (Episode II)
Characters,616b2378b6e91492a01ad05b,c-3po-see-threepio,C-3PO (See-Threepio),https://www.starwars.com/films/star-wars-episode-vi-return-of-the-jedi,films,star-wars-episode-vi-return-of-the-jedi,Star Wars: Return of the Jedi (Episode VI)
Characters,616b2378b6e91492a01ad05b,c-3po-see-threepio,C-3PO (See-Threepio),https://www.starwars.com/films/star-wars-episode-ix-the-rise-of-skywalker,films,star-wars-episode-ix-the-rise-of-skywalker,Star Wars: The Rise of Skywalker (Episode IX)
Characters,616b2378b6e91492a01ad05b,c-3po-see-threepio,C-3PO (See-Threepio),https://www.starwars.com/films/star-wars-episode-i-the-phantom-menace,films,star-wars-episode-i-the-phantom-menace,Star Wars: The Phantom Menace (Episode I)
Characters,616b2378b6e91492a01ad05b,c-3po-see-threepio,C-3PO (See-Threepio),https://www.starwars.com/films/star-wars-episode-viii-the-last-jedi,films,star-wars-episode-viii-the-last-jedi,Star Wars: The Last Jedi (Episode VIII)
Characters,616b2378b6e91492a01ad05b,c-3po-see-threepio,C-3PO (See-Threepio),https://www.starwars.com/films/star-wars-episode-iii-revenge-of-the-sith,films,star-wars-episode-iii-revenge-of-the-sith,Star Wars: Revenge of the Sith (Episode III)
Characters,616b2378b6e91492a01ad05b,c-3po-see-threepio,C-3PO (See-Threepio),https://www.starwars.com/series/obi-wan-kenobi,series,obi-wan-kenobi,Obi-Wan Kenobi
Characters,616b2378b6e91492a01ad05b,c-3po-see-threepio,C-3PO (See-Threepio),https://www.starwars.com/series/star-wars-the-clone-wars,series,star-wars-the-clone-wars,Star Wars: The Clone Wars
Characters,616b2378b6e91492a01ad05b,c-3po-see-threepio,C-3PO (See-Threepio),https://www.starwars.com/series/star-wars-rebels,series,star-wars-rebels,Star Wars Rebels
Characters,616b2378b6e91492a01ad05b,c-3po-see-threepio,C-3PO (See-Threepio),https://www.starwars.com/series/star-wars-ahsoka,series,star-wars-ahsoka,Ahsoka
Characters,616b2378b6e91492a01ad05b,c-3po-see-threepio,C-3PO (See-Threepio),,games-apps,star-wars-arcade,Star Wars Arcade
Characters,616b2378b6e91492a01ad05b,c-3po-see-threepio,C-3PO (See-Threepio),,games-apps,a-sticker-book-far-far-away,"A Sticker Book Far, Far Away"
Characters,616b361e3ce28492a01ad05b,c1-d1,C1-D1,https://www.starwars.com/series/star-wars-ahsoka,series,star-wars-ahsoka,Ahsoka
Characters,616b2e642dd9c492a01ad05b,c2-b5,C2-B5,https://www.starwars.com/films/rogue-one,films,rogue-one,Rogue One: A Star Wars Story
Characters,61d663913ef66f2f1cb2fd4c,cabuck,Cabuck,https://www.starwars.com/series/the-acolyte,series,the-acolyte,The Acolyte
Characters,616b270a107ee492a01ad05b,cad-bane,Cad Bane,https://www.starwars.com/series/the-book-of-boba-fett,series,the-book-of-boba-fett,The Book of Boba Fett
Characters,616b270a107ee492a01ad05b,cad-bane,Cad Bane,https://www.starwars.com/series/star-wars-the-clone-wars,series,star-wars-the-clone-wars,Star Wars: The Clone Wars
Characters,616b270a107ee492a01ad05b,cad-bane,Cad Bane,https://www.starwars.com/series/star-wars-the-bad-batch,series,star-wars-the-bad-batch,Star Wars: The Bad Batch
Characters,616b34c8cf2ff492a01ad05b,cade,Cade,https://www.starwars.com/series/star-wars-the-bad-batch,series,star-wars-the-bad-batch,Star Wars: The Bad Batch
Characters,616b3150e641e492a01ad05b,cal-kestis,Cal Kestis,https://www.starwars.com/games-apps/star-wars-jedi-fallen-order,games-apps,star-wars-jedi-fallen-order,Star Wars Jedi: Fallen Order
Characters,616b2d958800e492a01ad05b,caluan-ematt,Caluan Ematt,https://www.starwars.com/films/star-wars-episode-viii-the-last-jedi,films,star-wars-episode-viii-the-last-jedi,Star Wars: The Last Jedi (Episode VIII)
Characters,616b2d958800e492a01ad05b,caluan-ematt,Caluan Ematt,https://www.starwars.com/films/star-wars-episode-vii-the-force-awakens,films,star-wars-episode-vii-the-force-awakens,Star Wars: The Force Awakens (Episode VII)
Characters,616b3392b17ca492a01ad05b,camie,Camie,https://www.starwars.com/series/the-book-of-boba-fett,series,the-book-of-boba-fett,The Book of Boba Fett
Characters,616b2711b3b78492a01ad05b,captain-antilles,Captain Antilles,https://www.starwars.com/films/star-wars-episode-iv-a-new-hope,films,star-wars-episode-iv-a-new-hope,Star Wars: A New Hope (Episode IV)
Characters,616b2711b3b78492a01ad05b,captain-antilles,Captain Antilles,https://www.starwars.com/films/star-wars-episode-iii-revenge-of-the-sith,films,star-wars-episode-iii-revenge-of-the-sith,Star Wars: Revenge of the Sith (Episode III)
Characters,616b2713c1fae492a01ad05b,captain-argyus,Captain Argyus,https://www.starwars.com/series/star-wars-the-clone-wars,series,star-wars-the-clone-wars,Star Wars: The Clone Wars
Characters,619ff409a5517e20354a6a69,captain-blex,Captain Blex,https://www.starwars.com/series/the-acolyte,series,the-acolyte,The Acolyte
Characters,616b3353aca25492a01ad05b,captain-bragg,Captain Bragg,https://www.starwars.com/series/star-wars-the-bad-batch,series,star-wars-the-bad-batch,Star Wars: The Bad Batch
Characters,616b2e7e41487492a01ad05b,captain-brunson,Captain Brunson,https://www.starwars.com/series/star-wars-rebels,series,star-wars-rebels,Star Wars Rebels
Characters,616b2f45b29cf492a01ad05b,captain-canady,Captain Canady,https://www.starwars.com/films/star-wars-episode-viii-the-last-jedi,films,star-wars-episode-viii-the-last-jedi,Star Wars: The Last Jedi (Episode VIII)
Characters,616b30d4a9019492a01ad05b,captain-doza,Captain Doza,https://www.starwars.com/series/star-wars-resistance,series,star-wars-resistance,Star Wars Resistance
Characters,616b34874b87c492a01ad05b,captain-elk,Captain Elk,https://www.starwars.com/series/andor,series,andor,Andor
Characters,616b35701e3cd492a01ad05b,captain-enoch,Captain Enoch,https://www.starwars.com/series/star-wars-ahsoka,series,star-wars-ahsoka,Ahsoka
Characters,616b2fba49453492a01ad05b,captain-gawat,Captain Gawat,https://www.starwars.com/films/star-wars-episode-viii-the-last-jedi,films,star-wars-episode-viii-the-last-jedi,Star Wars: The Last Jedi (Episode VIII)
Characters,616b36372bed8492a01ad05b,captain-girard,Captain Girard,https://www.starwars.com/series/star-wars-ahsoka,series,star-wars-ahsoka,Ahsoka
Characters,616b2f04b666e492a01ad05b,captain-hark,Captain Hark,https://www.starwars.com/series/star-wars-rebels,series,star-wars-rebels,Star Wars Rebels
Characters,616b35cc29aa1492a01ad05b,captain-hayle,Captain Hayle,https://www.starwars.com/series/star-wars-ahsoka,series,star-wars-ahsoka,Ahsoka
Characters,616b2bae94c85492a01ad05b,captain-kosh,Captain Kosh,,games-apps,star-wars-commander,Star Wars: Commander
Characters,616b32f06feaf492a01ad05b,captain-lang,Captain Lang,https://www.starwars.com/series/the-mandalorian,series,the-mandalorian,The Mandalorian
Characters,616b36f56098b492a01ad05b,captain-mann,Captain Mann,https://www.starwars.com/series/star-wars-the-bad-batch,series,star-wars-the-bad-batch,Star Wars: The Bad Batch
Characters,616b2bbc8f8ae492a01ad05b,captain-merumeru,Captain Merumeru,https://www.starwars.com/films/star-wars-episode-iii-revenge-of-the-sith,films,star-wars-episode-iii-revenge-of-the-sith,Star Wars: Revenge of the Sith (Episode III)
Characters,616b27156bf58492a01ad05b,captain-needa,Captain Needa,https://www.starwars.com/films/star-wars-episode-v-the-empire-strikes-back,films,star-wars-episode-v-the-empire-strikes-back,Star Wars: The Empire Strikes Back (Episode V)
Characters,616b27171f789492a01ad05b,captain-panaka,Captain Panaka,https://www.starwars.com/films/star-wars-episode-i-the-phantom-menace,films,star-wars-episode-i-the-phantom-menace,Star Wars: The Phantom Menace (Episode I)
Characters,616b2f6be49d7492a01ad05b,captain-peavey,Captain Peavey,https://www.starwars.com/films/star-wars-episode-viii-the-last-jedi,films,star-wars-episode-viii-the-last-jedi,Star Wars: The Last Jedi (Episode VIII)
Characters,616b2b56c3992492a01ad05b,captain-phasma,Captain Phasma,https://www.starwars.com/films/star-wars-episode-vii-the-force-awakens,films,star-wars-episode-vii-the-force-awakens,Star Wars: The Force Awakens (Episode VII)
Characters,616b2b56c3992492a01ad05b,captain-phasma,Captain Phasma,https://www.starwars.com/films/star-wars-episode-viii-the-last-jedi,films,star-wars-episode-viii-the-last-jedi,Star Wars: The Last Jedi (Episode VIII)
Characters,616b2b56c3992492a01ad05b,captain-phasma,Captain Phasma,,games-apps,star-wars-rivals,Star Wars: Rivals
Characters,616b35dd562dc492a01ad05b,captain-porter,Captain Porter,https://www.starwars.com/series/star-wars-ahsoka,series,star-wars-ahsoka,Ahsoka
Characters,616b2b415cb05492a01ad05b,captain-typho,Captain Typho,https://www.starwars.com/films/star-wars-episode-ii-attack-of-the-clones,films,star-wars-episode-ii-attack-of-the-clones,Star Wars: Attack of the Clones (Episode II)
Characters,616b2b415cb05492a01ad05b,captain-typho,Captain Typho,https://www.starwars.com/films/star-wars-episode-iii-revenge-of-the-sith,films,star-wars-episode-iii-revenge-of-the-sith,Star Wars: Revenge of the Sith (Episode III)
Characters,616b2b415cb05492a01ad05b,captain-typho,Captain Typho,https://www.starwars.com/series/star-wars-the-clone-wars,series,star-wars-the-clone-wars,Star Wars: The Clone Wars
Characters,616b34ad7210d492a01ad05b,captain-wilco,Captain Wilco,https://www.starwars.com/series/star-wars-the-bad-batch,series,star-wars-the-bad-batch,Star Wars: The Bad Batch
Characters,616b31846baf4492a01ad05b,cara-dune,Cara Dune,https://www.starwars.com/series/the-mandalorian,series,the-mandalorian,The Mandalorian
Characters,616b322111866492a01ad05b,cardo,Cardo,https://www.starwars.com/films/star-wars-episode-vii-the-force-awakens,films,star-wars-episode-vii-the-force-awakens,Star Wars: The Force Awakens (Episode VII)
Characters,616b322111866492a01ad05b,cardo,Cardo,https://www.starwars.com/films/star-wars-episode-ix-the-rise-of-skywalker,films,star-wars-episode-ix-the-rise-of-skywalker,Star Wars: The Rise of Skywalker (Episode IX)
Characters,616b33b90a42e492a01ad05b,carson-teva,Carson Teva,https://www.starwars.com/series/the-mandalorian,series,the-mandalorian,The Mandalorian
Characters,616b33b90a42e492a01ad05b,carson-teva,Carson Teva,https://www.starwars.com/series/star-wars-ahsoka,series,star-wars-ahsoka,Ahsoka
Characters,616b2e0040371492a01ad05b,cassian-andor,Cassian Andor,https://www.starwars.com/films/rogue-one,films,rogue-one,Rogue One: A Star Wars Story
Characters,616b2e0040371492a01ad05b,cassian-andor,Cassian Andor,https://www.starwars.com/series/andor,series,andor,Andor
Characters,616b2e0040371492a01ad05b,cassian-andor,Cassian Andor,,games-apps,rogue-one-boots-on-the-ground-star-wars-arcade,Rogue One: Boots on the Ground - Star Wars Arcade
Characters,616b2718c11cd492a01ad05b,cassie-cryar,Cassie Cryar,https://www.starwars.com/series/star-wars-the-clone-wars,series,star-wars-the-clone-wars,Star Wars: The Clone Wars
Characters,616b2a3a25c29492a01ad05b,castas,Castas,https://www.starwars.com/series/star-wars-the-clone-wars,series,star-wars-the-clone-wars,Star Wars: The Clone Wars
Characters,616b2bbe25960492a01ad05b,cato-parasitti,Cato Parasitti,https://www.starwars.com/series/star-wars-the-clone-wars,series,star-wars-the-clone-wars,Star Wars: The Clone Wars
Characters,616b30eea6fdd492a01ad05b,cb-23,CB-23,https://www.starwars.com/series/star-wars-resistance,series,star-wars-resistance,Star Wars Resistance
Characters,616b3165c983b492a01ad05b,cere-junda,Cere Junda  ,,,,
Characters,616b33369c127492a01ad05b,cg-67,CG-67,https://www.starwars.com/series/star-wars-the-bad-batch,series,star-wars-the-bad-batch,Star Wars: The Bad Batch
Characters,616b271a80311492a01ad05b,chairman-papanoida,Chairman Papanoida,https://www.starwars.com/films/star-wars-episode-iii-revenge-of-the-sith,films,star-wars-episode-iii-revenge-of-the-sith,Star Wars: Revenge of the Sith (Episode III)
Characters,616b271a80311492a01ad05b,chairman-papanoida,Chairman Papanoida,https://www.starwars.com/series/star-wars-the-clone-wars,series,star-wars-the-clone-wars,Star Wars: The Clone Wars
Characters,616b271c36921492a01ad05b,cham-syndulla,Cham Syndulla,https://www.starwars.com/series/star-wars-the-clone-wars,series,star-wars-the-clone-wars,Star Wars: The Clone Wars
Characters,616b271c36921492a01ad05b,cham-syndulla,Cham Syndulla,https://www.starwars.com/series/star-wars-the-bad-batch,series,star-wars-the-bad-batch,Star Wars: The Bad Batch
Characters,616b271c36921492a01ad05b,cham-syndulla,Cham Syndulla,https://www.starwars.com/series/star-wars-rebels,series,star-wars-rebels,Star Wars Rebels
Characters,61d621c1fda8ef54beefd145,chancellor-drellik,Chancellor Drellik,https://www.starwars.com/series/the-acolyte,series,the-acolyte,The Acolyte
Characters,616b3584f8d1e492a01ad05b,chancellor-lina-soh,Chancellor Lina Soh,https://www.starwars.com/the-high-republic,,,Star Wars: The High Republic
Characters,616b2dcfb914f492a01ad05b,chancellor-villecham,Chancellor Villecham,https://www.starwars.com/films/star-wars-episode-vii-the-force-awakens,films,star-wars-episode-vii-the-force-awakens,Star Wars: The Force Awakens (Episode VII)
Characters,616b2bc01b7b2492a01ad05b,chata-hyoki,Chata Hyoki,https://www.starwars.com/series/star-wars-the-clone-wars,series,star-wars-the-clone-wars,Star Wars: The Clone Wars
Characters,616b2d4991f0a492a01ad05b,chava,Chava,https://www.starwars.com/series/star-wars-rebels,series,star-wars-rebels,Star Wars Rebels
Characters,616b2a3bf7eba492a01ad05b,che-amanwe-papanoida,Che Amanwe Papanoida,https://www.starwars.com/series/star-wars-the-clone-wars,series,star-wars-the-clone-wars,Star Wars: The Clone Wars
Characters,616b2362d2b85492a01ad05b,chewbacca,Chewbacca,https://www.starwars.com/films/star-wars-episode-vii-the-force-awakens,films,star-wars-episode-vii-the-force-awakens,Star Wars: The Force Awakens (Episode VII)
Characters,616b2362d2b85492a01ad05b,chewbacca,Chewbacca,https://www.starwars.com/films/star-wars-episode-iv-a-new-hope,films,star-wars-episode-iv-a-new-hope,Star Wars: A New Hope (Episode IV)
Characters,616b2362d2b85492a01ad05b,chewbacca,Chewbacca,https://www.starwars.com/films/star-wars-episode-v-the-empire-strikes-back,films,star-wars-episode-v-the-empire-strikes-back,Star Wars: The Empire Strikes Back (Episode V)
Characters,616b2362d2b85492a01ad05b,chewbacca,Chewbacca,https://www.starwars.com/films/star-wars-episode-vi-return-of-the-jedi,films,star-wars-episode-vi-return-of-the-jedi,Star Wars: Return of the Jedi (Episode VI)
Characters,616b2362d2b85492a01ad05b,chewbacca,Chewbacca,https://www.starwars.com/films/star-wars-episode-ix-the-rise-of-skywalker,films,star-wars-episode-ix-the-rise-of-skywalker,Star Wars: The Rise of Skywalker (Episode IX)
Characters,616b2362d2b85492a01ad05b,chewbacca,Chewbacca,https://www.starwars.com/films/star-wars-episode-viii-the-last-jedi,films,star-wars-episode-viii-the-last-jedi,Star Wars: The Last Jedi (Episode VIII)
Characters,616b2362d2b85492a01ad05b,chewbacca,Chewbacca,https://www.starwars.com/films/solo,films,solo,Solo: A Star Wars Story
Characters,616b2362d2b85492a01ad05b,chewbacca,Chewbacca,https://www.starwars.com/films/star-wars-episode-iii-revenge-of-the-sith,films,star-wars-episode-iii-revenge-of-the-sith,Star Wars: Revenge of the Sith (Episode III)
Characters,616b2362d2b85492a01ad05b,chewbacca,Chewbacca,https://www.starwars.com/series/star-wars-the-clone-wars,series,star-wars-the-clone-wars,Star Wars: The Clone Wars
Characters,616b2362d2b85492a01ad05b,chewbacca,Chewbacca,https://www.starwars.com/games-apps/star-wars-pinball-solo-a-star-wars-story,games-apps,star-wars-pinball-solo-a-star-wars-story,Star Wars Pinball: Solo: A Star Wars Story
Characters,616b2362d2b85492a01ad05b,chewbacca,Chewbacca,,games-apps,x-wing-fighter-star-wars-arcade,X-wing Fighter - Star Wars Arcade
Characters,616b2362d2b85492a01ad05b,chewbacca,Chewbacca,,games-apps,a-sticker-book-far-far-away,"A Sticker Book Far, Far Away"
Characters,616b2362d2b85492a01ad05b,chewbacca,Chewbacca,,games-apps,don-t-let-the-wookiee-win,Don't Let The Wookiee Win
Characters,616b2362d2b85492a01ad05b,chewbacca,Chewbacca,,games-apps,solo-shuffle,Solo Shuffle
Characters,616b2bc259cb3492a01ad05b,chi-cho,Chi Cho,https://www.starwars.com/series/star-wars-the-clone-wars,series,star-wars-the-clone-wars,Star Wars: The Clone Wars
Characters,616b2ae88e6f2492a01ad05b,chi-eekway-papanoida,Chi Eekway Papanoida,https://www.starwars.com/films/star-wars-episode-iii-revenge-of-the-sith,films,star-wars-episode-iii-revenge-of-the-sith,Star Wars: Revenge of the Sith (Episode III)
Characters,616b2ae88e6f2492a01ad05b,chi-eekway-papanoida,Chi Eekway Papanoida,https://www.starwars.com/series/star-wars-the-clone-wars,series,star-wars-the-clone-wars,Star Wars: The Clone Wars
Characters,616b2acab7404492a01ad05b,chief-chirpa,Chief Chirpa,https://www.starwars.com/films/star-wars-episode-vi-return-of-the-jedi,films,star-wars-episode-vi-return-of-the-jedi,Star Wars: Return of the Jedi (Episode VI)
Characters,616b2acab7404492a01ad05b,chief-chirpa,Chief Chirpa,,games-apps,ewok-village,Ewok Village
Characters,616b2db5dd29c492a01ad05b,chief-petty-officer-unamo,Chief Petty Officer Unamo,https://www.starwars.com/films/star-wars-episode-vii-the-force-awakens,films,star-wars-episode-vii-the-force-awakens,Star Wars: The Force Awakens (Episode VII)
Characters,616b27243129e492a01ad05b,chieftain-pieter,Chieftain Pieter,https://www.starwars.com/series/star-wars-the-clone-wars,series,star-wars-the-clone-wars,Star Wars: The Clone Wars
Characters,616b2e084b424492a01ad05b,chirrut-imwe,Chirrut Îmwe,https://www.starwars.com/films/rogue-one,films,rogue-one,Rogue One: A Star Wars Story
Characters,616b2e084b424492a01ad05b,chirrut-imwe,Chirrut Îmwe,,games-apps,rogue-one-boots-on-the-ground-star-wars-arcade,Rogue One: Boots on the Ground - Star Wars Arcade
Characters,616b2725efff6492a01ad05b,chopper-c1-10p,Chopper (C1-10P),https://www.starwars.com/series/star-wars-the-bad-batch,series,star-wars-the-bad-batch,Star Wars: The Bad Batch
Characters,616b2725efff6492a01ad05b,chopper-c1-10p,Chopper (C1-10P),https://www.starwars.com/series/star-wars-rebels,series,star-wars-rebels,Star Wars Rebels
Characters,616b2725efff6492a01ad05b,chopper-c1-10p,Chopper (C1-10P),https://www.starwars.com/series/star-wars-ahsoka,series,star-wars-ahsoka,Ahsoka
Characters,616b2725efff6492a01ad05b,chopper-c1-10p,Chopper (C1-10P),,games-apps,disney-mix,Disney Mix
Characters,616b2725efff6492a01ad05b,chopper-c1-10p,Chopper (C1-10P),,games-apps,star-wars-rebels-rebel-strike,Star Wars Rebels - Rebel Strike
Characters,616b2725efff6492a01ad05b,chopper-c1-10p,Chopper (C1-10P),,games-apps,star-wars-arcade,Star Wars Arcade
Characters,616b2725efff6492a01ad05b,chopper-c1-10p,Chopper (C1-10P),,games-apps,star-wars-rebels-ghost-raid,Star Wars Rebels: Ghost Raid
Characters,616b2725efff6492a01ad05b,chopper-c1-10p,Chopper (C1-10P),,games-apps,team-tactics-star-wars-arcade,Team Tactics - Star Wars Arcade
Characters,616b33415f457492a01ad05b,ciddarin-cid-scaleback,"Ciddarin ""Cid"" Scaleback",https://www.starwars.com/series/star-wars-the-bad-batch,series,star-wars-the-bad-batch,Star Wars: The Bad Batch
Characters,616b296e5ca20492a01ad05b,cikatro-vizago,Cikatro Vizago,https://www.starwars.com/series/star-wars-rebels,series,star-wars-rebels,Star Wars Rebels
Characters,616b272cc4192492a01ad05b,cin-drallig,Cin Drallig,https://www.starwars.com/films/star-wars-episode-iii-revenge-of-the-sith,films,star-wars-episode-iii-revenge-of-the-sith,Star Wars: Revenge of the Sith (Episode III)
Characters,616b272cc4192492a01ad05b,cin-drallig,Cin Drallig,https://www.starwars.com/series/star-wars-the-clone-wars,series,star-wars-the-clone-wars,Star Wars: The Clone Wars
Characters,616b3445fb22a492a01ad05b,cinta-kaz,Cinta Kaz,https://www.starwars.com/series/andor,series,andor,Andor
Characters,616b2f24c0feb492a01ad05b,cleat,Cleat,https://www.starwars.com/series/star-wars-rebels,series,star-wars-rebels,Star Wars Rebels
Characters,616b2cfaa0036492a01ad05b,clegg-holdfast,Clegg Holdfast,https://www.starwars.com/films/star-wars-episode-i-the-phantom-menace,films,star-wars-episode-i-the-phantom-menace,Star Wars: The Phantom Menace (Episode I)
Characters,616b3466a153a492a01ad05b,clem-andor,Clem Andor,https://www.starwars.com/series/andor,series,andor,Andor
Characters,616b272e59164492a01ad05b,cliegg-lars,Cliegg Lars,https://www.starwars.com/films/star-wars-episode-ii-attack-of-the-clones,films,star-wars-episode-ii-attack-of-the-clones,Star Wars: Attack of the Clones (Episode II)
Characters,616b3338213b9492a01ad05b,clink,Clink,https://www.starwars.com/series/star-wars-the-bad-batch,series,star-wars-the-bad-batch,Star Wars: The Bad Batch
Characters,616b27304b134492a01ad05b,clone-99,Clone 99,https://www.starwars.com/series/star-wars-the-clone-wars,series,star-wars-the-clone-wars,Star Wars: The Clone Wars
Characters,616b3311b96cc492a01ad05b,clone-captain-grey,Clone Captain Grey,https://www.starwars.com/series/star-wars-the-bad-batch,series,star-wars-the-bad-batch,Star Wars: The Bad Batch
Characters,616b335823753492a01ad05b,clone-captain-howzer,Clone Captain Howzer ,https://www.starwars.com/series/star-wars-the-bad-batch,series,star-wars-the-bad-batch,Star Wars: The Bad Batch
Characters,616b2731fce9c492a01ad05b,clone-captain-rex,Clone Captain Rex,https://www.starwars.com/series/star-wars-the-bad-batch,series,star-wars-the-bad-batch,Star Wars: The Bad Batch
Characters,616b2731fce9c492a01ad05b,clone-captain-rex,Clone Captain Rex,https://www.starwars.com/series/star-wars-the-clone-wars,series,star-wars-the-clone-wars,Star Wars: The Clone Wars
Characters,616b2731fce9c492a01ad05b,clone-captain-rex,Clone Captain Rex,https://www.starwars.com/series/star-wars-rebels,series,star-wars-rebels,Star Wars Rebels
Characters,616b2731fce9c492a01ad05b,clone-captain-rex,Clone Captain Rex,https://www.starwars.com/series/tales-of-the-jedi,series,tales-of-the-jedi,Tales of the Jedi
Characters,616b2731fce9c492a01ad05b,clone-captain-rex,Clone Captain Rex,https://www.starwars.com/series/star-wars-ahsoka,series,star-wars-ahsoka,Ahsoka
Characters,616b2731fce9c492a01ad05b,clone-captain-rex,Clone Captain Rex,,games-apps,star-wars-rebels-strike-missions,Star Wars Rebels - Strike Missions
Characters,616b273953274492a01ad05b,clone-commander-bacara,Clone Commander Bacara,https://www.starwars.com/films/star-wars-episode-iii-revenge-of-the-sith,films,star-wars-episode-iii-revenge-of-the-sith,Star Wars: Revenge of the Sith (Episode III)
Characters,616b273af2043492a01ad05b,clone-commander-bly,Clone Commander Bly,https://www.starwars.com/films/star-wars-episode-iii-revenge-of-the-sith,films,star-wars-episode-iii-revenge-of-the-sith,Star Wars: Revenge of the Sith (Episode III)
Characters,616b273af2043492a01ad05b,clone-commander-bly,Clone Commander Bly,https://www.starwars.com/series/star-wars-the-clone-wars,series,star-wars-the-clone-wars,Star Wars: The Clone Wars
Characters,616b273c9e873492a01ad05b,clone-commander-cody,Clone Commander Cody,https://www.starwars.com/films/star-wars-episode-iii-revenge-of-the-sith,films,star-wars-episode-iii-revenge-of-the-sith,Star Wars: Revenge of the Sith (Episode III)
Characters,616b273c9e873492a01ad05b,clone-commander-cody,Clone Commander Cody,https://www.starwars.com/series/star-wars-the-clone-wars,series,star-wars-the-clone-wars,Star Wars: The Clone Wars
Characters,616b2a47dfbb1492a01ad05b,clone-commander-doom,Clone Commander Doom,https://www.starwars.com/series/star-wars-the-clone-wars,series,star-wars-the-clone-wars,Star Wars: The Clone Wars
Characters,616b2743e1ab9492a01ad05b,clone-commander-fox,Clone Commander Fox,https://www.starwars.com/series/star-wars-the-clone-wars,series,star-wars-the-clone-wars,Star Wars: The Clone Wars
Characters,616b27456d1a9492a01ad05b,clone-commander-gree,Clone Commander Gree,https://www.starwars.com/films/star-wars-episode-iii-revenge-of-the-sith,films,star-wars-episode-iii-revenge-of-the-sith,Star Wars: Revenge of the Sith (Episode III)
Characters,616b27456d1a9492a01ad05b,clone-commander-gree,Clone Commander Gree,https://www.starwars.com/series/star-wars-the-clone-wars,series,star-wars-the-clone-wars,Star Wars: The Clone Wars
Characters,616b274724b6f492a01ad05b,clone-commander-jet,Clone Commander Jet,https://www.starwars.com/series/star-wars-the-clone-wars,series,star-wars-the-clone-wars,Star Wars: The Clone Wars
Characters,616b34f47ac5f492a01ad05b,clone-commander-mayday,Clone Commander Mayday,https://www.starwars.com/series/star-wars-the-bad-batch,series,star-wars-the-bad-batch,Star Wars: The Bad Batch
Characters,616b2748c8b38492a01ad05b,clone-commander-neyo,Clone Commander Neyo,https://www.starwars.com/films/star-wars-episode-iii-revenge-of-the-sith,films,star-wars-episode-iii-revenge-of-the-sith,Star Wars: Revenge of the Sith (Episode III)
Characters,616b2748c8b38492a01ad05b,clone-commander-neyo,Clone Commander Neyo,https://www.starwars.com/series/star-wars-the-clone-wars,series,star-wars-the-clone-wars,Star Wars: The Clone Wars
Characters,616b274a688a3492a01ad05b,clone-commander-ponds,Clone Commander Ponds,https://www.starwars.com/films/star-wars-episode-ii-attack-of-the-clones,films,star-wars-episode-ii-attack-of-the-clones,Star Wars: Attack of the Clones (Episode II)
Characters,616b274a688a3492a01ad05b,clone-commander-ponds,Clone Commander Ponds,https://www.starwars.com/series/star-wars-the-clone-wars,series,star-wars-the-clone-wars,Star Wars: The Clone Wars
Characters,616b350d152e8492a01ad05b,clone-commander-scorch,Clone Commander Scorch,https://www.starwars.com/series/star-wars-the-bad-batch,series,star-wars-the-bad-batch,Star Wars: The Bad Batch
Characters,616b274bfda0f492a01ad05b,clone-commander-stone,Clone Commander Stone,https://www.starwars.com/series/star-wars-the-clone-wars,series,star-wars-the-clone-wars,Star Wars: The Clone Wars
Characters,616b29dbfe39e492a01ad05b,clone-commander-thorn,Clone Commander Thorn,https://www.starwars.com/series/star-wars-the-clone-wars,series,star-wars-the-clone-wars,Star Wars: The Clone Wars
Characters,616b274d9823a492a01ad05b,clone-commander-wolffe,Clone Commander Wolffe,https://www.starwars.com/series/star-wars-the-clone-wars,series,star-wars-the-clone-wars,Star Wars: The Clone Wars
Characters,616b274d9823a492a01ad05b,clone-commander-wolffe,Clone Commander Wolffe,https://www.starwars.com/series/star-wars-rebels,series,star-wars-rebels,Star Wars Rebels
Characters,616b2b250b999492a01ad05b,clone-pilot-odd-ball,Clone Pilot Odd Ball,https://www.starwars.com/films/star-wars-episode-iii-revenge-of-the-sith,films,star-wars-episode-iii-revenge-of-the-sith,Star Wars: Revenge of the Sith (Episode III)
Characters,616b2b250b999492a01ad05b,clone-pilot-odd-ball,Clone Pilot Odd Ball,https://www.starwars.com/series/star-wars-the-clone-wars,series,star-wars-the-clone-wars,Star Wars: The Clone Wars
Characters,616b2912541df492a01ad05b,clone-pilot-warthog,Clone Pilot Warthog,https://www.starwars.com/series/star-wars-the-clone-wars,series,star-wars-the-clone-wars,Star Wars: The Clone Wars
Characters,616b26f3f00af492a01ad05b,clone-trooper-boil,Clone Trooper Boil,https://www.starwars.com/series/star-wars-the-clone-wars,series,star-wars-the-clone-wars,Star Wars: The Clone Wars
Characters,616b2767c8fc6492a01ad05b,clone-trooper-dogma,Clone Trooper Dogma,https://www.starwars.com/series/star-wars-the-clone-wars,series,star-wars-the-clone-wars,Star Wars: The Clone Wars
Characters,616b27ab6d4a3492a01ad05b,clone-trooper-hardcase,Clone Trooper Hardcase,https://www.starwars.com/series/star-wars-the-clone-wars,series,star-wars-the-clone-wars,Star Wars: The Clone Wars
Characters,616b27d4c98f8492a01ad05b,clone-trooper-jesse,Clone Trooper Jesse,https://www.starwars.com/series/star-wars-the-clone-wars,series,star-wars-the-clone-wars,Star Wars: The Clone Wars
Characters,616b27fd8d812492a01ad05b,clone-trooper-kix,Clone Trooper Kix,https://www.starwars.com/series/star-wars-the-clone-wars,series,star-wars-the-clone-wars,Star Wars: The Clone Wars
Characters,616b2909e68e3492a01ad05b,clone-trooper-tup,Clone Trooper Tup,https://www.starwars.com/series/star-wars-the-clone-wars,series,star-wars-the-clone-wars,Star Wars: The Clone Wars
Characters,616b2915c7314492a01ad05b,clone-trooper-waxer,Clone Trooper Waxer,https://www.starwars.com/series/star-wars-the-clone-wars,series,star-wars-the-clone-wars,Star Wars: The Clone Wars
Characters,616b34094820b492a01ad05b,clone-veteran,Clone Veteran,,,,
Characters,616b349972720492a01ad05b,clone-x-trooper,Clone X trooper,https://www.starwars.com/series/star-wars-the-bad-batch,series,star-wars-the-bad-batch,Star Wars: The Bad Batch
Characters,616b2bc44bba0492a01ad05b,clu-lesser,Clu Lesser,https://www.starwars.com/series/star-wars-the-clone-wars,series,star-wars-the-clone-wars,Star Wars: The Clone Wars
Characters,616b32e901e2b492a01ad05b,cobb-vanth,Cobb Vanth ,https://www.starwars.com/series/the-book-of-boba-fett,series,the-book-of-boba-fett,The Book of Boba Fett
Characters,616b32e901e2b492a01ad05b,cobb-vanth,Cobb Vanth ,https://www.starwars.com/series/the-mandalorian,series,the-mandalorian,The Mandalorian
Characters,616b2a653f2ba492a01ad05b,coleman-trebor,Coleman Trebor,https://www.starwars.com/films/star-wars-episode-ii-attack-of-the-clones,films,star-wars-episode-ii-attack-of-the-clones,Star Wars: Attack of the Clones (Episode II)
Characters,616b2ebb85aa4492a01ad05b,colonel-bandwin-cor,Colonel Bandwin Cor,https://www.starwars.com/films/rogue-one,films,rogue-one,Rogue One: A Star Wars Story
Characters,616b2dc7bbf3a492a01ad05b,colonel-datoo,Colonel Datoo,https://www.starwars.com/films/star-wars-episode-vii-the-force-awakens,films,star-wars-episode-vii-the-force-awakens,Star Wars: The Force Awakens (Episode VII)
Characters,616b275468c9f492a01ad05b,colonel-meebur-gascon,Colonel Meebur Gascon,https://www.starwars.com/series/star-wars-the-clone-wars,series,star-wars-the-clone-wars,Star Wars: The Clone Wars
Characters,616b297c7cb68492a01ad05b,commandant-cumberlayne-aresko,Commandant Cumberlayne Aresko,,,,
Characters,616b2f6d71d07492a01ad05b,commander-d-acy,Commander D'Acy,https://www.starwars.com/films/star-wars-episode-ix-the-rise-of-skywalker,films,star-wars-episode-ix-the-rise-of-skywalker,Star Wars: The Rise of Skywalker (Episode IX)
Characters,616b2f6d71d07492a01ad05b,commander-d-acy,Commander D'Acy,https://www.starwars.com/films/star-wars-episode-viii-the-last-jedi,films,star-wars-episode-viii-the-last-jedi,Star Wars: The Last Jedi (Episode VIII)
Characters,616b2f34fa78e492a01ad05b,commander-iden-versio,Commander Iden Versio,https://www.starwars.com/games-apps/star-wars-battlefront-ii,games-apps,star-wars-battlefront-ii,Star Wars Battlefront II
Characters,616b2ad5ebcc4492a01ad05b,commander-jun-sato,Commander Jun Sato,https://www.starwars.com/series/star-wars-rebels,series,star-wars-rebels,Star Wars Rebels
Characters,616b30e5f6f50492a01ad05b,commander-pyre,Commander Pyre,https://www.starwars.com/series/star-wars-resistance,series,star-wars-resistance,Star Wars Resistance
Characters,616b2b87aeff4492a01ad05b,constable-zuvio,Constable Zuvio,https://www.starwars.com/films/star-wars-episode-vii-the-force-awakens,films,star-wars-episode-vii-the-force-awakens,Star Wars: The Force Awakens (Episode VII)
Characters,616b2ee2f0c47492a01ad05b,controller-lt-319,Controller LT-319,https://www.starwars.com/series/star-wars-rebels,series,star-wars-rebels,Star Wars Rebels
Characters,616b23887d866492a01ad05b,count-dooku,Count Dooku,https://www.starwars.com/films/star-wars-episode-ii-attack-of-the-clones,films,star-wars-episode-ii-attack-of-the-clones,Star Wars: Attack of the Clones (Episode II)
Characters,616b23887d866492a01ad05b,count-dooku,Count Dooku,https://www.starwars.com/films/star-wars-episode-iii-revenge-of-the-sith,films,star-wars-episode-iii-revenge-of-the-sith,Star Wars: Revenge of the Sith (Episode III)
Characters,616b23887d866492a01ad05b,count-dooku,Count Dooku,https://www.starwars.com/series/star-wars-the-clone-wars,series,star-wars-the-clone-wars,Star Wars: The Clone Wars
Characters,616b23887d866492a01ad05b,count-dooku,Count Dooku,https://www.starwars.com/series/tales-of-the-jedi,series,tales-of-the-jedi,Tales of the Jedi
Characters,616b2def83c27492a01ad05b,crokind-shand,Crokind Shand,https://www.starwars.com/films/star-wars-episode-vii-the-force-awakens,films,star-wars-episode-vii-the-force-awakens,Star Wars: The Force Awakens (Episode VII)
Characters,616b2a66dd723492a01ad05b,crosshair,Crosshair,https://www.starwars.com/series/star-wars-the-bad-batch,series,star-wars-the-bad-batch,Star Wars: The Bad Batch
Characters,616b2a66dd723492a01ad05b,crosshair,Crosshair,https://www.starwars.com/series/star-wars-the-clone-wars,series,star-wars-the-clone-wars,Star Wars: The Clone Wars
Characters,616b2db24e4fd492a01ad05b,crusher-roodown,Crusher Roodown,https://www.starwars.com/films/star-wars-episode-vii-the-force-awakens,films,star-wars-episode-vii-the-force-awakens,Star Wars: The Force Awakens (Episode VII)
Characters,616b3128cdcaf492a01ad05b,cs-515,CS-515,https://www.starwars.com/series/star-wars-resistance,series,star-wars-resistance,Star Wars Resistance
Characters,616b2757d1c89492a01ad05b,cut-lawquane,Cut Lawquane,https://www.starwars.com/series/star-wars-the-bad-batch,series,star-wars-the-bad-batch,Star Wars: The Bad Batch
Characters,616b2757d1c89492a01ad05b,cut-lawquane,Cut Lawquane,https://www.starwars.com/series/star-wars-the-clone-wars,series,star-wars-the-clone-wars,Star Wars: The Clone Wars
Characters,616b31af48689492a01ad05b,d-o,D-O,https://www.starwars.com/films/star-wars-episode-ix-the-rise-of-skywalker,films,star-wars-episode-ix-the-rise-of-skywalker,Star Wars: The Rise of Skywalker (Episode IX)
Characters,616b2aa6f9652492a01ad05b,dak-ralter,Dak Ralter,https://www.starwars.com/films/star-wars-episode-v-the-empire-strikes-back,films,star-wars-episode-v-the-empire-strikes-back,Star Wars: The Empire Strikes Back (Episode V)
Characters,616b2c5326fb4492a01ad05b,darja,Darja,https://www.starwars.com/series/star-wars-rebels,series,star-wars-rebels,Star Wars Rebels
Characters,616b294704a54492a01ad05b,darth-bane,Darth Bane,https://www.starwars.com/series/star-wars-the-clone-wars,series,star-wars-the-clone-wars,Star Wars: The Clone Wars
Characters,61d74a9a77fc2f10c3891741,darth-plagueis,Darth Plagueis,https://www.starwars.com/series/the-acolyte,series,the-acolyte,The Acolyte
Characters,616b23a6b453e492a01ad05b,darth-vader,Darth Vader,https://www.starwars.com/films/star-wars-episode-iii-revenge-of-the-sith,films,star-wars-episode-iii-revenge-of-the-sith,Star Wars: Revenge of the Sith (Episode III)
Characters,616b23a6b453e492a01ad05b,darth-vader,Darth Vader,https://www.starwars.com/films/star-wars-episode-vi-return-of-the-jedi,films,star-wars-episode-vi-return-of-the-jedi,Star Wars: Return of the Jedi (Episode VI)
Characters,616b23a6b453e492a01ad05b,darth-vader,Darth Vader,https://www.starwars.com/films/star-wars-episode-iv-a-new-hope,films,star-wars-episode-iv-a-new-hope,Star Wars: A New Hope (Episode IV)
Characters,616b23a6b453e492a01ad05b,darth-vader,Darth Vader,https://www.starwars.com/films/star-wars-episode-v-the-empire-strikes-back,films,star-wars-episode-v-the-empire-strikes-back,Star Wars: The Empire Strikes Back (Episode V)
Characters,616b23a6b453e492a01ad05b,darth-vader,Darth Vader,https://www.starwars.com/films/rogue-one,films,rogue-one,Rogue One: A Star Wars Story
Characters,616b23a6b453e492a01ad05b,darth-vader,Darth Vader,https://www.starwars.com/series/obi-wan-kenobi,series,obi-wan-kenobi,Obi-Wan Kenobi
Characters,616b23a6b453e492a01ad05b,darth-vader,Darth Vader,https://www.starwars.com/series/star-wars-rebels,series,star-wars-rebels,Star Wars Rebels
Characters,616b23a6b453e492a01ad05b,darth-vader,Darth Vader,,games-apps,star-wars-tiny-death-star,Star Wars: Tiny Death Star
Characters,616b23a6b453e492a01ad05b,darth-vader,Darth Vader,,games-apps,x-wing-fighter-star-wars-arcade,X-wing Fighter - Star Wars Arcade
Characters,616b23a6b453e492a01ad05b,darth-vader,Darth Vader,,games-apps,star-wars-tiny-death-star-sea-,Star Wars: Tiny Death Star (SEA)
Characters,616b23a6b453e492a01ad05b,darth-vader,Darth Vader,,games-apps,star-wars-arcade,Star Wars Arcade
Characters,616b23a6b453e492a01ad05b,darth-vader,Darth Vader,,games-apps,yoda-s-jedi-training-star-wars-arcade,Yoda's Jedi Training - Star Wars Arcade
Characters,616b23a6b453e492a01ad05b,darth-vader,Darth Vader,,games-apps,star-wars-rebels-special-ops,Star Wars Rebels: Special Ops
Characters,616b23a6b453e492a01ad05b,darth-vader,Darth Vader,,games-apps,rogue-one-boots-on-the-ground-star-wars-arcade,Rogue One: Boots on the Ground - Star Wars Arcade
Characters,616b23a6b453e492a01ad05b,darth-vader,Darth Vader,,games-apps,disney-infinity-3-0-character-quest,Disney Infinity 3.0 - Character Quest
Characters,616b23a6b453e492a01ad05b,darth-vader,Darth Vader,,games-apps,star-wars-commander,Star Wars: Commander
Characters,616b23a6b453e492a01ad05b,darth-vader,Darth Vader,,games-apps,star-wars-battlefront,Star Wars: Battlefront
Characters,616b23a6b453e492a01ad05b,darth-vader,Darth Vader,,games-apps,team-tactics-star-wars-arcade,Team Tactics - Star Wars Arcade
Characters,616b23a6b453e492a01ad05b,darth-vader,Darth Vader,,games-apps,star-wars-rivals,Star Wars: Rivals
Characters,616b23a6b453e492a01ad05b,darth-vader,Darth Vader,,games-apps,jedi-mind-match,Jedi Mind Match
Characters,616b2759793db492a01ad05b,darts-d-nar,Darts D'Nar,https://www.starwars.com/series/star-wars-the-clone-wars,series,star-wars-the-clone-wars,Star Wars: The Clone Wars
Characters,616b275b3126e492a01ad05b,daughter,Daughter,https://www.starwars.com/series/star-wars-the-clone-wars,series,star-wars-the-clone-wars,Star Wars: The Clone Wars
Characters,616b275cd1578492a01ad05b,daultay-dofine,Daultay Dofine,https://www.starwars.com/films/star-wars-episode-i-the-phantom-menace,films,star-wars-episode-i-the-phantom-menace,Star Wars: The Phantom Menace (Episode I)
Characters,616b307f6be46492a01ad05b,dava-cassamam,Dava Cassamam,https://www.starwars.com/films/solo,films,solo,Solo: A Star Wars Story
Characters,616b34832f4be492a01ad05b,davo-sculdun,Davo Sculdun,https://www.starwars.com/series/andor,series,andor,Andor
Characters,616b308ce4a11492a01ad05b,dd-bd,DD-BD,https://www.starwars.com/films/solo,films,solo,Solo: A Star Wars Story
Characters,616b3438bcc87492a01ad05b,dedra-meero,Dedra Meero,https://www.starwars.com/series/andor,series,andor,Andor
Characters,616b36b37edba492a01ad05b,deke,Deke,https://www.starwars.com/series/star-wars-the-bad-batch,series,star-wars-the-bad-batch,Star Wars: The Bad Batch
Characters,616b275e87fa0492a01ad05b,dengar,Dengar,https://www.starwars.com/films/star-wars-episode-v-the-empire-strikes-back,films,star-wars-episode-v-the-empire-strikes-back,Star Wars: The Empire Strikes Back (Episode V)
Characters,616b275e87fa0492a01ad05b,dengar,Dengar,https://www.starwars.com/films/star-wars-episode-vi-return-of-the-jedi,films,star-wars-episode-vi-return-of-the-jedi,Star Wars: Return of the Jedi (Episode VI)
Characters,616b275e87fa0492a01ad05b,dengar,Dengar,https://www.starwars.com/series/star-wars-the-clone-wars,series,star-wars-the-clone-wars,Star Wars: The Clone Wars
Characters,616b29ea60e32492a01ad05b,depa-billaba,Depa Billaba,https://www.starwars.com/films/star-wars-episode-ii-attack-of-the-clones,films,star-wars-episode-ii-attack-of-the-clones,Star Wars: Attack of the Clones (Episode II)
Characters,616b29ea60e32492a01ad05b,depa-billaba,Depa Billaba,https://www.starwars.com/films/star-wars-episode-i-the-phantom-menace,films,star-wars-episode-i-the-phantom-menace,Star Wars: The Phantom Menace (Episode I)
Characters,616b29ea60e32492a01ad05b,depa-billaba,Depa Billaba,https://www.starwars.com/series/star-wars-the-bad-batch,series,star-wars-the-bad-batch,Star Wars: The Bad Batch
Characters,616b2d4c8fb13492a01ad05b,derek-hobbie-klivian,"Derek ""Hobbie"" Klivian",https://www.starwars.com/films/star-wars-episode-v-the-empire-strikes-back,films,star-wars-episode-v-the-empire-strikes-back,Star Wars: The Empire Strikes Back (Episode V)
Characters,616b2d4c8fb13492a01ad05b,derek-hobbie-klivian,"Derek ""Hobbie"" Klivian",https://www.starwars.com/series/star-wars-rebels,series,star-wars-rebels,Star Wars Rebels
Characters,616b2ff89110e492a01ad05b,derla-pidys,Derla Pidys,https://www.starwars.com/films/star-wars-episode-viii-the-last-jedi,films,star-wars-episode-viii-the-last-jedi,Star Wars: The Last Jedi (Episode VIII)
Characters,616b2760efef1492a01ad05b,derrown,Derrown,https://www.starwars.com/series/star-wars-the-clone-wars,series,star-wars-the-clone-wars,Star Wars: The Clone Wars
Characters,616b34b072aff492a01ad05b,desix,Desix,https://www.starwars.com/series/star-wars-the-bad-batch,series,star-wars-the-bad-batch,Star Wars: The Bad Batch
Characters,616b348958e38492a01ad05b,dewi-pamular,Dewi Pamular,https://www.starwars.com/series/andor,series,andor,Andor
Characters,616b2bc5cd414492a01ad05b,dex-tiree,Dex Tiree,https://www.starwars.com/films/star-wars-episode-iv-a-new-hope,films,star-wars-episode-iv-a-new-hope,Star Wars: A New Hope (Episode IV)
Characters,616b2762c28f5492a01ad05b,dexter-jettster,Dexter Jettster,https://www.starwars.com/films/star-wars-episode-ii-attack-of-the-clones,films,star-wars-episode-ii-attack-of-the-clones,Star Wars: Attack of the Clones (Episode II)
Characters,616b31859888d492a01ad05b,din-djarin-the-mandalorian,Din Djarin (The Mandalorian),https://www.starwars.com/series/the-book-of-boba-fett,series,the-book-of-boba-fett,The Book of Boba Fett
Characters,616b31859888d492a01ad05b,din-djarin-the-mandalorian,Din Djarin (The Mandalorian),https://www.starwars.com/series/the-mandalorian,series,the-mandalorian,The Mandalorian
Characters,616b2e069c3f0492a01ad05b,director-orson-krennic,Director Orson Krennic,https://www.starwars.com/films/rogue-one,films,rogue-one,Rogue One: A Star Wars Story
Characters,616b2e069c3f0492a01ad05b,director-orson-krennic,Director Orson Krennic,,games-apps,star-wars-rivals,Star Wars: Rivals
Characters,616b2f3c3414e492a01ad05b,dj,DJ,https://www.starwars.com/films/star-wars-episode-viii-the-last-jedi,films,star-wars-episode-viii-the-last-jedi,Star Wars: The Last Jedi (Episode VIII)
Characters,616b31545982a492a01ad05b,dj-r-3x,DJ R-3X,,,,
Characters,616b32fd0653c492a01ad05b,doctor-aphra,Doctor Aphra,,,,
Characters,616b2a9b5d4df492a01ad05b,doctor-cornelius-evazan,Doctor Cornelius Evazan,https://www.starwars.com/films/star-wars-episode-iv-a-new-hope,films,star-wars-episode-iv-a-new-hope,Star Wars: A New Hope (Episode IV)
Characters,616b2a9b5d4df492a01ad05b,doctor-cornelius-evazan,Doctor Cornelius Evazan,https://www.starwars.com/films/rogue-one,films,rogue-one,Rogue One: A Star Wars Story
Characters,616b276484a5c492a01ad05b,doctor-gubacher,Doctor Gubacher,https://www.starwars.com/series/star-wars-the-clone-wars,series,star-wars-the-clone-wars,Star Wars: The Clone Wars
Characters,616b2d9d65233492a01ad05b,doctor-kalonia,Doctor Kalonia,https://www.starwars.com/films/star-wars-episode-vii-the-force-awakens,films,star-wars-episode-vii-the-force-awakens,Star Wars: The Force Awakens (Episode VII)
Characters,616b27661bfe6492a01ad05b,doctor-nuvo-vindi,Doctor Nuvo Vindi,https://www.starwars.com/series/star-wars-the-clone-wars,series,star-wars-the-clone-wars,Star Wars: The Clone Wars
Characters,616b34628791d492a01ad05b,doctor-quadpaw,Doctor Quadpaw,https://www.starwars.com/series/andor,series,andor,Andor
Characters,616b387d58d50492a01ad05b,doctor-scalder,Doctor Scalder,https://www.starwars.com/series/star-wars-the-bad-batch,series,star-wars-the-bad-batch,Star Wars: The Bad Batch
Characters,616b31579779e492a01ad05b,dok-ondar,Dok-Ondar,,,,
Characters,616b33a1c9a91492a01ad05b,dokk-strassi,Dokk Strassi,https://www.starwars.com/series/the-book-of-boba-fett,series,the-book-of-boba-fett,The Book of Boba Fett
Characters,616b33be9b680492a01ad05b,dokk-strassi-s-guards,Dokk Strassi's guards,,,,
Characters,616b2d617280e492a01ad05b,dorme,Dormé,https://www.starwars.com/films/star-wars-episode-ii-attack-of-the-clones,films,star-wars-episode-ii-attack-of-the-clones,Star Wars: Attack of the Clones (Episode II)
Characters,616b34ee93a33492a01ad05b,dr-emerie-karr,Dr. Emerie Karr ,https://www.starwars.com/series/star-wars-the-bad-batch,series,star-wars-the-bad-batch,Star Wars: The Bad Batch
Characters,616b34689690c492a01ad05b,dr-gorst,Dr. Gorst,https://www.starwars.com/series/andor,series,andor,Andor
Characters,616b327cf2b6c492a01ad05b,dr-pershing,Dr. Pershing,https://www.starwars.com/series/the-mandalorian,series,the-mandalorian,The Mandalorian
Characters,616b347cd309f492a01ad05b,dr-rhasiv,Dr. Rhasiv,https://www.starwars.com/series/andor,series,andor,Andor
Characters,616b34ed164d4492a01ad05b,dr-royce-hemlock,Dr. Royce Hemlock,https://www.starwars.com/series/star-wars-the-bad-batch,series,star-wars-the-bad-batch,Star Wars: The Bad Batch
Characters,616b31198ce88492a01ad05b,drell,Drell,https://www.starwars.com/series/star-wars-resistance,series,star-wars-resistance,Star Wars Resistance
Characters,616b2a3de44c3492a01ad05b,droopy-mccool,Droopy McCool,https://www.starwars.com/films/star-wars-episode-vi-return-of-the-jedi,films,star-wars-episode-vi-return-of-the-jedi,Star Wars: Return of the Jedi (Episode VI)
Characters,616b2fcbb591e492a01ad05b,dryden-vos,Dryden Vos,https://www.starwars.com/films/solo,films,solo,Solo: A Star Wars Story
Characters,616b2f0ac2e44492a01ad05b,dt-f16,DT-F16,https://www.starwars.com/series/star-wars-rebels,series,star-wars-rebels,Star Wars Rebels
Characters,616b27695bd4e492a01ad05b,duchess-satine-kryze,Duchess Satine Kryze,https://www.starwars.com/series/star-wars-the-clone-wars,series,star-wars-the-clone-wars,Star Wars: The Clone Wars
Characters,616b2f8413167492a01ad05b,dume,Dume,https://www.starwars.com/series/star-wars-rebels,series,star-wars-rebels,Star Wars Rebels
Characters,616b2ba0f8e03492a01ad05b,dyro-felldor,Dyro Felldor,,games-apps,star-wars-commander,Star Wars: Commander
Characters,616b2a8b38a31492a01ad05b,echo,Echo,https://www.starwars.com/series/star-wars-the-clone-wars,series,star-wars-the-clone-wars,Star Wars: The Clone Wars
Characters,616b2a8b38a31492a01ad05b,echo,Echo,https://www.starwars.com/series/star-wars-the-bad-batch,series,star-wars-the-bad-batch,Star Wars: The Bad Batch
Characters,616b2e672a944492a01ad05b,edrio-two-tubes,Edrio Two Tubes,https://www.starwars.com/films/rogue-one,films,rogue-one,Rogue One: A Star Wars Story
Characters,616b2e672a944492a01ad05b,edrio-two-tubes,Edrio Two Tubes,https://www.starwars.com/series/star-wars-rebels,series,star-wars-rebels,Star Wars Rebels
Characters,616b34404f591492a01ad05b,eedy-karn,Eedy Karn,https://www.starwars.com/series/andor,series,andor,Andor
Characters,616b2c2ca62fb492a01ad05b,eesh-fahm,Eesh Fahm,https://www.starwars.com/series/star-wars-rebels,series,star-wars-rebels,Star Wars Rebels
Characters,616b276f03859492a01ad05b,eeth-koth,Eeth Koth,https://www.starwars.com/films/star-wars-episode-ii-attack-of-the-clones,films,star-wars-episode-ii-attack-of-the-clones,Star Wars: Attack of the Clones (Episode II)
Characters,616b276f03859492a01ad05b,eeth-koth,Eeth Koth,https://www.starwars.com/films/star-wars-episode-i-the-phantom-menace,films,star-wars-episode-i-the-phantom-menace,Star Wars: The Phantom Menace (Episode I)
Characters,616b276f03859492a01ad05b,eeth-koth,Eeth Koth,https://www.starwars.com/series/star-wars-the-clone-wars,series,star-wars-the-clone-wars,Star Wars: The Clone Wars
Characters,616b2c3596b7d492a01ad05b,eg-86,EG-86,https://www.starwars.com/series/star-wars-rebels,series,star-wars-rebels,Star Wars Rebels
Characters,616b2df29e845492a01ad05b,egl-21-amps-power-droid,"EGL-21 ""Amps"" Power Droid",https://www.starwars.com/films/star-wars-episode-vii-the-force-awakens,films,star-wars-episode-vii-the-force-awakens,Star Wars: The Force Awakens (Episode VII)
Characters,616b2d8fa7fad492a01ad05b,eighth-brother-inquisitor,Eighth Brother Inquisitor,https://www.starwars.com/series/star-wars-rebels,series,star-wars-rebels,Star Wars Rebels
Characters,616b30e250ee7492a01ad05b,eila,Eila,https://www.starwars.com/series/star-wars-resistance,series,star-wars-resistance,Star Wars Resistance
Characters,616b2b001dd65492a01ad05b,elan-sleazebaggano,Elan Sleazebaggano,https://www.starwars.com/films/star-wars-episode-ii-attack-of-the-clones,films,star-wars-episode-ii-attack-of-the-clones,Star Wars: Attack of the Clones (Episode II)
Characters,61c83f1e2d13cece75be5b9a,elder-naasa,Elder Naasa,https://www.starwars.com/series/the-acolyte,series,the-acolyte,The Acolyte
Characters,616b335525df0492a01ad05b,eleni-syndulla,Eleni Syndulla,https://www.starwars.com/series/star-wars-the-bad-batch,series,star-wars-the-bad-batch,Star Wars: The Bad Batch
Characters,616b2b828bff5492a01ad05b,ello-asty,Ello Asty,https://www.starwars.com/films/star-wars-episode-vii-the-force-awakens,films,star-wars-episode-vii-the-force-awakens,Star Wars: The Force Awakens (Episode VII)
Characters,616b2770d90ca492a01ad05b,embo,Embo,https://www.starwars.com/series/star-wars-the-clone-wars,series,star-wars-the-clone-wars,Star Wars: The Clone Wars
Characters,616b247e5b642492a01ad05b,emperor-palpatine-darth-sidious,Emperor Palpatine (Darth Sidious),https://www.starwars.com/films/star-wars-episode-iii-revenge-of-the-sith,films,star-wars-episode-iii-revenge-of-the-sith,Star Wars: Revenge of the Sith (Episode III)
Characters,616b247e5b642492a01ad05b,emperor-palpatine-darth-sidious,Emperor Palpatine (Darth Sidious),https://www.starwars.com/films/star-wars-episode-ii-attack-of-the-clones,films,star-wars-episode-ii-attack-of-the-clones,Star Wars: Attack of the Clones (Episode II)
Characters,616b247e5b642492a01ad05b,emperor-palpatine-darth-sidious,Emperor Palpatine (Darth Sidious),https://www.starwars.com/films/star-wars-episode-i-the-phantom-menace,films,star-wars-episode-i-the-phantom-menace,Star Wars: The Phantom Menace (Episode I)
Characters,616b247e5b642492a01ad05b,emperor-palpatine-darth-sidious,Emperor Palpatine (Darth Sidious),https://www.starwars.com/films/star-wars-episode-vi-return-of-the-jedi,films,star-wars-episode-vi-return-of-the-jedi,Star Wars: Return of the Jedi (Episode VI)
Characters,616b247e5b642492a01ad05b,emperor-palpatine-darth-sidious,Emperor Palpatine (Darth Sidious),https://www.starwars.com/films/star-wars-episode-ix-the-rise-of-skywalker,films,star-wars-episode-ix-the-rise-of-skywalker,Star Wars: The Rise of Skywalker (Episode IX)
Characters,616b247e5b642492a01ad05b,emperor-palpatine-darth-sidious,Emperor Palpatine (Darth Sidious),https://www.starwars.com/films/star-wars-episode-v-the-empire-strikes-back,films,star-wars-episode-v-the-empire-strikes-back,Star Wars: The Empire Strikes Back (Episode V)
Characters,616b247e5b642492a01ad05b,emperor-palpatine-darth-sidious,Emperor Palpatine (Darth Sidious),https://www.starwars.com/series/star-wars-the-clone-wars,series,star-wars-the-clone-wars,Star Wars: The Clone Wars
Characters,616b247e5b642492a01ad05b,emperor-palpatine-darth-sidious,Emperor Palpatine (Darth Sidious),https://www.starwars.com/series/obi-wan-kenobi,series,obi-wan-kenobi,Obi-Wan Kenobi
Characters,616b247e5b642492a01ad05b,emperor-palpatine-darth-sidious,Emperor Palpatine (Darth Sidious),https://www.starwars.com/series/star-wars-the-bad-batch,series,star-wars-the-bad-batch,Star Wars: The Bad Batch
Characters,616b247e5b642492a01ad05b,emperor-palpatine-darth-sidious,Emperor Palpatine (Darth Sidious),https://www.starwars.com/series/star-wars-rebels,series,star-wars-rebels,Star Wars Rebels
Characters,616b247e5b642492a01ad05b,emperor-palpatine-darth-sidious,Emperor Palpatine (Darth Sidious),https://www.starwars.com/series/tales-of-the-jedi,series,tales-of-the-jedi,Tales of the Jedi
Characters,616b247e5b642492a01ad05b,emperor-palpatine-darth-sidious,Emperor Palpatine (Darth Sidious),,games-apps,jedi-mind-match,Jedi Mind Match
Characters,616b295459a14492a01ad05b,endente,Endente,https://www.starwars.com/series/star-wars-the-clone-wars,series,star-wars-the-clone-wars,Star Wars: The Clone Wars
Characters,616b2ffa1efbb492a01ad05b,enfys-nest,Enfys Nest,https://www.starwars.com/films/solo,films,solo,Solo: A Star Wars Story
Characters,616b2c88aa857492a01ad05b,ephraim-bridger,Ephraim Bridger,https://www.starwars.com/series/star-wars-rebels,series,star-wars-rebels,Star Wars Rebels
Characters,616b2ed99b218492a01ad05b,erskin-semaj,Erskin Semaj,https://www.starwars.com/series/star-wars-rebels,series,star-wars-rebels,Star Wars Rebels
Characters,616b2b14c5b34492a01ad05b,ev-9d9,EV-9D9,https://www.starwars.com/films/star-wars-episode-vi-return-of-the-jedi,films,star-wars-episode-vi-return-of-the-jedi,Star Wars: Return of the Jedi (Episode VI)
Characters,616b2bc76eafe492a01ad05b,ev-a4-d,EV-A4-D,https://www.starwars.com/series/star-wars-the-clone-wars,series,star-wars-the-clone-wars,Star Wars: The Clone Wars
Characters,616b38015fe16492a01ad05b,eva,Eva,https://www.starwars.com/series/star-wars-the-bad-batch,series,star-wars-the-bad-batch,Star Wars: The Bad Batch
Characters,616b277b118bf492a01ad05b,even-piell,Even Piell,https://www.starwars.com/films/star-wars-episode-ii-attack-of-the-clones,films,star-wars-episode-ii-attack-of-the-clones,Star Wars: Attack of the Clones (Episode II)
Characters,616b277b118bf492a01ad05b,even-piell,Even Piell,https://www.starwars.com/films/star-wars-episode-i-the-phantom-menace,films,star-wars-episode-i-the-phantom-menace,Star Wars: The Phantom Menace (Episode I)
Characters,616b277b118bf492a01ad05b,even-piell,Even Piell,https://www.starwars.com/series/star-wars-the-clone-wars,series,star-wars-the-clone-wars,Star Wars: The Clone Wars
Characters,616b277ce4904492a01ad05b,ezra-bridger,Ezra Bridger,https://www.starwars.com/series/star-wars-rebels,series,star-wars-rebels,Star Wars Rebels
Characters,616b277ce4904492a01ad05b,ezra-bridger,Ezra Bridger,https://www.starwars.com/series/star-wars-ahsoka,series,star-wars-ahsoka,Ahsoka
Characters,616b277ce4904492a01ad05b,ezra-bridger,Ezra Bridger,,games-apps,disney-mix,Disney Mix
Characters,616b277ce4904492a01ad05b,ezra-bridger,Ezra Bridger,,games-apps,star-wars-rebels-rebel-strike,Star Wars Rebels - Rebel Strike
Characters,616b277ce4904492a01ad05b,ezra-bridger,Ezra Bridger,,games-apps,star-wars-arcade,Star Wars Arcade
Characters,616b277ce4904492a01ad05b,ezra-bridger,Ezra Bridger,,games-apps,star-wars-rebels-special-ops,Star Wars Rebels: Special Ops
Characters,616b277ce4904492a01ad05b,ezra-bridger,Ezra Bridger,,games-apps,disney-infinity-3-0-character-quest,Disney Infinity 3.0 - Character Quest
Characters,616b277ce4904492a01ad05b,ezra-bridger,Ezra Bridger,,games-apps,star-wars-rebels-strike-missions,Star Wars Rebels - Strike Missions
Characters,616b277ce4904492a01ad05b,ezra-bridger,Ezra Bridger,,games-apps,star-wars-rebels-chopper-chase,Star Wars Rebels: Chopper Chase
Characters,616b277ce4904492a01ad05b,ezra-bridger,Ezra Bridger,,games-apps,star-wars-rebels-ghost-raid,Star Wars Rebels: Ghost Raid
Characters,616b277ce4904492a01ad05b,ezra-bridger,Ezra Bridger,,games-apps,team-tactics-star-wars-arcade,Team Tactics - Star Wars Arcade
Characters,616b27842e4ee492a01ad05b,father,Father,https://www.starwars.com/series/star-wars-the-clone-wars,series,star-wars-the-clone-wars,Star Wars: The Clone Wars
Characters,616b3322fbd6e492a01ad05b,fauja,Fauja,https://www.starwars.com/series/star-wars-the-bad-batch,series,star-wars-the-bad-batch,Star Wars: The Bad Batch
Characters,616b2d3e094ae492a01ad05b,fenn-rau,Fenn Rau,https://www.starwars.com/series/star-wars-rebels,series,star-wars-rebels,Star Wars Rebels
Characters,616b328645dba492a01ad05b,fennec-shand,Fennec Shand,https://www.starwars.com/series/the-book-of-boba-fett,series,the-book-of-boba-fett,The Book of Boba Fett
Characters,616b328645dba492a01ad05b,fennec-shand,Fennec Shand,https://www.starwars.com/series/the-mandalorian,series,the-mandalorian,The Mandalorian
Characters,616b328645dba492a01ad05b,fennec-shand,Fennec Shand,https://www.starwars.com/series/star-wars-the-bad-batch,series,star-wars-the-bad-batch,Star Wars: The Bad Batch
Characters,616b32d4dda39492a01ad05b,ferry-droid,ferry droid,https://www.starwars.com/series/the-mandalorian,series,the-mandalorian,The Mandalorian
Characters,616b326acbe31492a01ad05b,fife,Fife,https://www.starwars.com/series/star-wars-the-clone-wars,series,star-wars-the-clone-wars,Star Wars: The Clone Wars
Characters,616b2c16cd84a492a01ad05b,fifth-brother-inquisitor,Fifth Brother Inquisitor ,https://www.starwars.com/series/obi-wan-kenobi,series,obi-wan-kenobi,Obi-Wan Kenobi
Characters,616b2c16cd84a492a01ad05b,fifth-brother-inquisitor,Fifth Brother Inquisitor ,https://www.starwars.com/series/star-wars-rebels,series,star-wars-rebels,Star Wars Rebels
Characters,616b2bc9a1002492a01ad05b,figrin-d-an,Figrin D’an,https://www.starwars.com/films/star-wars-episode-iv-a-new-hope,films,star-wars-episode-iv-a-new-hope,Star Wars: A New Hope (Episode IV)
Characters,619ff4028eb68789d949813b,fillik,Fillik,https://www.starwars.com/series/the-acolyte,series,the-acolyte,The Acolyte
Characters,616b2b66dcc97492a01ad05b,finn,Finn,https://www.starwars.com/films/star-wars-episode-ix-the-rise-of-skywalker,films,star-wars-episode-ix-the-rise-of-skywalker,Star Wars: The Rise of Skywalker (Episode IX)
Characters,616b2b66dcc97492a01ad05b,finn,Finn,https://www.starwars.com/films/star-wars-episode-viii-the-last-jedi,films,star-wars-episode-viii-the-last-jedi,Star Wars: The Last Jedi (Episode VIII)
Characters,616b2b66dcc97492a01ad05b,finn,Finn,https://www.starwars.com/films/star-wars-episode-vii-the-force-awakens,films,star-wars-episode-vii-the-force-awakens,Star Wars: The Force Awakens (Episode VII)
Characters,616b2b66dcc97492a01ad05b,finn,Finn,,games-apps,x-wing-fighter-star-wars-arcade,X-wing Fighter - Star Wars Arcade
Characters,616b2b66dcc97492a01ad05b,finn,Finn,,games-apps,star-wars-puzzle-droid,Star Wars: Puzzle Droid
Characters,616b2b66dcc97492a01ad05b,finn,Finn,,games-apps,star-wars-rivals,Star Wars: Rivals
Characters,616b3668cee3e492a01ad05b,first-officer-jensen-corbyt,First Officer Jensen Corbyt,https://www.starwars.com/series/star-wars-ahsoka,series,star-wars-ahsoka,Ahsoka
Characters,616b31978b252492a01ad05b,first-order-raiders,First Order Raiders,https://www.starwars.com/series/star-wars-resistance,series,star-wars-resistance,Star Wars Resistance
Characters,616b311fadadb492a01ad05b,first-order-sentry-droid,First Order Sentry Droid,https://www.starwars.com/series/star-wars-resistance,series,star-wars-resistance,Star Wars Resistance
Characters,616b339136026492a01ad05b,fixer,Fixer,https://www.starwars.com/series/the-book-of-boba-fett,series,the-book-of-boba-fett,The Book of Boba Fett
Characters,616b318b77520492a01ad05b,flanx,Flanx,https://www.starwars.com/series/star-wars-resistance,series,star-wars-resistance,Star Wars Resistance
Characters,616b30b59b38e492a01ad05b,flix,Flix,https://www.starwars.com/series/star-wars-resistance,series,star-wars-resistance,Star Wars Resistance
Characters,616b2d9bd62d6492a01ad05b,fn-2199,FN-2199,https://www.starwars.com/films/star-wars-episode-vii-the-force-awakens,films,star-wars-episode-vii-the-force-awakens,Star Wars: The Force Awakens (Episode VII)
Characters,616b2785c8a30492a01ad05b,fode-and-beed,Fode and Beed,https://www.starwars.com/films/star-wars-episode-i-the-phantom-menace,films,star-wars-episode-i-the-phantom-menace,Star Wars: The Phantom Menace (Episode I)
Characters,616b340d06233492a01ad05b,fourth-sister-inquisitor,Fourth Sister inquisitor,,,,
Characters,616b3413d5fb0492a01ad05b,freck,Freck,https://www.starwars.com/series/obi-wan-kenobi,series,obi-wan-kenobi,Obi-Wan Kenobi
Characters,616b348b4f246492a01ad05b,freedi-pamular,Freedi Pamular,https://www.starwars.com/series/andor,series,andor,Andor
Characters,616b309b4bb60492a01ad05b,freya-fenris,Freya Fenris,https://www.starwars.com/series/star-wars-resistance,series,star-wars-resistance,Star Wars Resistance
Characters,616b32a34c035492a01ad05b,frisk,Frisk,https://www.starwars.com/games-apps/star-wars-squadrons,games-apps,star-wars-squadrons,Star Wars: Squadrons
Characters,616b30c4c783c492a01ad05b,g-ln,G-LN,https://www.starwars.com/series/star-wars-resistance,series,star-wars-resistance,Star Wars Resistance
Characters,616b30d16744f492a01ad05b,g1-7ch-glitch,G1-7CH (Glitch),https://www.starwars.com/series/star-wars-resistance,series,star-wars-resistance,Star Wars Resistance
Characters,616b2ec208438492a01ad05b,g2-1b7,G2-1B7,https://www.starwars.com/films/rogue-one,films,rogue-one,Rogue One: A Star Wars Story
Characters,616b2de7aec10492a01ad05b,ga-97,GA-97,https://www.starwars.com/films/star-wars-episode-vii-the-force-awakens,films,star-wars-episode-vii-the-force-awakens,Star Wars: The Force Awakens (Episode VII)
Characters,616b2ed4ed5bb492a01ad05b,galen-erso,Galen Erso,https://www.starwars.com/films/rogue-one,films,rogue-one,Rogue One: A Star Wars Story
Characters,616b29cf2b2d8492a01ad05b,gall-trayvis,Gall Trayvis,https://www.starwars.com/series/star-wars-rebels,series,star-wars-rebels,Star Wars Rebels
Characters,616b32dec1654492a01ad05b,gamorrean-fighters,Gamorrean fighters,https://www.starwars.com/series/the-mandalorian,series,the-mandalorian,The Mandalorian
Characters,616b338fbc147492a01ad05b,gamorrean-guards,Gamorrean Guards,https://www.starwars.com/series/the-book-of-boba-fett,series,the-book-of-boba-fett,The Book of Boba Fett
Characters,616b27877322c492a01ad05b,ganodi,Ganodi,https://www.starwars.com/series/star-wars-the-clone-wars,series,star-wars-the-clone-wars,Star Wars: The Clone Wars
Characters,616b2e4675f76492a01ad05b,gar-saxon,Gar Saxon,https://www.starwars.com/series/star-wars-rebels,series,star-wars-rebels,Star Wars Rebels
Characters,616b2927e9e4a492a01ad05b,garazeb-zeb-orrelios,"Garazeb ""Zeb"" Orrelios",https://www.starwars.com/series/star-wars-rebels,series,star-wars-rebels,Star Wars Rebels
Characters,616b2927e9e4a492a01ad05b,garazeb-zeb-orrelios,"Garazeb ""Zeb"" Orrelios",,games-apps,star-wars-rebels-rebel-strike,Star Wars Rebels - Rebel Strike
Characters,616b2927e9e4a492a01ad05b,garazeb-zeb-orrelios,"Garazeb ""Zeb"" Orrelios",,games-apps,disney-infinity-3-0-character-quest,Disney Infinity 3.0 - Character Quest
Characters,616b2927e9e4a492a01ad05b,garazeb-zeb-orrelios,"Garazeb ""Zeb"" Orrelios",,games-apps,star-wars-rebels-strike-missions,Star Wars Rebels - Strike Missions
Characters,616b2927e9e4a492a01ad05b,garazeb-zeb-orrelios,"Garazeb ""Zeb"" Orrelios",,games-apps,star-wars-rebels-ghost-raid,Star Wars Rebels: Ghost Raid
Characters,616b2b3312f3b492a01ad05b,gardulla-the-hutt,Gardulla the Hutt,https://www.starwars.com/films/star-wars-episode-i-the-phantom-menace,films,star-wars-episode-i-the-phantom-menace,Star Wars: The Phantom Menace (Episode I)
Characters,616b2b3312f3b492a01ad05b,gardulla-the-hutt,Gardulla the Hutt,https://www.starwars.com/series/star-wars-the-clone-wars,series,star-wars-the-clone-wars,Star Wars: The Clone Wars
Characters,616b2ac20bbe0492a01ad05b,garindan,Garindan,https://www.starwars.com/films/star-wars-episode-iv-a-new-hope,films,star-wars-episode-iv-a-new-hope,Star Wars: A New Hope (Episode IV)
Characters,616b30f81ab5b492a01ad05b,garma,Garma,https://www.starwars.com/series/star-wars-resistance,series,star-wars-resistance,Star Wars Resistance
Characters,616b27890ef17492a01ad05b,garnac,Garnac,https://www.starwars.com/series/star-wars-the-clone-wars,series,star-wars-the-clone-wars,Star Wars: The Clone Wars
Characters,616b3398d5b02492a01ad05b,garsa-fwip,Garsa Fwip,,,,
Characters,616b2ac8b772f492a01ad05b,garven-dreis,Garven Dreis,https://www.starwars.com/films/star-wars-episode-iv-a-new-hope,films,star-wars-episode-iv-a-new-hope,Star Wars: A New Hope (Episode IV)
Characters,616b278aa8eb2492a01ad05b,gasgano,Gasgano,https://www.starwars.com/films/star-wars-episode-i-the-phantom-menace,films,star-wars-episode-i-the-phantom-menace,Star Wars: The Phantom Menace (Episode I)
Characters,616b2eb815157492a01ad05b,general-draven,General Draven,https://www.starwars.com/films/rogue-one,films,rogue-one,Rogue One: A Star Wars Story
Characters,616b2e91b8df4492a01ad05b,general-dustil-forell,General Dustil Forell,https://www.starwars.com/films/rogue-one,films,rogue-one,Rogue One: A Star Wars Story
Characters,616b32491e0fe492a01ad05b,general-engell,General Engell,https://www.starwars.com/films/star-wars-episode-ix-the-rise-of-skywalker,films,star-wars-episode-ix-the-rise-of-skywalker,Star Wars: The Rise of Skywalker (Episode IX)
Characters,616b23bbc1312492a01ad05b,general-grievous,General Grievous,https://www.starwars.com/films/star-wars-episode-iii-revenge-of-the-sith,films,star-wars-episode-iii-revenge-of-the-sith,Star Wars: Revenge of the Sith (Episode III)
Characters,616b23bbc1312492a01ad05b,general-grievous,General Grievous,https://www.starwars.com/series/star-wars-the-clone-wars,series,star-wars-the-clone-wars,Star Wars: The Clone Wars
Characters,616b2b51e1843492a01ad05b,general-hux,General Hux,https://www.starwars.com/films/star-wars-episode-vii-the-force-awakens,films,star-wars-episode-vii-the-force-awakens,Star Wars: The Force Awakens (Episode VII)
Characters,616b2b51e1843492a01ad05b,general-hux,General Hux,https://www.starwars.com/films/star-wars-episode-ix-the-rise-of-skywalker,films,star-wars-episode-ix-the-rise-of-skywalker,Star Wars: The Rise of Skywalker (Episode IX)
Characters,616b2b51e1843492a01ad05b,general-hux,General Hux,https://www.starwars.com/films/star-wars-episode-viii-the-last-jedi,films,star-wars-episode-viii-the-last-jedi,Star Wars: The Last Jedi (Episode VIII)
Characters,616b2b51e1843492a01ad05b,general-hux,General Hux,https://www.starwars.com/series/star-wars-resistance,series,star-wars-resistance,Star Wars Resistance
Characters,616b279061b37492a01ad05b,general-kalani,General Kalani,https://www.starwars.com/series/star-wars-the-clone-wars,series,star-wars-the-clone-wars,Star Wars: The Clone Wars
Characters,616b279208709492a01ad05b,general-madine,General Madine,https://www.starwars.com/films/star-wars-episode-vi-return-of-the-jedi,films,star-wars-episode-vi-return-of-the-jedi,Star Wars: Return of the Jedi (Episode VI)
Characters,616b2e9037bbc492a01ad05b,general-merrick,General Merrick,https://www.starwars.com/films/rogue-one,films,rogue-one,Rogue One: A Star Wars Story
Characters,616b3218d59ab492a01ad05b,general-parnadee,General Parnadee,https://www.starwars.com/films/star-wars-episode-ix-the-rise-of-skywalker,films,star-wars-episode-ix-the-rise-of-skywalker,Star Wars: The Rise of Skywalker (Episode IX)
Characters,616b2eb9c9f74492a01ad05b,general-pitt-onoran,General Pitt Onoran,https://www.starwars.com/films/rogue-one,films,rogue-one,Rogue One: A Star Wars Story
Characters,616b2794180a5492a01ad05b,general-pong-krell,General Pong Krell,https://www.starwars.com/series/star-wars-the-clone-wars,series,star-wars-the-clone-wars,Star Wars: The Clone Wars
Characters,616b31cb002c2492a01ad05b,general-pryde,General Pryde,https://www.starwars.com/films/star-wars-episode-ix-the-rise-of-skywalker,films,star-wars-episode-ix-the-rise-of-skywalker,Star Wars: The Rise of Skywalker (Episode IX)
Characters,616b32173eaca492a01ad05b,general-quinn,General Quinn,https://www.starwars.com/films/star-wars-episode-ix-the-rise-of-skywalker,films,star-wars-episode-ix-the-rise-of-skywalker,Star Wars: The Rise of Skywalker (Episode IX)
Characters,616b2ac7311c6492a01ad05b,general-rieekan,General Rieekan,https://www.starwars.com/films/star-wars-episode-v-the-empire-strikes-back,films,star-wars-episode-v-the-empire-strikes-back,Star Wars: The Empire Strikes Back (Episode V)
Characters,616b2b36fb5fb492a01ad05b,general-tagge,General Tagge,https://www.starwars.com/films/star-wars-episode-iv-a-new-hope,films,star-wars-episode-iv-a-new-hope,Star Wars: A New Hope (Episode IV)
Characters,616b27962fbfd492a01ad05b,general-tandin,General Tandin,https://www.starwars.com/series/star-wars-the-clone-wars,series,star-wars-the-clone-wars,Star Wars: The Clone Wars
Characters,616b2797c04b9492a01ad05b,general-tarpals,General Tarpals,https://www.starwars.com/films/star-wars-episode-i-the-phantom-menace,films,star-wars-episode-i-the-phantom-menace,Star Wars: The Phantom Menace (Episode I)
Characters,616b2797c04b9492a01ad05b,general-tarpals,General Tarpals,https://www.starwars.com/series/star-wars-the-clone-wars,series,star-wars-the-clone-wars,Star Wars: The Clone Wars
Characters,616b2799739f4492a01ad05b,general-veers,General Veers,https://www.starwars.com/films/star-wars-episode-v-the-empire-strikes-back,films,star-wars-episode-v-the-empire-strikes-back,Star Wars: The Empire Strikes Back (Episode V)
Characters,616b358c56d76492a01ad05b,general-viess,General Viess,https://www.starwars.com/the-high-republic,,,Star Wars: The High Republic
Characters,616b346a9abb7492a01ad05b,gerrera-s-partisan-fighters,Gerrera's Partisan Fighters,https://www.starwars.com/series/andor,series,andor,Andor
Characters,616b2bcbc8b46492a01ad05b,gha-nachkt,Gha Nachkt,https://www.starwars.com/series/star-wars-the-clone-wars,series,star-wars-the-clone-wars,Star Wars: The Clone Wars
Characters,616b3581a4a5f492a01ad05b,ghirra-starros,Ghirra Starros,https://www.starwars.com/the-high-republic,,,Star Wars: The High Republic
Characters,616b307ae066f492a01ad05b,glaucus,Glaucus,https://www.starwars.com/films/solo,films,solo,Solo: A Star Wars Story
Characters,616b31246b15f492a01ad05b,glem,Glem,,,,
Characters,616b2bcfc5671492a01ad05b,gobi-glie,Gobi Glie,https://www.starwars.com/series/star-wars-the-bad-batch,series,star-wars-the-bad-batch,Star Wars: The Bad Batch
Characters,616b2bcfc5671492a01ad05b,gobi-glie,Gobi Glie,https://www.starwars.com/series/star-wars-the-clone-wars,series,star-wars-the-clone-wars,Star Wars: The Clone Wars
Characters,616b2bcfc5671492a01ad05b,gobi-glie,Gobi Glie,https://www.starwars.com/series/star-wars-rebels,series,star-wars-rebels,Star Wars Rebels
Characters,616b3329126e0492a01ad05b,gonky,Gonky,https://www.starwars.com/series/star-wars-the-bad-batch,series,star-wars-the-bad-batch,Star Wars: The Bad Batch
Characters,616b2e57b5daa492a01ad05b,gooti-terez,Gooti Terez,https://www.starwars.com/series/star-wars-rebels,series,star-wars-rebels,Star Wars Rebels
Characters,616b32dd65d7e492a01ad05b,gor-koresh,Gor Koresh,https://www.starwars.com/series/the-mandalorian,series,the-mandalorian,The Mandalorian
Characters,616b30bafa732492a01ad05b,gorg,Gorg,,,,
Characters,616b279b9ef26492a01ad05b,gorga-the-hutt,Gorga the Hutt,https://www.starwars.com/series/star-wars-the-clone-wars,series,star-wars-the-clone-wars,Star Wars: The Clone Wars
Characters,616b3167dc285492a01ad05b,gorgara-the-chirodactyl,Gorgara the Chirodactyl,,,,
Characters,616b31aaa2929492a01ad05b,gork,Gork,https://www.starwars.com/series/star-wars-resistance,series,star-wars-resistance,Star Wars Resistance
Characters,616b2b914b26b492a01ad05b,goss-toowers,Goss Toowers,https://www.starwars.com/films/star-wars-episode-vii-the-force-awakens,films,star-wars-episode-vii-the-force-awakens,Star Wars: The Force Awakens (Episode VII)
Characters,616b34b37323c492a01ad05b,governor-grotton,Governor Grotton,https://www.starwars.com/series/star-wars-the-bad-batch,series,star-wars-the-bad-batch,Star Wars: The Bad Batch
Characters,616b2e1f99c95492a01ad05b,governor-pryce,Governor Pryce,https://www.starwars.com/series/star-wars-rebels,series,star-wars-rebels,Star Wars Rebels
Characters,616b279d34fbf492a01ad05b,governor-roshti,Governor Roshti,https://www.starwars.com/series/star-wars-the-clone-wars,series,star-wars-the-clone-wars,Star Wars: The Clone Wars
Characters,616b294a954ff492a01ad05b,governor-torul-blom,Governor Torul Blom,https://www.starwars.com/series/star-wars-the-clone-wars,series,star-wars-the-clone-wars,Star Wars: The Clone Wars
Characters,616b32a14e714492a01ad05b,grace-sienar,Grace Sienar,https://www.starwars.com/games-apps/star-wars-squadrons,games-apps,star-wars-squadrons,Star Wars: Squadrons
Characters,616b2e1823d34492a01ad05b,grand-admiral-thrawn,Grand Admiral Thrawn,https://www.starwars.com/series/star-wars-rebels,series,star-wars-rebels,Star Wars Rebels
Characters,616b2e1823d34492a01ad05b,grand-admiral-thrawn,Grand Admiral Thrawn,https://www.starwars.com/series/star-wars-ahsoka,series,star-wars-ahsoka,Ahsoka
Characters,616b28efe6511492a01ad05b,grand-moff-tarkin,Grand Moff Tarkin,https://www.starwars.com/films/rogue-one,films,rogue-one,Rogue One: A Star Wars Story
Characters,616b28efe6511492a01ad05b,grand-moff-tarkin,Grand Moff Tarkin,https://www.starwars.com/films/star-wars-episode-iv-a-new-hope,films,star-wars-episode-iv-a-new-hope,Star Wars: A New Hope (Episode IV)
Characters,616b28efe6511492a01ad05b,grand-moff-tarkin,Grand Moff Tarkin,https://www.starwars.com/films/star-wars-episode-iii-revenge-of-the-sith,films,star-wars-episode-iii-revenge-of-the-sith,Star Wars: Revenge of the Sith (Episode III)
Characters,616b28efe6511492a01ad05b,grand-moff-tarkin,Grand Moff Tarkin,https://www.starwars.com/series/star-wars-the-bad-batch,series,star-wars-the-bad-batch,Star Wars: The Bad Batch
Characters,616b28efe6511492a01ad05b,grand-moff-tarkin,Grand Moff Tarkin,https://www.starwars.com/series/star-wars-the-clone-wars,series,star-wars-the-clone-wars,Star Wars: The Clone Wars
Characters,616b28efe6511492a01ad05b,grand-moff-tarkin,Grand Moff Tarkin,https://www.starwars.com/series/star-wars-rebels,series,star-wars-rebels,Star Wars Rebels
Characters,616b2a445a3bf492a01ad05b,greeata,Greeata,https://www.starwars.com/films/star-wars-episode-vi-return-of-the-jedi,films,star-wars-episode-vi-return-of-the-jedi,Star Wars: Return of the Jedi (Episode VI)
Characters,616b2a445a3bf492a01ad05b,greeata,Greeata,https://www.starwars.com/films/star-wars-episode-iii-revenge-of-the-sith,films,star-wars-episode-iii-revenge-of-the-sith,Star Wars: Revenge of the Sith (Episode III)
Characters,616b279f09bd4492a01ad05b,greedo,Greedo,https://www.starwars.com/films/star-wars-episode-iv-a-new-hope,films,star-wars-episode-iv-a-new-hope,Star Wars: A New Hope (Episode IV)
Characters,616b279f09bd4492a01ad05b,greedo,Greedo,https://www.starwars.com/series/star-wars-the-clone-wars,series,star-wars-the-clone-wars,Star Wars: The Clone Wars
Characters,616b279f09bd4492a01ad05b,greedo,Greedo,,games-apps,galactic-spy,Galactic Spy
Characters,616b31ba8ee97492a01ad05b,greef-karga,Greef Karga,https://www.starwars.com/series/the-mandalorian,series,the-mandalorian,The Mandalorian
Characters,616b37160036a492a01ad05b,greer,Greer,https://www.starwars.com/series/star-wars-the-bad-batch,series,star-wars-the-bad-batch,Star Wars: The Bad Batch
Characters,616b316397f1e492a01ad05b,greez-dritus,Greez Dritus,,,,
Characters,616b27a1171fc492a01ad05b,gregor,Gregor,https://www.starwars.com/series/star-wars-the-bad-batch,series,star-wars-the-bad-batch,Star Wars: The Bad Batch
Characters,616b27a1171fc492a01ad05b,gregor,Gregor,https://www.starwars.com/series/star-wars-the-clone-wars,series,star-wars-the-clone-wars,Star Wars: The Clone Wars
Characters,616b27a1171fc492a01ad05b,gregor,Gregor,https://www.starwars.com/series/star-wars-rebels,series,star-wars-rebels,Star Wars Rebels
Characters,616b30b29ec0a492a01ad05b,grevel,Grevel,https://www.starwars.com/series/star-wars-resistance,series,star-wars-resistance,Star Wars Resistance
Characters,616b309ccdeeb492a01ad05b,griff-halloran,Griff Halloran,https://www.starwars.com/series/star-wars-resistance,series,star-wars-resistance,Star Wars Resistance
Characters,616b34a09243b492a01ad05b,grini-millegi,Grini Millegi,https://www.starwars.com/series/star-wars-the-bad-batch,series,star-wars-the-bad-batch,Star Wars: The Bad Batch
Characters,616b327fbcd6e492a01ad05b,grogu,Grogu,https://www.starwars.com/series/the-book-of-boba-fett,series,the-book-of-boba-fett,The Book of Boba Fett
Characters,616b327fbcd6e492a01ad05b,grogu,Grogu,https://www.starwars.com/series/the-mandalorian,series,the-mandalorian,The Mandalorian
Characters,616b2d4b15a08492a01ad05b,gron,Gron,https://www.starwars.com/series/star-wars-rebels,series,star-wars-rebels,Star Wars Rebels
Characters,616b33719a5d0492a01ad05b,grozz,Grozz,,games-apps,star-wars-hunters,Star Wars: Hunters
Characters,616b2d98c2e58492a01ad05b,grummgar,Grummgar,https://www.starwars.com/films/star-wars-episode-vii-the-force-awakens,films,star-wars-episode-vii-the-force-awakens,Star Wars: The Force Awakens (Episode VII)
Characters,616b3350b50d6492a01ad05b,gs-8,GS-8,https://www.starwars.com/series/star-wars-the-bad-batch,series,star-wars-the-bad-batch,Star Wars: The Bad Batch
Characters,616b2f21bacdf492a01ad05b,guild-slave-master-proach,Guild Slave Master Proach,https://www.starwars.com/series/star-wars-rebels,series,star-wars-rebels,Star Wars Rebels
Characters,616b27a69c544492a01ad05b,gungi,Gungi,https://www.starwars.com/series/star-wars-the-bad-batch,series,star-wars-the-bad-batch,Star Wars: The Bad Batch
Characters,616b27a69c544492a01ad05b,gungi,Gungi,https://www.starwars.com/series/star-wars-the-clone-wars,series,star-wars-the-clone-wars,Star Wars: The Clone Wars
Characters,616b32a5e275f492a01ad05b,gunny,Gunny,https://www.starwars.com/games-apps/star-wars-squadrons,games-apps,star-wars-squadrons,Star Wars: Squadrons
Characters,616b27a837aab492a01ad05b,gwarm,Gwarm,https://www.starwars.com/series/star-wars-the-clone-wars,series,star-wars-the-clone-wars,Star Wars: The Clone Wars
Characters,616b2dd76b970492a01ad05b,gwellis-bagnoro,Gwellis Bagnoro,https://www.starwars.com/films/star-wars-episode-vii-the-force-awakens,films,star-wars-episode-vii-the-force-awakens,Star Wars: The Force Awakens (Episode VII)
Characters,616b33d728aaa492a01ad05b,haja-estree,Haja Estree,,,,
Characters,616b27a9c59dc492a01ad05b,halle-burtoni,Halle Burtoni,https://www.starwars.com/series/star-wars-the-bad-batch,series,star-wars-the-bad-batch,Star Wars: The Bad Batch
Characters,616b27a9c59dc492a01ad05b,halle-burtoni,Halle Burtoni,https://www.starwars.com/series/star-wars-the-clone-wars,series,star-wars-the-clone-wars,Star Wars: The Clone Wars
Characters,616b30c64bbbc492a01ad05b,hallion-nark,Hallion Nark,https://www.starwars.com/series/star-wars-resistance,series,star-wars-resistance,Star Wars Resistance
Characters,616b347ad05a3492a01ad05b,ham,Ham,https://www.starwars.com/series/andor,series,andor,Andor
Characters,616b3170b0596492a01ad05b,hamato-xiono,Hamato Xiono ,https://www.starwars.com/series/star-wars-resistance,series,star-wars-resistance,Star Wars Resistance
Characters,616b3170b0596492a01ad05b,hamato-xiono,Hamato Xiono ,https://www.starwars.com/series/star-wars-ahsoka,series,star-wars-ahsoka,Ahsoka
Characters,616b23c1b9a0a492a01ad05b,han-solo,Han Solo,https://www.starwars.com/films/star-wars-episode-vi-return-of-the-jedi,films,star-wars-episode-vi-return-of-the-jedi,Star Wars: Return of the Jedi (Episode VI)
Characters,616b23c1b9a0a492a01ad05b,han-solo,Han Solo,https://www.starwars.com/films/star-wars-episode-ix-the-rise-of-skywalker,films,star-wars-episode-ix-the-rise-of-skywalker,Star Wars: The Rise of Skywalker (Episode IX)
Characters,616b23c1b9a0a492a01ad05b,han-solo,Han Solo,https://www.starwars.com/films/solo,films,solo,Solo: A Star Wars Story
Characters,616b23c1b9a0a492a01ad05b,han-solo,Han Solo,https://www.starwars.com/films/star-wars-episode-iv-a-new-hope,films,star-wars-episode-iv-a-new-hope,Star Wars: A New Hope (Episode IV)
Characters,616b23c1b9a0a492a01ad05b,han-solo,Han Solo,https://www.starwars.com/films/star-wars-episode-v-the-empire-strikes-back,films,star-wars-episode-v-the-empire-strikes-back,Star Wars: The Empire Strikes Back (Episode V)
Characters,616b23c1b9a0a492a01ad05b,han-solo,Han Solo,https://www.starwars.com/films/star-wars-episode-vii-the-force-awakens,films,star-wars-episode-vii-the-force-awakens,Star Wars: The Force Awakens (Episode VII)
Characters,616b23c1b9a0a492a01ad05b,han-solo,Han Solo,https://www.starwars.com/games-apps/star-wars-pinball-solo-a-star-wars-story,games-apps,star-wars-pinball-solo-a-star-wars-story,Star Wars Pinball: Solo: A Star Wars Story
Characters,616b23c1b9a0a492a01ad05b,han-solo,Han Solo,,games-apps,x-wing-fighter-star-wars-arcade,X-wing Fighter - Star Wars Arcade
Characters,616b23c1b9a0a492a01ad05b,han-solo,Han Solo,,games-apps,galactic-spy,Galactic Spy
Characters,616b23c1b9a0a492a01ad05b,han-solo,Han Solo,,games-apps,a-sticker-book-far-far-away,"A Sticker Book Far, Far Away"
Characters,616b23c1b9a0a492a01ad05b,han-solo,Han Solo,,games-apps,star-wars-battlefront,Star Wars: Battlefront
Characters,616b23c1b9a0a492a01ad05b,han-solo,Han Solo,,games-apps,solo-shuffle,Solo Shuffle
Characters,616b23c1b9a0a492a01ad05b,han-solo,Han Solo,,games-apps,don-t-let-the-wookiee-win,Don't Let The Wookiee Win
Characters,616b32add26cc492a01ad05b,havina-vonreg,Havina Vonreg,https://www.starwars.com/games-apps/star-wars-squadrons,games-apps,star-wars-squadrons,Star Wars: Squadrons
Characters,616b34b963c8c492a01ad05b,haxxon-the-war-gnome-trajanix,"Haxxon ""The War Gnome"" Trajanix",https://www.starwars.com/series/star-wars-the-bad-batch,series,star-wars-the-bad-batch,Star Wars: The Bad Batch
Characters,616b27ad1709d492a01ad05b,hay-zu,Hay-Zu,https://www.starwars.com/series/star-wars-the-clone-wars,series,star-wars-the-clone-wars,Star Wars: The Clone Wars
Characters,616b27aea2471492a01ad05b,hera-syndulla,Hera Syndulla,https://www.starwars.com/series/star-wars-the-bad-batch,series,star-wars-the-bad-batch,Star Wars: The Bad Batch
Characters,616b27aea2471492a01ad05b,hera-syndulla,Hera Syndulla,https://www.starwars.com/series/star-wars-rebels,series,star-wars-rebels,Star Wars Rebels
Characters,616b27aea2471492a01ad05b,hera-syndulla,Hera Syndulla,https://www.starwars.com/series/star-wars-ahsoka,series,star-wars-ahsoka,Ahsoka
Characters,616b27aea2471492a01ad05b,hera-syndulla,Hera Syndulla,,games-apps,star-wars-rebels-rebel-strike,Star Wars Rebels - Rebel Strike
Characters,616b27aea2471492a01ad05b,hera-syndulla,Hera Syndulla,,games-apps,star-wars-arcade,Star Wars Arcade
Characters,616b27aea2471492a01ad05b,hera-syndulla,Hera Syndulla,,games-apps,star-wars-rebels-strike-missions,Star Wars Rebels - Strike Missions
Characters,616b27aea2471492a01ad05b,hera-syndulla,Hera Syndulla,,games-apps,star-wars-rebels-ghost-raid,Star Wars Rebels: Ghost Raid
Characters,616b27aea2471492a01ad05b,hera-syndulla,Hera Syndulla,,games-apps,team-tactics-star-wars-arcade,Team Tactics - Star Wars Arcade
Characters,616b2ae3d7749492a01ad05b,hermi-odle,Hermi Odle,https://www.starwars.com/films/star-wars-episode-vi-return-of-the-jedi,films,star-wars-episode-vi-return-of-the-jedi,Star Wars: Return of the Jedi (Episode VI)
Characters,616b2b01c4f4a492a01ad05b,hermione-bagwa,Hermione Bagwa,https://www.starwars.com/films/star-wars-episode-ii-attack-of-the-clones,films,star-wars-episode-ii-attack-of-the-clones,Star Wars: Attack of the Clones (Episode II)
Characters,616b27b7b2d90492a01ad05b,hondo-ohnaka,Hondo Ohnaka,https://www.starwars.com/series/star-wars-the-clone-wars,series,star-wars-the-clone-wars,Star Wars: The Clone Wars
Characters,616b27b7b2d90492a01ad05b,hondo-ohnaka,Hondo Ohnaka,https://www.starwars.com/series/star-wars-rebels,series,star-wars-rebels,Star Wars Rebels
Characters,616b27b7b2d90492a01ad05b,hondo-ohnaka,Hondo Ohnaka,,games-apps,star-wars-rebels-strike-missions,Star Wars Rebels - Strike Missions
Characters,616b31f047891492a01ad05b,hugh-sion,Hugh Sion,https://www.starwars.com/series/star-wars-resistance,series,star-wars-resistance,Star Wars Resistance
Characters,616b2a6e3740a492a01ad05b,hunter,Hunter,https://www.starwars.com/series/star-wars-the-bad-batch,series,star-wars-the-bad-batch,Star Wars: The Bad Batch
Characters,616b2a6e3740a492a01ad05b,hunter,Hunter,https://www.starwars.com/series/star-wars-the-clone-wars,series,star-wars-the-clone-wars,Star Wars: The Clone Wars
Characters,616b2dbc1022b492a01ad05b,hurid-327,Hurid-327,https://www.starwars.com/films/star-wars-episode-vii-the-force-awakens,films,star-wars-episode-vii-the-force-awakens,Star Wars: The Force Awakens (Episode VII)
Characters,616b30972bd26492a01ad05b,hype-fazon,Hype Fazon,https://www.starwars.com/series/star-wars-resistance,series,star-wars-resistance,Star Wars Resistance
Characters,616b318202159492a01ad05b,ig-11,IG-11,https://www.starwars.com/series/the-mandalorian,series,the-mandalorian,The Mandalorian
Characters,616b27bf16ec3492a01ad05b,ig-88,IG-88,https://www.starwars.com/films/star-wars-episode-v-the-empire-strikes-back,films,star-wars-episode-v-the-empire-strikes-back,Star Wars: The Empire Strikes Back (Episode V)
Characters,616b298cc0841492a01ad05b,ig-rm-thug-droids,IG-RM Thug Droids,https://www.starwars.com/series/star-wars-rebels,series,star-wars-rebels,Star Wars Rebels
Characters,616b2dd2d557c492a01ad05b,ilco-munica,Ilco Munica,https://www.starwars.com/films/star-wars-episode-vii-the-force-awakens,films,star-wars-episode-vii-the-force-awakens,Star Wars: The Force Awakens (Episode VII)
Characters,616b2bcdd3838492a01ad05b,ima-gun-di,Ima-Gun Di,https://www.starwars.com/series/star-wars-the-clone-wars,series,star-wars-the-clone-wars,Star Wars: The Clone Wars
Characters,616b336faa00e492a01ad05b,imara-vex,Imara Vex,https://www.starwars.com/games-apps/star-wars-hunters,games-apps,star-wars-hunters,Star Wars: Hunters
Characters,616b29bd26cd8492a01ad05b,imperial-combat-drivers,Imperial Combat Drivers,https://www.starwars.com/series/star-wars-rebels,series,star-wars-rebels,Star Wars Rebels
Characters,616b32dfe46c1492a01ad05b,imperial-juggernaut-driver,Imperial Juggernaut driver,https://www.starwars.com/series/the-mandalorian,series,the-mandalorian,The Mandalorian
Characters,616b3767264c6492a01ad05b,indara,Indara,https://www.starwars.com/series/the-acolyte,series,the-acolyte,The Acolyte
Characters,616b2dda7b9be492a01ad05b,infrablue-zedbeddy-coggins,Infrablue Zedbeddy Coggins,https://www.starwars.com/films/star-wars-episode-vii-the-force-awakens,films,star-wars-episode-vii-the-force-awakens,Star Wars: The Force Awakens (Episode VII)
Characters,616b294f74c99492a01ad05b,inspector-jen-june,Inspector Jen June,https://www.starwars.com/series/star-wars-the-clone-wars,series,star-wars-the-clone-wars,Star Wars: The Clone Wars
Characters,616b2e37c413e492a01ad05b,instructor-goran,Instructor Goran,https://www.starwars.com/series/star-wars-rebels,series,star-wars-rebels,Star Wars Rebels
Characters,616b2ae5721b2492a01ad05b,ion-papanoida,Ion Papanoida,https://www.starwars.com/series/star-wars-the-clone-wars,series,star-wars-the-clone-wars,Star Wars: The Clone Wars
Characters,616b27c0d487c492a01ad05b,ione-marcy,Ione Marcy,https://www.starwars.com/series/star-wars-the-clone-wars,series,star-wars-the-clone-wars,Star Wars: The Clone Wars
Characters,616b369abd3e9492a01ad05b,isa-durand,Isa Durand,https://www.starwars.com/series/star-wars-the-bad-batch,series,star-wars-the-bad-batch,Star Wars: The Bad Batch
Characters,616b337315099492a01ad05b,j-3di,J-3DI,https://www.starwars.com/games-apps/star-wars-hunters,games-apps,star-wars-hunters,Star Wars: Hunters
Characters,616b23d1f515a492a01ad05b,jabba-the-hutt,Jabba the Hutt,https://www.starwars.com/films/star-wars-episode-i-the-phantom-menace,films,star-wars-episode-i-the-phantom-menace,Star Wars: The Phantom Menace (Episode I)
Characters,616b23d1f515a492a01ad05b,jabba-the-hutt,Jabba the Hutt,https://www.starwars.com/films/star-wars-episode-vi-return-of-the-jedi,films,star-wars-episode-vi-return-of-the-jedi,Star Wars: Return of the Jedi (Episode VI)
Characters,616b23d1f515a492a01ad05b,jabba-the-hutt,Jabba the Hutt,https://www.starwars.com/films/star-wars-episode-iv-a-new-hope,films,star-wars-episode-iv-a-new-hope,Star Wars: A New Hope (Episode IV)
Characters,616b23d1f515a492a01ad05b,jabba-the-hutt,Jabba the Hutt,https://www.starwars.com/series/star-wars-the-clone-wars,series,star-wars-the-clone-wars,Star Wars: The Clone Wars
Characters,616b30cad2e6f492a01ad05b,jace-rucklin,Jace Rucklin,https://www.starwars.com/series/star-wars-resistance,series,star-wars-resistance,Star Wars Resistance
Characters,616b3530f42ef492a01ad05b,jacen-syndulla,Jacen Syndulla,https://www.starwars.com/series/star-wars-rebels,series,star-wars-rebels,Star Wars Rebels
Characters,616b3530f42ef492a01ad05b,jacen-syndulla,Jacen Syndulla,https://www.starwars.com/series/star-wars-ahsoka,series,star-wars-ahsoka,Ahsoka
Characters,616b29b230c99492a01ad05b,jai-kell,Jai Kell,https://www.starwars.com/series/star-wars-rebels,series,star-wars-rebels,Star Wars Rebels
Characters,616b29b230c99492a01ad05b,jai-kell,Jai Kell,https://www.starwars.com/series/star-wars-ahsoka,series,star-wars-ahsoka,Ahsoka
Characters,616b27c282bfe492a01ad05b,jakoli,Jakoli,https://www.starwars.com/series/star-wars-the-clone-wars,series,star-wars-the-clone-wars,Star Wars: The Clone Wars
Characters,616b278c585d3492a01ad05b,jan-dodonna,Jan Dodonna,https://www.starwars.com/films/star-wars-episode-iv-a-new-hope,films,star-wars-episode-iv-a-new-hope,Star Wars: A New Hope (Episode IV)
Characters,616b278c585d3492a01ad05b,jan-dodonna,Jan Dodonna,https://www.starwars.com/films/rogue-one,films,rogue-one,Rogue One: A Star Wars Story
Characters,616b278c585d3492a01ad05b,jan-dodonna,Jan Dodonna,https://www.starwars.com/series/star-wars-rebels,series,star-wars-rebels,Star Wars Rebels
Characters,616b27c432a3b492a01ad05b,jango-fett,Jango Fett,https://www.starwars.com/films/star-wars-episode-ii-attack-of-the-clones,films,star-wars-episode-ii-attack-of-the-clones,Star Wars: Attack of the Clones (Episode II)
Characters,616b31adbd92e492a01ad05b,jannah,Jannah,https://www.starwars.com/films/star-wars-episode-ix-the-rise-of-skywalker,films,star-wars-episode-ix-the-rise-of-skywalker,Star Wars: The Rise of Skywalker (Episode IX)
Characters,616b2bd33e25a492a01ad05b,janus-greejatus,Janus Greejatus,https://www.starwars.com/films/star-wars-episode-vi-return-of-the-jedi,films,star-wars-episode-vi-return-of-the-jedi,Star Wars: Return of the Jedi (Episode VI)
Characters,616b27cbd5661492a01ad05b,jar-jar-binks,Jar Jar Binks,https://www.starwars.com/films/star-wars-episode-iii-revenge-of-the-sith,films,star-wars-episode-iii-revenge-of-the-sith,Star Wars: Revenge of the Sith (Episode III)
Characters,616b27cbd5661492a01ad05b,jar-jar-binks,Jar Jar Binks,https://www.starwars.com/films/star-wars-episode-ii-attack-of-the-clones,films,star-wars-episode-ii-attack-of-the-clones,Star Wars: Attack of the Clones (Episode II)
Characters,616b27cbd5661492a01ad05b,jar-jar-binks,Jar Jar Binks,https://www.starwars.com/films/star-wars-episode-i-the-phantom-menace,films,star-wars-episode-i-the-phantom-menace,Star Wars: The Phantom Menace (Episode I)
Characters,616b27cbd5661492a01ad05b,jar-jar-binks,Jar Jar Binks,https://www.starwars.com/series/star-wars-the-clone-wars,series,star-wars-the-clone-wars,Star Wars: The Clone Wars
Characters,616b306a417f7492a01ad05b,jarek-yeager,Jarek Yeager,https://www.starwars.com/series/star-wars-resistance,series,star-wars-resistance,Star Wars Resistance
Characters,616b2dec68ea5492a01ad05b,jashco-phurus,Jashco Phurus,https://www.starwars.com/films/star-wars-episode-vii-the-force-awakens,films,star-wars-episode-vii-the-force-awakens,Star Wars: The Force Awakens (Episode VII)
Characters,616b3809f95ed492a01ad05b,jax,Jax,https://www.starwars.com/series/star-wars-the-bad-batch,series,star-wars-the-bad-batch,Star Wars: The Bad Batch
Characters,616b2bd4bd693492a01ad05b,jay-igno,Jay Igno,https://www.starwars.com/series/star-wars-the-clone-wars,series,star-wars-the-clone-wars,Star Wars: The Clone Wars
Characters,616b27d344ffd492a01ad05b,jaybo-hood,Jaybo Hood,https://www.starwars.com/series/star-wars-the-clone-wars,series,star-wars-the-clone-wars,Star Wars: The Clone Wars
Characters,616b300202e24492a01ad05b,jaycris-tubbs,Jaycris Tubbs,https://www.starwars.com/films/star-wars-episode-viii-the-last-jedi,films,star-wars-episode-viii-the-last-jedi,Star Wars: The Last Jedi (Episode VIII)
Characters,616b386747c8b492a01ad05b,jaylen-vrax,Jaylen Vrax ,https://www.starwars.com/games-apps/star-wars-outlaws,games-apps,star-wars-outlaws,Star Wars Outlaws
Characters,616b374f106de492a01ad05b,jecki-lon,Jecki Lon,https://www.starwars.com/series/the-acolyte,series,the-acolyte,The Acolyte
Characters,616b33248e401492a01ad05b,jek-lawquane,Jek Lawquane,https://www.starwars.com/series/star-wars-the-bad-batch,series,star-wars-the-bad-batch,Star Wars: The Bad Batch
Characters,616b33248e401492a01ad05b,jek-lawquane,Jek Lawquane,https://www.starwars.com/series/star-wars-the-clone-wars,series,star-wars-the-clone-wars,Star Wars: The Clone Wars
Characters,616b2aa909e18492a01ad05b,jek-porkins,Jek Porkins,https://www.starwars.com/films/star-wars-episode-iv-a-new-hope,films,star-wars-episode-iv-a-new-hope,Star Wars: A New Hope (Episode IV)
Characters,616b3478cdf36492a01ad05b,jemboc,Jemboc,https://www.starwars.com/series/andor,series,andor,Andor
Characters,616b2baca1fe5492a01ad05b,jennica-pierce,Jennica Pierce,,games-apps,star-wars-commander,Star Wars: Commander
Characters,616b2cb269b98492a01ad05b,jess-pava,Jess Pava,https://www.starwars.com/films/star-wars-episode-vii-the-force-awakens,films,star-wars-episode-vii-the-force-awakens,Star Wars: The Force Awakens (Episode VII)
Characters,616b34bded3b2492a01ad05b,jet-venim,Jet Venim,https://www.starwars.com/series/star-wars-the-bad-batch,series,star-wars-the-bad-batch,Star Wars: The Bad Batch
Characters,616b348546845492a01ad05b,jezzi,Jezzi,https://www.starwars.com/series/andor,series,andor,Andor
Characters,616b27d669701492a01ad05b,jinx,Jinx,https://www.starwars.com/series/star-wars-the-clone-wars,series,star-wars-the-clone-wars,Star Wars: The Clone Wars
Characters,616b27d8071e1492a01ad05b,jira,Jira,https://www.starwars.com/films/star-wars-episode-i-the-phantom-menace,films,star-wars-episode-i-the-phantom-menace,Star Wars: The Phantom Menace (Episode I)
Characters,616b27d9b45be492a01ad05b,jiro,Jiro,https://www.starwars.com/series/star-wars-the-clone-wars,series,star-wars-the-clone-wars,Star Wars: The Clone Wars
Characters,616b27db5fd71492a01ad05b,jocasta-nu,Jocasta Nu,https://www.starwars.com/films/star-wars-episode-ii-attack-of-the-clones,films,star-wars-episode-ii-attack-of-the-clones,Star Wars: Attack of the Clones (Episode II)
Characters,616b27db5fd71492a01ad05b,jocasta-nu,Jocasta Nu,https://www.starwars.com/series/star-wars-the-clone-wars,series,star-wars-the-clone-wars,Star Wars: The Clone Wars
Characters,616b27db5fd71492a01ad05b,jocasta-nu,Jocasta Nu,https://www.starwars.com/series/tales-of-the-jedi,series,tales-of-the-jedi,Tales of the Jedi
Characters,616b2a3f8373a492a01ad05b,joh-yowza,Joh Yowza,https://www.starwars.com/films/star-wars-episode-vi-return-of-the-jedi,films,star-wars-episode-vi-return-of-the-jedi,Star Wars: Return of the Jedi (Episode VI)
Characters,616b2ba8bc220492a01ad05b,johhar-kessen,Johhar Kessen,,games-apps,star-wars-commander,Star Wars: Commander
Characters,616b2ab018fda492a01ad05b,jon-dutch-vander,"Jon ""Dutch"" Vander",https://www.starwars.com/films/star-wars-episode-iv-a-new-hope,films,star-wars-episode-iv-a-new-hope,Star Wars: A New Hope (Episode IV)
Characters,616b2ab018fda492a01ad05b,jon-dutch-vander,"Jon ""Dutch"" Vander",https://www.starwars.com/series/star-wars-rebels,series,star-wars-rebels,Star Wars Rebels
Characters,616b2e5939d0e492a01ad05b,jonner-jin,Jonner Jin,https://www.starwars.com/series/star-wars-rebels,series,star-wars-rebels,Star Wars Rebels
Characters,616b2e09fc9aa492a01ad05b,jyn-erso,Jyn Erso,https://www.starwars.com/films/rogue-one,films,rogue-one,Rogue One: A Star Wars Story
Characters,616b2e09fc9aa492a01ad05b,jyn-erso,Jyn Erso,,Appearances,star-wars-forces-of-destiny,Star Wars: Forces of Destiny
Characters,616b2e09fc9aa492a01ad05b,jyn-erso,Jyn Erso,,games-apps,rogue-one-boots-on-the-ground-star-wars-arcade,Rogue One: Boots on the Ground - Star Wars Arcade
Characters,616b2e09fc9aa492a01ad05b,jyn-erso,Jyn Erso,,games-apps,star-wars-rivals,Star Wars: Rivals
Characters,616b2e0c79307492a01ad05b,k-2so-kay-tuesso,K-2SO (Kay-Tuesso),https://www.starwars.com/films/rogue-one,films,rogue-one,Rogue One: A Star Wars Story
Characters,616b2e0c79307492a01ad05b,k-2so-kay-tuesso,K-2SO (Kay-Tuesso),,games-apps,rogue-one-boots-on-the-ground-star-wars-arcade,Rogue One: Boots on the Ground - Star Wars Arcade
Characters,616b3692765f7492a01ad05b,k-9x1,K-9X1,https://www.starwars.com/series/star-wars-the-bad-batch,series,star-wars-the-bad-batch,Star Wars: The Bad Batch
Characters,616b27df734e6492a01ad05b,k0-5d,K0-5D,https://www.starwars.com/series/star-wars-the-clone-wars,series,star-wars-the-clone-wars,Star Wars: The Clone Wars
Characters,616b2ba6d2158492a01ad05b,kada-jahr,Kada Jahr,,games-apps,star-wars-commander,Star Wars: Commander
Characters,616b27e132eb5492a01ad05b,kalifa,Kalifa,https://www.starwars.com/series/star-wars-the-clone-wars,series,star-wars-the-clone-wars,Star Wars: The Clone Wars
Characters,616b321dc64ef492a01ad05b,kalo-ne,Kalo’ne,https://www.starwars.com/films/star-wars-episode-ix-the-rise-of-skywalker,films,star-wars-episode-ix-the-rise-of-skywalker,Star Wars: The Rise of Skywalker (Episode IX)
Characters,616b27e2dd0f3492a01ad05b,kanan-jarrus-caleb-dume,Kanan Jarrus / Caleb Dume ,https://www.starwars.com/series/star-wars-the-bad-batch,series,star-wars-the-bad-batch,Star Wars: The Bad Batch
Characters,616b27e2dd0f3492a01ad05b,kanan-jarrus-caleb-dume,Kanan Jarrus / Caleb Dume ,https://www.starwars.com/series/star-wars-rebels,series,star-wars-rebels,Star Wars Rebels
Characters,616b27e2dd0f3492a01ad05b,kanan-jarrus-caleb-dume,Kanan Jarrus / Caleb Dume ,,games-apps,star-wars-rebels-rebel-strike,Star Wars Rebels - Rebel Strike
Characters,616b27e2dd0f3492a01ad05b,kanan-jarrus-caleb-dume,Kanan Jarrus / Caleb Dume ,,games-apps,star-wars-arcade,Star Wars Arcade
Characters,616b27e2dd0f3492a01ad05b,kanan-jarrus-caleb-dume,Kanan Jarrus / Caleb Dume ,,games-apps,disney-infinity-3-0-character-quest,Disney Infinity 3.0 - Character Quest
Characters,616b27e2dd0f3492a01ad05b,kanan-jarrus-caleb-dume,Kanan Jarrus / Caleb Dume ,,games-apps,star-wars-rebels-strike-missions,Star Wars Rebels - Strike Missions
Characters,616b27e2dd0f3492a01ad05b,kanan-jarrus-caleb-dume,Kanan Jarrus / Caleb Dume ,,games-apps,star-wars-rebels-chopper-chase,Star Wars Rebels: Chopper Chase
Characters,616b27e2dd0f3492a01ad05b,kanan-jarrus-caleb-dume,Kanan Jarrus / Caleb Dume ,,games-apps,star-wars-rebels-ghost-raid,Star Wars Rebels: Ghost Raid
Characters,616b27e2dd0f3492a01ad05b,kanan-jarrus-caleb-dume,Kanan Jarrus / Caleb Dume ,,games-apps,team-tactics-star-wars-arcade,Team Tactics - Star Wars Arcade
Characters,616b344bdd882492a01ad05b,karis-nemik,Karis Nemik,https://www.starwars.com/series/andor,series,andor,Andor
Characters,616b27ea3bd8c492a01ad05b,katooni,Katooni,https://www.starwars.com/series/star-wars-the-clone-wars,series,star-wars-the-clone-wars,Star Wars: The Clone Wars
Characters,616b33fc166d3492a01ad05b,kawlan-roken,Kawlan Roken,,,,
Characters,616b384b2425d492a01ad05b,kay-vess,Kay Vess,https://www.starwars.com/games-apps/star-wars-outlaws,games-apps,star-wars-outlaws,Star Wars Outlaws
Characters,616b2dcc7289f492a01ad05b,kaydel-connix,Kaydel Connix,https://www.starwars.com/films/star-wars-episode-viii-the-last-jedi,films,star-wars-episode-viii-the-last-jedi,Star Wars: The Last Jedi (Episode VIII)
Characters,616b2dcc7289f492a01ad05b,kaydel-connix,Kaydel Connix,https://www.starwars.com/films/star-wars-episode-vii-the-force-awakens,films,star-wars-episode-vii-the-force-awakens,Star Wars: The Force Awakens (Episode VII)
Characters,616b3075d1e2c492a01ad05b,kazuda-kaz-xiono,"Kazuda ""Kaz"" Xiono",https://www.starwars.com/series/star-wars-resistance,series,star-wars-resistance,Star Wars Resistance
Characters,616b30038a689492a01ad05b,kedpin-shoklop,Kedpin Shoklop,https://www.starwars.com/films/star-wars-episode-viii-the-last-jedi,films,star-wars-episode-viii-the-last-jedi,Star Wars: The Last Jedi (Episode VIII)
Characters,616b27ebd9914492a01ad05b,keeper-agruss,Keeper Agruss,https://www.starwars.com/series/star-wars-the-clone-wars,series,star-wars-the-clone-wars,Star Wars: The Clone Wars
Characters,616b32618bd35492a01ad05b,keeve-trennis,Keeve Trennis,https://www.starwars.com/the-high-republic,,,Star Wars: The High Republic
Characters,616b2baab54af492a01ad05b,kekit,Kekit,,games-apps,star-wars-commander,Star Wars: Commander
Characters,616b30dea0c07492a01ad05b,kel,Kel,https://www.starwars.com/series/star-wars-resistance,series,star-wars-resistance,Star Wars Resistance
Characters,616b34df62883492a01ad05b,kelleran-beq,Kelleran Beq,https://www.starwars.com/series/the-mandalorian,series,the-mandalorian,The Mandalorian
Characters,616b375f2195a492a01ad05b,kelnacca,Kelnacca,https://www.starwars.com/series/the-acolyte,series,the-acolyte,The Acolyte
Characters,616b32a4a16dc492a01ad05b,keo-venzee,Keo Venzee,https://www.starwars.com/games-apps/star-wars-squadrons,games-apps,star-wars-squadrons,Star Wars: Squadrons
Characters,616b342af2812492a01ad05b,kerri,Kerri,https://www.starwars.com/series/andor,series,andor,Andor
Characters,616b334a78fcb492a01ad05b,ketch,Ketch,https://www.starwars.com/series/star-wars-the-bad-batch,series,star-wars-the-bad-batch,Star Wars: The Bad Batch
Characters,616b2c33507e4492a01ad05b,ketsu-onyo,Ketsu Onyo,https://www.starwars.com/series/star-wars-rebels,series,star-wars-rebels,Star Wars Rebels
Characters,616b27ed76919492a01ad05b,ki-adi-mundi,Ki-Adi-Mundi,https://www.starwars.com/films/star-wars-episode-iii-revenge-of-the-sith,films,star-wars-episode-iii-revenge-of-the-sith,Star Wars: Revenge of the Sith (Episode III)
Characters,616b27ed76919492a01ad05b,ki-adi-mundi,Ki-Adi-Mundi,https://www.starwars.com/films/star-wars-episode-ii-attack-of-the-clones,films,star-wars-episode-ii-attack-of-the-clones,Star Wars: Attack of the Clones (Episode II)
Characters,616b27ed76919492a01ad05b,ki-adi-mundi,Ki-Adi-Mundi,https://www.starwars.com/films/star-wars-episode-i-the-phantom-menace,films,star-wars-episode-i-the-phantom-menace,Star Wars: The Phantom Menace (Episode I)
Characters,616b27ed76919492a01ad05b,ki-adi-mundi,Ki-Adi-Mundi,https://www.starwars.com/series/star-wars-the-clone-wars,series,star-wars-the-clone-wars,Star Wars: The Clone Wars
Characters,616b27ed76919492a01ad05b,ki-adi-mundi,Ki-Adi-Mundi,https://www.starwars.com/series/tales-of-the-jedi,series,tales-of-the-jedi,Tales of the Jedi
Characters,616b27ed76919492a01ad05b,ki-adi-mundi,Ki-Adi-Mundi,https://www.starwars.com/series/the-acolyte,series,the-acolyte,The Acolyte
Characters,616b27f51f8ab492a01ad05b,kiera-swan,Kiera Swan,https://www.starwars.com/series/star-wars-the-clone-wars,series,star-wars-the-clone-wars,Star Wars: The Clone Wars
Characters,616b2bd6a807c492a01ad05b,kin-robb,Kin Robb,https://www.starwars.com/series/star-wars-the-clone-wars,series,star-wars-the-clone-wars,Star Wars: The Clone Wars
Characters,616b32594ab28492a01ad05b,kinash-lock,Kinash Lock,https://www.starwars.com/series/star-wars-the-clone-wars,series,star-wars-the-clone-wars,Star Wars: The Clone Wars
Characters,616b27f6c8f3e492a01ad05b,king-katuunko,King Katuunko,https://www.starwars.com/series/star-wars-the-clone-wars,series,star-wars-the-clone-wars,Star Wars: The Clone Wars
Characters,616b27f85f806492a01ad05b,king-manchucho,King Manchucho,https://www.starwars.com/series/star-wars-the-clone-wars,series,star-wars-the-clone-wars,Star Wars: The Clone Wars
Characters,616b27f9febac492a01ad05b,king-ramsis-dendup,King Ramsis Dendup,https://www.starwars.com/series/star-wars-the-clone-wars,series,star-wars-the-clone-wars,Star Wars: The Clone Wars
Characters,616b27fbe68bf492a01ad05b,king-sanjay-rash,King Sanjay Rash,https://www.starwars.com/series/star-wars-the-clone-wars,series,star-wars-the-clone-wars,Star Wars: The Clone Wars
Characters,616b3476ca401492a01ad05b,kino-loy,Kino Loy,https://www.starwars.com/series/andor,series,andor,Andor
Characters,616b22d2d7168492a01ad05b,kit-fisto,Kit Fisto,https://www.starwars.com/films/star-wars-episode-ii-attack-of-the-clones,films,star-wars-episode-ii-attack-of-the-clones,Star Wars: Attack of the Clones (Episode II)
Characters,616b22d2d7168492a01ad05b,kit-fisto,Kit Fisto,https://www.starwars.com/films/star-wars-episode-iii-revenge-of-the-sith,films,star-wars-episode-iii-revenge-of-the-sith,Star Wars: Revenge of the Sith (Episode III)
Characters,616b22d2d7168492a01ad05b,kit-fisto,Kit Fisto,https://www.starwars.com/series/star-wars-the-clone-wars,series,star-wars-the-clone-wars,Star Wars: The Clone Wars
Characters,616b22c00340f492a01ad05b,kitster,Kitster,https://www.starwars.com/films/star-wars-episode-i-the-phantom-menace,films,star-wars-episode-i-the-phantom-menace,Star Wars: The Phantom Menace (Episode I)
Characters,616b297592ebd492a01ad05b,kitwarr,Kitwarr,https://www.starwars.com/series/star-wars-rebels,series,star-wars-rebels,Star Wars Rebels
Characters,616b2b3118e72492a01ad05b,klaatu,Klaatu,https://www.starwars.com/films/star-wars-episode-vi-return-of-the-jedi,films,star-wars-episode-vi-return-of-the-jedi,Star Wars: Return of the Jedi (Episode VI)
Characters,616b31b255070492a01ad05b,klaud,Klaud,https://www.starwars.com/films/star-wars-episode-ix-the-rise-of-skywalker,films,star-wars-episode-ix-the-rise-of-skywalker,Star Wars: The Rise of Skywalker (Episode IX)
Characters,616b3442335ed492a01ad05b,kleya-marki,Kleya Marki,https://www.starwars.com/series/andor,series,andor,Andor
Characters,616b2e7fc7339492a01ad05b,klik-klak,Klik-Klak,https://www.starwars.com/series/star-wars-rebels,series,star-wars-rebels,Star Wars Rebels
Characters,616b27ff2cc15492a01ad05b,korkie-kryze,Korkie Kryze,https://www.starwars.com/series/star-wars-the-clone-wars,series,star-wars-the-clone-wars,Star Wars: The Clone Wars
Characters,616b2dc62b362492a01ad05b,korr-sella,Korr Sella,https://www.starwars.com/films/star-wars-episode-vii-the-force-awakens,films,star-wars-episode-vii-the-force-awakens,Star Wars: The Force Awakens (Episode VII)
Characters,616b30c1071f6492a01ad05b,kragan-gorr,Kragan Gorr,https://www.starwars.com/series/star-wars-resistance,series,star-wars-resistance,Star Wars Resistance
Characters,616b2800d7f39492a01ad05b,krismo-sodi,Krismo Sodi,https://www.starwars.com/series/star-wars-the-clone-wars,series,star-wars-the-clone-wars,Star Wars: The Clone Wars
Characters,616b338461e17492a01ad05b,krrsantan,Krrsantan,https://www.starwars.com/series/the-book-of-boba-fett,series,the-book-of-boba-fett,The Book of Boba Fett
Characters,616b31805f944492a01ad05b,kuiil,Kuiil,https://www.starwars.com/series/the-mandalorian,series,the-mandalorian,The Mandalorian
Characters,616b3226382dd492a01ad05b,kuruk,Kuruk,https://www.starwars.com/films/star-wars-episode-ix-the-rise-of-skywalker,films,star-wars-episode-ix-the-rise-of-skywalker,Star Wars: The Rise of Skywalker (Episode IX)
Characters,616b3226382dd492a01ad05b,kuruk,Kuruk,https://www.starwars.com/films/star-wars-episode-vii-the-force-awakens,films,star-wars-episode-vii-the-force-awakens,Star Wars: The Force Awakens (Episode VII)
Characters,616b2fd13831e492a01ad05b,l3-37,L3-37,https://www.starwars.com/films/solo,films,solo,Solo: A Star Wars Story
Characters,616b300822e5f492a01ad05b,lady-proxima,Lady Proxima,https://www.starwars.com/films/solo,films,solo,Solo: A Star Wars Story
Characters,616b28027a7f3492a01ad05b,lagos,Lagos,https://www.starwars.com/series/star-wars-the-clone-wars,series,star-wars-the-clone-wars,Star Wars: The Clone Wars
Characters,616b2aebac5cc492a01ad05b,lama-su,Lama Su,https://www.starwars.com/films/star-wars-episode-ii-attack-of-the-clones,films,star-wars-episode-ii-attack-of-the-clones,Star Wars: Attack of the Clones (Episode II)
Characters,616b2aebac5cc492a01ad05b,lama-su,Lama Su,https://www.starwars.com/series/star-wars-the-clone-wars,series,star-wars-the-clone-wars,Star Wars: The Clone Wars
Characters,616b2aebac5cc492a01ad05b,lama-su,Lama Su,https://www.starwars.com/series/star-wars-the-bad-batch,series,star-wars-the-bad-batch,Star Wars: The Bad Batch
Characters,616b23df6aa78492a01ad05b,lando-calrissian,Lando Calrissian,https://www.starwars.com/films/star-wars-episode-v-the-empire-strikes-back,films,star-wars-episode-v-the-empire-strikes-back,Star Wars: The Empire Strikes Back (Episode V)
Characters,616b23df6aa78492a01ad05b,lando-calrissian,Lando Calrissian,https://www.starwars.com/films/star-wars-episode-vi-return-of-the-jedi,films,star-wars-episode-vi-return-of-the-jedi,Star Wars: Return of the Jedi (Episode VI)
Characters,616b23df6aa78492a01ad05b,lando-calrissian,Lando Calrissian,https://www.starwars.com/films/solo,films,solo,Solo: A Star Wars Story
Characters,616b23df6aa78492a01ad05b,lando-calrissian,Lando Calrissian,https://www.starwars.com/films/star-wars-episode-ix-the-rise-of-skywalker,films,star-wars-episode-ix-the-rise-of-skywalker,Star Wars: The Rise of Skywalker (Episode IX)
Characters,616b23df6aa78492a01ad05b,lando-calrissian,Lando Calrissian,https://www.starwars.com/series/star-wars-rebels,series,star-wars-rebels,Star Wars Rebels
Characters,616b23df6aa78492a01ad05b,lando-calrissian,Lando Calrissian,https://www.starwars.com/games-apps/star-wars-pinball-solo-a-star-wars-story,games-apps,star-wars-pinball-solo-a-star-wars-story,Star Wars Pinball: Solo: A Star Wars Story
Characters,616b23df6aa78492a01ad05b,lando-calrissian,Lando Calrissian,,games-apps,star-wars-arcade,Star Wars Arcade
Characters,616b34f5fa5d9492a01ad05b,lanse-crowder,Lanse Crowder,https://www.starwars.com/series/star-wars-the-bad-batch,series,star-wars-the-bad-batch,Star Wars: The Bad Batch
Characters,616b307c5b2a6492a01ad05b,lark-and-jonk-a-k-a-the-twins,"Lark and Jonk a.k.a. ""The Twins""",https://www.starwars.com/films/solo,films,solo,Solo: A Star Wars Story
Characters,616b28041ea90492a01ad05b,latts-razzi,Latts Razzi,https://www.starwars.com/series/star-wars-the-clone-wars,series,star-wars-the-clone-wars,Star Wars: The Clone Wars
Characters,616b313e64d3b492a01ad05b,le-12,LE-12,https://www.starwars.com/series/star-wars-resistance,series,star-wars-resistance,Star Wars Resistance
Characters,616b31c1d392e492a01ad05b,lechee,Lechee,https://www.starwars.com/series/star-wars-resistance,series,star-wars-resistance,Star Wars Resistance
Characters,616b23f0e818f492a01ad05b,leia-organa,Leia Organa,https://www.starwars.com/films/star-wars-episode-iii-revenge-of-the-sith,films,star-wars-episode-iii-revenge-of-the-sith,Star Wars: Revenge of the Sith (Episode III)
Characters,616b23f0e818f492a01ad05b,leia-organa,Leia Organa,https://www.starwars.com/films/star-wars-episode-vi-return-of-the-jedi,films,star-wars-episode-vi-return-of-the-jedi,Star Wars: Return of the Jedi (Episode VI)
Characters,616b23f0e818f492a01ad05b,leia-organa,Leia Organa,https://www.starwars.com/films/star-wars-episode-iv-a-new-hope,films,star-wars-episode-iv-a-new-hope,Star Wars: A New Hope (Episode IV)
Characters,616b23f0e818f492a01ad05b,leia-organa,Leia Organa,https://www.starwars.com/films/star-wars-episode-v-the-empire-strikes-back,films,star-wars-episode-v-the-empire-strikes-back,Star Wars: The Empire Strikes Back (Episode V)
Characters,616b23f0e818f492a01ad05b,leia-organa,Leia Organa,https://www.starwars.com/films/star-wars-episode-viii-the-last-jedi,films,star-wars-episode-viii-the-last-jedi,Star Wars: The Last Jedi (Episode VIII)
Characters,616b23f0e818f492a01ad05b,leia-organa,Leia Organa,https://www.starwars.com/films/star-wars-episode-vii-the-force-awakens,films,star-wars-episode-vii-the-force-awakens,Star Wars: The Force Awakens (Episode VII)
Characters,616b23f0e818f492a01ad05b,leia-organa,Leia Organa,https://www.starwars.com/films/rogue-one,films,rogue-one,Rogue One: A Star Wars Story
Characters,616b23f0e818f492a01ad05b,leia-organa,Leia Organa,https://www.starwars.com/series/obi-wan-kenobi,series,obi-wan-kenobi,Obi-Wan Kenobi
Characters,616b23f0e818f492a01ad05b,leia-organa,Leia Organa,https://www.starwars.com/series/star-wars-resistance,series,star-wars-resistance,Star Wars Resistance
Characters,616b23f0e818f492a01ad05b,leia-organa,Leia Organa,https://www.starwars.com/series/star-wars-rebels,series,star-wars-rebels,Star Wars Rebels
Characters,616b23f0e818f492a01ad05b,leia-organa,Leia Organa,,games-apps,disney-infinity-3-0-character-quest,Disney Infinity 3.0 - Character Quest
Characters,616b23f0e818f492a01ad05b,leia-organa,Leia Organa,,games-apps,star-wars-battlefront,Star Wars: Battlefront
Characters,616b23f0e818f492a01ad05b,leia-organa,Leia Organa,,games-apps,star-wars-rivals,Star Wars: Rivals
Characters,616b345a1a6f2492a01ad05b,leida-mothma,Leida Mothma,https://www.starwars.com/series/andor,series,andor,Andor
Characters,616b34d4e3ba7492a01ad05b,lens-kamo,Lens Kamo,https://www.starwars.com/games-apps/star-wars-tales-from-the-galaxy-s-edge,games-apps,star-wars-tales-from-the-galaxy-s-edge,Star Wars: Tales from the Galaxy's Edge
Characters,616b330a7ecb6492a01ad05b,leox-gyasi,Leox Gyasi,https://www.starwars.com/the-high-republic,,,Star Wars: The High Republic
Characters,616b31a5a0b4c492a01ad05b,leoz,Leoz,https://www.starwars.com/series/star-wars-resistance,series,star-wars-resistance,Star Wars Resistance
Characters,616b2805c64ea492a01ad05b,letta-turmond,Letta Turmond,https://www.starwars.com/series/star-wars-the-clone-wars,series,star-wars-the-clone-wars,Star Wars: The Clone Wars
Characters,616b2ba4e1891492a01ad05b,liana-kor,Liana Kor,,games-apps,star-wars-commander,Star Wars: Commander
Characters,616b305e1ab49492a01ad05b,lieutenant-bolandin,Lieutenant Bolandin,https://www.starwars.com/films/solo,films,solo,Solo: A Star Wars Story
Characters,616b367102cfb492a01ad05b,lieutenant-callahan,Lieutenant Callahan,https://www.starwars.com/series/star-wars-ahsoka,series,star-wars-ahsoka,Ahsoka
Characters,616b2d7e87177492a01ad05b,lieutenant-dicer,Lieutenant Dicer,https://www.starwars.com/series/star-wars-rebels,series,star-wars-rebels,Star Wars Rebels
Characters,616b3173f3457492a01ad05b,lieutenant-galek,Lieutenant Galek,https://www.starwars.com/series/star-wars-resistance,series,star-wars-resistance,Star Wars Resistance
Characters,616b373650021492a01ad05b,lieutenant-hilo,Lieutenant Hilo,https://www.starwars.com/series/star-wars-the-bad-batch,series,star-wars-the-bad-batch,Star Wars: The Bad Batch
Characters,616b2dc2cb459492a01ad05b,lieutenant-mitaka,Lieutenant Mitaka,https://www.starwars.com/films/star-wars-episode-vii-the-force-awakens,films,star-wars-episode-vii-the-force-awakens,Star Wars: The Force Awakens (Episode VII)
Characters,616b2e99ed662492a01ad05b,lieutenant-mytus-adema,Lieutenant Mytus Adema,https://www.starwars.com/films/rogue-one,films,rogue-one,Rogue One: A Star Wars Story
Characters,616b3273e83cf492a01ad05b,lindon-javes,Lindon Javes,https://www.starwars.com/games-apps/star-wars-squadrons,games-apps,star-wars-squadrons,Star Wars: Squadrons
Characters,616b280764db7492a01ad05b,lobot,Lobot,https://www.starwars.com/films/star-wars-episode-v-the-empire-strikes-back,films,star-wars-episode-v-the-empire-strikes-back,Star Wars: The Empire Strikes Back (Episode V)
Characters,616b3262ac756492a01ad05b,loden-greatstorm,Loden Greatstorm,https://www.starwars.com/the-high-republic,,,Star Wars: The High Republic
Characters,616b2af12e5e5492a01ad05b,logray,Logray,https://www.starwars.com/films/star-wars-episode-vi-return-of-the-jedi,films,star-wars-episode-vi-return-of-the-jedi,Star Wars: Return of the Jedi (Episode VI)
Characters,616b280929aef492a01ad05b,lok-durd,Lok Durd,https://www.starwars.com/series/star-wars-the-clone-wars,series,star-wars-the-clone-wars,Star Wars: The Clone Wars
Characters,616b34058c728492a01ad05b,lola-l0-la59,Lola (L0-LA59),https://www.starwars.com/series/obi-wan-kenobi,series,obi-wan-kenobi,Obi-Wan Kenobi
Characters,616b2ae704e09492a01ad05b,lolo-purs,Lolo Purs,https://www.starwars.com/series/star-wars-the-clone-wars,series,star-wars-the-clone-wars,Star Wars: The Clone Wars
Characters,616b280b438b5492a01ad05b,lom-pyke,Lom Pyke,https://www.starwars.com/series/star-wars-the-clone-wars,series,star-wars-the-clone-wars,Star Wars: The Clone Wars
Characters,616b2cb4352fe492a01ad05b,lor-san-tekka,Lor San Tekka,https://www.starwars.com/films/star-wars-episode-vii-the-force-awakens,films,star-wars-episode-vii-the-force-awakens,Star Wars: The Force Awakens (Episode VII)
Characters,616b337d51e94492a01ad05b,lortha-peel,Lortha Peel,https://www.starwars.com/series/the-book-of-boba-fett,series,the-book-of-boba-fett,The Book of Boba Fett
Characters,616b280cf1749492a01ad05b,lott-dod,Lott Dod,https://www.starwars.com/films/star-wars-episode-i-the-phantom-menace,films,star-wars-episode-i-the-phantom-menace,Star Wars: The Phantom Menace (Episode I)
Characters,616b280cf1749492a01ad05b,lott-dod,Lott Dod,https://www.starwars.com/series/star-wars-the-clone-wars,series,star-wars-the-clone-wars,Star Wars: The Clone Wars
Characters,616b3582bb5ef492a01ad05b,lourna-dee,Lourna Dee,https://www.starwars.com/the-high-republic,,,Star Wars: The High Republic
Characters,616b2f9a0216d492a01ad05b,lovey,Lovey,https://www.starwars.com/films/star-wars-episode-viii-the-last-jedi,films,star-wars-episode-viii-the-last-jedi,Star Wars: The Last Jedi (Episode VIII)
Characters,616b32a824605492a01ad05b,lt-514,LT-514,https://www.starwars.com/games-apps/star-wars-squadrons,games-apps,star-wars-squadrons,Star Wars: Squadrons
Characters,616b34d6636f9492a01ad05b,lt-gauge,Lt. Gauge,,games-apps,star-wars-tales-from-the-galaxy-s-edge,Star Wars: Tales from the Galaxy’s Edge
Characters,616b34441498b492a01ad05b,lt-gorn,Lt. Gorn,https://www.starwars.com/series/andor,series,andor,Andor
Characters,616b38858bbdc492a01ad05b,lt-holmes,Lt. Holmes,https://www.starwars.com/series/star-wars-the-bad-batch,series,star-wars-the-bad-batch,Star Wars: The Bad Batch
Characters,616b34f18f437492a01ad05b,lt-nolan,Lt. Nolan,https://www.starwars.com/series/star-wars-the-bad-batch,series,star-wars-the-bad-batch,Star Wars: The Bad Batch
Characters,616b23e6f5453492a01ad05b,luke-skywalker,Luke Skywalker,https://www.starwars.com/films/star-wars-episode-v-the-empire-strikes-back,films,star-wars-episode-v-the-empire-strikes-back,Star Wars: The Empire Strikes Back (Episode V)
Characters,616b23e6f5453492a01ad05b,luke-skywalker,Luke Skywalker,https://www.starwars.com/films/star-wars-episode-vii-the-force-awakens,films,star-wars-episode-vii-the-force-awakens,Star Wars: The Force Awakens (Episode VII)
Characters,616b23e6f5453492a01ad05b,luke-skywalker,Luke Skywalker,https://www.starwars.com/films/star-wars-episode-vi-return-of-the-jedi,films,star-wars-episode-vi-return-of-the-jedi,Star Wars: Return of the Jedi (Episode VI)
Characters,616b23e6f5453492a01ad05b,luke-skywalker,Luke Skywalker,https://www.starwars.com/films/star-wars-episode-iv-a-new-hope,films,star-wars-episode-iv-a-new-hope,Star Wars: A New Hope (Episode IV)
Characters,616b23e6f5453492a01ad05b,luke-skywalker,Luke Skywalker,https://www.starwars.com/films/star-wars-episode-ix-the-rise-of-skywalker,films,star-wars-episode-ix-the-rise-of-skywalker,Star Wars: The Rise of Skywalker (Episode IX)
Characters,616b23e6f5453492a01ad05b,luke-skywalker,Luke Skywalker,https://www.starwars.com/films/star-wars-episode-viii-the-last-jedi,films,star-wars-episode-viii-the-last-jedi,Star Wars: The Last Jedi (Episode VIII)
Characters,616b23e6f5453492a01ad05b,luke-skywalker,Luke Skywalker,https://www.starwars.com/films/star-wars-episode-iii-revenge-of-the-sith,films,star-wars-episode-iii-revenge-of-the-sith,Star Wars: Revenge of the Sith (Episode III)
Characters,616b23e6f5453492a01ad05b,luke-skywalker,Luke Skywalker,https://www.starwars.com/series/the-book-of-boba-fett,series,the-book-of-boba-fett,The Book of Boba Fett
Characters,616b23e6f5453492a01ad05b,luke-skywalker,Luke Skywalker,https://www.starwars.com/series/the-mandalorian,series,the-mandalorian,The Mandalorian
Characters,616b23e6f5453492a01ad05b,luke-skywalker,Luke Skywalker,https://www.starwars.com/series/obi-wan-kenobi,series,obi-wan-kenobi,Obi-Wan Kenobi
Characters,616b23e6f5453492a01ad05b,luke-skywalker,Luke Skywalker,https://www.starwars.com/series/star-wars-rebels,series,star-wars-rebels,Star Wars Rebels
Characters,616b23e6f5453492a01ad05b,luke-skywalker,Luke Skywalker,,games-apps,star-wars-tiny-death-star,Star Wars: Tiny Death Star
Characters,616b23e6f5453492a01ad05b,luke-skywalker,Luke Skywalker,,games-apps,star-wars-tiny-death-star-sea-,Star Wars: Tiny Death Star (SEA)
Characters,616b23e6f5453492a01ad05b,luke-skywalker,Luke Skywalker,,games-apps,star-wars-arcade,Star Wars Arcade
Characters,616b23e6f5453492a01ad05b,luke-skywalker,Luke Skywalker,,games-apps,yoda-s-jedi-training-star-wars-arcade,Yoda's Jedi Training - Star Wars Arcade
Characters,616b23e6f5453492a01ad05b,luke-skywalker,Luke Skywalker,,games-apps,disney-infinity-3-0-character-quest,Disney Infinity 3.0 - Character Quest
Characters,616b23e6f5453492a01ad05b,luke-skywalker,Luke Skywalker,,games-apps,a-sticker-book-far-far-away,"A Sticker Book Far, Far Away"
Characters,616b23e6f5453492a01ad05b,luke-skywalker,Luke Skywalker,,games-apps,star-wars-battlefront,Star Wars: Battlefront
Characters,616b23e6f5453492a01ad05b,luke-skywalker,Luke Skywalker,,games-apps,star-wars-rivals,Star Wars: Rivals
Characters,616b23e6f5453492a01ad05b,luke-skywalker,Luke Skywalker,,games-apps,jedi-mind-match,Jedi Mind Match
Characters,616b330487fc5492a01ad05b,lula-talisola,Lula Talisola,https://www.starwars.com/the-high-republic,,,Star Wars: The High Republic
Characters,616b280eb3ab4492a01ad05b,luminara-unduli,Luminara Unduli,https://www.starwars.com/films/star-wars-episode-ii-attack-of-the-clones,films,star-wars-episode-ii-attack-of-the-clones,Star Wars: Attack of the Clones (Episode II)
Characters,616b280eb3ab4492a01ad05b,luminara-unduli,Luminara Unduli,https://www.starwars.com/films/star-wars-episode-iii-revenge-of-the-sith,films,star-wars-episode-iii-revenge-of-the-sith,Star Wars: Revenge of the Sith (Episode III)
Characters,616b280eb3ab4492a01ad05b,luminara-unduli,Luminara Unduli,https://www.starwars.com/series/star-wars-the-clone-wars,series,star-wars-the-clone-wars,Star Wars: The Clone Wars
Characters,616b280eb3ab4492a01ad05b,luminara-unduli,Luminara Unduli,https://www.starwars.com/series/star-wars-rebels,series,star-wars-rebels,Star Wars Rebels
Characters,616b341976bdf492a01ad05b,luthen-rael,Luthen Rael,https://www.starwars.com/series/andor,series,andor,Andor
Characters,616b2815b2076492a01ad05b,lux-bonteri,Lux Bonteri,https://www.starwars.com/series/star-wars-the-clone-wars,series,star-wars-the-clone-wars,Star Wars: The Clone Wars
Characters,616b34fa78bd0492a01ad05b,lyana,Lyana,https://www.starwars.com/series/star-wars-the-bad-batch,series,star-wars-the-bad-batch,Star Wars: The Bad Batch
Characters,616b2b0507722492a01ad05b,lyn-me,Lyn Me,https://www.starwars.com/films/star-wars-episode-vi-return-of-the-jedi,films,star-wars-episode-vi-return-of-the-jedi,Star Wars: Return of the Jedi (Episode VI)
Characters,616b2eb4dbe3d492a01ad05b,lyra-erso,Lyra Erso,https://www.starwars.com/films/rogue-one,films,rogue-one,Rogue One: A Star Wars Story
Characters,616b281ccfc08492a01ad05b,m5-bz,M5-BZ,https://www.starwars.com/series/star-wars-the-clone-wars,series,star-wars-the-clone-wars,Star Wars: The Clone Wars
Characters,616b34234ec93492a01ad05b,maarva-andor,Maarva Andor,https://www.starwars.com/series/andor,series,andor,Andor
Characters,616b24154b963492a01ad05b,mace-windu,Mace Windu,https://www.starwars.com/films/star-wars-episode-i-the-phantom-menace,films,star-wars-episode-i-the-phantom-menace,Star Wars: The Phantom Menace (Episode I)
Characters,616b24154b963492a01ad05b,mace-windu,Mace Windu,https://www.starwars.com/films/star-wars-episode-ii-attack-of-the-clones,films,star-wars-episode-ii-attack-of-the-clones,Star Wars: Attack of the Clones (Episode II)
Characters,616b24154b963492a01ad05b,mace-windu,Mace Windu,https://www.starwars.com/series/star-wars-the-clone-wars,series,star-wars-the-clone-wars,Star Wars: The Clone Wars
Characters,616b24154b963492a01ad05b,mace-windu,Mace Windu,https://www.starwars.com/series/tales-of-the-jedi,series,tales-of-the-jedi,Tales of the Jedi
Characters,616b24154b963492a01ad05b,mace-windu,Mace Windu,,games-apps,jedi-mind-match,Jedi Mind Match
Characters,616b373ea7ef1492a01ad05b,mae-aniseya,Mae Aniseya,https://www.starwars.com/series/the-acolyte,series,the-acolyte,The Acolyte
Characters,616b2d50b132a492a01ad05b,magaloof,Magaloof,https://www.starwars.com/films/star-wars-episode-ii-attack-of-the-clones,films,star-wars-episode-ii-attack-of-the-clones,Star Wars: Attack of the Clones (Episode II)
Characters,616b2dce2ba71492a01ad05b,major-brance,Major Brance,https://www.starwars.com/films/star-wars-episode-vii-the-force-awakens,films,star-wars-episode-vii-the-force-awakens,Star Wars: The Force Awakens (Episode VII)
Characters,616b2b1f47b83492a01ad05b,major-bren-derlin,Major Bren Derlin,https://www.starwars.com/films/star-wars-episode-v-the-empire-strikes-back,films,star-wars-episode-v-the-empire-strikes-back,Star Wars: The Empire Strikes Back (Episode V)
Characters,616b2ebd0abe8492a01ad05b,major-capin-harinar,Major Capin Harinar,https://www.starwars.com/films/rogue-one,films,rogue-one,Rogue One: A Star Wars Story
Characters,616b344faef2f492a01ad05b,major-partagaz,Major Partagaz,https://www.starwars.com/series/andor,series,andor,Andor
Characters,616b281e96131492a01ad05b,major-rigosso,Major Rigosso,https://www.starwars.com/series/star-wars-the-clone-wars,series,star-wars-the-clone-wars,Star Wars: The Clone Wars
Characters,616b30d2f142b492a01ad05b,major-vonreg,Major Vonreg,https://www.starwars.com/series/star-wars-resistance,series,star-wars-resistance,Star Wars Resistance
Characters,616b2bda38299492a01ad05b,mak-plain,Mak Plain,https://www.starwars.com/series/star-wars-the-clone-wars,series,star-wars-the-clone-wars,Star Wars: The Clone Wars
Characters,616b2c1b3c5ed492a01ad05b,malakili,Malakili,https://www.starwars.com/films/star-wars-episode-vi-return-of-the-jedi,films,star-wars-episode-vi-return-of-the-jedi,Star Wars: Return of the Jedi (Episode VI)
Characters,616b28205fcf9492a01ad05b,mantu,Mantu,https://www.starwars.com/series/star-wars-the-clone-wars,series,star-wars-the-clone-wars,Star Wars: The Clone Wars
Characters,616b2bdbb2249492a01ad05b,mar-tuuk,Mar Tuuk,https://www.starwars.com/series/star-wars-the-clone-wars,series,star-wars-the-clone-wars,Star Wars: The Clone Wars
Characters,616b358fc38f4492a01ad05b,marchion-ro,Marchion Ro,https://www.starwars.com/the-high-republic,,,Star Wars: The High Republic
Characters,616b30fea6ad6492a01ad05b,marcus-speedstar,Marcus Speedstar,https://www.starwars.com/series/star-wars-resistance,series,star-wars-resistance,Star Wars Resistance
Characters,616b325ad5a46492a01ad05b,marg-krim,Marg Krim,https://www.starwars.com/series/star-wars-the-clone-wars,series,star-wars-the-clone-wars,Star Wars: The Clone Wars
Characters,616b2a28fa3d9492a01ad05b,marrok-creature,Marrok (creature),https://www.starwars.com/series/star-wars-the-clone-wars,series,star-wars-the-clone-wars,Star Wars: The Clone Wars
Characters,616b352461283492a01ad05b,marrok-inquisitor,Marrok (Inquisitor),https://www.starwars.com/series/star-wars-ahsoka,series,star-wars-ahsoka,Ahsoka
Characters,616b2e54112fa492a01ad05b,mart-mattin,Mart Mattin,https://www.starwars.com/series/star-wars-rebels,series,star-wars-rebels,Star Wars Rebels
Characters,616b282209476492a01ad05b,mas-amedda,Mas Amedda,https://www.starwars.com/films/star-wars-episode-ii-attack-of-the-clones,films,star-wars-episode-ii-attack-of-the-clones,Star Wars: Attack of the Clones (Episode II)
Characters,616b282209476492a01ad05b,mas-amedda,Mas Amedda,https://www.starwars.com/films/star-wars-episode-iii-revenge-of-the-sith,films,star-wars-episode-iii-revenge-of-the-sith,Star Wars: Revenge of the Sith (Episode III)
Characters,616b282209476492a01ad05b,mas-amedda,Mas Amedda,https://www.starwars.com/films/star-wars-episode-i-the-phantom-menace,films,star-wars-episode-i-the-phantom-menace,Star Wars: The Phantom Menace (Episode I)
Characters,616b282209476492a01ad05b,mas-amedda,Mas Amedda,https://www.starwars.com/series/star-wars-the-bad-batch,series,star-wars-the-bad-batch,Star Wars: The Bad Batch
Characters,616b282209476492a01ad05b,mas-amedda,Mas Amedda,https://www.starwars.com/series/star-wars-the-clone-wars,series,star-wars-the-clone-wars,Star Wars: The Clone Wars
Characters,616b2f985e5aa492a01ad05b,master-codebreaker,Master Codebreaker,https://www.starwars.com/films/star-wars-episode-viii-the-last-jedi,films,star-wars-episode-viii-the-last-jedi,Star Wars: The Last Jedi (Episode VIII)
Characters,616b239f0206a492a01ad05b,maul,Maul,https://www.starwars.com/films/star-wars-episode-i-the-phantom-menace,films,star-wars-episode-i-the-phantom-menace,Star Wars: The Phantom Menace (Episode I)
Characters,616b239f0206a492a01ad05b,maul,Maul,https://www.starwars.com/films/solo,films,solo,Solo: A Star Wars Story
Characters,616b239f0206a492a01ad05b,maul,Maul,https://www.starwars.com/series/star-wars-the-clone-wars,series,star-wars-the-clone-wars,Star Wars: The Clone Wars
Characters,616b239f0206a492a01ad05b,maul,Maul,https://www.starwars.com/series/star-wars-rebels,series,star-wars-rebels,Star Wars Rebels
Characters,616b239f0206a492a01ad05b,maul,Maul,,games-apps,disney-infinity-3-0-character-quest,Disney Infinity 3.0 - Character Quest
Characters,616b239f0206a492a01ad05b,maul,Maul,,games-apps,jedi-mind-match,Jedi Mind Match
Characters,616b2b0d7e14b492a01ad05b,mawhonic,Mawhonic,https://www.starwars.com/films/star-wars-episode-i-the-phantom-menace,films,star-wars-episode-i-the-phantom-menace,Star Wars: The Phantom Menace (Episode I)
Characters,616b2a410ea54492a01ad05b,max-rebo,Max Rebo,https://www.starwars.com/films/star-wars-episode-vi-return-of-the-jedi,films,star-wars-episode-vi-return-of-the-jedi,Star Wars: Return of the Jedi (Episode VI)
Characters,616b2a410ea54492a01ad05b,max-rebo,Max Rebo,https://www.starwars.com/series/the-book-of-boba-fett,series,the-book-of-boba-fett,The Book of Boba Fett
Characters,616b338cbc633492a01ad05b,mayor-mok-shaiz,Mayor Mok Shaiz,https://www.starwars.com/series/the-book-of-boba-fett,series,the-book-of-boba-fett,The Book of Boba Fett
Characters,616b2ca84ec54492a01ad05b,maz-kanata,Maz Kanata,https://www.starwars.com/films/star-wars-episode-viii-the-last-jedi,films,star-wars-episode-viii-the-last-jedi,Star Wars: The Last Jedi (Episode VIII)
Characters,616b2ca84ec54492a01ad05b,maz-kanata,Maz Kanata,https://www.starwars.com/films/star-wars-episode-vii-the-force-awakens,films,star-wars-episode-vii-the-force-awakens,Star Wars: The Force Awakens (Episode VII)
Characters,616b2ca84ec54492a01ad05b,maz-kanata,Maz Kanata,https://www.starwars.com/films/star-wars-episode-ix-the-rise-of-skywalker,films,star-wars-episode-ix-the-rise-of-skywalker,Star Wars: The Rise of Skywalker (Episode IX)
Characters,616b316ea1d3c492a01ad05b,mb-13,MB-13 ,https://www.starwars.com/series/star-wars-resistance,series,star-wars-resistance,Star Wars Resistance
Characters,616b2b89f9978492a01ad05b,me-8d9,ME-8D9,https://www.starwars.com/films/star-wars-episode-vii-the-force-awakens,films,star-wars-episode-vii-the-force-awakens,Star Wars: The Force Awakens (Episode VII)
Characters,616b2bddaee42492a01ad05b,mee-deechi,Mee Deechi,https://www.starwars.com/series/star-wars-the-clone-wars,series,star-wars-the-clone-wars,Star Wars: The Clone Wars
Characters,616b2827ad374492a01ad05b,meena-tills,Meena Tills,https://www.starwars.com/films/star-wars-episode-iii-revenge-of-the-sith,films,star-wars-episode-iii-revenge-of-the-sith,Star Wars: Revenge of the Sith (Episode III)
Characters,616b2827ad374492a01ad05b,meena-tills,Meena Tills,https://www.starwars.com/series/star-wars-the-clone-wars,series,star-wars-the-clone-wars,Star Wars: The Clone Wars
Characters,616b34c272b10492a01ad05b,mel,MEL,https://www.starwars.com/series/star-wars-the-bad-batch,series,star-wars-the-bad-batch,Star Wars: The Bad Batch
Characters,616b2e2755022492a01ad05b,melch,Melch,https://www.starwars.com/series/star-wars-rebels,series,star-wars-rebels,Star Wars Rebels
Characters,616b2f093a1a9492a01ad05b,mich-matt,Mich Matt,https://www.starwars.com/series/star-wars-rebels,series,star-wars-rebels,Star Wars Rebels
Characters,616b329082e57492a01ad05b,migs-mayfeld,Migs Mayfeld ,https://www.starwars.com/series/the-mandalorian,series,the-mandalorian,The Mandalorian
Characters,616b3193e0b67492a01ad05b,mika-grey,Mika Grey,https://www.starwars.com/series/star-wars-resistance,series,star-wars-resistance,Star Wars Resistance
Characters,616b28296a1e1492a01ad05b,mina-bonteri,Mina Bonteri,https://www.starwars.com/series/star-wars-the-clone-wars,series,star-wars-the-clone-wars,Star Wars: The Clone Wars
Characters,616b2982252e2492a01ad05b,minister-maketh-tua,Minister Maketh Tua,https://www.starwars.com/series/star-wars-rebels,series,star-wars-rebels,Star Wars Rebels
Characters,616b2c82c98f9492a01ad05b,mira-bridger,Mira Bridger,https://www.starwars.com/series/star-wars-rebels,series,star-wars-rebels,Star Wars Rebels
Characters,616b3589c4b22492a01ad05b,mirro-lox,Mirro Lox,https://www.starwars.com/the-high-republic,,,Star Wars: The High Republic
Characters,616b282b52dc9492a01ad05b,mister-borkus,Mister Borkus,https://www.starwars.com/series/star-wars-the-clone-wars,series,star-wars-the-clone-wars,Star Wars: The Clone Wars
Characters,616b3294ff8ef492a01ad05b,moff-gideon,Moff Gideon,https://www.starwars.com/series/the-mandalorian,series,the-mandalorian,The Mandalorian
Characters,616b275604725492a01ad05b,moff-jerjerrod,Moff Jerjerrod,https://www.starwars.com/films/star-wars-episode-vi-return-of-the-jedi,films,star-wars-episode-vi-return-of-the-jedi,Star Wars: Return of the Jedi (Episode VI)
Characters,61c326249a26cbb7588cf3e8,mog-adana,Mog Adana,https://www.starwars.com/series/the-acolyte,series,the-acolyte,The Acolyte
Characters,616b34e88a24a492a01ad05b,mokko,Mokko,https://www.starwars.com/series/star-wars-the-bad-batch,series,star-wars-the-bad-batch,Star Wars: The Bad Batch
Characters,616b301569852492a01ad05b,moloch,Moloch,https://www.starwars.com/films/solo,films,solo,Solo: A Star Wars Story
Characters,616b2c0569571492a01ad05b,momaw-nadon,Momaw Nadon,https://www.starwars.com/films/star-wars-episode-iv-a-new-hope,films,star-wars-episode-iv-a-new-hope,Star Wars: A New Hope (Episode IV)
Characters,616b282cf997b492a01ad05b,mon-mothma,Mon Mothma,https://www.starwars.com/films/star-wars-episode-iii-revenge-of-the-sith,films,star-wars-episode-iii-revenge-of-the-sith,Star Wars: Revenge of the Sith (Episode III)
Characters,616b282cf997b492a01ad05b,mon-mothma,Mon Mothma,https://www.starwars.com/films/rogue-one,films,rogue-one,Rogue One: A Star Wars Story
Characters,616b282cf997b492a01ad05b,mon-mothma,Mon Mothma,https://www.starwars.com/films/star-wars-episode-vi-return-of-the-jedi,films,star-wars-episode-vi-return-of-the-jedi,Star Wars: Return of the Jedi (Episode VI)
Characters,616b282cf997b492a01ad05b,mon-mothma,Mon Mothma,https://www.starwars.com/series/andor,series,andor,Andor
Characters,616b282cf997b492a01ad05b,mon-mothma,Mon Mothma,https://www.starwars.com/series/star-wars-the-clone-wars,series,star-wars-the-clone-wars,Star Wars: The Clone Wars
Characters,616b282cf997b492a01ad05b,mon-mothma,Mon Mothma,https://www.starwars.com/series/star-wars-rebels,series,star-wars-rebels,Star Wars Rebels
Characters,616b282cf997b492a01ad05b,mon-mothma,Mon Mothma,https://www.starwars.com/series/star-wars-ahsoka,series,star-wars-ahsoka,Ahsoka
Characters,616b299d57d52492a01ad05b,morad-sumar,Morad Sumar,https://www.starwars.com/series/star-wars-rebels,series,star-wars-rebels,Star Wars Rebels
Characters,616b2f8f390d0492a01ad05b,morai,Morai,https://www.starwars.com/series/star-wars-rebels,series,star-wars-rebels,Star Wars Rebels
Characters,616b2f8f390d0492a01ad05b,morai,Morai,https://www.starwars.com/series/star-wars-ahsoka,series,star-wars-ahsoka,Ahsoka
Characters,616b28328f885492a01ad05b,moralo-eval,Moralo Eval,https://www.starwars.com/series/star-wars-the-clone-wars,series,star-wars-the-clone-wars,Star Wars: The Clone Wars
Characters,616b32edc3a41492a01ad05b,morgan-elsbeth,Morgan Elsbeth,https://www.starwars.com/series/the-mandalorian,series,the-mandalorian,The Mandalorian
Characters,616b32edc3a41492a01ad05b,morgan-elsbeth,Morgan Elsbeth,https://www.starwars.com/series/star-wars-ahsoka,series,star-wars-ahsoka,Ahsoka
Characters,616b32edc3a41492a01ad05b,morgan-elsbeth,Morgan Elsbeth,https://www.starwars.com/series/tales-of-the-empire,series,tales-of-the-empire,Tales of the Empire
Characters,616b28343667c492a01ad05b,morley,Morley,https://www.starwars.com/series/star-wars-the-clone-wars,series,star-wars-the-clone-wars,Star Wars: The Clone Wars
Characters,616b2e6bcd95f492a01ad05b,moroff,Moroff,https://www.starwars.com/films/rogue-one,films,rogue-one,Rogue One: A Star Wars Story
Characters,616b376f0ea2b492a01ad05b,mother-aniseya,Mother Aniseya,https://www.starwars.com/series/the-acolyte,series,the-acolyte,The Acolyte
Characters,61a5131fa4e5bd82dfdabe1e,mother-koril,Mother Koril,https://www.starwars.com/series/the-acolyte,series,the-acolyte,The Acolyte
Characters,616b2835d23ce492a01ad05b,mother-talzin,Mother Talzin,https://www.starwars.com/series/star-wars-the-clone-wars,series,star-wars-the-clone-wars,Star Wars: The Clone Wars
Characters,616b36c3e5997492a01ad05b,mox,Mox,https://www.starwars.com/series/star-wars-the-bad-batch,series,star-wars-the-bad-batch,Star Wars: The Bad Batch
Characters,616b34cec56d5492a01ad05b,mubo,Mubo,https://www.starwars.com/games-apps/star-wars-tales-from-the-galaxy-s-edge,games-apps,star-wars-tales-from-the-galaxy-s-edge,Star Wars: Tales from the Galaxy's Edge
Characters,616b34cec56d5492a01ad05b,mubo,Mubo,,games-apps,star-wars-tales-from-the-galaxy-s-edge,Star Wars: Tales from the Galaxy’s Edge
Characters,616b333e6be7f492a01ad05b,muchi,Muchi,https://www.starwars.com/series/star-wars-the-bad-batch,series,star-wars-the-bad-batch,Star Wars: The Bad Batch
Characters,616b359348f7e492a01ad05b,murley,Murley,https://www.starwars.com/series/star-wars-ahsoka,series,star-wars-ahsoka,Ahsoka
Characters,616b3615def40492a01ad05b,myn-weaver,Myn Weaver,https://www.starwars.com/series/star-wars-ahsoka,series,star-wars-ahsoka,Ahsoka
Characters,616b2eb05111d492a01ad05b,nail,Nail,https://www.starwars.com/films/rogue-one,films,rogue-one,Rogue One: A Star Wars Story
Characters,616b2a2ee9f46492a01ad05b,nala-se,Nala Se,https://www.starwars.com/series/star-wars-the-bad-batch,series,star-wars-the-bad-batch,Star Wars: The Bad Batch
Characters,616b2a2ee9f46492a01ad05b,nala-se,Nala Se,https://www.starwars.com/series/star-wars-the-clone-wars,series,star-wars-the-clone-wars,Star Wars: The Clone Wars
Characters,616b321bfe2fd492a01ad05b,nambi-ghima,Nambi Ghima,https://www.starwars.com/films/star-wars-episode-ix-the-rise-of-skywalker,films,star-wars-episode-ix-the-rise-of-skywalker,Star Wars: The Rise of Skywalker (Episode IX)
Characters,616b312758f9e492a01ad05b,namua,Namua,https://www.starwars.com/series/star-wars-resistance,series,star-wars-resistance,Star Wars Resistance
Characters,616b340b20f7c492a01ad05b,nari,Nari,,,,
Characters,616b3859ac409492a01ad05b,nd-5,ND-5 ,https://www.starwars.com/games-apps/star-wars-outlaws,games-apps,star-wars-outlaws,Star Wars Outlaws
Characters,616b33f6809a5492a01ad05b,ned-b,NED-B,,,,
Characters,616b307232bda492a01ad05b,neeku-vozo,Neeku Vozo,https://www.starwars.com/series/star-wars-resistance,series,star-wars-resistance,Star Wars Resistance
Characters,616b2f9ec52eb492a01ad05b,neepers-panpick,Neepers Panpick,https://www.starwars.com/films/star-wars-episode-viii-the-last-jedi,films,star-wars-episode-viii-the-last-jedi,Star Wars: The Last Jedi (Episode VIII)
Characters,616b34d05b2a0492a01ad05b,neeva,Neeva,,games-apps,star-wars-tales-from-the-galaxy-s-edge,Star Wars: Tales from the Galaxy’s Edge
Characters,616b317ec809b492a01ad05b,nena,Nena ,https://www.starwars.com/series/star-wars-resistance,series,star-wars-resistance,Star Wars Resistance
Characters,616b2ba2ece98492a01ad05b,nhego-roolan,Nhego Roolan,,games-apps,star-wars-commander,Star Wars: Commander
Characters,616b283d10435492a01ad05b,nien-nunb,Nien Nunb,https://www.starwars.com/films/star-wars-episode-vii-the-force-awakens,films,star-wars-episode-vii-the-force-awakens,Star Wars: The Force Awakens (Episode VII)
Characters,616b283d10435492a01ad05b,nien-nunb,Nien Nunb,https://www.starwars.com/films/star-wars-episode-vi-return-of-the-jedi,films,star-wars-episode-vi-return-of-the-jedi,Star Wars: Return of the Jedi (Episode VI)
Characters,616b283d10435492a01ad05b,nien-nunb,Nien Nunb,https://www.starwars.com/films/star-wars-episode-ix-the-rise-of-skywalker,films,star-wars-episode-ix-the-rise-of-skywalker,Star Wars: The Rise of Skywalker (Episode IX)
Characters,616b283d10435492a01ad05b,nien-nunb,Nien Nunb,https://www.starwars.com/films/star-wars-episode-viii-the-last-jedi,films,star-wars-episode-viii-the-last-jedi,Star Wars: The Last Jedi (Episode VIII)
Characters,616b351c68c61492a01ad05b,nightsister-merrin,Nightsister Merrin,,,,
Characters,616b2bdfa60dc492a01ad05b,nils-tenant,Nils Tenant,https://www.starwars.com/series/star-wars-the-clone-wars,series,star-wars-the-clone-wars,Star Wars: The Clone Wars
Characters,616b3160ea043492a01ad05b,ninth-sister,Ninth Sister,,,,
Characters,616b359210e2f492a01ad05b,niv-drendow-apruk,Niv Drendow Apruk ,https://www.starwars.com/the-high-republic,,,Star Wars: The High Republic
Characters,616b385284017492a01ad05b,nix,Nix,https://www.starwars.com/games-apps/star-wars-outlaws,games-apps,star-wars-outlaws,Star Wars Outlaws
Characters,616b2be135977492a01ad05b,nix-card,Nix Card,https://www.starwars.com/series/star-wars-the-clone-wars,series,star-wars-the-clone-wars,Star Wars: The Clone Wars
Characters,616b2ffeeb555492a01ad05b,nix-jerd,Nix Jerd,https://www.starwars.com/films/star-wars-episode-viii-the-last-jedi,films,star-wars-episode-viii-the-last-jedi,Star Wars: The Last Jedi (Episode VIII)
Characters,616b34d35f714492a01ad05b,nooa,Nooa,,games-apps,star-wars-tales-from-the-galaxy-s-edge,Star Wars: Tales from the Galaxy’s Edge
Characters,616b31bbbcdf7492a01ad05b,norath,Norath,https://www.starwars.com/series/star-wars-resistance,series,star-wars-resistance,Star Wars Resistance
Characters,616b2842a3f31492a01ad05b,nossor-ri,Nossor Ri,https://www.starwars.com/series/star-wars-the-clone-wars,series,star-wars-the-clone-wars,Star Wars: The Clone Wars
Characters,616b28443b2f2492a01ad05b,numa,Numa,https://www.starwars.com/series/star-wars-the-clone-wars,series,star-wars-the-clone-wars,Star Wars: The Clone Wars
Characters,616b28443b2f2492a01ad05b,numa,Numa,https://www.starwars.com/series/star-wars-rebels,series,star-wars-rebels,Star Wars Rebels
Characters,616b28482a0cb492a01ad05b,nute-gunray,Nute Gunray,https://www.starwars.com/films/star-wars-episode-ii-attack-of-the-clones,films,star-wars-episode-ii-attack-of-the-clones,Star Wars: Attack of the Clones (Episode II)
Characters,616b28482a0cb492a01ad05b,nute-gunray,Nute Gunray,https://www.starwars.com/films/star-wars-episode-i-the-phantom-menace,films,star-wars-episode-i-the-phantom-menace,Star Wars: The Phantom Menace (Episode I)
Characters,616b28482a0cb492a01ad05b,nute-gunray,Nute Gunray,https://www.starwars.com/films/star-wars-episode-iii-revenge-of-the-sith,films,star-wars-episode-iii-revenge-of-the-sith,Star Wars: Revenge of the Sith (Episode III)
Characters,616b28482a0cb492a01ad05b,nute-gunray,Nute Gunray,https://www.starwars.com/series/star-wars-the-clone-wars,series,star-wars-the-clone-wars,Star Wars: The Clone Wars
Characters,616b284f22960492a01ad05b,o-mer,O-Mer,https://www.starwars.com/series/star-wars-the-clone-wars,series,star-wars-the-clone-wars,Star Wars: The Clone Wars
Characters,616b2425483bc492a01ad05b,obi-wan-kenobi,Obi-Wan Kenobi,https://www.starwars.com/films/star-wars-episode-i-the-phantom-menace,films,star-wars-episode-i-the-phantom-menace,Star Wars: The Phantom Menace (Episode I)
Characters,616b2425483bc492a01ad05b,obi-wan-kenobi,Obi-Wan Kenobi,https://www.starwars.com/films/star-wars-episode-v-the-empire-strikes-back,films,star-wars-episode-v-the-empire-strikes-back,Star Wars: The Empire Strikes Back (Episode V)
Characters,616b2425483bc492a01ad05b,obi-wan-kenobi,Obi-Wan Kenobi,https://www.starwars.com/films/star-wars-episode-ii-attack-of-the-clones,films,star-wars-episode-ii-attack-of-the-clones,Star Wars: Attack of the Clones (Episode II)
Characters,616b2425483bc492a01ad05b,obi-wan-kenobi,Obi-Wan Kenobi,https://www.starwars.com/films/star-wars-episode-vi-return-of-the-jedi,films,star-wars-episode-vi-return-of-the-jedi,Star Wars: Return of the Jedi (Episode VI)
Characters,616b2425483bc492a01ad05b,obi-wan-kenobi,Obi-Wan Kenobi,https://www.starwars.com/films/star-wars-episode-iv-a-new-hope,films,star-wars-episode-iv-a-new-hope,Star Wars: A New Hope (Episode IV)
Characters,616b2425483bc492a01ad05b,obi-wan-kenobi,Obi-Wan Kenobi,https://www.starwars.com/films/star-wars-episode-iii-revenge-of-the-sith,films,star-wars-episode-iii-revenge-of-the-sith,Star Wars: Revenge of the Sith (Episode III)
Characters,616b2425483bc492a01ad05b,obi-wan-kenobi,Obi-Wan Kenobi,https://www.starwars.com/series/obi-wan-kenobi,series,obi-wan-kenobi,Obi-Wan Kenobi
Characters,616b2425483bc492a01ad05b,obi-wan-kenobi,Obi-Wan Kenobi,https://www.starwars.com/series/star-wars-the-clone-wars,series,star-wars-the-clone-wars,Star Wars: The Clone Wars
Characters,616b2425483bc492a01ad05b,obi-wan-kenobi,Obi-Wan Kenobi,https://www.starwars.com/series/star-wars-rebels,series,star-wars-rebels,Star Wars Rebels
Characters,616b2425483bc492a01ad05b,obi-wan-kenobi,Obi-Wan Kenobi,,games-apps,disney-infinity-3-0-character-quest,Disney Infinity 3.0 - Character Quest
Characters,616b2425483bc492a01ad05b,obi-wan-kenobi,Obi-Wan Kenobi,,games-apps,jedi-mind-match,Jedi Mind Match
Characters,616b32092276c492a01ad05b,ochi-of-bestoon,Ochi of Bestoon,https://www.starwars.com/films/star-wars-episode-ix-the-rise-of-skywalker,films,star-wars-episode-ix-the-rise-of-skywalker,Star Wars: The Rise of Skywalker (Episode IX)
Characters,616b2850c1f99492a01ad05b,ody-mandrell,Ody Mandrell,https://www.starwars.com/films/star-wars-episode-i-the-phantom-menace,films,star-wars-episode-i-the-phantom-menace,Star Wars: The Phantom Menace (Episode I)
Characters,616b305fa3ec9492a01ad05b,officer-sharest,Officer Sharest,https://www.starwars.com/films/solo,films,solo,Solo: A Star Wars Story
Characters,616b3159af97c492a01ad05b,oga-garra,Oga Garra,,,,
Characters,616b2852634f7492a01ad05b,okalin,Okalin,https://www.starwars.com/series/star-wars-the-clone-wars,series,star-wars-the-clone-wars,Star Wars: The Clone Wars
Characters,616b28540ae5b492a01ad05b,old-daka,Old Daka,https://www.starwars.com/series/star-wars-the-clone-wars,series,star-wars-the-clone-wars,Star Wars: The Clone Wars
Characters,616b29c682c6c492a01ad05b,old-jho,Old Jho,https://www.starwars.com/series/star-wars-rebels,series,star-wars-rebels,Star Wars Rebels
Characters,616b29b55090a492a01ad05b,oleg,Oleg,https://www.starwars.com/series/star-wars-rebels,series,star-wars-rebels,Star Wars Rebels
Characters,616b3202e7036492a01ad05b,oma-tres,Oma Tres,https://www.starwars.com/films/star-wars-episode-ix-the-rise-of-skywalker,films,star-wars-episode-ix-the-rise-of-skywalker,Star Wars: The Rise of Skywalker (Episode IX)
Characters,616b3319945ce492a01ad05b,omega,Omega,https://www.starwars.com/series/star-wars-the-bad-batch,series,star-wars-the-bad-batch,Star Wars: The Bad Batch
Characters,616b32c3689f9492a01ad05b,omera,Omera,,,,
Characters,616b2855b24cb492a01ad05b,onaconda-farr,Onaconda Farr,https://www.starwars.com/films/star-wars-episode-ii-attack-of-the-clones,films,star-wars-episode-ii-attack-of-the-clones,Star Wars: Attack of the Clones (Episode II)
Characters,616b2855b24cb492a01ad05b,onaconda-farr,Onaconda Farr,https://www.starwars.com/films/star-wars-episode-i-the-phantom-menace,films,star-wars-episode-i-the-phantom-menace,Star Wars: The Phantom Menace (Episode I)
Characters,616b2855b24cb492a01ad05b,onaconda-farr,Onaconda Farr,https://www.starwars.com/series/star-wars-the-clone-wars,series,star-wars-the-clone-wars,Star Wars: The Clone Wars
Characters,616b28577983f492a01ad05b,onca,Onca,https://www.starwars.com/series/star-wars-the-clone-wars,series,star-wars-the-clone-wars,Star Wars: The Clone Wars
Characters,616b2fb21e768492a01ad05b,oniho-zaya,Oniho Zaya,https://www.starwars.com/films/star-wars-episode-viii-the-last-jedi,films,star-wars-episode-viii-the-last-jedi,Star Wars: The Last Jedi (Episode VIII)
Characters,616b2b035c22a492a01ad05b,oola,Oola,https://www.starwars.com/films/star-wars-episode-vi-return-of-the-jedi,films,star-wars-episode-vi-return-of-the-jedi,Star Wars: Return of the Jedi (Episode VI)
Characters,616b2c4e447bf492a01ad05b,oora,Oora,https://www.starwars.com/series/star-wars-rebels,series,star-wars-rebels,Star Wars Rebels
Characters,616b30ce7579d492a01ad05b,opeepit,Opeepit,https://www.starwars.com/series/star-wars-resistance,series,star-wars-resistance,Star Wars Resistance
Characters,616b310031586492a01ad05b,oplock,Oplock,https://www.starwars.com/series/star-wars-resistance,series,star-wars-resistance,Star Wars Resistance
Characters,616b29ef0758e492a01ad05b,oppo-rancisis,Oppo Rancisis,https://www.starwars.com/films/star-wars-episode-i-the-phantom-menace,films,star-wars-episode-i-the-phantom-menace,Star Wars: The Phantom Menace (Episode I)
Characters,616b29ef0758e492a01ad05b,oppo-rancisis,Oppo Rancisis,https://www.starwars.com/films/star-wars-episode-ii-attack-of-the-clones,films,star-wars-episode-ii-attack-of-the-clones,Star Wars: Attack of the Clones (Episode II)
Characters,616b29ef0758e492a01ad05b,oppo-rancisis,Oppo Rancisis,https://www.starwars.com/series/star-wars-the-clone-wars,series,star-wars-the-clone-wars,Star Wars: The Clone Wars
Characters,616b30b9743b9492a01ad05b,orka,Orka,https://www.starwars.com/series/star-wars-resistance,series,star-wars-resistance,Star Wars Resistance
Characters,616b32ffffff0492a01ad05b,orla-jareni,Orla Jareni,https://www.starwars.com/the-high-republic,,,Star Wars: The High Republic
Characters,616b28599d826492a01ad05b,orn-free-taa,Orn Free Taa,https://www.starwars.com/films/star-wars-episode-i-the-phantom-menace,films,star-wars-episode-i-the-phantom-menace,Star Wars: The Phantom Menace (Episode I)
Characters,616b28599d826492a01ad05b,orn-free-taa,Orn Free Taa,https://www.starwars.com/films/star-wars-episode-ii-attack-of-the-clones,films,star-wars-episode-ii-attack-of-the-clones,Star Wars: Attack of the Clones (Episode II)
Characters,616b28599d826492a01ad05b,orn-free-taa,Orn Free Taa,https://www.starwars.com/films/star-wars-episode-iii-revenge-of-the-sith,films,star-wars-episode-iii-revenge-of-the-sith,Star Wars: Revenge of the Sith (Episode III)
Characters,616b28599d826492a01ad05b,orn-free-taa,Orn Free Taa,https://www.starwars.com/series/star-wars-the-bad-batch,series,star-wars-the-bad-batch,Star Wars: The Bad Batch
Characters,616b28599d826492a01ad05b,orn-free-taa,Orn Free Taa,https://www.starwars.com/series/star-wars-the-clone-wars,series,star-wars-the-clone-wars,Star Wars: The Clone Wars
Characters,616b29456cd0d492a01ad05b,orphne,Orphne,https://www.starwars.com/series/star-wars-the-clone-wars,series,star-wars-the-clone-wars,Star Wars: The Clone Wars
Characters,616b286014ee4492a01ad05b,oruba-the-hutt,Oruba the Hutt,https://www.starwars.com/series/star-wars-the-clone-wars,series,star-wars-the-clone-wars,Star Wars: The Clone Wars
Characters,619ff3e9231d488a17098be4,osha-aniseya,Osha Aniseya,https://www.starwars.com/series/the-acolyte,series,the-acolyte,The Acolyte
Characters,616b2861d9df9492a01ad05b,osi-sobeck,Osi Sobeck,https://www.starwars.com/series/star-wars-the-clone-wars,series,star-wars-the-clone-wars,Star Wars: The Clone Wars
Characters,616b28639403c492a01ad05b,otua-blank,Otua Blank,https://www.starwars.com/series/star-wars-the-clone-wars,series,star-wars-the-clone-wars,Star Wars: The Clone Wars
Characters,616b286531835492a01ad05b,owen-lars,Owen Lars,https://www.starwars.com/films/star-wars-episode-iv-a-new-hope,films,star-wars-episode-iv-a-new-hope,Star Wars: A New Hope (Episode IV)
Characters,616b286531835492a01ad05b,owen-lars,Owen Lars,https://www.starwars.com/films/star-wars-episode-ii-attack-of-the-clones,films,star-wars-episode-ii-attack-of-the-clones,Star Wars: Attack of the Clones (Episode II)
Characters,616b286531835492a01ad05b,owen-lars,Owen Lars,https://www.starwars.com/films/star-wars-episode-iii-revenge-of-the-sith,films,star-wars-episode-iii-revenge-of-the-sith,Star Wars: Revenge of the Sith (Episode III)
Characters,616b286531835492a01ad05b,owen-lars,Owen Lars,https://www.starwars.com/series/obi-wan-kenobi,series,obi-wan-kenobi,Obi-Wan Kenobi
Characters,616b286b12813492a01ad05b,pablo,Pablo,https://www.starwars.com/series/star-wars-the-clone-wars,series,star-wars-the-clone-wars,Star Wars: The Clone Wars
Characters,616b242df7407492a01ad05b,padme-amidala,Padmé Amidala,https://www.starwars.com/films/star-wars-episode-i-the-phantom-menace,films,star-wars-episode-i-the-phantom-menace,Star Wars: The Phantom Menace (Episode I)
Characters,616b242df7407492a01ad05b,padme-amidala,Padmé Amidala,https://www.starwars.com/films/star-wars-episode-ii-attack-of-the-clones,films,star-wars-episode-ii-attack-of-the-clones,Star Wars: Attack of the Clones (Episode II)
Characters,616b242df7407492a01ad05b,padme-amidala,Padmé Amidala,https://www.starwars.com/films/star-wars-episode-iii-revenge-of-the-sith,films,star-wars-episode-iii-revenge-of-the-sith,Star Wars: Revenge of the Sith (Episode III)
Characters,616b242df7407492a01ad05b,padme-amidala,Padmé Amidala,https://www.starwars.com/series/star-wars-the-clone-wars,series,star-wars-the-clone-wars,Star Wars: The Clone Wars
Characters,616b242df7407492a01ad05b,padme-amidala,Padmé Amidala,https://www.starwars.com/series/tales-of-the-jedi,series,tales-of-the-jedi,Tales of the Jedi
Characters,616b2f4437d66492a01ad05b,paige-tico,Paige Tico,https://www.starwars.com/films/star-wars-episode-viii-the-last-jedi,films,star-wars-episode-viii-the-last-jedi,Star Wars: The Last Jedi (Episode VIII)
Characters,616b2fb72f611492a01ad05b,pammich-nerro-goode,Pammich Nerro Goode,https://www.starwars.com/films/star-wars-episode-viii-the-last-jedi,films,star-wars-episode-viii-the-last-jedi,Star Wars: The Last Jedi (Episode VIII)
Characters,616b2fb72f611492a01ad05b,pammich-nerro-goode,Pammich Nerro Goode,https://www.starwars.com/films/star-wars-episode-vii-the-force-awakens,films,star-wars-episode-vii-the-force-awakens,Star Wars: The Force Awakens (Episode VII)
Characters,616b2e65a9696492a01ad05b,pao,Pao,https://www.starwars.com/films/rogue-one,films,rogue-one,Rogue One: A Star Wars Story
Characters,616b2d660126b492a01ad05b,paploo,Paploo,https://www.starwars.com/films/star-wars-episode-vi-return-of-the-jedi,films,star-wars-episode-vi-return-of-the-jedi,Star Wars: Return of the Jedi (Episode VI)
Characters,616b2afb6bec1492a01ad05b,passel-argente,Passel Argente,https://www.starwars.com/films/star-wars-episode-ii-attack-of-the-clones,films,star-wars-episode-ii-attack-of-the-clones,Star Wars: Attack of the Clones (Episode II)
Characters,616b2afb6bec1492a01ad05b,passel-argente,Passel Argente,https://www.starwars.com/films/star-wars-episode-i-the-phantom-menace,films,star-wars-episode-i-the-phantom-menace,Star Wars: The Phantom Menace (Episode I)
Characters,616b2afb6bec1492a01ad05b,passel-argente,Passel Argente,https://www.starwars.com/films/star-wars-episode-iii-revenge-of-the-sith,films,star-wars-episode-iii-revenge-of-the-sith,Star Wars: Revenge of the Sith (Episode III)
Characters,616b33ca9bb1c492a01ad05b,paz-vizsla,Paz Vizsla,https://www.starwars.com/series/the-mandalorian,series,the-mandalorian,The Mandalorian
Characters,616b34309be6d492a01ad05b,pegla,Pegla,https://www.starwars.com/series/andor,series,andor,Andor
Characters,616b32c7df5fe492a01ad05b,peli-motto,Peli Motto,https://www.starwars.com/series/the-book-of-boba-fett,series,the-book-of-boba-fett,The Book of Boba Fett
Characters,616b32c7df5fe492a01ad05b,peli-motto,Peli Motto,https://www.starwars.com/series/the-mandalorian,series,the-mandalorian,The Mandalorian
Characters,616b33a7e5af9492a01ad05b,peli-motto-s-pit-droids,Peli Motto's pit droids,,,,
Characters,616b33a96d94c492a01ad05b,peli-motto-s-r5-d4,Peli Motto's R5-D4,,,,
Characters,616b2fa849a90492a01ad05b,pemmin-brunce,Pemmin Brunce,https://www.starwars.com/films/star-wars-episode-viii-the-last-jedi,films,star-wars-episode-viii-the-last-jedi,Star Wars: The Last Jedi (Episode VIII)
Characters,616b2ece6f049492a01ad05b,pendra-siliu,Pendra Siliu,https://www.starwars.com/films/rogue-one,films,rogue-one,Rogue One: A Star Wars Story
Characters,616b2cf21412b492a01ad05b,peppi-bow,Peppi Bow,https://www.starwars.com/series/star-wars-the-clone-wars,series,star-wars-the-clone-wars,Star Wars: The Clone Wars
Characters,616b343e6b808492a01ad05b,perrin-fertha,Perrin Fertha,https://www.starwars.com/series/andor,series,andor,Andor
Characters,616b2a36b2c75492a01ad05b,peteen,Peteen,https://www.starwars.com/series/star-wars-the-clone-wars,series,star-wars-the-clone-wars,Star Wars: The Clone Wars
Characters,616b286cb3664492a01ad05b,petro,Petro,https://www.starwars.com/series/star-wars-the-clone-wars,series,star-wars-the-clone-wars,Star Wars: The Clone Wars
Characters,616b2db8fb034492a01ad05b,petty-officer-thanisson,Petty Officer Thanisson,https://www.starwars.com/films/star-wars-episode-vii-the-force-awakens,films,star-wars-episode-vii-the-force-awakens,Star Wars: The Force Awakens (Episode VII)
Characters,616b349746165492a01ad05b,phee-genoa,Phee Genoa,https://www.starwars.com/series/star-wars-the-bad-batch,series,star-wars-the-bad-batch,Star Wars: The Bad Batch
Characters,616b325309c0d492a01ad05b,pintu,Pintu,https://www.starwars.com/series/star-wars-the-clone-wars,series,star-wars-the-clone-wars,Star Wars: The Clone Wars
Characters,6177f61f4f2a460d329f672d,pip,Pip,https://www.starwars.com/series/the-acolyte,series,the-acolyte,The Acolyte
Characters,616b286e442eb492a01ad05b,plo-koon,Plo Koon,https://www.starwars.com/films/star-wars-episode-ii-attack-of-the-clones,films,star-wars-episode-ii-attack-of-the-clones,Star Wars: Attack of the Clones (Episode II)
Characters,616b286e442eb492a01ad05b,plo-koon,Plo Koon,https://www.starwars.com/films/star-wars-episode-i-the-phantom-menace,films,star-wars-episode-i-the-phantom-menace,Star Wars: The Phantom Menace (Episode I)
Characters,616b286e442eb492a01ad05b,plo-koon,Plo Koon,https://www.starwars.com/films/star-wars-episode-iii-revenge-of-the-sith,films,star-wars-episode-iii-revenge-of-the-sith,Star Wars: Revenge of the Sith (Episode III)
Characters,616b286e442eb492a01ad05b,plo-koon,Plo Koon,https://www.starwars.com/series/star-wars-the-clone-wars,series,star-wars-the-clone-wars,Star Wars: The Clone Wars
Characters,616b28754f617492a01ad05b,pluma-sodi,Pluma Sodi,https://www.starwars.com/series/star-wars-the-clone-wars,series,star-wars-the-clone-wars,Star Wars: The Clone Wars
Characters,616b2c7f872c7492a01ad05b,po-nudo,Po Nudo,https://www.starwars.com/films/star-wars-episode-ii-attack-of-the-clones,films,star-wars-episode-ii-attack-of-the-clones,Star Wars: Attack of the Clones (Episode II)
Characters,616b2c7f872c7492a01ad05b,po-nudo,Po Nudo,https://www.starwars.com/films/star-wars-episode-iii-revenge-of-the-sith,films,star-wars-episode-iii-revenge-of-the-sith,Star Wars: Revenge of the Sith (Episode III)
Characters,616b2c7f872c7492a01ad05b,po-nudo,Po Nudo,https://www.starwars.com/films/star-wars-episode-i-the-phantom-menace,films,star-wars-episode-i-the-phantom-menace,Star Wars: The Phantom Menace (Episode I)
Characters,616b2b4ac8fe7492a01ad05b,poe-dameron,Poe Dameron,https://www.starwars.com/films/star-wars-episode-vii-the-force-awakens,films,star-wars-episode-vii-the-force-awakens,Star Wars: The Force Awakens (Episode VII)
Characters,616b2b4ac8fe7492a01ad05b,poe-dameron,Poe Dameron,https://www.starwars.com/films/star-wars-episode-ix-the-rise-of-skywalker,films,star-wars-episode-ix-the-rise-of-skywalker,Star Wars: The Rise of Skywalker (Episode IX)
Characters,616b2b4ac8fe7492a01ad05b,poe-dameron,Poe Dameron,https://www.starwars.com/films/star-wars-episode-viii-the-last-jedi,films,star-wars-episode-viii-the-last-jedi,Star Wars: The Last Jedi (Episode VIII)
Characters,616b2b4ac8fe7492a01ad05b,poe-dameron,Poe Dameron,https://www.starwars.com/series/star-wars-resistance,series,star-wars-resistance,Star Wars Resistance
Characters,616b2b4ac8fe7492a01ad05b,poe-dameron,Poe Dameron,,games-apps,x-wing-fighter-star-wars-arcade,X-wing Fighter - Star Wars Arcade
Characters,616b2b4ac8fe7492a01ad05b,poe-dameron,Poe Dameron,,games-apps,star-wars-puzzle-droid,Star Wars: Puzzle Droid
Characters,616b2876e995a492a01ad05b,poggle-the-lesser,Poggle the Lesser,https://www.starwars.com/films/star-wars-episode-ii-attack-of-the-clones,films,star-wars-episode-ii-attack-of-the-clones,Star Wars: Attack of the Clones (Episode II)
Characters,616b2876e995a492a01ad05b,poggle-the-lesser,Poggle the Lesser,https://www.starwars.com/films/star-wars-episode-iii-revenge-of-the-sith,films,star-wars-episode-iii-revenge-of-the-sith,Star Wars: Revenge of the Sith (Episode III)
Characters,616b2876e995a492a01ad05b,poggle-the-lesser,Poggle the Lesser,https://www.starwars.com/series/star-wars-the-clone-wars,series,star-wars-the-clone-wars,Star Wars: The Clone Wars
Characters,616b2a9d825b0492a01ad05b,ponda-baba,Ponda Baba,https://www.starwars.com/films/star-wars-episode-iv-a-new-hope,films,star-wars-episode-iv-a-new-hope,Star Wars: A New Hope (Episode IV)
Characters,616b2a9d825b0492a01ad05b,ponda-baba,Ponda Baba,https://www.starwars.com/films/rogue-one,films,rogue-one,Rogue One: A Star Wars Story
Characters,616b2dd14496a492a01ad05b,prashee-and-cratinus,Prashee and Cratinus,https://www.starwars.com/films/star-wars-episode-vii-the-force-awakens,films,star-wars-episode-vii-the-force-awakens,Star Wars: The Force Awakens (Episode VII)
Characters,616b2de250fa4492a01ad05b,praster-ommlen,Praster Ommlen,https://www.starwars.com/films/star-wars-episode-vii-the-force-awakens,films,star-wars-episode-vii-the-force-awakens,Star Wars: The Force Awakens (Episode VII)
Characters,616b317894dfb492a01ad05b,prauf,Prauf,https://www.starwars.com/games-apps/star-wars-jedi-fallen-order,games-apps,star-wars-jedi-fallen-order,Star Wars Jedi: Fallen Order
Characters,616b287c0479b492a01ad05b,pre-vizsla,Pre Vizsla,https://www.starwars.com/series/star-wars-the-clone-wars,series,star-wars-the-clone-wars,Star Wars: The Clone Wars
Characters,616b287fdf495492a01ad05b,preigo,Preigo,https://www.starwars.com/series/star-wars-the-clone-wars,series,star-wars-the-clone-wars,Star Wars: The Clone Wars
Characters,616b329aa0d2e492a01ad05b,priestess,Priestess,https://www.starwars.com/interactive/virtual-reality/vader-immortal-episode-ii,interactive,virtual-reality,Vader Immortal: Episode II
Characters,616b329aa0d2e492a01ad05b,priestess,Priestess,https://www.starwars.com/interactive/virtual-reality/vader-immortal-episode-i,interactive,virtual-reality,Vader Immortal: Episode I
Characters,616b329aa0d2e492a01ad05b,priestess,Priestess,https://www.starwars.com/interactive/virtual-reality/vader-immortal-episode-iii,interactive,virtual-reality,Vader Immortal: Episode III
Characters,616b2883ae2d0492a01ad05b,prime-minister-almec,Prime Minister Almec,https://www.starwars.com/series/star-wars-the-clone-wars,series,star-wars-the-clone-wars,Star Wars: The Clone Wars
Characters,616b28854eb52492a01ad05b,prince-lee-char,Prince Lee-Char,https://www.starwars.com/series/star-wars-the-clone-wars,series,star-wars-the-clone-wars,Star Wars: The Clone Wars
Characters,616b2886f57b8492a01ad05b,professor-huyang,Professor Huyang,https://www.starwars.com/series/star-wars-the-clone-wars,series,star-wars-the-clone-wars,Star Wars: The Clone Wars
Characters,616b2886f57b8492a01ad05b,professor-huyang,Professor Huyang,https://www.starwars.com/series/star-wars-ahsoka,series,star-wars-ahsoka,Ahsoka
Characters,616b2ddf28d1a492a01ad05b,pru-sweevant,Pru Sweevant,https://www.starwars.com/films/star-wars-episode-vii-the-force-awakens,films,star-wars-episode-vii-the-force-awakens,Star Wars: The Force Awakens (Episode VII)
Characters,616b33c08732c492a01ad05b,pyke-boss,Pyke Boss,https://www.starwars.com/series/the-book-of-boba-fett,series,the-book-of-boba-fett,The Book of Boba Fett
Characters,616b33c208e9d492a01ad05b,pyke-guard,Pyke Guard,https://www.starwars.com/series/the-book-of-boba-fett,series,the-book-of-boba-fett,The Book of Boba Fett
Characters,616b32661ace5492a01ad05b,pyke-torture-droid,Pyke torture droid,https://www.starwars.com/series/star-wars-the-clone-wars,series,star-wars-the-clone-wars,Star Wars: The Clone Wars
Characters,616b2c4c49bcc492a01ad05b,pypey,Pypey,https://www.starwars.com/series/star-wars-rebels,series,star-wars-rebels,Star Wars Rebels
Characters,616b2b8fc0e05492a01ad05b,pz-4co-peazy-fourseeo,PZ-4CO (Peazy-Fourseeo),https://www.starwars.com/films/star-wars-episode-viii-the-last-jedi,films,star-wars-episode-viii-the-last-jedi,Star Wars: The Last Jedi (Episode VIII)
Characters,616b2b8fc0e05492a01ad05b,pz-4co-peazy-fourseeo,PZ-4CO (Peazy-Fourseeo),https://www.starwars.com/films/star-wars-episode-vii-the-force-awakens,films,star-wars-episode-vii-the-force-awakens,Star Wars: The Force Awakens (Episode VII)
Characters,616b3292be394492a01ad05b,q9-0-zero,Q9-0 (Zero),https://www.starwars.com/series/the-mandalorian,series,the-mandalorian,The Mandalorian
Characters,616b2fd84a999492a01ad05b,qi-ra,Qi'ra,https://www.starwars.com/films/solo,films,solo,Solo: A Star Wars Story
Characters,616b2fd84a999492a01ad05b,qi-ra,Qi'ra,https://www.starwars.com/games-apps/star-wars-pinball-solo-a-star-wars-story,games-apps,star-wars-pinball-solo-a-star-wars-story,Star Wars Pinball: Solo: A Star Wars Story
Characters,616b32cf1253b492a01ad05b,qin,Qin,https://www.starwars.com/series/the-mandalorian,series,the-mandalorian,The Mandalorian
Characters,616b288892207492a01ad05b,qt-kt,QT-KT,https://www.starwars.com/series/star-wars-the-clone-wars,series,star-wars-the-clone-wars,Star Wars: The Clone Wars
Characters,616b2c297ef05492a01ad05b,quarrie,Quarrie,https://www.starwars.com/series/star-wars-rebels,series,star-wars-rebels,Star Wars Rebels
Characters,616b3025581ec492a01ad05b,quay-tolsite,Quay Tolsite,https://www.starwars.com/films/solo,films,solo,Solo: A Star Wars Story
Characters,616b2c935ccf8492a01ad05b,queen-apailana,Queen Apailana,https://www.starwars.com/films/star-wars-episode-iii-revenge-of-the-sith,films,star-wars-episode-iii-revenge-of-the-sith,Star Wars: Revenge of the Sith (Episode III)
Characters,616b2c60991f2492a01ad05b,queen-breha-organa,Queen Breha Organa,https://www.starwars.com/films/star-wars-episode-iii-revenge-of-the-sith,films,star-wars-episode-iii-revenge-of-the-sith,Star Wars: Revenge of the Sith (Episode III)
Characters,616b2be528480492a01ad05b,queen-jamillia,Queen Jamillia,https://www.starwars.com/films/star-wars-episode-ii-attack-of-the-clones,films,star-wars-episode-ii-attack-of-the-clones,Star Wars: Attack of the Clones (Episode II)
Characters,616b2a38a025a492a01ad05b,queen-julia,Queen Julia,https://www.starwars.com/series/star-wars-the-clone-wars,series,star-wars-the-clone-wars,Star Wars: The Clone Wars
Characters,616b288a3b856492a01ad05b,queen-karina-the-great,Queen Karina the Great,https://www.starwars.com/series/star-wars-the-clone-wars,series,star-wars-the-clone-wars,Star Wars: The Clone Wars
Characters,616b288be7d17492a01ad05b,queen-miraj-scintel,Queen Miraj Scintel,https://www.starwars.com/series/star-wars-the-clone-wars,series,star-wars-the-clone-wars,Star Wars: The Clone Wars
Characters,616b288da7da4492a01ad05b,queen-neeyutnee,Queen Neeyutnee,https://www.starwars.com/series/star-wars-the-clone-wars,series,star-wars-the-clone-wars,Star Wars: The Clone Wars
Characters,616b2435cc981492a01ad05b,qui-gon-jinn,Qui-Gon Jinn,https://www.starwars.com/films/star-wars-episode-i-the-phantom-menace,films,star-wars-episode-i-the-phantom-menace,Star Wars: The Phantom Menace (Episode I)
Characters,616b2435cc981492a01ad05b,qui-gon-jinn,Qui-Gon Jinn,https://www.starwars.com/series/obi-wan-kenobi,series,obi-wan-kenobi,Obi-Wan Kenobi
Characters,616b2435cc981492a01ad05b,qui-gon-jinn,Qui-Gon Jinn,https://www.starwars.com/series/star-wars-the-clone-wars,series,star-wars-the-clone-wars,Star Wars: The Clone Wars
Characters,616b2435cc981492a01ad05b,qui-gon-jinn,Qui-Gon Jinn,https://www.starwars.com/series/tales-of-the-jedi,series,tales-of-the-jedi,Tales of the Jedi
Characters,616b2daaa35f4492a01ad05b,quiggold,Quiggold,https://www.starwars.com/films/star-wars-episode-vii-the-force-awakens,films,star-wars-episode-vii-the-force-awakens,Star Wars: The Force Awakens (Episode VII)
Characters,616b288f54a5d492a01ad05b,quinlan-vos,Quinlan Vos,https://www.starwars.com/films/star-wars-episode-i-the-phantom-menace,films,star-wars-episode-i-the-phantom-menace,Star Wars: The Phantom Menace (Episode I)
Characters,616b288f54a5d492a01ad05b,quinlan-vos,Quinlan Vos,https://www.starwars.com/series/star-wars-the-clone-wars,series,star-wars-the-clone-wars,Star Wars: The Clone Wars
Characters,616b2ebe9aacf492a01ad05b,r2-bhd-tooby,R2-BHD (Tooby),https://www.starwars.com/films/rogue-one,films,rogue-one,Rogue One: A Star Wars Story
Characters,616b243d6c5f6492a01ad05b,r2-d2,R2-D2,https://www.starwars.com/films/star-wars-episode-vii-the-force-awakens,films,star-wars-episode-vii-the-force-awakens,Star Wars: The Force Awakens (Episode VII)
Characters,616b243d6c5f6492a01ad05b,r2-d2,R2-D2,https://www.starwars.com/films/star-wars-episode-iv-a-new-hope,films,star-wars-episode-iv-a-new-hope,Star Wars: A New Hope (Episode IV)
Characters,616b243d6c5f6492a01ad05b,r2-d2,R2-D2,https://www.starwars.com/films/rogue-one,films,rogue-one,Rogue One: A Star Wars Story
Characters,616b243d6c5f6492a01ad05b,r2-d2,R2-D2,https://www.starwars.com/films/star-wars-episode-v-the-empire-strikes-back,films,star-wars-episode-v-the-empire-strikes-back,Star Wars: The Empire Strikes Back (Episode V)
Characters,616b243d6c5f6492a01ad05b,r2-d2,R2-D2,https://www.starwars.com/films/star-wars-episode-ii-attack-of-the-clones,films,star-wars-episode-ii-attack-of-the-clones,Star Wars: Attack of the Clones (Episode II)
Characters,616b243d6c5f6492a01ad05b,r2-d2,R2-D2,https://www.starwars.com/films/star-wars-episode-vi-return-of-the-jedi,films,star-wars-episode-vi-return-of-the-jedi,Star Wars: Return of the Jedi (Episode VI)
Characters,616b243d6c5f6492a01ad05b,r2-d2,R2-D2,https://www.starwars.com/films/star-wars-episode-ix-the-rise-of-skywalker,films,star-wars-episode-ix-the-rise-of-skywalker,Star Wars: The Rise of Skywalker (Episode IX)
Characters,616b243d6c5f6492a01ad05b,r2-d2,R2-D2,https://www.starwars.com/films/star-wars-episode-i-the-phantom-menace,films,star-wars-episode-i-the-phantom-menace,Star Wars: The Phantom Menace (Episode I)
Characters,616b243d6c5f6492a01ad05b,r2-d2,R2-D2,https://www.starwars.com/films/star-wars-episode-viii-the-last-jedi,films,star-wars-episode-viii-the-last-jedi,Star Wars: The Last Jedi (Episode VIII)
Characters,616b243d6c5f6492a01ad05b,r2-d2,R2-D2,https://www.starwars.com/films/star-wars-episode-iii-revenge-of-the-sith,films,star-wars-episode-iii-revenge-of-the-sith,Star Wars: Revenge of the Sith (Episode III)
Characters,616b243d6c5f6492a01ad05b,r2-d2,R2-D2,https://www.starwars.com/series/the-book-of-boba-fett,series,the-book-of-boba-fett,The Book of Boba Fett
Characters,616b243d6c5f6492a01ad05b,r2-d2,R2-D2,https://www.starwars.com/series/obi-wan-kenobi,series,obi-wan-kenobi,Obi-Wan Kenobi
Characters,616b243d6c5f6492a01ad05b,r2-d2,R2-D2,https://www.starwars.com/series/star-wars-the-clone-wars,series,star-wars-the-clone-wars,Star Wars: The Clone Wars
Characters,616b243d6c5f6492a01ad05b,r2-d2,R2-D2,https://www.starwars.com/series/star-wars-rebels,series,star-wars-rebels,Star Wars Rebels
Characters,616b243d6c5f6492a01ad05b,r2-d2,R2-D2,https://www.starwars.com/series/the-mandalorian,series,the-mandalorian,The Mandalorian
Characters,616b243d6c5f6492a01ad05b,r2-d2,R2-D2,,games-apps,star-wars-arcade,Star Wars Arcade
Characters,616b243d6c5f6492a01ad05b,r2-d2,R2-D2,,games-apps,yoda-s-jedi-training-star-wars-arcade,Yoda's Jedi Training - Star Wars Arcade
Characters,616b243d6c5f6492a01ad05b,r2-d2,R2-D2,,games-apps,a-sticker-book-far-far-away,"A Sticker Book Far, Far Away"
Characters,616b243d6c5f6492a01ad05b,r2-d2,R2-D2,,games-apps,team-tactics-star-wars-arcade,Team Tactics - Star Wars Arcade
Characters,616b31388c7d5492a01ad05b,r23-x9,R23-X9,https://www.starwars.com/series/star-wars-resistance,series,star-wars-resistance,Star Wars Resistance
Characters,616b2e4e0b598492a01ad05b,r3-a3,R3-A3,https://www.starwars.com/series/star-wars-rebels,series,star-wars-rebels,Star Wars Rebels
Characters,616b2ec081968492a01ad05b,r3-s1,R3-S1,https://www.starwars.com/films/rogue-one,films,rogue-one,Rogue One: A Star Wars Story
Characters,616b2895c40c7492a01ad05b,r3-s6,R3-S6,https://www.starwars.com/series/star-wars-the-clone-wars,series,star-wars-the-clone-wars,Star Wars: The Clone Wars
Characters,616b3101c2b3e492a01ad05b,r4-d12,R4-D12,https://www.starwars.com/series/star-wars-resistance,series,star-wars-resistance,Star Wars Resistance
Characters,616b313b73ae6492a01ad05b,r4-g77,R4-G77,https://www.starwars.com/series/star-wars-resistance,series,star-wars-resistance,Star Wars Resistance
Characters,616b2bb8eda3d492a01ad05b,r4-p17,R4-P17,https://www.starwars.com/films/star-wars-episode-ii-attack-of-the-clones,films,star-wars-episode-ii-attack-of-the-clones,Star Wars: Attack of the Clones (Episode II)
Characters,616b2bb8eda3d492a01ad05b,r4-p17,R4-P17,https://www.starwars.com/films/star-wars-episode-iii-revenge-of-the-sith,films,star-wars-episode-iii-revenge-of-the-sith,Star Wars: Revenge of the Sith (Episode III)
Characters,616b2bb8eda3d492a01ad05b,r4-p17,R4-P17,https://www.starwars.com/series/star-wars-the-clone-wars,series,star-wars-the-clone-wars,Star Wars: The Clone Wars
Characters,616b2afe8c740492a01ad05b,r5-d4,R5-D4,https://www.starwars.com/films/star-wars-episode-iv-a-new-hope,films,star-wars-episode-iv-a-new-hope,Star Wars: A New Hope (Episode IV)
Characters,616b313719736492a01ad05b,r5-g9,R5-G9,https://www.starwars.com/series/star-wars-resistance,series,star-wars-resistance,Star Wars Resistance
Characters,616b3270d6acb492a01ad05b,r7-a7,R7-A7,https://www.starwars.com/series/star-wars-the-bad-batch,series,star-wars-the-bad-batch,Star Wars: The Bad Batch
Characters,616b3270d6acb492a01ad05b,r7-a7,R7-A7,https://www.starwars.com/series/star-wars-the-clone-wars,series,star-wars-the-clone-wars,Star Wars: The Clone Wars
Characters,616b32a70e7c2492a01ad05b,rae-sloane,Rae Sloane,https://www.starwars.com/games-apps/star-wars-squadrons,games-apps,star-wars-squadrons,Star Wars: Squadrons
Characters,616b324c3df41492a01ad05b,rafa,Rafa ,https://www.starwars.com/series/star-wars-the-bad-batch,series,star-wars-the-bad-batch,Star Wars: The Bad Batch
Characters,616b324c3df41492a01ad05b,rafa,Rafa ,https://www.starwars.com/series/star-wars-the-clone-wars,series,star-wars-the-clone-wars,Star Wars: The Clone Wars
Characters,616b2e32d3555492a01ad05b,rake-gahree,Rake Gahree,https://www.starwars.com/series/star-wars-rebels,series,star-wars-rebels,Star Wars Rebels
Characters,616b2897504ed492a01ad05b,rako-hardeen,Rako Hardeen,https://www.starwars.com/series/star-wars-the-clone-wars,series,star-wars-the-clone-wars,Star Wars: The Clone Wars
Characters,616b330841194492a01ad05b,ram-jomaram,Ram Jomaram ,https://www.starwars.com/the-high-republic,,,Star Wars: The High Republic
Characters,616b248b1dc43492a01ad05b,rancor,Rancor,https://www.starwars.com/films/star-wars-episode-vi-return-of-the-jedi,films,star-wars-episode-vi-return-of-the-jedi,Star Wars: Return of the Jedi (Episode VI)
Characters,616b248b1dc43492a01ad05b,rancor,Rancor,https://www.starwars.com/series/the-book-of-boba-fett,series,the-book-of-boba-fett,The Book of Boba Fett
Characters,616b248b1dc43492a01ad05b,rancor,Rancor,https://www.starwars.com/series/star-wars-the-bad-batch,series,star-wars-the-bad-batch,Star Wars: The Bad Batch
Characters,616b248b1dc43492a01ad05b,rancor,Rancor,https://www.starwars.com/series/star-wars-the-clone-wars,series,star-wars-the-clone-wars,Star Wars: The Clone Wars
Characters,616b33c91822a492a01ad05b,rancor-keeper,Rancor keeper,https://www.starwars.com/series/the-book-of-boba-fett,series,the-book-of-boba-fett,The Book of Boba Fett
Characters,616b333cb09cb492a01ad05b,raney,Raney,https://www.starwars.com/series/star-wars-the-bad-batch,series,star-wars-the-bad-batch,Star Wars: The Bad Batch
Characters,616b32ccb8640492a01ad05b,ranzar-ran-malk,"Ranzar ""Ran"" Malk",https://www.starwars.com/series/the-mandalorian,series,the-mandalorian,The Mandalorian
Characters,616b2aea16a9b492a01ad05b,rappertunie,Rappertunie,https://www.starwars.com/films/star-wars-episode-vi-return-of-the-jedi,films,star-wars-episode-vi-return-of-the-jedi,Star Wars: Return of the Jedi (Episode VI)
Characters,616b333526d7f492a01ad05b,raspar-six,Raspar Six,https://www.starwars.com/series/star-wars-the-bad-batch,series,star-wars-the-bad-batch,Star Wars: The Bad Batch
Characters,616b289904a76492a01ad05b,ratts-tyerell,Ratts Tyerell,https://www.starwars.com/films/star-wars-episode-i-the-phantom-menace,films,star-wars-episode-i-the-phantom-menace,Star Wars: The Phantom Menace (Episode I)
Characters,616b2dedf1cf1492a01ad05b,razoo-qin-fee,Razoo Qin-Fee,https://www.starwars.com/films/star-wars-episode-vii-the-force-awakens,films,star-wars-episode-vii-the-force-awakens,Star Wars: The Force Awakens (Episode VII)
Characters,616b330960baf492a01ad05b,reath-silas,Reath Silas,https://www.starwars.com/the-high-republic,,,Star Wars: The High Republic
Characters,616b306426ecf492a01ad05b,rebolt,Rebolt,https://www.starwars.com/films/solo,films,solo,Solo: A Star Wars Story
Characters,616b32ac43c5c492a01ad05b,rella-sol,Rella Sol,https://www.starwars.com/games-apps/star-wars-squadrons,games-apps,star-wars-squadrons,Star Wars: Squadrons
Characters,616b340f9b5ad492a01ad05b,reva-third-sister,Reva (Third Sister),,,,
Characters,616b2b6181af8492a01ad05b,rey,Rey,https://www.starwars.com/films/star-wars-episode-viii-the-last-jedi,films,star-wars-episode-viii-the-last-jedi,Star Wars: The Last Jedi (Episode VIII)
Characters,616b2b6181af8492a01ad05b,rey,Rey,https://www.starwars.com/films/star-wars-episode-vii-the-force-awakens,films,star-wars-episode-vii-the-force-awakens,Star Wars: The Force Awakens (Episode VII)
Characters,616b2b6181af8492a01ad05b,rey,Rey,https://www.starwars.com/films/star-wars-episode-ix-the-rise-of-skywalker,films,star-wars-episode-ix-the-rise-of-skywalker,Star Wars: The Rise of Skywalker (Episode IX)
Characters,616b2b6181af8492a01ad05b,rey,Rey,,Appearances,star-wars-forces-of-destiny,Star Wars: Forces of Destiny
Characters,616b2b6181af8492a01ad05b,rey,Rey,,games-apps,star-wars-puzzle-droid,Star Wars: Puzzle Droid
Characters,616b2b6181af8492a01ad05b,rey,Rey,,games-apps,jedi-mind-match,Jedi Mind Match
Characters,616b289ae9996492a01ad05b,ric-olie,Ric Olie,https://www.starwars.com/films/star-wars-episode-i-the-phantom-menace,films,star-wars-episode-i-the-phantom-menace,Star Wars: The Phantom Menace (Episode I)
Characters,616b3377ecbe0492a01ad05b,rieve,Rieve,,games-apps,star-wars-hunters,Star Wars: Hunters
Characters,616b289ce05f6492a01ad05b,riff-tamson,Riff Tamson,https://www.starwars.com/series/star-wars-the-clone-wars,series,star-wars-the-clone-wars,Star Wars: The Clone Wars
Characters,616b2a49c7208492a01ad05b,rig-nema,Rig Nema,https://www.starwars.com/series/star-wars-the-clone-wars,series,star-wars-the-clone-wars,Star Wars: The Clone Wars
Characters,616b2fdf6c06d492a01ad05b,rio-durant,Rio Durant,https://www.starwars.com/films/solo,films,solo,Solo: A Star Wars Story
Characters,616b289f0d92f492a01ad05b,rish-loo,Rish Loo,https://www.starwars.com/series/star-wars-the-clone-wars,series,star-wars-the-clone-wars,Star Wars: The Clone Wars
Characters,616b28a09c7c7492a01ad05b,riyo-chuchi,Riyo Chuchi,https://www.starwars.com/series/star-wars-the-clone-wars,series,star-wars-the-clone-wars,Star Wars: The Clone Wars
Characters,616b28a09c7c7492a01ad05b,riyo-chuchi,Riyo Chuchi,https://www.starwars.com/series/star-wars-the-bad-batch,series,star-wars-the-bad-batch,Star Wars: The Bad Batch
Characters,616b2afd06932492a01ad05b,robonino,Robonino,https://www.starwars.com/series/star-wars-the-clone-wars,series,star-wars-the-clone-wars,Star Wars: The Clone Wars
Characters,616b335e801d0492a01ad05b,roland-durand,Roland Durand,https://www.starwars.com/series/star-wars-the-bad-batch,series,star-wars-the-bad-batch,Star Wars: The Bad Batch
Characters,616b31212c661492a01ad05b,rolt,Rolt,https://www.starwars.com/series/star-wars-resistance,series,star-wars-resistance,Star Wars Resistance
Characters,616b34abed172492a01ad05b,romar-adell,Romar Adell,https://www.starwars.com/series/star-wars-the-bad-batch,series,star-wars-the-bad-batch,Star Wars: The Bad Batch
Characters,616b2eeddf5f7492a01ad05b,rose-tico,Rose Tico,https://www.starwars.com/films/star-wars-episode-ix-the-rise-of-skywalker,films,star-wars-episode-ix-the-rise-of-skywalker,Star Wars: The Rise of Skywalker (Episode IX)
Characters,616b2eeddf5f7492a01ad05b,rose-tico,Rose Tico,https://www.starwars.com/films/star-wars-episode-viii-the-last-jedi,films,star-wars-episode-viii-the-last-jedi,Star Wars: The Last Jedi (Episode VIII)
Characters,616b28a590b14492a01ad05b,rotta-the-huttlet,Rotta the Huttlet,https://www.starwars.com/series/star-wars-the-clone-wars,series,star-wars-the-clone-wars,Star Wars: The Clone Wars
Characters,616b336043df2492a01ad05b,ruby,Ruby,https://www.starwars.com/series/star-wars-the-bad-batch,series,star-wars-the-bad-batch,Star Wars: The Bad Batch
Characters,616b3472d5e2e492a01ad05b,ruescott-melshi,Ruescott Melshi,https://www.starwars.com/series/andor,series,andor,Andor
Characters,616b2f172a1f3492a01ad05b,rukh,Rukh,https://www.starwars.com/series/star-wars-rebels,series,star-wars-rebels,Star Wars Rebels
Characters,616b2d17164e8492a01ad05b,rumi-paramita,Rumi Paramita,https://www.starwars.com/series/star-wars-the-clone-wars,series,star-wars-the-clone-wars,Star Wars: The Clone Wars
Characters,616b3493558d2492a01ad05b,runai-sculdun,Runai Sculdun,https://www.starwars.com/series/andor,series,andor,Andor
Characters,616b28a723251492a01ad05b,rune-haako,Rune Haako,https://www.starwars.com/films/star-wars-episode-iii-revenge-of-the-sith,films,star-wars-episode-iii-revenge-of-the-sith,Star Wars: Revenge of the Sith (Episode III)
Characters,616b28a723251492a01ad05b,rune-haako,Rune Haako,https://www.starwars.com/films/star-wars-episode-ii-attack-of-the-clones,films,star-wars-episode-ii-attack-of-the-clones,Star Wars: Attack of the Clones (Episode II)
Characters,616b28a723251492a01ad05b,rune-haako,Rune Haako,https://www.starwars.com/films/star-wars-episode-i-the-phantom-menace,films,star-wars-episode-i-the-phantom-menace,Star Wars: The Phantom Menace (Episode I)
Characters,616b28a8eb1a2492a01ad05b,rush-clovis,Rush Clovis,https://www.starwars.com/series/star-wars-the-clone-wars,series,star-wars-the-clone-wars,Star Wars: The Clone Wars
Characters,616b28acf7bdc492a01ad05b,russo-isc,Russo-ISC,https://www.starwars.com/series/star-wars-the-clone-wars,series,star-wars-the-clone-wars,Star Wars: The Clone Wars
Characters,616b298946f64492a01ad05b,rx-24-pilot-droid,RX-24 Pilot Droid,https://www.starwars.com/series/star-wars-rebels,series,star-wars-rebels,Star Wars Rebels
Characters,616b2c8492bdc492a01ad05b,ryder-azadi,Ryder Azadi,https://www.starwars.com/series/star-wars-rebels,series,star-wars-rebels,Star Wars Rebels
Characters,616b2c8492bdc492a01ad05b,ryder-azadi,Ryder Azadi,https://www.starwars.com/series/star-wars-ahsoka,series,star-wars-ahsoka,Ahsoka
Characters,616b2af2c6469492a01ad05b,rystall-sant,Rystáll Sant,https://www.starwars.com/films/star-wars-episode-vi-return-of-the-jedi,films,star-wars-episode-vi-return-of-the-jedi,Star Wars: Return of the Jedi (Episode VI)
Characters,616b28b04537a492a01ad05b,sabine-wren,Sabine Wren,https://www.starwars.com/series/star-wars-rebels,series,star-wars-rebels,Star Wars Rebels
Characters,616b28b04537a492a01ad05b,sabine-wren,Sabine Wren,https://www.starwars.com/series/star-wars-ahsoka,series,star-wars-ahsoka,Ahsoka
Characters,616b28b04537a492a01ad05b,sabine-wren,Sabine Wren,,games-apps,star-wars-rebels-rebel-strike,Star Wars Rebels - Rebel Strike
Characters,616b28b04537a492a01ad05b,sabine-wren,Sabine Wren,,games-apps,star-wars-rebels-special-ops,Star Wars Rebels: Special Ops
Characters,616b28b04537a492a01ad05b,sabine-wren,Sabine Wren,,games-apps,disney-infinity-3-0-character-quest,Disney Infinity 3.0 - Character Quest
Characters,616b28b04537a492a01ad05b,sabine-wren,Sabine Wren,,games-apps,star-wars-rebels-strike-missions,Star Wars Rebels - Strike Missions
Characters,616b28b04537a492a01ad05b,sabine-wren,Sabine Wren,,games-apps,star-wars-rebels-ghost-raid,Star Wars Rebels: Ghost Raid
Characters,616b28b04537a492a01ad05b,sabine-wren,Sabine Wren,,games-apps,team-tactics-star-wars-arcade,Team Tactics - Star Wars Arcade
Characters,616b28ae799ae492a01ad05b,sabe,Sabé,https://www.starwars.com/films/star-wars-episode-i-the-phantom-menace,films,star-wars-episode-i-the-phantom-menace,Star Wars: The Phantom Menace (Episode I)
Characters,616b28b983131492a01ad05b,saesee-tiin,Saesee Tiin,https://www.starwars.com/films/star-wars-episode-ii-attack-of-the-clones,films,star-wars-episode-ii-attack-of-the-clones,Star Wars: Attack of the Clones (Episode II)
Characters,616b28b983131492a01ad05b,saesee-tiin,Saesee Tiin,https://www.starwars.com/films/star-wars-episode-iii-revenge-of-the-sith,films,star-wars-episode-iii-revenge-of-the-sith,Star Wars: Revenge of the Sith (Episode III)
Characters,616b28b983131492a01ad05b,saesee-tiin,Saesee Tiin,https://www.starwars.com/films/star-wars-episode-i-the-phantom-menace,films,star-wars-episode-i-the-phantom-menace,Star Wars: The Phantom Menace (Episode I)
Characters,616b28b983131492a01ad05b,saesee-tiin,Saesee Tiin,https://www.starwars.com/series/star-wars-the-clone-wars,series,star-wars-the-clone-wars,Star Wars: The Clone Wars
Characters,616b3082ed5e9492a01ad05b,sagwa,Sagwa,https://www.starwars.com/films/solo,films,solo,Solo: A Star Wars Story
Characters,616b2a1bc3644492a01ad05b,salacious-b-crumb,Salacious B. Crumb,https://www.starwars.com/films/star-wars-episode-vi-return-of-the-jedi,films,star-wars-episode-vi-return-of-the-jedi,Star Wars: Return of the Jedi (Episode VI)
Characters,616b3434a0096492a01ad05b,salman-paak,Salman Paak,https://www.starwars.com/series/andor,series,andor,Andor
Characters,616b38756ad89492a01ad05b,sami,Sami,https://www.starwars.com/series/star-wars-the-bad-batch,series,star-wars-the-bad-batch,Star Wars: The Bad Batch
Characters,616b2be6cdd3a492a01ad05b,san-hill,San Hill,https://www.starwars.com/films/star-wars-episode-ii-attack-of-the-clones,films,star-wars-episode-ii-attack-of-the-clones,Star Wars: Attack of the Clones (Episode II)
Characters,616b2be6cdd3a492a01ad05b,san-hill,San Hill,https://www.starwars.com/films/star-wars-episode-iii-revenge-of-the-sith,films,star-wars-episode-iii-revenge-of-the-sith,Star Wars: Revenge of the Sith (Episode III)
Characters,616b32fb18509492a01ad05b,sana-starros,Sana Starros,,,,
Characters,616b2bb1046d3492a01ad05b,saponza,Saponza,,games-apps,star-wars-commander,Star Wars: Commander
Characters,616b2b85b52af492a01ad05b,sarco-plank,Sarco Plank,https://www.starwars.com/films/star-wars-episode-vii-the-force-awakens,films,star-wars-episode-vii-the-force-awakens,Star Wars: The Force Awakens (Episode VII)
Characters,616b28bb4a87b492a01ad05b,savage-opress,Savage Opress,https://www.starwars.com/series/star-wars-the-clone-wars,series,star-wars-the-clone-wars,Star Wars: The Clone Wars
Characters,616b28c29d280492a01ad05b,saw-gerrera,Saw Gerrera,https://www.starwars.com/films/rogue-one,films,rogue-one,Rogue One: A Star Wars Story
Characters,616b28c29d280492a01ad05b,saw-gerrera,Saw Gerrera,https://www.starwars.com/series/star-wars-the-clone-wars,series,star-wars-the-clone-wars,Star Wars: The Clone Wars
Characters,616b28c29d280492a01ad05b,saw-gerrera,Saw Gerrera,https://www.starwars.com/series/star-wars-the-bad-batch,series,star-wars-the-bad-batch,Star Wars: The Bad Batch
Characters,616b28c29d280492a01ad05b,saw-gerrera,Saw Gerrera,https://www.starwars.com/series/star-wars-rebels,series,star-wars-rebels,Star Wars Rebels
Characters,616b28c29d280492a01ad05b,saw-gerrera,Saw Gerrera,https://www.starwars.com/series/andor,series,andor,Andor
Characters,616b313cf2594492a01ad05b,sc-x2,SC-X2,https://www.starwars.com/series/star-wars-resistance,series,star-wars-resistance,Star Wars Resistance
Characters,616b2ed36780a492a01ad05b,se-2-essie,SE-2 (Essie),https://www.starwars.com/films/rogue-one,films,rogue-one,Rogue One: A Star Wars Story
Characters,616b28c70c4e1492a01ad05b,sebulba,Sebulba,https://www.starwars.com/films/star-wars-episode-i-the-phantom-menace,films,star-wars-episode-i-the-phantom-menace,Star Wars: The Phantom Menace (Episode I)
Characters,616b31480d9e7492a01ad05b,second-sister,Second Sister,https://www.starwars.com/games-apps/star-wars-jedi-fallen-order,games-apps,star-wars-jedi-fallen-order,Star Wars Jedi: Fallen Order
Characters,616b2f2035c05492a01ad05b,seevor,Seevor,https://www.starwars.com/series/star-wars-rebels,series,star-wars-rebels,Star Wars Rebels
Characters,616b34d9e61df492a01ad05b,seezelslak,Seezelslak,https://www.starwars.com/games-apps/star-wars-tales-from-the-galaxy-s-edge,games-apps,star-wars-tales-from-the-galaxy-s-edge,Star Wars: Tales from the Galaxy's Edge
Characters,616b33523199b492a01ad05b,senator-avi-singh,Senator Avi Singh,https://www.starwars.com/series/star-wars-the-bad-batch,series,star-wars-the-bad-batch,Star Wars: The Bad Batch
Characters,616b34ca4f3f9492a01ad05b,senator-gani-riduli,Senator Gani Riduli,https://www.starwars.com/series/star-wars-the-bad-batch,series,star-wars-the-bad-batch,Star Wars: The Bad Batch
Characters,61c3262b2736ef7e7cd427e3,senator-isedwa-chuwant,Senator Isedwa Chuwant,https://www.starwars.com/series/the-acolyte,series,the-acolyte,The Acolyte
Characters,616b2e94c62f8492a01ad05b,senator-nower-jebel,Senator Nower Jebel,https://www.starwars.com/films/rogue-one,films,rogue-one,Rogue One: A Star Wars Story
Characters,61d4f4bd59a1537fa31dc7ab,senator-rayencourt,Senator Rayencourt,https://www.starwars.com/series/the-acolyte,series,the-acolyte,The Acolyte
Characters,616b2e933ba1d492a01ad05b,senator-tynnra-pamlo,Senator Tynnra Pamlo,https://www.starwars.com/films/rogue-one,films,rogue-one,Rogue One: A Star Wars Story
Characters,616b2e96626e2492a01ad05b,senator-vasp-vaspar,Senator Vasp Vaspar,https://www.starwars.com/films/rogue-one,films,rogue-one,Rogue One: A Star Wars Story
Characters,616b337491945492a01ad05b,sentinel,Sentinel,,games-apps,star-wars-hunters,Star Wars: Hunters
Characters,616b30d868c61492a01ad05b,service-droid,Service Droid,https://www.starwars.com/series/star-wars-resistance,series,star-wars-resistance,Star Wars Resistance
Characters,616b2c12f2424492a01ad05b,seventh-sister-inquisitor,Seventh Sister Inquisitor,https://www.starwars.com/series/star-wars-rebels,series,star-wars-rebels,Star Wars Rebels
Characters,616b28cd65088492a01ad05b,shaak-ti,Shaak Ti,https://www.starwars.com/films/star-wars-episode-ii-attack-of-the-clones,films,star-wars-episode-ii-attack-of-the-clones,Star Wars: Attack of the Clones (Episode II)
Characters,616b28cd65088492a01ad05b,shaak-ti,Shaak Ti,https://www.starwars.com/films/star-wars-episode-iii-revenge-of-the-sith,films,star-wars-episode-iii-revenge-of-the-sith,Star Wars: Revenge of the Sith (Episode III)
Characters,616b28cd65088492a01ad05b,shaak-ti,Shaak Ti,https://www.starwars.com/series/star-wars-the-clone-wars,series,star-wars-the-clone-wars,Star Wars: The Clone Wars
Characters,616b33260afa1492a01ad05b,shaeeah-lawquane,Shaeeah Lawquane,https://www.starwars.com/series/star-wars-the-clone-wars,series,star-wars-the-clone-wars,Star Wars: The Clone Wars
Characters,616b33260afa1492a01ad05b,shaeeah-lawquane,Shaeeah Lawquane,https://www.starwars.com/series/star-wars-the-bad-batch,series,star-wars-the-bad-batch,Star Wars: The Bad Batch
Characters,616b2ae0d40d4492a01ad05b,shahan-alama,Shahan Alama,https://www.starwars.com/series/star-wars-the-clone-wars,series,star-wars-the-clone-wars,Star Wars: The Clone Wars
Characters,616b32aac2a46492a01ad05b,shen,Shen,https://www.starwars.com/games-apps/star-wars-squadrons,games-apps,star-wars-squadrons,Star Wars: Squadrons
Characters,616b34f8f4b13492a01ad05b,shep-hazard,Shep Hazard,https://www.starwars.com/series/star-wars-the-bad-batch,series,star-wars-the-bad-batch,Star Wars: The Bad Batch
Characters,616b3522d6eab492a01ad05b,shin-hati,Shin Hati,https://www.starwars.com/series/star-wars-ahsoka,series,star-wars-ahsoka,Ahsoka
Characters,616b28d31e8c5492a01ad05b,shmi-skywalker-lars,Shmi Skywalker Lars,https://www.starwars.com/films/star-wars-episode-i-the-phantom-menace,films,star-wars-episode-i-the-phantom-menace,Star Wars: The Phantom Menace (Episode I)
Characters,616b28d31e8c5492a01ad05b,shmi-skywalker-lars,Shmi Skywalker Lars,https://www.starwars.com/films/star-wars-episode-ii-attack-of-the-clones,films,star-wars-episode-ii-attack-of-the-clones,Star Wars: Attack of the Clones (Episode II)
Characters,616b28d31e8c5492a01ad05b,shmi-skywalker-lars,Shmi Skywalker Lars,https://www.starwars.com/series/star-wars-the-clone-wars,series,star-wars-the-clone-wars,Star Wars: The Clone Wars
Characters,616b2f2d4b68c492a01ad05b,shriv,Shriv,https://www.starwars.com/games-apps/star-wars-battlefront-ii,games-apps,star-wars-battlefront-ii,Star Wars Battlefront II
Characters,616b2be8cf4fd492a01ad05b,shu-mai,Shu Mai,https://www.starwars.com/films/star-wars-episode-ii-attack-of-the-clones,films,star-wars-episode-ii-attack-of-the-clones,Star Wars: Attack of the Clones (Episode II)
Characters,616b2be8cf4fd492a01ad05b,shu-mai,Shu Mai,https://www.starwars.com/films/star-wars-episode-iii-revenge-of-the-sith,films,star-wars-episode-iii-revenge-of-the-sith,Star Wars: Revenge of the Sith (Episode III)
Characters,616b32f19092a492a01ad05b,shydopp-pirate,Shydopp Pirate,https://www.starwars.com/series/the-mandalorian,series,the-mandalorian,The Mandalorian
Characters,616b2d11ee161492a01ad05b,sib-canay,Sib Canay,https://www.starwars.com/series/star-wars-the-clone-wars,series,star-wars-the-clone-wars,Star Wars: The Clone Wars
Characters,616b2d973b212492a01ad05b,sidon-ithano,Sidon Ithano,https://www.starwars.com/films/star-wars-episode-vii-the-force-awakens,films,star-wars-episode-vii-the-force-awakens,Star Wars: The Force Awakens (Episode VII)
Characters,616b2d973b212492a01ad05b,sidon-ithano,Sidon Ithano,https://www.starwars.com/series/star-wars-resistance,series,star-wars-resistance,Star Wars Resistance
Characters,616b2a5207ac9492a01ad05b,sifo-dyas,Sifo-Dyas,https://www.starwars.com/films/star-wars-episode-ii-attack-of-the-clones,films,star-wars-episode-ii-attack-of-the-clones,Star Wars: Attack of the Clones (Episode II)
Characters,616b2a5207ac9492a01ad05b,sifo-dyas,Sifo-Dyas,https://www.starwars.com/series/star-wars-the-clone-wars,series,star-wars-the-clone-wars,Star Wars: The Clone Wars
Characters,616b2bea56635492a01ad05b,silman,Silman,https://www.starwars.com/series/star-wars-the-clone-wars,series,star-wars-the-clone-wars,Star Wars: The Clone Wars
Characters,616b2bec4e049492a01ad05b,sim-aloo,Sim Aloo,https://www.starwars.com/films/star-wars-episode-vi-return-of-the-jedi,films,star-wars-episode-vi-return-of-the-jedi,Star Wars: Return of the Jedi (Episode VI)
Characters,616b28d921c81492a01ad05b,sinrich,Sinrich,https://www.starwars.com/series/star-wars-the-clone-wars,series,star-wars-the-clone-wars,Star Wars: The Clone Wars
Characters,616b28daf54f9492a01ad05b,sio-bibble,Sio Bibble,https://www.starwars.com/films/star-wars-episode-ii-attack-of-the-clones,films,star-wars-episode-ii-attack-of-the-clones,Star Wars: Attack of the Clones (Episode II)
Characters,616b28daf54f9492a01ad05b,sio-bibble,Sio Bibble,https://www.starwars.com/films/star-wars-episode-i-the-phantom-menace,films,star-wars-episode-i-the-phantom-menace,Star Wars: The Phantom Menace (Episode I)
Characters,616b28daf54f9492a01ad05b,sio-bibble,Sio Bibble,https://www.starwars.com/films/star-wars-episode-iii-revenge-of-the-sith,films,star-wars-episode-iii-revenge-of-the-sith,Star Wars: Revenge of the Sith (Episode III)
Characters,616b28daf54f9492a01ad05b,sio-bibble,Sio Bibble,https://www.starwars.com/series/star-wars-the-clone-wars,series,star-wars-the-clone-wars,Star Wars: The Clone Wars
Characters,616b2ae258e26492a01ad05b,sionver-boll,Sionver Boll,https://www.starwars.com/series/star-wars-the-clone-wars,series,star-wars-the-clone-wars,Star Wars: The Clone Wars
Characters,616b28dcd040f492a01ad05b,sixtat,Sixtat,https://www.starwars.com/series/star-wars-the-clone-wars,series,star-wars-the-clone-wars,Star Wars: The Clone Wars
Characters,616b2e3969eee492a01ad05b,slavin,Slavin,https://www.starwars.com/series/star-wars-rebels,series,star-wars-rebels,Star Wars Rebels
Characters,616b337671381492a01ad05b,slingshot,Slingshot,https://www.starwars.com/games-apps/star-wars-hunters,games-apps,star-wars-hunters,Star Wars: Hunters
Characters,616b34aef4ce4492a01ad05b,slip,Slip,https://www.starwars.com/series/star-wars-the-bad-batch,series,star-wars-the-bad-batch,Star Wars: The Bad Batch
Characters,616b386e65cf1492a01ad05b,sliro,Sliro,https://www.starwars.com/games-apps/star-wars-outlaws,games-apps,star-wars-outlaws,Star Wars Outlaws
Characters,616b2f4738c96492a01ad05b,slowen-lo,Slowen Lo,https://www.starwars.com/films/star-wars-episode-viii-the-last-jedi,films,star-wars-episode-viii-the-last-jedi,Star Wars: The Last Jedi (Episode VIII)
Characters,616b2d647ef49492a01ad05b,sly-moore,Sly Moore,https://www.starwars.com/films/star-wars-episode-ii-attack-of-the-clones,films,star-wars-episode-ii-attack-of-the-clones,Star Wars: Attack of the Clones (Episode II)
Characters,616b2d647ef49492a01ad05b,sly-moore,Sly Moore,https://www.starwars.com/films/star-wars-episode-iii-revenge-of-the-sith,films,star-wars-episode-iii-revenge-of-the-sith,Star Wars: Revenge of the Sith (Episode III)
Characters,616b2cb760ab2492a01ad05b,snap-wexley,Snap Wexley,https://www.starwars.com/films/star-wars-episode-vii-the-force-awakens,films,star-wars-episode-vii-the-force-awakens,Star Wars: The Force Awakens (Episode VII)
Characters,616b31726a76b492a01ad05b,snarl,Snarl ,https://www.starwars.com/series/star-wars-resistance,series,star-wars-resistance,Star Wars Resistance
Characters,616b37469f4e4492a01ad05b,sol,Sol,https://www.starwars.com/series/the-acolyte,series,the-acolyte,The Acolyte
Characters,616b28de812fc492a01ad05b,son,Son,https://www.starwars.com/series/star-wars-the-clone-wars,series,star-wars-the-clone-wars,Star Wars: The Clone Wars
Characters,616b28e02952b492a01ad05b,soniee,Soniee,https://www.starwars.com/series/star-wars-the-clone-wars,series,star-wars-the-clone-wars,Star Wars: The Clone Wars
Characters,616b2de0bab29492a01ad05b,sonsigo-and-munduri,Sonsigo and Munduri,https://www.starwars.com/films/star-wars-episode-vii-the-force-awakens,films,star-wars-episode-vii-the-force-awakens,Star Wars: The Force Awakens (Episode VII)
Characters,616b330128b00492a01ad05b,sskeer,Sskeer,https://www.starwars.com/the-high-republic,,,Star Wars: The High Republic
Characters,616b36bbbb93b492a01ad05b,stak,Stak,https://www.starwars.com/series/star-wars-the-bad-batch,series,star-wars-the-bad-batch,Star Wars: The Bad Batch
Characters,616b2a5b9beff492a01ad05b,stass-allie,Stass Allie,https://www.starwars.com/films/star-wars-episode-ii-attack-of-the-clones,films,star-wars-episode-ii-attack-of-the-clones,Star Wars: Attack of the Clones (Episode II)
Characters,616b2a5b9beff492a01ad05b,stass-allie,Stass Allie,https://www.starwars.com/films/star-wars-episode-iii-revenge-of-the-sith,films,star-wars-episode-iii-revenge-of-the-sith,Star Wars: Revenge of the Sith (Episode III)
Characters,616b28e1b9c63492a01ad05b,steela-gerrera,Steela Gerrera,https://www.starwars.com/series/star-wars-the-clone-wars,series,star-wars-the-clone-wars,Star Wars: The Clone Wars
Characters,616b3495450b7492a01ad05b,stekan-sculdun,Stekan Sculdun,https://www.starwars.com/series/andor,series,andor,Andor
Characters,616b32606a0a1492a01ad05b,stellan-gios,Stellan Gios,https://www.starwars.com/the-high-republic,,,Star Wars: The High Republic
Characters,616b300076e0a492a01ad05b,stomeroni-starck,Stomeroni Starck,https://www.starwars.com/films/star-wars-episode-viii-the-last-jedi,films,star-wars-episode-viii-the-last-jedi,Star Wars: The Last Jedi (Episode VIII)
Characters,616b2dba8620b492a01ad05b,strono-cookie-tuggs,"Strono ""Cookie"" Tuggs",https://www.starwars.com/films/star-wars-episode-vii-the-force-awakens,films,star-wars-episode-vii-the-force-awakens,Star Wars: The Force Awakens (Episode VII)
Characters,616b2dd8f0433492a01ad05b,sudswater-dillifay-glon,Sudswater Dillifay Glon,https://www.starwars.com/films/star-wars-episode-vii-the-force-awakens,films,star-wars-episode-vii-the-force-awakens,Star Wars: The Force Awakens (Episode VII)
Characters,616b28e3d960b492a01ad05b,sugi-character,Sugi (Character),https://www.starwars.com/series/star-wars-the-clone-wars,series,star-wars-the-clone-wars,Star Wars: The Clone Wars
Characters,616b33fa321d7492a01ad05b,sully-stark,Sully Stark,,,,
Characters,616b344dc3188492a01ad05b,supervisor-blevin,Supervisor Blevin,https://www.starwars.com/series/andor,series,andor,Andor
Characters,616b28e582076492a01ad05b,supreme-chancellor-valorum,Supreme Chancellor Valorum,https://www.starwars.com/films/star-wars-episode-i-the-phantom-menace,films,star-wars-episode-i-the-phantom-menace,Star Wars: The Phantom Menace (Episode I)
Characters,616b28e582076492a01ad05b,supreme-chancellor-valorum,Supreme Chancellor Valorum,https://www.starwars.com/series/star-wars-the-clone-wars,series,star-wars-the-clone-wars,Star Wars: The Clone Wars
Characters,616b2b5c0f4ab492a01ad05b,supreme-leader-kylo-ren,Supreme Leader Kylo Ren,https://www.starwars.com/films/star-wars-episode-viii-the-last-jedi,films,star-wars-episode-viii-the-last-jedi,Star Wars: The Last Jedi (Episode VIII)
Characters,616b2b5c0f4ab492a01ad05b,supreme-leader-kylo-ren,Supreme Leader Kylo Ren,https://www.starwars.com/films/star-wars-episode-vii-the-force-awakens,films,star-wars-episode-vii-the-force-awakens,Star Wars: The Force Awakens (Episode VII)
Characters,616b2b5c0f4ab492a01ad05b,supreme-leader-kylo-ren,Supreme Leader Kylo Ren,https://www.starwars.com/films/star-wars-episode-ix-the-rise-of-skywalker,films,star-wars-episode-ix-the-rise-of-skywalker,Star Wars: The Rise of Skywalker (Episode IX)
Characters,616b2b5c0f4ab492a01ad05b,supreme-leader-kylo-ren,Supreme Leader Kylo Ren,https://www.starwars.com/series/star-wars-resistance,series,star-wars-resistance,Star Wars Resistance
Characters,616b2b5c0f4ab492a01ad05b,supreme-leader-kylo-ren,Supreme Leader Kylo Ren,,games-apps,x-wing-fighter-star-wars-arcade,X-wing Fighter - Star Wars Arcade
Characters,616b2c9f75536492a01ad05b,supreme-leader-snoke,Supreme Leader Snoke,https://www.starwars.com/films/star-wars-episode-viii-the-last-jedi,films,star-wars-episode-viii-the-last-jedi,Star Wars: The Last Jedi (Episode VIII)
Characters,616b2c9f75536492a01ad05b,supreme-leader-snoke,Supreme Leader Snoke,https://www.starwars.com/films/star-wars-episode-vii-the-force-awakens,films,star-wars-episode-vii-the-force-awakens,Star Wars: The Force Awakens (Episode VII)
Characters,616b33215a381492a01ad05b,suu-lawquane,Suu Lawquane,https://www.starwars.com/series/star-wars-the-bad-batch,series,star-wars-the-bad-batch,Star Wars: The Bad Batch
Characters,616b33215a381492a01ad05b,suu-lawquane,Suu Lawquane,https://www.starwars.com/series/star-wars-the-clone-wars,series,star-wars-the-clone-wars,Star Wars: The Clone Wars
Characters,616b28e745a40492a01ad05b,sy-snootles,Sy Snootles,https://www.starwars.com/films/star-wars-episode-vi-return-of-the-jedi,films,star-wars-episode-vi-return-of-the-jedi,Star Wars: Return of the Jedi (Episode VI)
Characters,616b28e745a40492a01ad05b,sy-snootles,Sy Snootles,https://www.starwars.com/series/star-wars-the-clone-wars,series,star-wars-the-clone-wars,Star Wars: The Clone Wars
Characters,616b3062a9d47492a01ad05b,syke,Syke,https://www.starwars.com/films/solo,films,solo,Solo: A Star Wars Story
Characters,616b379fecfbc492a01ad05b,sylar-saris,Sylar Saris,https://www.starwars.com/series/star-wars-the-bad-batch,series,star-wars-the-bad-batch,Star Wars: The Bad Batch
Characters,616b30f2dd18a492a01ad05b,synara-san,Synara San,https://www.starwars.com/series/star-wars-resistance,series,star-wars-resistance,Star Wars Resistance
Characters,616b34271b5fe492a01ad05b,syril-karn,Syril Karn,https://www.starwars.com/series/andor,series,andor,Andor
Characters,616b3139f8b63492a01ad05b,t3-k10,T3-K10,https://www.starwars.com/series/star-wars-resistance,series,star-wars-resistance,Star Wars Resistance
Characters,616b33cd9312d492a01ad05b,taanti,Taanti,,,,
Characters,616b3470dc23f492a01ad05b,taga,Taga,https://www.starwars.com/series/andor,series,andor,Andor
Characters,616b28eae897c492a01ad05b,tal-merrik,Tal Merrik,https://www.starwars.com/series/star-wars-the-clone-wars,series,star-wars-the-clone-wars,Star Wars: The Clone Wars
Characters,616b34077211f492a01ad05b,tala-durith,Tala Durith,,,,
Characters,616b2f6a5f114492a01ad05b,tallie-lintra,Tallie Lintra,https://www.starwars.com/films/star-wars-episode-viii-the-last-jedi,films,star-wars-episode-viii-the-last-jedi,Star Wars: The Last Jedi (Episode VIII)
Characters,616b306e167f6492a01ad05b,tam-ryvora,Tam Ryvora,https://www.starwars.com/series/star-wars-resistance,series,star-wars-resistance,Star Wars Resistance
Characters,616b28ec9043c492a01ad05b,tan-divo,Tan Divo,https://www.starwars.com/series/star-wars-the-clone-wars,series,star-wars-the-clone-wars,Star Wars: The Clone Wars
Characters,616b34d827829492a01ad05b,tara-rashin,Tara Rashin,https://www.starwars.com/games-apps/star-wars-tales-from-the-galaxy-s-edge,games-apps,star-wars-tales-from-the-galaxy-s-edge,Star Wars: Tales from the Galaxy's Edge
Characters,616b3447e7183492a01ad05b,taramyn-barcona,Taramyn Barcona,https://www.starwars.com/series/andor,series,andor,Andor
Characters,616b28ee30ad4492a01ad05b,tarfful,Tarfful,https://www.starwars.com/films/star-wars-episode-iii-revenge-of-the-sith,films,star-wars-episode-iii-revenge-of-the-sith,Star Wars: Revenge of the Sith (Episode III)
Characters,616b28ee30ad4492a01ad05b,tarfful,Tarfful,https://www.starwars.com/series/star-wars-the-clone-wars,series,star-wars-the-clone-wars,Star Wars: The Clone Wars
Characters,61d663a1a1d143f945a838bc,tasi-lowa,Tasi Lowa,https://www.starwars.com/series/the-acolyte,series,the-acolyte,The Acolyte
Characters,616b297a4a9e3492a01ad05b,taskmaster-myles-grint,Taskmaster Myles Grint,,,,
Characters,616b2b9d55136492a01ad05b,tasu-leech,Tasu Leech,https://www.starwars.com/films/star-wars-episode-vii-the-force-awakens,films,star-wars-episode-vii-the-force-awakens,Star Wars: The Force Awakens (Episode VII)
Characters,616b28f91bc47492a01ad05b,taun-we,Taun We,https://www.starwars.com/films/star-wars-episode-ii-attack-of-the-clones,films,star-wars-episode-ii-attack-of-the-clones,Star Wars: Attack of the Clones (Episode II)
Characters,616b28f91bc47492a01ad05b,taun-we,Taun We,https://www.starwars.com/series/star-wars-the-clone-wars,series,star-wars-the-clone-wars,Star Wars: The Clone Wars
Characters,616b28f91bc47492a01ad05b,taun-we,Taun We,https://www.starwars.com/series/star-wars-the-bad-batch,series,star-wars-the-bad-batch,Star Wars: The Bad Batch
Characters,616b34b1f3b78492a01ad05b,tawni-ames,Tawni Ames,https://www.starwars.com/series/star-wars-the-bad-batch,series,star-wars-the-bad-batch,Star Wars: The Bad Batch
Characters,616b345196dac492a01ad05b,tay-kolma,Tay Kolma,https://www.starwars.com/series/andor,series,andor,Andor
Characters,616b349b4ea5a492a01ad05b,tay-0,TAY-0,https://www.starwars.com/series/star-wars-the-bad-batch,series,star-wars-the-bad-batch,Star Wars: The Bad Batch
Characters,616b2ddd9d22b492a01ad05b,taybin-ralorsa,Taybin Ralorsa,https://www.starwars.com/films/star-wars-episode-vii-the-force-awakens,films,star-wars-episode-vii-the-force-awakens,Star Wars: The Force Awakens (Episode VII)
Characters,616b2bedccaae492a01ad05b,tc-14,TC-14,https://www.starwars.com/films/star-wars-episode-i-the-phantom-menace,films,star-wars-episode-i-the-phantom-menace,Star Wars: The Phantom Menace (Episode I)
Characters,616b2a75aa6f8492a01ad05b,tech,Tech,https://www.starwars.com/series/star-wars-the-bad-batch,series,star-wars-the-bad-batch,Star Wars: The Bad Batch
Characters,616b2a75aa6f8492a01ad05b,tech,Tech,https://www.starwars.com/series/star-wars-the-clone-wars,series,star-wars-the-clone-wars,Star Wars: The Clone Wars
Characters,616b2befd34c2492a01ad05b,teckla-minnau,Teckla Minnau,https://www.starwars.com/films/star-wars-episode-ii-attack-of-the-clones,films,star-wars-episode-ii-attack-of-the-clones,Star Wars: Attack of the Clones (Episode II)
Characters,616b2befd34c2492a01ad05b,teckla-minnau,Teckla Minnau,https://www.starwars.com/series/star-wars-the-clone-wars,series,star-wars-the-clone-wars,Star Wars: The Clone Wars
Characters,616b2bf1d8f6b492a01ad05b,tee-va,Tee Va,https://www.starwars.com/series/star-wars-the-clone-wars,series,star-wars-the-clone-wars,Star Wars: The Clone Wars
Characters,616b2bf3d112e492a01ad05b,tee-watt-kaa,Tee Watt Kaa,https://www.starwars.com/series/star-wars-the-clone-wars,series,star-wars-the-clone-wars,Star Wars: The Clone Wars
Characters,616b2b1c3f139492a01ad05b,teebo,Teebo,https://www.starwars.com/films/star-wars-episode-vi-return-of-the-jedi,films,star-wars-episode-vi-return-of-the-jedi,Star Wars: Return of the Jedi (Episode VI)
Characters,616b33f2b794e492a01ad05b,teeka,Teeka,https://www.starwars.com/series/obi-wan-kenobi,series,obi-wan-kenobi,Obi-Wan Kenobi
Characters,616b2bf5bb187492a01ad05b,teemto-pagalies,Teemto Pagalies,https://www.starwars.com/films/star-wars-episode-i-the-phantom-menace,films,star-wars-episode-i-the-phantom-menace,Star Wars: The Phantom Menace (Episode I)
Characters,616b2f48b6b3b492a01ad05b,temiri-blagg,Temiri Blagg,https://www.starwars.com/films/star-wars-episode-viii-the-last-jedi,films,star-wars-episode-viii-the-last-jedi,Star Wars: The Last Jedi (Episode VIII)
Characters,616b28fb52ef3492a01ad05b,tera-sinube,Tera Sinube,https://www.starwars.com/series/obi-wan-kenobi,series,obi-wan-kenobi,Obi-Wan Kenobi
Characters,616b28fb52ef3492a01ad05b,tera-sinube,Tera Sinube,https://www.starwars.com/series/star-wars-the-clone-wars,series,star-wars-the-clone-wars,Star Wars: The Clone Wars
Characters,616b2e2123b66492a01ad05b,terba,Terba,https://www.starwars.com/series/star-wars-rebels,series,star-wars-rebels,Star Wars Rebels
Characters,616b327502d95492a01ad05b,terisa-kerrill,Terisa Kerrill,https://www.starwars.com/games-apps/star-wars-squadrons,games-apps,star-wars-squadrons,Star Wars: Squadrons
Characters,616b31150d58a492a01ad05b,teroj-kee,Teroj Kee,https://www.starwars.com/series/star-wars-resistance,series,star-wars-resistance,Star Wars Resistance
Characters,616b2fbdb1d03492a01ad05b,thamm,Thamm,https://www.starwars.com/films/star-wars-episode-viii-the-last-jedi,films,star-wars-episode-viii-the-last-jedi,Star Wars: The Last Jedi (Episode VIII)
Characters,616b327e15bff492a01ad05b,the-armorer,The Armorer,https://www.starwars.com/series/the-book-of-boba-fett,series,the-book-of-boba-fett,The Book of Boba Fett
Characters,616b327e15bff492a01ad05b,the-armorer,The Armorer,https://www.starwars.com/series/the-mandalorian,series,the-mandalorian,The Mandalorian
Characters,616b327bd2e0d492a01ad05b,the-client,the Client,https://www.starwars.com/series/the-mandalorian,series,the-mandalorian,The Mandalorian
Characters,616b2f9bb400f492a01ad05b,the-countess,The Countess,https://www.starwars.com/films/star-wars-episode-viii-the-last-jedi,films,star-wars-episode-viii-the-last-jedi,Star Wars: The Last Jedi (Episode VIII)
Characters,616b2fbbf9b5f492a01ad05b,the-grammus-sisters,The Grammus Sisters,https://www.starwars.com/films/star-wars-episode-viii-the-last-jedi,films,star-wars-episode-viii-the-last-jedi,Star Wars: The Last Jedi (Episode VIII)
Characters,616b28fcf95d4492a01ad05b,the-grand-inquisitor,The Grand Inquisitor,https://www.starwars.com/series/obi-wan-kenobi,series,obi-wan-kenobi,Obi-Wan Kenobi
Characters,616b28fcf95d4492a01ad05b,the-grand-inquisitor,The Grand Inquisitor,https://www.starwars.com/series/star-wars-rebels,series,star-wars-rebels,Star Wars Rebels
Characters,616b33bb23fd4492a01ad05b,the-modifier,The Modifier,https://www.starwars.com/series/the-book-of-boba-fett,series,the-book-of-boba-fett,The Book of Boba Fett
Characters,616b32daedc9a492a01ad05b,the-mythrol,The Mythrol,https://www.starwars.com/series/the-mandalorian,series,the-mandalorian,The Mandalorian
Characters,616b377709964492a01ad05b,the-stranger-alias-qimir,The Stranger (alias “Qimir”),https://www.starwars.com/series/the-acolyte,series,the-acolyte,The Acolyte
Characters,616b3386d37bb492a01ad05b,the-twins,The Twins,https://www.starwars.com/series/the-book-of-boba-fett,series,the-book-of-boba-fett,The Book of Boba Fett
Characters,616b3079664de492a01ad05b,therm-scissorpunch,Therm Scissorpunch,https://www.starwars.com/films/solo,films,solo,Solo: A Star Wars Story
Characters,616b2bf748744492a01ad05b,thi-sen,Thi-Sen,https://www.starwars.com/series/star-wars-the-clone-wars,series,star-wars-the-clone-wars,Star Wars: The Clone Wars
Characters,616b2efd1614f492a01ad05b,tiber-saxon,Tiber Saxon,https://www.starwars.com/series/star-wars-rebels,series,star-wars-rebels,Star Wars Rebels
Characters,616b341f8b762492a01ad05b,timm-karlo,Timm Karlo,https://www.starwars.com/series/andor,series,andor,Andor
Characters,616b29051385d492a01ad05b,tion-medon,Tion Medon,https://www.starwars.com/films/star-wars-episode-iii-revenge-of-the-sith,films,star-wars-episode-iii-revenge-of-the-sith,Star Wars: Revenge of the Sith (Episode III)
Characters,616b2a2af6703492a01ad05b,tiplar,Tiplar,https://www.starwars.com/series/star-wars-the-clone-wars,series,star-wars-the-clone-wars,Star Wars: The Clone Wars
Characters,616b2a2cec3da492a01ad05b,tiplee,Tiplee,https://www.starwars.com/series/star-wars-the-clone-wars,series,star-wars-the-clone-wars,Star Wars: The Clone Wars
Characters,616b2fe394bbe492a01ad05b,tobias-beckett,Tobias Beckett,https://www.starwars.com/films/solo,films,solo,Solo: A Star Wars Story
Characters,616b2fe394bbe492a01ad05b,tobias-beckett,Tobias Beckett,https://www.starwars.com/games-apps/star-wars-pinball-solo-a-star-wars-story,games-apps,star-wars-pinball-solo-a-star-wars-story,Star Wars Pinball: Solo: A Star Wars Story
Characters,616b29069febf492a01ad05b,todo-360,Todo 360,https://www.starwars.com/series/star-wars-the-clone-wars,series,star-wars-the-clone-wars,Star Wars: The Clone Wars
Characters,616b29069febf492a01ad05b,todo-360,Todo 360,https://www.starwars.com/series/star-wars-the-bad-batch,series,star-wars-the-bad-batch,Star Wars: The Bad Batch
Characters,616b304b5750b492a01ad05b,toht-ra,Toht Ra,https://www.starwars.com/films/solo,films,solo,Solo: A Star Wars Story
Characters,6177f61c9163ea2ab3ca541c,torbin,Torbin,https://www.starwars.com/series/the-acolyte,series,the-acolyte,The Acolyte
Characters,616b319f9ebe7492a01ad05b,torch,Torch,https://www.starwars.com/series/star-wars-resistance,series,star-wars-resistance,Star Wars Resistance
Characters,616b328f65654492a01ad05b,toro-calican,Toro Calican,https://www.starwars.com/series/the-mandalorian,series,the-mandalorian,The Mandalorian
Characters,616b3093635b7492a01ad05b,torra-doza,Torra Doza,https://www.starwars.com/series/star-wars-resistance,series,star-wars-resistance,Star Wars Resistance
Characters,616b3250029b0492a01ad05b,trace,Trace,https://www.starwars.com/series/star-wars-the-clone-wars,series,star-wars-the-clone-wars,Star Wars: The Clone Wars
Characters,616b3250029b0492a01ad05b,trace,Trace,https://www.starwars.com/series/star-wars-the-bad-batch,series,star-wars-the-bad-batch,Star Wars: The Bad Batch
Characters,616b2e87cff56492a01ad05b,tristan-wren,Tristan Wren,https://www.starwars.com/series/star-wars-rebels,series,star-wars-rebels,Star Wars Rebels
Characters,616b3224337f0492a01ad05b,trudgen,Trudgen,https://www.starwars.com/films/star-wars-episode-vii-the-force-awakens,films,star-wars-episode-vii-the-force-awakens,Star Wars: The Force Awakens (Episode VII)
Characters,616b3224337f0492a01ad05b,trudgen,Trudgen,https://www.starwars.com/films/star-wars-episode-ix-the-rise-of-skywalker,films,star-wars-episode-ix-the-rise-of-skywalker,Star Wars: The Rise of Skywalker (Episode IX)
Characters,616b290846a75492a01ad05b,tryla,Tryla,https://www.starwars.com/series/star-wars-the-clone-wars,series,star-wars-the-clone-wars,Star Wars: The Clone Wars
Characters,616b29e2ad430492a01ad05b,tseebo,Tseebo,https://www.starwars.com/series/star-wars-rebels,series,star-wars-rebels,Star Wars Rebels
Characters,616b290be1d91492a01ad05b,twazzi,Twazzi,https://www.starwars.com/series/star-wars-the-clone-wars,series,star-wars-the-clone-wars,Star Wars: The Clone Wars
Characters,616b338b3bca7492a01ad05b,twi-lek-majordomo,Twi’lek Majordomo,https://www.starwars.com/series/the-book-of-boba-fett,series,the-book-of-boba-fett,The Book of Boba Fett
Characters,616b35861ce46492a01ad05b,ty-yorrick,Ty Yorrick,https://www.starwars.com/the-high-republic,,,Star Wars: The High Republic
Characters,616b290d83656492a01ad05b,u9-c4,U9-C4,https://www.starwars.com/series/star-wars-the-clone-wars,series,star-wars-the-clone-wars,Star Wars: The Clone Wars
Characters,616b2fbf30630492a01ad05b,ubbla-mollbro,Ubbla Mollbro,https://www.starwars.com/films/star-wars-episode-viii-the-last-jedi,films,star-wars-episode-viii-the-last-jedi,Star Wars: The Last Jedi (Episode VIII)
Characters,616b2ddc0cf3b492a01ad05b,ubert-sticks-quaril,"Ubert ""Sticks"" Quaril",https://www.starwars.com/films/star-wars-episode-vii-the-force-awakens,films,star-wars-episode-vii-the-force-awakens,Star Wars: The Force Awakens (Episode VII)
Characters,616b300514e89492a01ad05b,ubialla-gheal,Ubialla Gheal,https://www.starwars.com/films/star-wars-episode-viii-the-last-jedi,films,star-wars-episode-viii-the-last-jedi,Star Wars: The Last Jedi (Episode VIII)
Characters,616b346ebc998492a01ad05b,ulaf,Ulaf,https://www.starwars.com/series/andor,series,andor,Andor
Characters,616b2cb5d56b3492a01ad05b,unkar-plutt,Unkar Plutt,https://www.starwars.com/films/star-wars-episode-vii-the-force-awakens,films,star-wars-episode-vii-the-force-awakens,Star Wars: The Force Awakens (Episode VII)
Characters,616b2e8634efc492a01ad05b,ursa-wren,Ursa Wren,https://www.starwars.com/series/star-wars-the-clone-wars,series,star-wars-the-clone-wars,Star Wars: The Clone Wars
Characters,616b2e8634efc492a01ad05b,ursa-wren,Ursa Wren,https://www.starwars.com/series/star-wars-rebels,series,star-wars-rebels,Star Wars Rebels
Characters,616b3222a6268492a01ad05b,ushar,Ushar,https://www.starwars.com/films/star-wars-episode-vii-the-force-awakens,films,star-wars-episode-vii-the-force-awakens,Star Wars: The Force Awakens (Episode VII)
Characters,616b3222a6268492a01ad05b,ushar,Ushar,https://www.starwars.com/films/star-wars-episode-ix-the-rise-of-skywalker,films,star-wars-episode-ix-the-rise-of-skywalker,Star Wars: The Rise of Skywalker (Episode IX)
Characters,616b337b60a8e492a01ad05b,utooni,Utooni,,games-apps,star-wars-hunters,Star Wars: Hunters
Characters,616b38603c52c492a01ad05b,vail,Vail ,https://www.starwars.com/games-apps/star-wars-outlaws,games-apps,star-wars-outlaws,Star Wars Outlaws
Characters,616b2fe922d1c492a01ad05b,val,Val,https://www.starwars.com/films/solo,films,solo,Solo: A Star Wars Story
Characters,616b29cd99ba9492a01ad05b,valen-rudor,Valen Rudor,https://www.starwars.com/series/star-wars-rebels,series,star-wars-rebels,Star Wars Rebels
Characters,616b31180877b492a01ad05b,valik,Valik,https://www.starwars.com/series/star-wars-resistance,series,star-wars-resistance,Star Wars Resistance
Characters,616b32f42c09b492a01ad05b,valin-hess,Valin Hess,https://www.starwars.com/series/the-mandalorian,series,the-mandalorian,The Mandalorian
Characters,616b358749fc3492a01ad05b,valo-younglings-gavi-tep-tep-and-kildo,"Valo Younglings (Gavi, Tep Tep, and Kildo)",https://www.starwars.com/the-high-republic,,,Star Wars: The High Republic
Characters,616b2eccf1cb5492a01ad05b,vanee,Vaneé,https://www.starwars.com/films/rogue-one,films,rogue-one,Rogue One: A Star Wars Story
Characters,616b329df6497492a01ad05b,varko-grey,Varko Grey ,https://www.starwars.com/games-apps/star-wars-squadrons,games-apps,star-wars-squadrons,Star Wars: Squadrons
Characters,616b343aa73f6492a01ad05b,vel-sartha,Vel Sartha,https://www.starwars.com/series/andor,series,andor,Andor
Characters,616b319bf7354492a01ad05b,venisa-doza,Venisa Doza,https://www.starwars.com/series/star-wars-resistance,series,star-wars-resistance,Star Wars Resistance
Characters,616b2f90c83bf492a01ad05b,veris-hydan,Veris Hydan,https://www.starwars.com/series/star-wars-rebels,series,star-wars-rebels,Star Wars Rebels
Characters,616b325d87def492a01ad05b,vernestra-vern-rwoh,"Vernestra ""Vern"" Rwoh",https://www.starwars.com/the-high-republic,,,Star Wars: The High Republic
Characters,616b325d87def492a01ad05b,vernestra-vern-rwoh,"Vernestra ""Vern"" Rwoh",https://www.starwars.com/series/the-acolyte,series,the-acolyte,The Acolyte
Characters,616b3155f6947492a01ad05b,vi-moradi,Vi Moradi,,,,
Characters,616b332da4c53492a01ad05b,vice-admiral-edmon-rampart,Vice Admiral Edmon Rampart,https://www.starwars.com/series/star-wars-the-bad-batch,series,star-wars-the-bad-batch,Star Wars: The Bad Batch
Characters,616b321f7941c492a01ad05b,vicrul,Vicrul,https://www.starwars.com/films/star-wars-episode-vii-the-force-awakens,films,star-wars-episode-vii-the-force-awakens,Star Wars: The Force Awakens (Episode VII)
Characters,616b321f7941c492a01ad05b,vicrul,Vicrul,https://www.starwars.com/films/star-wars-episode-ix-the-rise-of-skywalker,films,star-wars-episode-ix-the-rise-of-skywalker,Star Wars: The Rise of Skywalker (Episode IX)
Characters,616f3867e301f60d9b0f672d,vik,Vik,https://www.starwars.com/series/star-wars-the-bad-batch,series,star-wars-the-bad-batch,Star Wars: The Bad Batch
Characters,616b2dc493d36492a01ad05b,vober-dand,Vober Dand,https://www.starwars.com/films/star-wars-episode-vii-the-force-awakens,films,star-wars-episode-vii-the-force-awakens,Star Wars: The Force Awakens (Episode VII)
Characters,616b2dc493d36492a01ad05b,vober-dand,Vober Dand,https://www.starwars.com/films/star-wars-episode-viii-the-last-jedi,films,star-wars-episode-viii-the-last-jedi,Star Wars: The Last Jedi (Episode VIII)
Characters,616b2df10c165492a01ad05b,volzang-li-thrull,Volzang Li-Thrull,https://www.starwars.com/films/star-wars-episode-vii-the-force-awakens,films,star-wars-episode-vii-the-force-awakens,Star Wars: The Force Awakens (Episode VII)
Characters,616b31a11b226492a01ad05b,vranki-the-blue,Vranki the Blue,https://www.starwars.com/series/star-wars-resistance,series,star-wars-resistance,Star Wars Resistance
Characters,616b2e346b300492a01ad05b,vult-skerris,Vult Skerris ,https://www.starwars.com/series/star-wars-rebels,series,star-wars-rebels,Star Wars Rebels
Characters,616b2b09df7f9492a01ad05b,wa-7,WA-7,https://www.starwars.com/films/star-wars-episode-ii-attack-of-the-clones,films,star-wars-episode-ii-attack-of-the-clones,Star Wars: Attack of the Clones (Episode II)
Characters,616b290f17151492a01ad05b,wac-47,WAC-47,https://www.starwars.com/series/star-wars-the-clone-wars,series,star-wars-the-clone-wars,Star Wars: The Clone Wars
Characters,616b2910a9704492a01ad05b,wald,Wald,https://www.starwars.com/films/star-wars-episode-i-the-phantom-menace,films,star-wars-episode-i-the-phantom-menace,Star Wars: The Phantom Menace (Episode I)
Characters,616b2775eabec492a01ad05b,wat-tambor,Wat Tambor,https://www.starwars.com/films/star-wars-episode-ii-attack-of-the-clones,films,star-wars-episode-ii-attack-of-the-clones,Star Wars: Attack of the Clones (Episode II)
Characters,616b2775eabec492a01ad05b,wat-tambor,Wat Tambor,https://www.starwars.com/films/star-wars-episode-iii-revenge-of-the-sith,films,star-wars-episode-iii-revenge-of-the-sith,Star Wars: Revenge of the Sith (Episode III)
Characters,616b2775eabec492a01ad05b,wat-tambor,Wat Tambor,https://www.starwars.com/series/star-wars-the-clone-wars,series,star-wars-the-clone-wars,Star Wars: The Clone Wars
Characters,616b2913facc9492a01ad05b,watto,Watto,https://www.starwars.com/films/star-wars-episode-ii-attack-of-the-clones,films,star-wars-episode-ii-attack-of-the-clones,Star Wars: Attack of the Clones (Episode II)
Characters,616b2913facc9492a01ad05b,watto,Watto,https://www.starwars.com/films/star-wars-episode-i-the-phantom-menace,films,star-wars-episode-i-the-phantom-menace,Star Wars: The Phantom Menace (Episode I)
Characters,616b2913facc9492a01ad05b,watto,Watto,,games-apps,galactic-spy,Galactic Spy
Characters,616b2917af26c492a01ad05b,wedge-antilles,Wedge Antilles,https://www.starwars.com/films/star-wars-episode-iv-a-new-hope,films,star-wars-episode-iv-a-new-hope,Star Wars: A New Hope (Episode IV)
Characters,616b2917af26c492a01ad05b,wedge-antilles,Wedge Antilles,https://www.starwars.com/films/star-wars-episode-v-the-empire-strikes-back,films,star-wars-episode-v-the-empire-strikes-back,Star Wars: The Empire Strikes Back (Episode V)
Characters,616b2917af26c492a01ad05b,wedge-antilles,Wedge Antilles,https://www.starwars.com/films/star-wars-episode-ix-the-rise-of-skywalker,films,star-wars-episode-ix-the-rise-of-skywalker,Star Wars: The Rise of Skywalker (Episode IX)
Characters,616b2917af26c492a01ad05b,wedge-antilles,Wedge Antilles,https://www.starwars.com/films/star-wars-episode-vi-return-of-the-jedi,films,star-wars-episode-vi-return-of-the-jedi,Star Wars: Return of the Jedi (Episode VI)
Characters,616b2917af26c492a01ad05b,wedge-antilles,Wedge Antilles,https://www.starwars.com/series/star-wars-rebels,series,star-wars-rebels,Star Wars Rebels
Characters,616b2ec391a79492a01ad05b,weeteef-cyu-bee,Weeteef Cyu-Bee,https://www.starwars.com/films/rogue-one,films,rogue-one,Rogue One: A Star Wars Story
Characters,616b2b18549aa492a01ad05b,wes-janson,Wes Janson,https://www.starwars.com/films/star-wars-episode-v-the-empire-strikes-back,films,star-wars-episode-v-the-empire-strikes-back,Star Wars: The Empire Strikes Back (Episode V)
Characters,616b309069186492a01ad05b,wg-22,WG-22,https://www.starwars.com/films/solo,films,solo,Solo: A Star Wars Story
Characters,616b291edbee3492a01ad05b,wicket-w-warrick,Wicket W. Warrick,https://www.starwars.com/films/star-wars-episode-vi-return-of-the-jedi,films,star-wars-episode-vi-return-of-the-jedi,Star Wars: Return of the Jedi (Episode VI)
Characters,616b291edbee3492a01ad05b,wicket-w-warrick,Wicket W. Warrick,,games-apps,ewok-village,Ewok Village
Characters,616b32a941eef492a01ad05b,willard-waylin,Willard Waylin,https://www.starwars.com/games-apps/star-wars-squadrons,games-apps,star-wars-squadrons,Star Wars: Squadrons
Characters,616b2ad24ea28492a01ad05b,willie-w1-le,Willie (W1-LE),https://www.starwars.com/series/star-wars-rebels,series,star-wars-rebels,Star Wars Rebels
Characters,616b34329c536492a01ad05b,wilmon-paak,Wilmon Paak,https://www.starwars.com/series/andor,series,andor,Andor
Characters,616b32c482f65492a01ad05b,winta,Winta,,,,
Characters,616b2dc94c612492a01ad05b,wollivan,Wollivan,https://www.starwars.com/films/star-wars-episode-vii-the-force-awakens,films,star-wars-episode-vii-the-force-awakens,Star Wars: The Force Awakens (Episode VII)
Characters,616b2a7d1eaa5492a01ad05b,wrecker,Wrecker,https://www.starwars.com/series/star-wars-the-bad-batch,series,star-wars-the-bad-batch,Star Wars: The Bad Batch
Characters,616b2a7d1eaa5492a01ad05b,wrecker,Wrecker,https://www.starwars.com/series/star-wars-the-clone-wars,series,star-wars-the-clone-wars,Star Wars: The Clone Wars
Characters,616b2ac39e53c492a01ad05b,wuher,Wuher,https://www.starwars.com/films/star-wars-episode-iv-a-new-hope,films,star-wars-episode-iv-a-new-hope,Star Wars: A New Hope (Episode IV)
Characters,616b22ea5a78c492a01ad05b,wullf-yularen,Wullf Yularen,https://www.starwars.com/films/star-wars-episode-iv-a-new-hope,films,star-wars-episode-iv-a-new-hope,Star Wars: A New Hope (Episode IV)
Characters,616b22ea5a78c492a01ad05b,wullf-yularen,Wullf Yularen,https://www.starwars.com/series/star-wars-the-clone-wars,series,star-wars-the-clone-wars,Star Wars: The Clone Wars
Characters,616b22ea5a78c492a01ad05b,wullf-yularen,Wullf Yularen,https://www.starwars.com/series/star-wars-rebels,series,star-wars-rebels,Star Wars Rebels
Characters,616b22ea5a78c492a01ad05b,wullf-yularen,Wullf Yularen,https://www.starwars.com/series/andor,series,andor,Andor
Characters,616b29772585a492a01ad05b,wullffwarro,Wullffwarro,https://www.starwars.com/series/star-wars-rebels,series,star-wars-rebels,Star Wars Rebels
Characters,616b346c9f459492a01ad05b,xaul,Xaul,https://www.starwars.com/series/andor,series,andor,Andor
Characters,616b3293df266492a01ad05b,xi-an,Xi'an,https://www.starwars.com/series/the-mandalorian,series,the-mandalorian,The Mandalorian
Characters,616b2ccc38dfd492a01ad05b,xomit-grunseit,Xomit Grunseit,https://www.starwars.com/series/star-wars-the-clone-wars,series,star-wars-the-clone-wars,Star Wars: The Clone Wars
Characters,616b2924a25af492a01ad05b,yaddle,Yaddle,https://www.starwars.com/films/star-wars-episode-i-the-phantom-menace,films,star-wars-episode-i-the-phantom-menace,Star Wars: The Phantom Menace (Episode I)
Characters,616b2924a25af492a01ad05b,yaddle,Yaddle,https://www.starwars.com/series/tales-of-the-jedi,series,tales-of-the-jedi,Tales of the Jedi
Characters,616b34a72f970492a01ad05b,yanna,Yanna,https://www.starwars.com/series/star-wars-the-bad-batch,series,star-wars-the-bad-batch,Star Wars: The Bad Batch
Characters,616b2b22db671492a01ad05b,yarael-poof,Yarael Poof,https://www.starwars.com/films/star-wars-episode-i-the-phantom-menace,films,star-wars-episode-i-the-phantom-menace,Star Wars: The Phantom Menace (Episode I)
Characters,616b2af64b8d2492a01ad05b,yarna-d-al-gargan,Yarna d'al' Gargan,https://www.starwars.com/films/star-wars-episode-vi-return-of-the-jedi,films,star-wars-episode-vi-return-of-the-jedi,Star Wars: Return of the Jedi (Episode VI)
Characters,616b2396cfb28492a01ad05b,yoda,Yoda,https://www.starwars.com/films/star-wars-episode-i-the-phantom-menace,films,star-wars-episode-i-the-phantom-menace,Star Wars: The Phantom Menace (Episode I)
Characters,616b2396cfb28492a01ad05b,yoda,Yoda,https://www.starwars.com/films/star-wars-episode-v-the-empire-strikes-back,films,star-wars-episode-v-the-empire-strikes-back,Star Wars: The Empire Strikes Back (Episode V)
Characters,616b2396cfb28492a01ad05b,yoda,Yoda,https://www.starwars.com/films/star-wars-episode-ii-attack-of-the-clones,films,star-wars-episode-ii-attack-of-the-clones,Star Wars: Attack of the Clones (Episode II)
Characters,616b2396cfb28492a01ad05b,yoda,Yoda,https://www.starwars.com/films/star-wars-episode-vi-return-of-the-jedi,films,star-wars-episode-vi-return-of-the-jedi,Star Wars: Return of the Jedi (Episode VI)
Characters,616b2396cfb28492a01ad05b,yoda,Yoda,https://www.starwars.com/films/star-wars-episode-iii-revenge-of-the-sith,films,star-wars-episode-iii-revenge-of-the-sith,Star Wars: Revenge of the Sith (Episode III)
Characters,616b2396cfb28492a01ad05b,yoda,Yoda,https://www.starwars.com/series/star-wars-the-clone-wars,series,star-wars-the-clone-wars,Star Wars: The Clone Wars
Characters,616b2396cfb28492a01ad05b,yoda,Yoda,https://www.starwars.com/series/star-wars-rebels,series,star-wars-rebels,Star Wars Rebels
Characters,616b2396cfb28492a01ad05b,yoda,Yoda,https://www.starwars.com/series/the-acolyte,series,the-acolyte,The Acolyte
Characters,616b29a0c1e8f492a01ad05b,yogar-lyste,Yogar Lyste,https://www.starwars.com/series/star-wars-rebels,series,star-wars-rebels,Star Wars Rebels
Characters,616b37571d216492a01ad05b,yord-fandar,Yord Fandar,https://www.starwars.com/series/the-acolyte,series,the-acolyte,The Acolyte
Characters,616b2d57794bd492a01ad05b,yushyn,Yushyn,https://www.starwars.com/series/star-wars-rebels,series,star-wars-rebels,Star Wars Rebels
Characters,616b3379dd56e492a01ad05b,zaina,Zaina,https://www.starwars.com/games-apps/star-wars-hunters,games-apps,star-wars-hunters,Star Wars: Hunters
Characters,616b2c44335e6492a01ad05b,zam-wesell,Zam Wesell,https://www.starwars.com/films/star-wars-episode-ii-attack-of-the-clones,films,star-wars-episode-ii-attack-of-the-clones,Star Wars: Attack of the Clones (Episode II)
Characters,616b29b740795492a01ad05b,zare-leonis,Zare Leonis,https://www.starwars.com/series/star-wars-rebels,series,star-wars-rebels,Star Wars Rebels
Characters,616b292653250492a01ad05b,zatt,Zatt,https://www.starwars.com/series/star-wars-the-clone-wars,series,star-wars-the-clone-wars,Star Wars: The Clone Wars
Characters,616b32a02f9d1492a01ad05b,zerelda-sage,Zerelda Sage ,https://www.starwars.com/games-apps/star-wars-squadrons,games-apps,star-wars-squadrons,Star Wars: Squadrons
Characters,616b2af7d0569492a01ad05b,zett-jukassa,Zett Jukassa,https://www.starwars.com/films/star-wars-episode-ii-attack-of-the-clones,films,star-wars-episode-ii-attack-of-the-clones,Star Wars: Attack of the Clones (Episode II)
Characters,616b2af7d0569492a01ad05b,zett-jukassa,Zett Jukassa,https://www.starwars.com/films/star-wars-episode-iii-revenge-of-the-sith,films,star-wars-episode-iii-revenge-of-the-sith,Star Wars: Revenge of the Sith (Episode III)
Characters,616b2aae8dae9492a01ad05b,zev-senesca,Zev Senesca,https://www.starwars.com/films/star-wars-episode-v-the-empire-strikes-back,films,star-wars-episode-v-the-empire-strikes-back,Star Wars: The Empire Strikes Back (Episode V)
Characters,616b292f94515492a01ad05b,zillo-beast,Zillo Beast,https://www.starwars.com/series/star-wars-the-clone-wars,series,star-wars-the-clone-wars,Star Wars: The Clone Wars
Characters,616b2932f12fd492a01ad05b,ziro-the-hutt,Ziro the Hutt,https://www.starwars.com/series/star-wars-the-clone-wars,series,star-wars-the-clone-wars,Star Wars: The Clone Wars
Characters,616b29378d5d6492a01ad05b,ziton-moj,Ziton Moj,https://www.starwars.com/series/star-wars-the-clone-wars,series,star-wars-the-clone-wars,Star Wars: The Clone Wars
Characters,616b32986697e492a01ad05b,zo-e3,ZO-E3,https://www.starwars.com/interactive/virtual-reality/vader-immortal-episode-iii,interactive,virtual-reality,Vader Immortal: Episode III
Characters,616b32986697e492a01ad05b,zo-e3,ZO-E3,https://www.starwars.com/interactive/virtual-reality/vader-immortal-episode-i,interactive,virtual-reality,Vader Immortal: Episode I
Characters,616b32986697e492a01ad05b,zo-e3,ZO-E3,https://www.starwars.com/interactive/virtual-reality/vader-immortal-episode-ii,interactive,virtual-reality,Vader Immortal: Episode II
Characters,616b31b3e0df7492a01ad05b,zorii-bliss,Zorii Bliss,https://www.starwars.com/films/star-wars-episode-ix-the-rise-of-skywalker,films,star-wars-episode-ix-the-rise-of-skywalker,Star Wars: The Rise of Skywalker (Episode IX)
Characters,616b2af4745fe492a01ad05b,zuckuss,Zuckuss,https://www.starwars.com/films/star-wars-episode-v-the-empire-strikes-back,films,star-wars-episode-v-the-empire-strikes-back,Star Wars: The Empire Strikes Back (Episode V)
Creatures,616b22c1cca32492a01ad05b,acklay,Acklay,https://www.starwars.com/films/star-wars-episode-ii-attack-of-the-clones,films,star-wars-episode-ii-attack-of-the-clones,Star Wars: Attack of the Clones (Episode II)
Creatures,616b2cd766590492a01ad05b,anooba,Anooba,https://www.starwars.com/series/star-wars-the-clone-wars,series,star-wars-the-clone-wars,Star Wars: The Clone Wars
Creatures,616b2cd766590492a01ad05b,anooba,Anooba,https://www.starwars.com/series/star-wars-rebels,series,star-wars-rebels,Star Wars Rebels
Creatures,616b232129d74492a01ad05b,bantha,Bantha,https://www.starwars.com/films/star-wars-episode-ii-attack-of-the-clones,films,star-wars-episode-ii-attack-of-the-clones,Star Wars: Attack of the Clones (Episode II)
Creatures,616b232129d74492a01ad05b,bantha,Bantha,https://www.starwars.com/films/star-wars-episode-i-the-phantom-menace,films,star-wars-episode-i-the-phantom-menace,Star Wars: The Phantom Menace (Episode I)
Creatures,616b232129d74492a01ad05b,bantha,Bantha,https://www.starwars.com/films/star-wars-episode-vi-return-of-the-jedi,films,star-wars-episode-vi-return-of-the-jedi,Star Wars: Return of the Jedi (Episode VI)
Creatures,616b232129d74492a01ad05b,bantha,Bantha,https://www.starwars.com/films/star-wars-episode-iv-a-new-hope,films,star-wars-episode-iv-a-new-hope,Star Wars: A New Hope (Episode IV)
Creatures,616b232129d74492a01ad05b,bantha,Bantha,https://www.starwars.com/series/the-book-of-boba-fett,series,the-book-of-boba-fett,The Book of Boba Fett
Creatures,616b232129d74492a01ad05b,bantha,Bantha,https://www.starwars.com/series/obi-wan-kenobi,series,obi-wan-kenobi,Obi-Wan Kenobi
Creatures,616b263df82b5492a01ad05b,blixus,Blixus,https://www.starwars.com/series/star-wars-the-clone-wars,series,star-wars-the-clone-wars,Star Wars: The Clone Wars
Creatures,616b2a33b4651492a01ad05b,blurrg,Blurrg,https://www.starwars.com/series/star-wars-the-clone-wars,series,star-wars-the-clone-wars,Star Wars: The Clone Wars
Creatures,616b2a33b4651492a01ad05b,blurrg,Blurrg,https://www.starwars.com/series/star-wars-rebels,series,star-wars-rebels,Star Wars Rebels
Creatures,616b2a33b4651492a01ad05b,blurrg,Blurrg,https://www.starwars.com/series/the-mandalorian,series,the-mandalorian,The Mandalorian
Creatures,616b263f9ce58492a01ad05b,boga,Boga,https://www.starwars.com/films/star-wars-episode-iii-revenge-of-the-sith,films,star-wars-episode-iii-revenge-of-the-sith,Star Wars: Revenge of the Sith (Episode III)
Creatures,616b32fee5e8e492a01ad05b,bonbraks,Bonbraks,https://www.starwars.com/the-high-republic,,,Star Wars: The High Republic
Creatures,616b2d6c2008d492a01ad05b,bonzami,Bonzami,https://www.starwars.com/series/star-wars-rebels,series,star-wars-rebels,Star Wars Rebels
Creatures,616b2d2848126492a01ad05b,brain-worm,Brain worm,https://www.starwars.com/series/star-wars-the-clone-wars,series,star-wars-the-clone-wars,Star Wars: The Clone Wars
Creatures,616b264143bf2492a01ad05b,brezak,Brezak,https://www.starwars.com/series/star-wars-the-clone-wars,series,star-wars-the-clone-wars,Star Wars: The Clone Wars
Creatures,616b339a5d836492a01ad05b,b-omarr-monk-spider,B’omarr monk spider,https://www.starwars.com/series/the-book-of-boba-fett,series,the-book-of-boba-fett,The Book of Boba Fett
Creatures,616b2648bf340492a01ad05b,colo-claw-fish,Colo Claw Fish,https://www.starwars.com/films/star-wars-episode-i-the-phantom-menace,films,star-wars-episode-i-the-phantom-menace,Star Wars: The Phantom Menace (Episode I)
Creatures,616b2d860199b492a01ad05b,convor,Convor,https://www.starwars.com/series/star-wars-the-clone-wars,series,star-wars-the-clone-wars,Star Wars: The Clone Wars
Creatures,616b2d860199b492a01ad05b,convor,Convor,https://www.starwars.com/series/star-wars-rebels,series,star-wars-rebels,Star Wars Rebels
Creatures,616b3032e0793492a01ad05b,corellian-hounds,Corellian hounds,https://www.starwars.com/films/solo,films,solo,Solo: A Star Wars Story
Creatures,616b2650f12a5492a01ad05b,dewback,Dewback,https://www.starwars.com/films/star-wars-episode-iv-a-new-hope,films,star-wars-episode-iv-a-new-hope,Star Wars: A New Hope (Episode IV)
Creatures,616b2650f12a5492a01ad05b,dewback,Dewback,https://www.starwars.com/films/star-wars-episode-i-the-phantom-menace,films,star-wars-episode-i-the-phantom-menace,Star Wars: The Phantom Menace (Episode I)
Creatures,616b2650f12a5492a01ad05b,dewback,Dewback,https://www.starwars.com/series/the-mandalorian,series,the-mandalorian,The Mandalorian
Creatures,616b2650f12a5492a01ad05b,dewback,Dewback,https://www.starwars.com/series/star-wars-rebels,series,star-wars-rebels,Star Wars Rebels
Creatures,616b2a9f90a96492a01ad05b,dianoga,Dianoga,https://www.starwars.com/films/star-wars-episode-iv-a-new-hope,films,star-wars-episode-iv-a-new-hope,Star Wars: A New Hope (Episode IV)
Creatures,616b2a9f90a96492a01ad05b,dianoga,Dianoga,https://www.starwars.com/series/star-wars-the-bad-batch,series,star-wars-the-bad-batch,Star Wars: The Bad Batch
Creatures,616b36e51e9a2492a01ad05b,dryax,dryax,https://www.starwars.com/series/star-wars-the-bad-batch,series,star-wars-the-bad-batch,Star Wars: The Bad Batch
Creatures,619ff41054507889a7c98be3,dybbuk,dybbuk,https://www.starwars.com/series/the-acolyte,series,the-acolyte,The Acolyte
Creatures,616b265d06669492a01ad05b,eopie,eopie,https://www.starwars.com/films/star-wars-episode-ii-attack-of-the-clones,films,star-wars-episode-ii-attack-of-the-clones,Star Wars: Attack of the Clones (Episode II)
Creatures,616b265d06669492a01ad05b,eopie,eopie,https://www.starwars.com/films/star-wars-episode-i-the-phantom-menace,films,star-wars-episode-i-the-phantom-menace,Star Wars: The Phantom Menace (Episode I)
Creatures,616b265d06669492a01ad05b,eopie,eopie,https://www.starwars.com/films/star-wars-episode-iii-revenge-of-the-sith,films,star-wars-episode-iii-revenge-of-the-sith,Star Wars: Revenge of the Sith (Episode III)
Creatures,616b265d06669492a01ad05b,eopie,eopie,https://www.starwars.com/series/star-wars-the-clone-wars,series,star-wars-the-clone-wars,Star Wars: The Clone Wars
Creatures,616b265d06669492a01ad05b,eopie,eopie,https://www.starwars.com/series/obi-wan-kenobi,series,obi-wan-kenobi,Obi-Wan Kenobi
Creatures,616b2669562f7492a01ad05b,fambaa,Fambaa,https://www.starwars.com/films/star-wars-episode-i-the-phantom-menace,films,star-wars-episode-i-the-phantom-menace,Star Wars: The Phantom Menace (Episode I)
Creatures,616b2669562f7492a01ad05b,fambaa,Fambaa,https://www.starwars.com/series/star-wars-the-clone-wars,series,star-wars-the-clone-wars,Star Wars: The Clone Wars
Creatures,616b2f65ce9e1492a01ad05b,fathier,Fathier,https://www.starwars.com/films/star-wars-episode-viii-the-last-jedi,films,star-wars-episode-viii-the-last-jedi,Star Wars: The Last Jedi (Episode VIII)
Creatures,616b29c5004c1492a01ad05b,fyrnock,Fyrnock,https://www.starwars.com/series/star-wars-rebels,series,star-wars-rebels,Star Wars Rebels
Creatures,616b2bfb3309a492a01ad05b,gundark,Gundark,https://www.starwars.com/series/star-wars-the-clone-wars,series,star-wars-the-clone-wars,Star Wars: The Clone Wars
Creatures,616b2d9ef94e5492a01ad05b,happabore,Happabore,https://www.starwars.com/films/star-wars-episode-vii-the-force-awakens,films,star-wars-episode-vii-the-force-awakens,Star Wars: The Force Awakens (Episode VII)
Creatures,616b359c1b6fe492a01ad05b,howler,Howler,https://www.starwars.com/series/star-wars-ahsoka,series,star-wars-ahsoka,Ahsoka
Creatures,616b32ea231bc492a01ad05b,ice-spiders,Ice Spiders,https://www.starwars.com/series/the-mandalorian,series,the-mandalorian,The Mandalorian
Creatures,616b3361ffa65492a01ad05b,irlings,irlings,https://www.starwars.com/series/star-wars-the-bad-batch,series,star-wars-the-bad-batch,Star Wars: The Bad Batch
Creatures,616b2c0c7bd13492a01ad05b,joopa,Joopa,https://www.starwars.com/series/star-wars-rebels,series,star-wars-rebels,Star Wars Rebels
Creatures,616b267f01f9d492a01ad05b,kaadu,Kaadu,https://www.starwars.com/films/star-wars-episode-i-the-phantom-menace,films,star-wars-episode-i-the-phantom-menace,Star Wars: The Phantom Menace (Episode I)
Creatures,616b267f01f9d492a01ad05b,kaadu,Kaadu,https://www.starwars.com/series/star-wars-the-clone-wars,series,star-wars-the-clone-wars,Star Wars: The Clone Wars
Creatures,616b336c8b455492a01ad05b,kamoradon,Kamoradon,https://www.starwars.com/series/star-wars-the-bad-batch,series,star-wars-the-bad-batch,Star Wars: The Bad Batch
Creatures,616b31fafa4eb492a01ad05b,keeradak,keeradak,https://www.starwars.com/series/star-wars-the-clone-wars,series,star-wars-the-clone-wars,Star Wars: The Clone Wars
Creatures,616b305c54c17492a01ad05b,kod-yok,Kod'yok,https://www.starwars.com/films/solo,films,solo,Solo: A Star Wars Story
Creatures,616b2bd89ee81492a01ad05b,kouhun,Kouhun,https://www.starwars.com/films/star-wars-episode-ii-attack-of-the-clones,films,star-wars-episode-ii-attack-of-the-clones,Star Wars: Attack of the Clones (Episode II)
Creatures,616b2c94de04f492a01ad05b,kowakian-monkey-lizard,Kowakian Monkey-Lizard,https://www.starwars.com/films/star-wars-episode-vi-return-of-the-jedi,films,star-wars-episode-vi-return-of-the-jedi,Star Wars: Return of the Jedi (Episode VI)
Creatures,616b2c94de04f492a01ad05b,kowakian-monkey-lizard,Kowakian Monkey-Lizard,https://www.starwars.com/series/star-wars-the-clone-wars,series,star-wars-the-clone-wars,Star Wars: The Clone Wars
Creatures,616b2c94de04f492a01ad05b,kowakian-monkey-lizard,Kowakian Monkey-Lizard,https://www.starwars.com/series/star-wars-rebels,series,star-wars-rebels,Star Wars Rebels
Creatures,616b2d84050de492a01ad05b,krykna,Krykna,https://www.starwars.com/series/star-wars-rebels,series,star-wars-rebels,Star Wars Rebels
Creatures,616b32d8a60ad492a01ad05b,lava-meerkat,lava meerkat,https://www.starwars.com/series/the-mandalorian,series,the-mandalorian,The Mandalorian
Creatures,616b2f7e19ab1492a01ad05b,loth-bat,Loth-bat,https://www.starwars.com/series/star-wars-rebels,series,star-wars-rebels,Star Wars Rebels
Creatures,616b29d1218b1492a01ad05b,loth-cat,Loth-cat,https://www.starwars.com/series/star-wars-rebels,series,star-wars-rebels,Star Wars Rebels
Creatures,616b29d1218b1492a01ad05b,loth-cat,Loth-cat,https://www.starwars.com/series/star-wars-ahsoka,series,star-wars-ahsoka,Ahsoka
Creatures,616b2f129cf8e492a01ad05b,loth-wolf,Loth-wolf,https://www.starwars.com/series/star-wars-rebels,series,star-wars-rebels,Star Wars Rebels
Creatures,616b2b8092609492a01ad05b,luggabeast,Luggabeast,https://www.starwars.com/films/star-wars-episode-vii-the-force-awakens,films,star-wars-episode-vii-the-force-awakens,Star Wars: The Force Awakens (Episode VII)
Creatures,616b36d4fea9c492a01ad05b,lurca-hound,lurca hound,https://www.starwars.com/series/star-wars-the-bad-batch,series,star-wars-the-bad-batch,Star Wars: The Bad Batch
Creatures,616b32bad2121492a01ad05b,mudhorn,mudhorn,https://www.starwars.com/series/the-mandalorian,series,the-mandalorian,The Mandalorian
Creatures,616b2b1a177c2492a01ad05b,mynock,Mynock,https://www.starwars.com/films/star-wars-episode-v-the-empire-strikes-back,films,star-wars-episode-v-the-empire-strikes-back,Star Wars: The Empire Strikes Back (Episode V)
Creatures,616b268d7da62492a01ad05b,narglatch,Narglatch,https://www.starwars.com/series/star-wars-the-clone-wars,series,star-wars-the-clone-wars,Star Wars: The Clone Wars
Creatures,616b32d28b950492a01ad05b,nevarro-reptavian,Nevarro reptavian,https://www.starwars.com/series/the-mandalorian,series,the-mandalorian,The Mandalorian
Creatures,616b269230c77492a01ad05b,nexu,Nexu,https://www.starwars.com/films/star-wars-episode-ii-attack-of-the-clones,films,star-wars-episode-ii-attack-of-the-clones,Star Wars: Attack of the Clones (Episode II)
Creatures,616b269230c77492a01ad05b,nexu,Nexu,https://www.starwars.com/series/star-wars-the-bad-batch,series,star-wars-the-bad-batch,Star Wars: The Bad Batch
Creatures,616b2db76c7b7492a01ad05b,nightwatcher-worm,Nightwatcher Worm,https://www.starwars.com/films/star-wars-episode-vii-the-force-awakens,films,star-wars-episode-vii-the-force-awakens,Star Wars: The Force Awakens (Episode VII)
Creatures,616b26957e70f492a01ad05b,nuna,Nuna,https://www.starwars.com/films/star-wars-episode-ii-attack-of-the-clones,films,star-wars-episode-ii-attack-of-the-clones,Star Wars: Attack of the Clones (Episode II)
Creatures,616b26957e70f492a01ad05b,nuna,Nuna,https://www.starwars.com/films/star-wars-episode-i-the-phantom-menace,films,star-wars-episode-i-the-phantom-menace,Star Wars: The Phantom Menace (Episode I)
Creatures,616b26957e70f492a01ad05b,nuna,Nuna,https://www.starwars.com/series/star-wars-the-clone-wars,series,star-wars-the-clone-wars,Star Wars: The Clone Wars
Creatures,616b269713208492a01ad05b,opee-sea-killer,Opee Sea Killer,https://www.starwars.com/films/star-wars-episode-i-the-phantom-menace,films,star-wars-episode-i-the-phantom-menace,Star Wars: The Phantom Menace (Episode I)
Creatures,616b33322510e492a01ad05b,ordo-moon-dragon,Ordo Moon Dragon,https://www.starwars.com/series/star-wars-the-bad-batch,series,star-wars-the-bad-batch,Star Wars: The Bad Batch
Creatures,616b2bf93dba0492a01ad05b,orray,Orray,https://www.starwars.com/films/star-wars-episode-ii-attack-of-the-clones,films,star-wars-episode-ii-attack-of-the-clones,Star Wars: Attack of the Clones (Episode II)
Creatures,616b3191a0335492a01ad05b,parvinoth,Parvinoth,https://www.starwars.com/series/star-wars-resistance,series,star-wars-resistance,Star Wars Resistance
Creatures,616b2ee90cb5c492a01ad05b,porg,Porg,https://www.starwars.com/films/star-wars-episode-viii-the-last-jedi,films,star-wars-episode-viii-the-last-jedi,Star Wars: The Last Jedi (Episode VIII)
Creatures,616b29fce8665492a01ad05b,puffer-pig,Puffer Pig,https://www.starwars.com/series/star-wars-rebels,series,star-wars-rebels,Star Wars Rebels
Creatures,616b2d5c1b179492a01ad05b,purrgil,Purrgil,https://www.starwars.com/series/star-wars-rebels,series,star-wars-rebels,Star Wars Rebels
Creatures,616b2d5c1b179492a01ad05b,purrgil,Purrgil,https://www.starwars.com/series/star-wars-ahsoka,series,star-wars-ahsoka,Ahsoka
Creatures,616b2cbbfec7a492a01ad05b,rathtar,Rathtar,https://www.starwars.com/films/star-wars-episode-vii-the-force-awakens,films,star-wars-episode-vii-the-force-awakens,Star Wars: The Force Awakens (Episode VII)
Creatures,616b32b75edc8492a01ad05b,ravinak,ravinak,https://www.starwars.com/series/the-mandalorian,series,the-mandalorian,The Mandalorian
Creatures,616b26a629d08492a01ad05b,reek,Reek,https://www.starwars.com/films/star-wars-episode-ii-attack-of-the-clones,films,star-wars-episode-ii-attack-of-the-clones,Star Wars: Attack of the Clones (Episode II)
Creatures,616b26a629d08492a01ad05b,reek,Reek,https://www.starwars.com/series/star-wars-the-clone-wars,series,star-wars-the-clone-wars,Star Wars: The Clone Wars
Creatures,616b26ab8faea492a01ad05b,ronto,Ronto,https://www.starwars.com/films/star-wars-episode-i-the-phantom-menace,films,star-wars-episode-i-the-phantom-menace,Star Wars: The Phantom Menace (Episode I)
Creatures,616b26ab8faea492a01ad05b,ronto,Ronto,https://www.starwars.com/films/star-wars-episode-iv-a-new-hope,films,star-wars-episode-iv-a-new-hope,Star Wars: A New Hope (Episode IV)
Creatures,616b26ad2ceaf492a01ad05b,ruping,Ruping,https://www.starwars.com/series/star-wars-the-clone-wars,series,star-wars-the-clone-wars,Star Wars: The Clone Wars
Creatures,616b26aec98b2492a01ad05b,sando-aqua-monster,Sando Aqua Monster,https://www.starwars.com/films/star-wars-episode-i-the-phantom-menace,films,star-wars-episode-i-the-phantom-menace,Star Wars: The Phantom Menace (Episode I)
Creatures,616b26b07614a492a01ad05b,sarlacc,Sarlacc,https://www.starwars.com/films/star-wars-episode-vi-return-of-the-jedi,films,star-wars-episode-vi-return-of-the-jedi,Star Wars: Return of the Jedi (Episode VI)
Creatures,616b26b07614a492a01ad05b,sarlacc,Sarlacc,https://www.starwars.com/series/the-book-of-boba-fett,series,the-book-of-boba-fett,The Book of Boba Fett
Creatures,616b338e3f5da492a01ad05b,scurrier,scurrier,https://www.starwars.com/series/the-book-of-boba-fett,series,the-book-of-boba-fett,The Book of Boba Fett
Creatures,616b2c96dedd1492a01ad05b,shaak,Shaak,https://www.starwars.com/films/star-wars-episode-ii-attack-of-the-clones,films,star-wars-episode-ii-attack-of-the-clones,Star Wars: Attack of the Clones (Episode II)
Creatures,616b2c96dedd1492a01ad05b,shaak,Shaak,https://www.starwars.com/films/star-wars-episode-i-the-phantom-menace,films,star-wars-episode-i-the-phantom-menace,Star Wars: The Phantom Menace (Episode I)
Creatures,616b2c96dedd1492a01ad05b,shaak,Shaak,https://www.starwars.com/series/star-wars-the-clone-wars,series,star-wars-the-clone-wars,Star Wars: The Clone Wars
Creatures,61c326277aedfdc64d119680,skura,skura,https://www.starwars.com/series/the-acolyte,series,the-acolyte,The Acolyte
Creatures,616b2aaa89e8c492a01ad05b,space-slug,Space Slug,https://www.starwars.com/films/star-wars-episode-v-the-empire-strikes-back,films,star-wars-episode-v-the-empire-strikes-back,Star Wars: The Empire Strikes Back (Episode V)
Creatures,616b313fd9257492a01ad05b,speagull,speagull,https://www.starwars.com/series/star-wars-resistance,series,star-wars-resistance,Star Wars Resistance
Creatures,616b2db446911492a01ad05b,steelpecker,Steelpecker,https://www.starwars.com/films/star-wars-episode-vii-the-force-awakens,films,star-wars-episode-vii-the-force-awakens,Star Wars: The Force Awakens (Episode VII)
Creatures,616b33973a0fc492a01ad05b,tatooine-sand-beast,Tatooine sand beast,https://www.starwars.com/series/the-book-of-boba-fett,series,the-book-of-boba-fett,The Book of Boba Fett
Creatures,616b26c20af79492a01ad05b,tauntaun,Tauntaun,https://www.starwars.com/films/star-wars-episode-vi-return-of-the-jedi,films,star-wars-episode-vi-return-of-the-jedi,Star Wars: Return of the Jedi (Episode VI)
Creatures,616b26c20af79492a01ad05b,tauntaun,Tauntaun,https://www.starwars.com/films/star-wars-episode-v-the-empire-strikes-back,films,star-wars-episode-v-the-empire-strikes-back,Star Wars: The Empire Strikes Back (Episode V)
Creatures,616b2f6449383492a01ad05b,thala-siren,Thala-siren,https://www.starwars.com/films/star-wars-episode-viii-the-last-jedi,films,star-wars-episode-viii-the-last-jedi,Star Wars: The Last Jedi (Episode VIII)
Creatures,616b330bb45be492a01ad05b,the-drengir,The Drengir,https://www.starwars.com/the-high-republic,,,Star Wars: The High Republic
Creatures,616b35801e16e492a01ad05b,the-nameless,The Nameless,https://www.starwars.com/the-high-republic,,,Star Wars: The High Republic
Creatures,616b29b0a23ba492a01ad05b,tibidee,Tibidee,https://www.starwars.com/series/star-wars-rebels,series,star-wars-rebels,Star Wars Rebels
Creatures,616b26c844f8b492a01ad05b,tooka-cat,tooka cat,https://www.starwars.com/series/the-mandalorian,series,the-mandalorian,The Mandalorian
Creatures,616b26c844f8b492a01ad05b,tooka-cat,tooka cat,https://www.starwars.com/series/star-wars-the-clone-wars,series,star-wars-the-clone-wars,Star Wars: The Clone Wars
Creatures,61b3ff8f90c6f37710a43c00,umbramoth,umbramoth,https://www.starwars.com/series/the-acolyte,series,the-acolyte,The Acolyte
Creatures,616b26d2110f1492a01ad05b,varactyl,Varactyl,https://www.starwars.com/films/star-wars-episode-iii-revenge-of-the-sith,films,star-wars-episode-iii-revenge-of-the-sith,Star Wars: Revenge of the Sith (Episode III)
Creatures,616b26d2110f1492a01ad05b,varactyl,Varactyl,https://www.starwars.com/series/star-wars-the-clone-wars,series,star-wars-the-clone-wars,Star Wars: The Clone Wars
Creatures,616b3237a1d68492a01ad05b,vexis,vexis,https://www.starwars.com/films/star-wars-episode-ix-the-rise-of-skywalker,films,star-wars-episode-ix-the-rise-of-skywalker,Star Wars: The Rise of Skywalker (Episode IX)
Creatures,616b26d40f10c492a01ad05b,vixus,Vixus,https://www.starwars.com/series/star-wars-the-clone-wars,series,star-wars-the-clone-wars,Star Wars: The Clone Wars
Creatures,616b37d86d332492a01ad05b,vrathean,vrathean,https://www.starwars.com/series/star-wars-the-bad-batch,series,star-wars-the-bad-batch,Star Wars: The Bad Batch
Creatures,616b2f54d4c25492a01ad05b,vulptex,Vulptex,https://www.starwars.com/films/star-wars-episode-viii-the-last-jedi,films,star-wars-episode-viii-the-last-jedi,Star Wars: The Last Jedi (Episode VIII)
Creatures,616b29d6e6cdc492a01ad05b,wampa,Wampa,https://www.starwars.com/films/star-wars-episode-v-the-empire-strikes-back,films,star-wars-episode-v-the-empire-strikes-back,Star Wars: The Empire Strikes Back (Episode V)
Creatures,616b2c7551f3b492a01ad05b,worrt,Worrt,https://www.starwars.com/films/star-wars-episode-vi-return-of-the-jedi,films,star-wars-episode-vi-return-of-the-jedi,Star Wars: Return of the Jedi (Episode VI)
Creatures,616b2c7551f3b492a01ad05b,worrt,Worrt,https://www.starwars.com/series/the-book-of-boba-fett,series,the-book-of-boba-fett,The Book of Boba Fett
Droids,616b2adcd8351492a01ad05b,2-1b-droid,2-1B Droid,https://www.starwars.com/films/star-wars-episode-v-the-empire-strikes-back,films,star-wars-episode-v-the-empire-strikes-back,Star Wars: The Empire Strikes Back (Episode V)
Droids,616b2adcd8351492a01ad05b,2-1b-droid,2-1B Droid,https://www.starwars.com/films/star-wars-episode-iii-revenge-of-the-sith,films,star-wars-episode-iii-revenge-of-the-sith,Star Wars: Revenge of the Sith (Episode III)
Droids,616b2adcd8351492a01ad05b,2-1b-droid,2-1B Droid,https://www.starwars.com/films/star-wars-episode-vi-return-of-the-jedi,films,star-wars-episode-vi-return-of-the-jedi,Star Wars: Return of the Jedi (Episode VI)
Droids,616b2adcd8351492a01ad05b,2-1b-droid,2-1B Droid,https://www.starwars.com/series/star-wars-the-clone-wars,series,star-wars-the-clone-wars,Star Wars: The Clone Wars
Droids,616b2adcd8351492a01ad05b,2-1b-droid,2-1B Droid,https://www.starwars.com/series/star-wars-rebels,series,star-wars-rebels,Star Wars Rebels
Droids,616b2c9878d11492a01ad05b,aqua-droid,Aqua Droid,https://www.starwars.com/series/star-wars-the-clone-wars,series,star-wars-the-clone-wars,Star Wars: The Clone Wars
Droids,616b26395ae9d492a01ad05b,asp-general-purpose-droid,ASP General Purpose Droid,https://www.starwars.com/films/star-wars-episode-iv-a-new-hope,films,star-wars-episode-iv-a-new-hope,Star Wars: A New Hope (Episode IV)
Droids,616b26395ae9d492a01ad05b,asp-general-purpose-droid,ASP General Purpose Droid,https://www.starwars.com/series/star-wars-the-clone-wars,series,star-wars-the-clone-wars,Star Wars: The Clone Wars
Droids,616b2301d73e1492a01ad05b,astromech-droid,Astromech Droid,https://www.starwars.com/films/star-wars-episode-iii-revenge-of-the-sith,films,star-wars-episode-iii-revenge-of-the-sith,Star Wars: Revenge of the Sith (Episode III)
Droids,616b2301d73e1492a01ad05b,astromech-droid,Astromech Droid,https://www.starwars.com/films/star-wars-episode-ii-attack-of-the-clones,films,star-wars-episode-ii-attack-of-the-clones,Star Wars: Attack of the Clones (Episode II)
Droids,616b2301d73e1492a01ad05b,astromech-droid,Astromech Droid,https://www.starwars.com/films/star-wars-episode-i-the-phantom-menace,films,star-wars-episode-i-the-phantom-menace,Star Wars: The Phantom Menace (Episode I)
Droids,616b2301d73e1492a01ad05b,astromech-droid,Astromech Droid,https://www.starwars.com/films/star-wars-episode-vi-return-of-the-jedi,films,star-wars-episode-vi-return-of-the-jedi,Star Wars: Return of the Jedi (Episode VI)
Droids,616b2301d73e1492a01ad05b,astromech-droid,Astromech Droid,https://www.starwars.com/films/star-wars-episode-iv-a-new-hope,films,star-wars-episode-iv-a-new-hope,Star Wars: A New Hope (Episode IV)
Droids,616b2301d73e1492a01ad05b,astromech-droid,Astromech Droid,https://www.starwars.com/films/star-wars-episode-v-the-empire-strikes-back,films,star-wars-episode-v-the-empire-strikes-back,Star Wars: The Empire Strikes Back (Episode V)
Droids,616b2301d73e1492a01ad05b,astromech-droid,Astromech Droid,https://www.starwars.com/films/star-wars-episode-vii-the-force-awakens,films,star-wars-episode-vii-the-force-awakens,Star Wars: The Force Awakens (Episode VII)
Droids,616b2301d73e1492a01ad05b,astromech-droid,Astromech Droid,https://www.starwars.com/series/star-wars-the-clone-wars,series,star-wars-the-clone-wars,Star Wars: The Clone Wars
Droids,616b2301d73e1492a01ad05b,astromech-droid,Astromech Droid,https://www.starwars.com/series/star-wars-rebels,series,star-wars-rebels,Star Wars Rebels
Droids,616b2fc11b9e0492a01ad05b,autovalet-droid,autovalet droid,https://www.starwars.com/films/star-wars-episode-viii-the-last-jedi,films,star-wars-episode-viii-the-last-jedi,Star Wars: The Last Jedi (Episode VIII)
Droids,616b2c9a6ac3f492a01ad05b,b1-series-rocket-battle-droid,B1-series Rocket Battle Droid,https://www.starwars.com/series/star-wars-the-clone-wars,series,star-wars-the-clone-wars,Star Wars: The Clone Wars
Droids,616b2cc2e15b6492a01ad05b,b2-rp-battle-droid,B2-RP battle droid,https://www.starwars.com/series/star-wars-the-clone-wars,series,star-wars-the-clone-wars,Star Wars: The Clone Wars
Droids,616b234aee586492a01ad05b,battle-droid,Battle Droid,https://www.starwars.com/films/star-wars-episode-i-the-phantom-menace,films,star-wars-episode-i-the-phantom-menace,Star Wars: The Phantom Menace (Episode I)
Droids,616b234aee586492a01ad05b,battle-droid,Battle Droid,https://www.starwars.com/films/star-wars-episode-ii-attack-of-the-clones,films,star-wars-episode-ii-attack-of-the-clones,Star Wars: Attack of the Clones (Episode II)
Droids,616b234aee586492a01ad05b,battle-droid,Battle Droid,https://www.starwars.com/films/star-wars-episode-iii-revenge-of-the-sith,films,star-wars-episode-iii-revenge-of-the-sith,Star Wars: Revenge of the Sith (Episode III)
Droids,616b234aee586492a01ad05b,battle-droid,Battle Droid,https://www.starwars.com/series/star-wars-the-clone-wars,series,star-wars-the-clone-wars,Star Wars: The Clone Wars
Droids,616b234aee586492a01ad05b,battle-droid,Battle Droid,https://www.starwars.com/series/star-wars-resistance,series,star-wars-resistance,Star Wars Resistance
Droids,616b234aee586492a01ad05b,battle-droid,Battle Droid,https://www.starwars.com/series/star-wars-the-bad-batch,series,star-wars-the-bad-batch,Star Wars: The Bad Batch
Droids,616b2ee5ef846492a01ad05b,bb-unit,BB unit,https://www.starwars.com/films/star-wars-episode-vii-the-force-awakens,films,star-wars-episode-vii-the-force-awakens,Star Wars: The Force Awakens (Episode VII)
Droids,616b2ee5ef846492a01ad05b,bb-unit,BB unit,https://www.starwars.com/films/star-wars-episode-viii-the-last-jedi,films,star-wars-episode-viii-the-last-jedi,Star Wars: The Last Jedi (Episode VIII)
Droids,616b2cc091761492a01ad05b,bd-3000-luxury-droid,BD-3000 luxury droid,https://www.starwars.com/films/star-wars-episode-iii-revenge-of-the-sith,films,star-wars-episode-iii-revenge-of-the-sith,Star Wars: Revenge of the Sith (Episode III)
Droids,616b2cc091761492a01ad05b,bd-3000-luxury-droid,BD-3000 luxury droid,https://www.starwars.com/series/star-wars-the-clone-wars,series,star-wars-the-clone-wars,Star Wars: The Clone Wars
Droids,616b2642ec8de492a01ad05b,buzz-droid,Buzz Droid,https://www.starwars.com/films/star-wars-episode-iii-revenge-of-the-sith,films,star-wars-episode-iii-revenge-of-the-sith,Star Wars: Revenge of the Sith (Episode III)
Droids,616b2642ec8de492a01ad05b,buzz-droid,Buzz Droid,https://www.starwars.com/series/star-wars-the-clone-wars,series,star-wars-the-clone-wars,Star Wars: The Clone Wars
Droids,616b264a83b09492a01ad05b,commando-droid,Commando Droid,https://www.starwars.com/series/star-wars-the-clone-wars,series,star-wars-the-clone-wars,Star Wars: The Clone Wars
Droids,616b2a15f855a492a01ad05b,courier-droid,Courier Droid,,,,
Droids,616b31fcbd930492a01ad05b,d-wing-security-droid,D-wing security droid,https://www.starwars.com/series/star-wars-the-clone-wars,series,star-wars-the-clone-wars,Star Wars: The Clone Wars
Droids,616b2e28f01d7492a01ad05b,dismantler-droid, Dismantler droid,https://www.starwars.com/series/star-wars-rebels,series,star-wars-rebels,Star Wars Rebels
Droids,616b265291d08492a01ad05b,droideka,Droideka,https://www.starwars.com/films/star-wars-episode-ii-attack-of-the-clones,films,star-wars-episode-ii-attack-of-the-clones,Star Wars: Attack of the Clones (Episode II)
Droids,616b265291d08492a01ad05b,droideka,Droideka,https://www.starwars.com/films/star-wars-episode-iii-revenge-of-the-sith,films,star-wars-episode-iii-revenge-of-the-sith,Star Wars: Revenge of the Sith (Episode III)
Droids,616b265291d08492a01ad05b,droideka,Droideka,https://www.starwars.com/films/star-wars-episode-i-the-phantom-menace,films,star-wars-episode-i-the-phantom-menace,Star Wars: The Phantom Menace (Episode I)
Droids,616b265291d08492a01ad05b,droideka,Droideka,https://www.starwars.com/series/star-wars-the-clone-wars,series,star-wars-the-clone-wars,Star Wars: The Clone Wars
Droids,616b265b6e17b492a01ad05b,dwarf-spider-droid,Dwarf Spider Droid,https://www.starwars.com/films/star-wars-episode-ii-attack-of-the-clones,films,star-wars-episode-ii-attack-of-the-clones,Star Wars: Attack of the Clones (Episode II)
Droids,616b265b6e17b492a01ad05b,dwarf-spider-droid,Dwarf Spider Droid,https://www.starwars.com/films/star-wars-episode-iii-revenge-of-the-sith,films,star-wars-episode-iii-revenge-of-the-sith,Star Wars: Revenge of the Sith (Episode III)
Droids,616b265b6e17b492a01ad05b,dwarf-spider-droid,Dwarf Spider Droid,https://www.starwars.com/series/star-wars-the-clone-wars,series,star-wars-the-clone-wars,Star Wars: The Clone Wars
Droids,616b2e815d948492a01ad05b,e-xd-infiltrator-droid,E-XD Infiltrator Droid,https://www.starwars.com/series/star-wars-rebels,series,star-wars-rebels,Star Wars Rebels
Droids,616b2cc5139d1492a01ad05b,fa-4-pilot-droid,FA-4 pilot droid,https://www.starwars.com/films/star-wars-episode-ii-attack-of-the-clones,films,star-wars-episode-ii-attack-of-the-clones,Star Wars: Attack of the Clones (Episode II)
Droids,616b2cc5139d1492a01ad05b,fa-4-pilot-droid,FA-4 pilot droid,https://www.starwars.com/films/star-wars-episode-iii-revenge-of-the-sith,films,star-wars-episode-iii-revenge-of-the-sith,Star Wars: Revenge of the Sith (Episode III)
Droids,616b2cc5139d1492a01ad05b,fa-4-pilot-droid,FA-4 pilot droid,https://www.starwars.com/series/star-wars-the-clone-wars,series,star-wars-the-clone-wars,Star Wars: The Clone Wars
Droids,616b266b0b633492a01ad05b,fire-breather,Fire-breather,https://www.starwars.com/series/star-wars-the-clone-wars,series,star-wars-the-clone-wars,Star Wars: The Clone Wars
Droids,616b2b841fe13492a01ad05b,first-order-interrogator-droid,First Order Interrogator Droid,https://www.starwars.com/films/star-wars-episode-vii-the-force-awakens,films,star-wars-episode-vii-the-force-awakens,Star Wars: The Force Awakens (Episode VII)
Droids,616b2fc2a07c4492a01ad05b,first-order-medical-droid,First Order Medical Droid,https://www.starwars.com/films/star-wars-episode-viii-the-last-jedi,films,star-wars-episode-viii-the-last-jedi,Star Wars: The Last Jedi (Episode VIII)
Droids,616b312cc3667492a01ad05b,first-order-probe-droid,First Order probe droid,https://www.starwars.com/series/star-wars-resistance,series,star-wars-resistance,Star Wars Resistance
Droids,616b2d2f29a45492a01ad05b,fx-6-medical-droid,FX-6 Medical Droid,https://www.starwars.com/films/star-wars-episode-iii-revenge-of-the-sith,films,star-wars-episode-iii-revenge-of-the-sith,Star Wars: Revenge of the Sith (Episode III)
Droids,616b2cc6b1e8c492a01ad05b,gh-7-analysis-droid,GH-7 Analysis Droid,https://www.starwars.com/films/star-wars-episode-iii-revenge-of-the-sith,films,star-wars-episode-iii-revenge-of-the-sith,Star Wars: Revenge of the Sith (Episode III)
Droids,616b2ab4cca88492a01ad05b,gonk-droid,Gonk Droid,https://www.starwars.com/films/star-wars-episode-i-the-phantom-menace,films,star-wars-episode-i-the-phantom-menace,Star Wars: The Phantom Menace (Episode I)
Droids,616b2ab4cca88492a01ad05b,gonk-droid,Gonk Droid,https://www.starwars.com/films/star-wars-episode-v-the-empire-strikes-back,films,star-wars-episode-v-the-empire-strikes-back,Star Wars: The Empire Strikes Back (Episode V)
Droids,616b2ab4cca88492a01ad05b,gonk-droid,Gonk Droid,https://www.starwars.com/films/star-wars-episode-ii-attack-of-the-clones,films,star-wars-episode-ii-attack-of-the-clones,Star Wars: Attack of the Clones (Episode II)
Droids,616b2ab4cca88492a01ad05b,gonk-droid,Gonk Droid,https://www.starwars.com/films/star-wars-episode-vi-return-of-the-jedi,films,star-wars-episode-vi-return-of-the-jedi,Star Wars: Return of the Jedi (Episode VI)
Droids,616b2ab4cca88492a01ad05b,gonk-droid,Gonk Droid,https://www.starwars.com/films/star-wars-episode-iv-a-new-hope,films,star-wars-episode-iv-a-new-hope,Star Wars: A New Hope (Episode IV)
Droids,616b2ab4cca88492a01ad05b,gonk-droid,Gonk Droid,https://www.starwars.com/series/star-wars-the-bad-batch,series,star-wars-the-bad-batch,Star Wars: The Bad Batch
Droids,616b2ab4cca88492a01ad05b,gonk-droid,Gonk Droid,https://www.starwars.com/series/star-wars-the-clone-wars,series,star-wars-the-clone-wars,Star Wars: The Clone Wars
Droids,616b2ab4cca88492a01ad05b,gonk-droid,Gonk Droid,https://www.starwars.com/series/star-wars-rebels,series,star-wars-rebels,Star Wars Rebels
Droids,616b2ad92dd59492a01ad05b,hailfire-droid,Hailfire Droid,https://www.starwars.com/films/star-wars-episode-ii-attack-of-the-clones,films,star-wars-episode-ii-attack-of-the-clones,Star Wars: Attack of the Clones (Episode II)
Droids,616b352f7577a492a01ad05b,hk-87-assassin-droid,HK-87 Assassin Droid,https://www.starwars.com/series/star-wars-ahsoka,series,star-wars-ahsoka,Ahsoka
Droids,616b267231892492a01ad05b,hyena-bomber-droid,Hyena Bomber Droid,https://www.starwars.com/series/star-wars-the-clone-wars,series,star-wars-the-clone-wars,Star Wars: The Clone Wars
Droids,616b2c194a56b492a01ad05b,id9-seeker-droid,ID9 Seeker Droid,https://www.starwars.com/series/star-wars-rebels,series,star-wars-rebels,Star Wars Rebels
Droids,616b334463927492a01ad05b,imperial-police-droids,Imperial Police Droids,https://www.starwars.com/series/star-wars-the-bad-batch,series,star-wars-the-bad-batch,Star Wars: The Bad Batch
Droids,616b241355702492a01ad05b,imperial-probe-droid,Imperial Probe Droid,https://www.starwars.com/films/star-wars-episode-vi-return-of-the-jedi,films,star-wars-episode-vi-return-of-the-jedi,Star Wars: Return of the Jedi (Episode VI)
Droids,616b241355702492a01ad05b,imperial-probe-droid,Imperial Probe Droid,https://www.starwars.com/films/star-wars-episode-v-the-empire-strikes-back,films,star-wars-episode-v-the-empire-strikes-back,Star Wars: The Empire Strikes Back (Episode V)
Droids,616b241355702492a01ad05b,imperial-probe-droid,Imperial Probe Droid,https://www.starwars.com/series/obi-wan-kenobi,series,obi-wan-kenobi,Obi-Wan Kenobi
Droids,616b241355702492a01ad05b,imperial-probe-droid,Imperial Probe Droid,https://www.starwars.com/series/star-wars-rebels,series,star-wars-rebels,Star Wars Rebels
Droids,616b2e7379172492a01ad05b,imperial-sentry-droid,Imperial sentry droid,https://www.starwars.com/series/star-wars-rebels,series,star-wars-rebels,Star Wars Rebels
Droids,616b2a17d3c1f492a01ad05b,interrogation-droid,Interrogation Droid,https://www.starwars.com/films/star-wars-episode-iv-a-new-hope,films,star-wars-episode-iv-a-new-hope,Star Wars: A New Hope (Episode IV)
Droids,616b2a17d3c1f492a01ad05b,interrogation-droid,Interrogation Droid,https://www.starwars.com/series/star-wars-rebels,series,star-wars-rebels,Star Wars Rebels
Droids,616b2adacb0f5492a01ad05b,lm-432-muckraker-crab-droid," LM-432 ""Muckraker"" Crab Droid",https://www.starwars.com/films/star-wars-episode-iii-revenge-of-the-sith,films,star-wars-episode-iii-revenge-of-the-sith,Star Wars: Revenge of the Sith (Episode III)
Droids,616b2adacb0f5492a01ad05b,lm-432-muckraker-crab-droid," LM-432 ""Muckraker"" Crab Droid",https://www.starwars.com/series/star-wars-the-clone-wars,series,star-wars-the-clone-wars,Star Wars: The Clone Wars
Droids,616b2ce52d521492a01ad05b,midwife-droid,Midwife Droid,https://www.starwars.com/films/star-wars-episode-iii-revenge-of-the-sith,films,star-wars-episode-iii-revenge-of-the-sith,Star Wars: Revenge of the Sith (Episode III)
Droids,616b268646437492a01ad05b,millicreep-droid,Millicreep droid,https://www.starwars.com/series/star-wars-the-clone-wars,series,star-wars-the-clone-wars,Star Wars: The Clone Wars
Droids,616b2f1eb9236492a01ad05b,mining-guild-security-droid,Mining Guild Security Droid,https://www.starwars.com/series/star-wars-rebels,series,star-wars-rebels,Star Wars Rebels
Droids,616b2aed47ba3492a01ad05b,mouse-droid,Mouse Droid,https://www.starwars.com/films/rogue-one,films,rogue-one,Rogue One: A Star Wars Story
Droids,616b2aed47ba3492a01ad05b,mouse-droid,Mouse Droid,https://www.starwars.com/films/star-wars-episode-v-the-empire-strikes-back,films,star-wars-episode-v-the-empire-strikes-back,Star Wars: The Empire Strikes Back (Episode V)
Droids,616b2aed47ba3492a01ad05b,mouse-droid,Mouse Droid,https://www.starwars.com/films/star-wars-episode-vii-the-force-awakens,films,star-wars-episode-vii-the-force-awakens,Star Wars: The Force Awakens (Episode VII)
Droids,616b2aed47ba3492a01ad05b,mouse-droid,Mouse Droid,https://www.starwars.com/films/star-wars-episode-vi-return-of-the-jedi,films,star-wars-episode-vi-return-of-the-jedi,Star Wars: Return of the Jedi (Episode VI)
Droids,616b2aed47ba3492a01ad05b,mouse-droid,Mouse Droid,https://www.starwars.com/films/star-wars-episode-iv-a-new-hope,films,star-wars-episode-iv-a-new-hope,Star Wars: A New Hope (Episode IV)
Droids,616b2aed47ba3492a01ad05b,mouse-droid,Mouse Droid,https://www.starwars.com/films/star-wars-episode-iii-revenge-of-the-sith,films,star-wars-episode-iii-revenge-of-the-sith,Star Wars: Revenge of the Sith (Episode III)
Droids,616b2aed47ba3492a01ad05b,mouse-droid,Mouse Droid,https://www.starwars.com/series/star-wars-the-clone-wars,series,star-wars-the-clone-wars,Star Wars: The Clone Wars
Droids,616b2aed47ba3492a01ad05b,mouse-droid,Mouse Droid,https://www.starwars.com/series/star-wars-rebels,series,star-wars-rebels,Star Wars Rebels
Droids,616b38220843c492a01ad05b,nanny-droid,Nanny droid,https://www.starwars.com/series/star-wars-the-bad-batch,series,star-wars-the-bad-batch,Star Wars: The Bad Batch
Droids,616b2c7df5e68492a01ad05b,nr-n99-persuader-class-tank-droid,NR-N99 Persuader-class Tank Droid,https://www.starwars.com/films/star-wars-episode-iii-revenge-of-the-sith,films,star-wars-episode-iii-revenge-of-the-sith,Star Wars: Revenge of the Sith (Episode III)
Droids,616b2c7df5e68492a01ad05b,nr-n99-persuader-class-tank-droid,NR-N99 Persuader-class Tank Droid,https://www.starwars.com/series/star-wars-the-clone-wars,series,star-wars-the-clone-wars,Star Wars: The Clone Wars
Droids,616b2b4775484492a01ad05b,octuptarra-droid,Octuptarra Droid,https://www.starwars.com/films/star-wars-episode-iii-revenge-of-the-sith,films,star-wars-episode-iii-revenge-of-the-sith,Star Wars: Revenge of the Sith (Episode III)
Droids,616b2b4775484492a01ad05b,octuptarra-droid,Octuptarra Droid,https://www.starwars.com/series/star-wars-the-clone-wars,series,star-wars-the-clone-wars,Star Wars: The Clone Wars
Droids,616b269e2664f492a01ad05b,pit-droid,Pit Droid,https://www.starwars.com/films/star-wars-episode-ii-attack-of-the-clones,films,star-wars-episode-ii-attack-of-the-clones,Star Wars: Attack of the Clones (Episode II)
Droids,616b269e2664f492a01ad05b,pit-droid,Pit Droid,https://www.starwars.com/films/star-wars-episode-i-the-phantom-menace,films,star-wars-episode-i-the-phantom-menace,Star Wars: The Phantom Menace (Episode I)
Droids,616b269e2664f492a01ad05b,pit-droid,Pit Droid,https://www.starwars.com/series/the-book-of-boba-fett,series,the-book-of-boba-fett,The Book of Boba Fett
Droids,616b269e2664f492a01ad05b,pit-droid,Pit Droid,https://www.starwars.com/series/star-wars-the-clone-wars,series,star-wars-the-clone-wars,Star Wars: The Clone Wars
Droids,616b269e2664f492a01ad05b,pit-droid,Pit Droid,https://www.starwars.com/series/the-mandalorian,series,the-mandalorian,The Mandalorian
Droids,616b269fdac96492a01ad05b,police-droid,Police Droid,https://www.starwars.com/series/star-wars-the-clone-wars,series,star-wars-the-clone-wars,Star Wars: The Clone Wars
Droids,616b26a166b54492a01ad05b,protocol-droid,Protocol Droid,https://www.starwars.com/films/star-wars-episode-vii-the-force-awakens,films,star-wars-episode-vii-the-force-awakens,Star Wars: The Force Awakens (Episode VII)
Droids,616b26a166b54492a01ad05b,protocol-droid,Protocol Droid,https://www.starwars.com/films/star-wars-episode-iv-a-new-hope,films,star-wars-episode-iv-a-new-hope,Star Wars: A New Hope (Episode IV)
Droids,616b26a166b54492a01ad05b,protocol-droid,Protocol Droid,https://www.starwars.com/films/star-wars-episode-v-the-empire-strikes-back,films,star-wars-episode-v-the-empire-strikes-back,Star Wars: The Empire Strikes Back (Episode V)
Droids,616b26a166b54492a01ad05b,protocol-droid,Protocol Droid,https://www.starwars.com/films/star-wars-episode-ii-attack-of-the-clones,films,star-wars-episode-ii-attack-of-the-clones,Star Wars: Attack of the Clones (Episode II)
Droids,616b26a166b54492a01ad05b,protocol-droid,Protocol Droid,https://www.starwars.com/films/star-wars-episode-vi-return-of-the-jedi,films,star-wars-episode-vi-return-of-the-jedi,Star Wars: Return of the Jedi (Episode VI)
Droids,616b26a166b54492a01ad05b,protocol-droid,Protocol Droid,https://www.starwars.com/films/star-wars-episode-i-the-phantom-menace,films,star-wars-episode-i-the-phantom-menace,Star Wars: The Phantom Menace (Episode I)
Droids,616b26a166b54492a01ad05b,protocol-droid,Protocol Droid,https://www.starwars.com/films/star-wars-episode-iii-revenge-of-the-sith,films,star-wars-episode-iii-revenge-of-the-sith,Star Wars: Revenge of the Sith (Episode III)
Droids,616b26a166b54492a01ad05b,protocol-droid,Protocol Droid,https://www.starwars.com/series/star-wars-the-clone-wars,series,star-wars-the-clone-wars,Star Wars: The Clone Wars
Droids,616b26a166b54492a01ad05b,protocol-droid,Protocol Droid,https://www.starwars.com/series/star-wars-rebels,series,star-wars-rebels,Star Wars Rebels
Droids,616b26a7de2ea492a01ad05b,retail-caucus-droid,Retail Caucus Droid,https://www.starwars.com/series/star-wars-the-clone-wars,series,star-wars-the-clone-wars,Star Wars: The Clone Wars
Droids,616b2cd52e6e7492a01ad05b,ric-series-general-labor-droid,RIC-series General Labor Droid,https://www.starwars.com/films/star-wars-episode-ii-attack-of-the-clones,films,star-wars-episode-ii-attack-of-the-clones,Star Wars: Attack of the Clones (Episode II)
Droids,616b2f59a94b9492a01ad05b,se8-waiter-droid,SE8 Waiter Droid,https://www.starwars.com/films/star-wars-episode-viii-the-last-jedi,films,star-wars-episode-viii-the-last-jedi,Star Wars: The Last Jedi (Episode VIII)
Droids,616b2cea39dd3492a01ad05b,separatist-assassin-droid,Separatist Assassin Droid,https://www.starwars.com/series/star-wars-the-clone-wars,series,star-wars-the-clone-wars,Star Wars: The Clone Wars
Droids,616b26b24ae1d492a01ad05b,sith-probe-droid,Sith Probe Droid,https://www.starwars.com/films/star-wars-episode-i-the-phantom-menace,films,star-wars-episode-i-the-phantom-menace,Star Wars: The Phantom Menace (Episode I)
Droids,616b2d35a3f01492a01ad05b,smelter-droid,Smelter Droid,https://www.starwars.com/films/star-wars-episode-i-the-phantom-menace,films,star-wars-episode-i-the-phantom-menace,Star Wars: The Phantom Menace (Episode I)
Droids,616b2d35a3f01492a01ad05b,smelter-droid,Smelter Droid,https://www.starwars.com/films/star-wars-episode-vi-return-of-the-jedi,films,star-wars-episode-vi-return-of-the-jedi,Star Wars: Return of the Jedi (Episode VI)
Droids,616b2d35a3f01492a01ad05b,smelter-droid,Smelter Droid,https://www.starwars.com/series/star-wars-the-clone-wars,series,star-wars-the-clone-wars,Star Wars: The Clone Wars
Droids,616b26b3dc1fa492a01ad05b,sniper-droid,Sniper Droid,https://www.starwars.com/series/star-wars-the-clone-wars,series,star-wars-the-clone-wars,Star Wars: The Clone Wars
Droids,616b3546354bc492a01ad05b,star-navigator-droid,Star Navigator Droid,https://www.starwars.com/series/star-wars-ahsoka,series,star-wars-ahsoka,Ahsoka
Droids,616b26b72b16a492a01ad05b,super-battle-droid,Super Battle Droid,https://www.starwars.com/films/star-wars-episode-ii-attack-of-the-clones,films,star-wars-episode-ii-attack-of-the-clones,Star Wars: Attack of the Clones (Episode II)
Droids,616b26b72b16a492a01ad05b,super-battle-droid,Super Battle Droid,https://www.starwars.com/films/star-wars-episode-iii-revenge-of-the-sith,films,star-wars-episode-iii-revenge-of-the-sith,Star Wars: Revenge of the Sith (Episode III)
Droids,616b26b72b16a492a01ad05b,super-battle-droid,Super Battle Droid,https://www.starwars.com/series/star-wars-the-clone-wars,series,star-wars-the-clone-wars,Star Wars: The Clone Wars
Droids,616b26b72b16a492a01ad05b,super-battle-droid,Super Battle Droid,https://www.starwars.com/series/star-wars-resistance,series,star-wars-resistance,Star Wars Resistance
Droids,616b2cf0241e2492a01ad05b,super-battle-droid-rocket-trooper,Super battle droid rocket trooper,https://www.starwars.com/series/star-wars-the-clone-wars,series,star-wars-the-clone-wars,Star Wars: The Clone Wars
Droids,616b26be523c4492a01ad05b,super-tactical-droid,Super Tactical Droid,https://www.starwars.com/series/star-wars-the-clone-wars,series,star-wars-the-clone-wars,Star Wars: The Clone Wars
Droids,616b26be523c4492a01ad05b,super-tactical-droid,Super Tactical Droid,https://www.starwars.com/series/star-wars-rebels,series,star-wars-rebels,Star Wars Rebels
Droids,616b2cf918816492a01ad05b,t-series-tactical-droid,T-series Tactical Droid,https://www.starwars.com/series/star-wars-the-clone-wars,series,star-wars-the-clone-wars,Star Wars: The Clone Wars
Droids,616b382a17c21492a01ad05b,tantiss-medical-droid,Tantiss medical droid,https://www.starwars.com/series/star-wars-the-bad-batch,series,star-wars-the-bad-batch,Star Wars: The Bad Batch
Droids,616b3122b0682492a01ad05b,transport-ticketing-droid,Transport ticketing droid,https://www.starwars.com/series/star-wars-resistance,series,star-wars-resistance,Star Wars Resistance
Droids,616b2cee30891492a01ad05b,tt-8l-y7,TT-8L/Y7,https://www.starwars.com/films/star-wars-episode-vi-return-of-the-jedi,films,star-wars-episode-vi-return-of-the-jedi,Star Wars: Return of the Jedi (Episode VI)
Droids,616b2cee30891492a01ad05b,tt-8l-y7,TT-8L/Y7,https://www.starwars.com/series/star-wars-the-clone-wars,series,star-wars-the-clone-wars,Star Wars: The Clone Wars
Droids,616b32562e1f9492a01ad05b,type-ii-loadlifter,Type II Loadlifter,https://www.starwars.com/series/star-wars-the-clone-wars,series,star-wars-the-clone-wars,Star Wars: The Clone Wars
Droids,616b302bdc1b7492a01ad05b,viper-probe-droid,Viper probe droid,https://www.starwars.com/films/solo,films,solo,Solo: A Star Wars Story
Droids,616b26d5a1374492a01ad05b,vulture-droid-droid-starfighter,Vulture Droid (Droid Starfighter),https://www.starwars.com/films/star-wars-episode-iii-revenge-of-the-sith,films,star-wars-episode-iii-revenge-of-the-sith,Star Wars: Revenge of the Sith (Episode III)
Droids,616b26d5a1374492a01ad05b,vulture-droid-droid-starfighter,Vulture Droid (Droid Starfighter),https://www.starwars.com/films/star-wars-episode-i-the-phantom-menace,films,star-wars-episode-i-the-phantom-menace,Star Wars: The Phantom Menace (Episode I)
Droids,616b26d5a1374492a01ad05b,vulture-droid-droid-starfighter,Vulture Droid (Droid Starfighter),https://www.starwars.com/series/star-wars-the-clone-wars,series,star-wars-the-clone-wars,Star Wars: The Clone Wars
Droids,616b2b3f6ad89492a01ad05b,wed-treadwell-droid,WED Treadwell Droid,https://www.starwars.com/films/star-wars-episode-ii-attack-of-the-clones,films,star-wars-episode-ii-attack-of-the-clones,Star Wars: Attack of the Clones (Episode II)
Droids,616b2b3f6ad89492a01ad05b,wed-treadwell-droid,WED Treadwell Droid,https://www.starwars.com/films/star-wars-episode-vi-return-of-the-jedi,films,star-wars-episode-vi-return-of-the-jedi,Star Wars: Return of the Jedi (Episode VI)
Droids,616b2b3f6ad89492a01ad05b,wed-treadwell-droid,WED Treadwell Droid,https://www.starwars.com/films/star-wars-episode-iv-a-new-hope,films,star-wars-episode-iv-a-new-hope,Star Wars: A New Hope (Episode IV)
Droids,616b2b3f6ad89492a01ad05b,wed-treadwell-droid,WED Treadwell Droid,https://www.starwars.com/films/star-wars-episode-v-the-empire-strikes-back,films,star-wars-episode-v-the-empire-strikes-back,Star Wars: The Empire Strikes Back (Episode V)
Droids,616b2b3f6ad89492a01ad05b,wed-treadwell-droid,WED Treadwell Droid,https://www.starwars.com/series/the-book-of-boba-fett,series,the-book-of-boba-fett,The Book of Boba Fett
Droids,616b2b3f6ad89492a01ad05b,wed-treadwell-droid,WED Treadwell Droid,https://www.starwars.com/series/star-wars-the-clone-wars,series,star-wars-the-clone-wars,Star Wars: The Clone Wars
Locations,616b29d90b3c1492a01ad05b,79-s,79's,https://www.starwars.com/series/star-wars-the-bad-batch,series,star-wars-the-bad-batch,Star Wars: The Bad Batch
Locations,616b29d90b3c1492a01ad05b,79-s,79's,https://www.starwars.com/series/star-wars-the-clone-wars,series,star-wars-the-clone-wars,Star Wars: The Clone Wars
Locations,616b22be52e5e492a01ad05b,abafar,Abafar,https://www.starwars.com/series/star-wars-the-clone-wars,series,star-wars-the-clone-wars,Star Wars: The Clone Wars
Locations,616b31ea2dec9492a01ad05b,aeos-prime,Aeos Prime,https://www.starwars.com/series/star-wars-resistance,series,star-wars-resistance,Star Wars Resistance
Locations,616b2e446953d492a01ad05b,agamar,Agamar,https://www.starwars.com/series/star-wars-rebels,series,star-wars-rebels,Star Wars Rebels
Locations,616b2f5352a9f492a01ad05b,ahch-to,Ahch-To,https://www.starwars.com/films/star-wars-episode-viii-the-last-jedi,films,star-wars-episode-viii-the-last-jedi,Star Wars: The Last Jedi (Episode VIII)
Locations,616b2f5caad3d492a01ad05b,ahch-to-jedi-temple,Ahch-To Jedi Temple,https://www.starwars.com/films/star-wars-episode-viii-the-last-jedi,films,star-wars-episode-viii-the-last-jedi,Star Wars: The Last Jedi (Episode VIII)
Locations,616b2f8c20ff5492a01ad05b,ahch-to-mirror-cave,Ahch-To Mirror Cave,https://www.starwars.com/films/star-wars-episode-viii-the-last-jedi,films,star-wars-episode-viii-the-last-jedi,Star Wars: The Last Jedi (Episode VIII)
Locations,616b31d5b35e7492a01ad05b,ajan-kloss,Ajan Kloss,https://www.starwars.com/films/star-wars-episode-ix-the-rise-of-skywalker,films,star-wars-episode-ix-the-rise-of-skywalker,Star Wars: The Rise of Skywalker (Episode IX)
Locations,616b31cf9dca2492a01ad05b,ajan-kloss-resistance-base,Ajan Kloss Resistance Base,https://www.starwars.com/films/star-wars-episode-ix-the-rise-of-skywalker,films,star-wars-episode-ix-the-rise-of-skywalker,Star Wars: The Rise of Skywalker (Episode IX)
Locations,616b33e91e60a492a01ad05b,aldera-spaceport,Aldera spaceport,https://www.starwars.com/series/obi-wan-kenobi,series,obi-wan-kenobi,Obi-Wan Kenobi
Locations,616b2317f903c492a01ad05b,alderaan,Alderaan,https://www.starwars.com/films/star-wars-episode-iv-a-new-hope,films,star-wars-episode-iv-a-new-hope,Star Wars: A New Hope (Episode IV)
Locations,616b2317f903c492a01ad05b,alderaan,Alderaan,https://www.starwars.com/films/star-wars-episode-iii-revenge-of-the-sith,films,star-wars-episode-iii-revenge-of-the-sith,Star Wars: Revenge of the Sith (Episode III)
Locations,616b2317f903c492a01ad05b,alderaan,Alderaan,https://www.starwars.com/series/obi-wan-kenobi,series,obi-wan-kenobi,Obi-Wan Kenobi
Locations,616b2317f903c492a01ad05b,alderaan,Alderaan,https://www.starwars.com/series/star-wars-the-clone-wars,series,star-wars-the-clone-wars,Star Wars: The Clone Wars
Locations,616b343c8808e492a01ad05b,aldhani,Aldhani,https://www.starwars.com/series/andor,series,andor,Andor
Locations,616b22df6507e492a01ad05b,aleen,Aleen,https://www.starwars.com/series/star-wars-the-clone-wars,series,star-wars-the-clone-wars,Star Wars: The Clone Wars
Locations,616b33a353ea9492a01ad05b,anchorhead,Anchorhead,https://www.starwars.com/series/the-book-of-boba-fett,series,the-book-of-boba-fett,The Book of Boba Fett
Locations,616b33df385fa492a01ad05b,anchorhead-general-store,Anchorhead general store,https://www.starwars.com/series/obi-wan-kenobi,series,obi-wan-kenobi,Obi-Wan Kenobi
Locations,616b355fe7e13492a01ad05b,arcana,Arcana,https://www.starwars.com/series/star-wars-ahsoka,series,star-wars-ahsoka,Ahsoka
Locations,616b2edc9886b492a01ad05b,archeon-nebula,Archeon Nebula,https://www.starwars.com/series/star-wars-rebels,series,star-wars-rebels,Star Wars Rebels
Locations,616b32b1c8cb0492a01ad05b,armorer-s-workshop,Armorer's workshop,https://www.starwars.com/series/the-mandalorian,series,the-mandalorian,The Mandalorian
Locations,616b32b51b51c492a01ad05b,arvala-7,Arvala-7,https://www.starwars.com/series/the-mandalorian,series,the-mandalorian,The Mandalorian
Locations,616b31900ea43492a01ad05b,ashas-ree,Ashas Ree ,https://www.starwars.com/series/star-wars-resistance,series,star-wars-resistance,Star Wars Resistance
Locations,616b319904ca0492a01ad05b,ashas-ree-temple-of-the-force,Ashas Ree Temple of the Force,https://www.starwars.com/series/star-wars-resistance,series,star-wars-resistance,Star Wars Resistance
Locations,616b2d5a94048492a01ad05b,asteroid-belt-gas-refinery,Asteroid Belt Gas Refinery,https://www.starwars.com/series/star-wars-rebels,series,star-wars-rebels,Star Wars Rebels
Locations,616b29c0fad94492a01ad05b,asteroid-field,Asteroid Field,https://www.starwars.com/films/star-wars-episode-v-the-empire-strikes-back,films,star-wars-episode-v-the-empire-strikes-back,Star Wars: The Empire Strikes Back (Episode V)
Locations,616b29c0fad94492a01ad05b,asteroid-field,Asteroid Field,https://www.starwars.com/films/star-wars-episode-ii-attack-of-the-clones,films,star-wars-episode-ii-attack-of-the-clones,Star Wars: Attack of the Clones (Episode II)
Locations,616b29c0fad94492a01ad05b,asteroid-field,Asteroid Field,https://www.starwars.com/series/star-wars-the-clone-wars,series,star-wars-the-clone-wars,Star Wars: The Clone Wars
Locations,616b29c0fad94492a01ad05b,asteroid-field,Asteroid Field,https://www.starwars.com/series/star-wars-rebels,series,star-wars-rebels,Star Wars Rebels
Locations,616b2d804b85a492a01ad05b,atollon,Atollon,https://www.starwars.com/series/star-wars-rebels,series,star-wars-rebels,Star Wars Rebels
Locations,616b30b117c81492a01ad05b,aunt-z-s-tavern,Aunt Z's Tavern,https://www.starwars.com/series/star-wars-resistance,series,star-wars-resistance,Star Wars Resistance
Locations,616b34aa620cc492a01ad05b,aynaboni,Aynaboni,https://www.starwars.com/series/star-wars-the-bad-batch,series,star-wars-the-bad-batch,Star Wars: The Bad Batch
Locations,616b322b2a0fd492a01ad05b,babu-frik-s-workshop,Babu Frik’s workshop,https://www.starwars.com/films/star-wars-episode-ix-the-rise-of-skywalker,films,star-wars-episode-ix-the-rise-of-skywalker,Star Wars: The Rise of Skywalker (Episode IX)
Locations,616b2d6dac039492a01ad05b,bahryn,Bahryn,https://www.starwars.com/series/star-wars-rebels,series,star-wars-rebels,Star Wars Rebels
Locations,616b34fee7455492a01ad05b,balmorra,Balmorra,https://www.starwars.com/series/star-wars-the-bad-batch,series,star-wars-the-bad-batch,Star Wars: The Bad Batch
Locations,616b231f96b58492a01ad05b,balnab,Balnab,https://www.starwars.com/series/star-wars-the-clone-wars,series,star-wars-the-clone-wars,Star Wars: The Clone Wars
Locations,616b29da89cf1492a01ad05b,bardotta,Bardotta,https://www.starwars.com/series/star-wars-the-clone-wars,series,star-wars-the-clone-wars,Star Wars: The Clone Wars
Locations,616b33dd20a4c492a01ad05b,barren-moon,barren moon,https://www.starwars.com/series/obi-wan-kenobi,series,obi-wan-kenobi,Obi-Wan Kenobi
Locations,616b34f30559f492a01ad05b,barton-iv,Barton IV,https://www.starwars.com/series/star-wars-the-bad-batch,series,star-wars-the-bad-batch,Star Wars: The Bad Batch
Locations,616b2eaea4d25492a01ad05b,base-one,Base One,https://www.starwars.com/films/star-wars-episode-iv-a-new-hope,films,star-wars-episode-iv-a-new-hope,Star Wars: A New Hope (Episode IV)
Locations,616b2eaea4d25492a01ad05b,base-one,Base One,https://www.starwars.com/films/rogue-one,films,rogue-one,Rogue One: A Star Wars Story
Locations,616b2eaea4d25492a01ad05b,base-one,Base One,https://www.starwars.com/series/star-wars-rebels,series,star-wars-rebels,Star Wars Rebels
Locations,616b2f26514f5492a01ad05b,batuu,Batuu,,,,
Locations,616b33aaf4f3f492a01ad05b,beggar-s-canyon,Beggar's Canyon,https://www.starwars.com/series/the-book-of-boba-fett,series,the-book-of-boba-fett,The Book of Boba Fett
Locations,616b33aaf4f3f492a01ad05b,beggar-s-canyon,Beggar's Canyon,https://www.starwars.com/series/obi-wan-kenobi,series,obi-wan-kenobi,Obi-Wan Kenobi
Locations,616b33f0d7acb492a01ad05b,ben-kenobi-s-cave,Ben Kenobi’s cave ,https://www.starwars.com/series/obi-wan-kenobi,series,obi-wan-kenobi,Obi-Wan Kenobi
Locations,616b22fad00f7492a01ad05b,bespin,Bespin,https://www.starwars.com/films/star-wars-episode-v-the-empire-strikes-back,films,star-wars-episode-v-the-empire-strikes-back,Star Wars: The Empire Strikes Back (Episode V)
Locations,616b22fad00f7492a01ad05b,bespin,Bespin,https://www.starwars.com/films/star-wars-episode-vi-return-of-the-jedi,films,star-wars-episode-vi-return-of-the-jedi,Star Wars: Return of the Jedi (Episode VI)
Locations,616b3046f2fe2492a01ad05b,black-spire-outpost,Black Spire Outpost,,,,
Locations,616b337f149fa492a01ad05b,boba-fett-s-palace,Boba Fett’s Palace,https://www.starwars.com/series/the-book-of-boba-fett,series,the-book-of-boba-fett,The Book of Boba Fett
Locations,616b317ab25fe492a01ad05b,bogano,Bogano,,,,
Locations,616b334da9787492a01ad05b,bora-vio,Bora Vio,https://www.starwars.com/series/star-wars-the-bad-batch,series,star-wars-the-bad-batch,Star Wars: The Bad Batch
Locations,616b314a9e535492a01ad05b,bracca,Bracca,https://www.starwars.com/series/star-wars-the-bad-batch,series,star-wars-the-bad-batch,Star Wars: The Bad Batch
Locations,61a5131b73197d82dfdabe1e,brendok,Brendok,https://www.starwars.com/series/the-acolyte,series,the-acolyte,The Acolyte
Locations,61a5131db06caca3991e3e4d,brendok-fortress,Brendok fortress,https://www.starwars.com/series/the-acolyte,series,the-acolyte,The Acolyte
Locations,616b2cec33be0492a01ad05b,bright-tree-village,Bright Tree Village,https://www.starwars.com/films/star-wars-episode-vi-return-of-the-jedi,films,star-wars-episode-vi-return-of-the-jedi,Star Wars: Return of the Jedi (Episode VI)
Locations,61d6639cb33cff2f1cb2fd4c,bunta-tree,Bunta tree,https://www.starwars.com/series/the-acolyte,series,the-acolyte,The Acolyte
Locations,616b2efb7d3f8492a01ad05b,canto-bight,Canto Bight,https://www.starwars.com/films/star-wars-episode-viii-the-last-jedi,films,star-wars-episode-viii-the-last-jedi,Star Wars: The Last Jedi (Episode VIII)
Locations,616b2f62be876492a01ad05b,canto-bight-jail,Canto Bight Jail,https://www.starwars.com/films/star-wars-episode-viii-the-last-jedi,films,star-wars-episode-viii-the-last-jedi,Star Wars: The Last Jedi (Episode VIII)
Locations,616b2f675840a492a01ad05b,canto-casino,Canto Casino,https://www.starwars.com/films/star-wars-episode-viii-the-last-jedi,films,star-wars-episode-viii-the-last-jedi,Star Wars: The Last Jedi (Episode VIII)
Locations,616b2f70a7e06492a01ad05b,cantonica,Cantonica,https://www.starwars.com/films/star-wars-episode-viii-the-last-jedi,films,star-wars-episode-viii-the-last-jedi,Star Wars: The Last Jedi (Episode VIII)
Locations,616b31088ff72492a01ad05b,captain-doza-s-office,Captain Doza's Office,https://www.starwars.com/series/star-wars-resistance,series,star-wars-resistance,Star Wars Resistance
Locations,616b37e073d26492a01ad05b,caraad,Caraad,https://www.starwars.com/series/star-wars-the-bad-batch,series,star-wars-the-bad-batch,Star Wars: The Bad Batch
Locations,616b258487dd8492a01ad05b,carlac,Carlac,https://www.starwars.com/series/star-wars-the-clone-wars,series,star-wars-the-clone-wars,Star Wars: The Clone Wars
Locations,616b258487dd8492a01ad05b,carlac,Carlac,https://www.starwars.com/series/the-acolyte,series,the-acolyte,The Acolyte
Locations,616b30d9da9a0492a01ad05b,castilon,Castilon,https://www.starwars.com/series/star-wars-resistance,series,star-wars-resistance,Star Wars Resistance
Locations,616b2eb1cf162492a01ad05b,catacombs-of-cadera,Catacombs of Cadera,https://www.starwars.com/films/rogue-one,films,rogue-one,Rogue One: A Star Wars Story
Locations,616b25862c408492a01ad05b,cato-neimoidia,Cato Neimoidia,https://www.starwars.com/films/star-wars-episode-iii-revenge-of-the-sith,films,star-wars-episode-iii-revenge-of-the-sith,Star Wars: Revenge of the Sith (Episode III)
Locations,616b25862c408492a01ad05b,cato-neimoidia,Cato Neimoidia,https://www.starwars.com/series/star-wars-the-clone-wars,series,star-wars-the-clone-wars,Star Wars: The Clone Wars
Locations,616b2d62ebe49492a01ad05b,cave-of-evil,Cave of Evil,https://www.starwars.com/films/star-wars-episode-v-the-empire-strikes-back,films,star-wars-episode-v-the-empire-strikes-back,Star Wars: The Empire Strikes Back (Episode V)
Locations,616b2d62ebe49492a01ad05b,cave-of-evil,Cave of Evil,https://www.starwars.com/series/star-wars-the-clone-wars,series,star-wars-the-clone-wars,Star Wars: The Clone Wars
Locations,616b31770af5d492a01ad05b,celsor-3,Celsor 3 ,https://www.starwars.com/series/star-wars-resistance,series,star-wars-resistance,Star Wars Resistance
Locations,616b2c07bf133492a01ad05b,central-detention-center,Central Detention Center,https://www.starwars.com/series/star-wars-the-clone-wars,series,star-wars-the-clone-wars,Star Wars: The Clone Wars
Locations,616b25889932b492a01ad05b,christophsis,Christophsis,https://www.starwars.com/series/star-wars-the-clone-wars,series,star-wars-the-clone-wars,Star Wars: The Clone Wars
Locations,616b333ff057c492a01ad05b,cid-s-parlor,Cid's Parlor,https://www.starwars.com/series/star-wars-the-bad-batch,series,star-wars-the-bad-batch,Star Wars: The Bad Batch
Locations,616b240a37d42492a01ad05b,cloud-city,Cloud City,https://www.starwars.com/films/star-wars-episode-vi-return-of-the-jedi,films,star-wars-episode-vi-return-of-the-jedi,Star Wars: Return of the Jedi (Episode VI)
Locations,616b240a37d42492a01ad05b,cloud-city,Cloud City,https://www.starwars.com/films/star-wars-episode-v-the-empire-strikes-back,films,star-wars-episode-v-the-empire-strikes-back,Star Wars: The Empire Strikes Back (Episode V)
Locations,616b30aaeffdd492a01ad05b,colossus,Colossus,https://www.starwars.com/series/star-wars-resistance,series,star-wars-resistance,Star Wars Resistance
Locations,616b30c7cd6df492a01ad05b,colossus-marketplace,Colossus Marketplace,https://www.starwars.com/series/star-wars-resistance,series,star-wars-resistance,Star Wars Resistance
Locations,616b258e252c2492a01ad05b,concord-dawn,Concord Dawn,https://www.starwars.com/series/star-wars-rebels,series,star-wars-rebels,Star Wars Rebels
Locations,616b2591763dc492a01ad05b,concordia,Concordia,https://www.starwars.com/series/star-wars-the-clone-wars,series,star-wars-the-clone-wars,Star Wars: The Clone Wars
Locations,616b302365134492a01ad05b,corellia,Corellia,https://www.starwars.com/films/solo,films,solo,Solo: A Star Wars Story
Locations,616b302365134492a01ad05b,corellia,Corellia,https://www.starwars.com/series/star-wars-the-bad-batch,series,star-wars-the-bad-batch,Star Wars: The Bad Batch
Locations,616b302365134492a01ad05b,corellia,Corellia,https://www.starwars.com/series/star-wars-ahsoka,series,star-wars-ahsoka,Ahsoka
Locations,616b3021da7ce492a01ad05b,coronet-spaceport,Coronet Spaceport,https://www.starwars.com/films/solo,films,solo,Solo: A Star Wars Story
Locations,616b23805ea2a492a01ad05b,coruscant,Coruscant,https://www.starwars.com/films/star-wars-episode-i-the-phantom-menace,films,star-wars-episode-i-the-phantom-menace,Star Wars: The Phantom Menace (Episode I)
Locations,616b23805ea2a492a01ad05b,coruscant,Coruscant,https://www.starwars.com/films/star-wars-episode-ii-attack-of-the-clones,films,star-wars-episode-ii-attack-of-the-clones,Star Wars: Attack of the Clones (Episode II)
Locations,616b23805ea2a492a01ad05b,coruscant,Coruscant,https://www.starwars.com/films/star-wars-episode-vi-return-of-the-jedi,films,star-wars-episode-vi-return-of-the-jedi,Star Wars: Return of the Jedi (Episode VI)
Locations,616b23805ea2a492a01ad05b,coruscant,Coruscant,https://www.starwars.com/films/star-wars-episode-iii-revenge-of-the-sith,films,star-wars-episode-iii-revenge-of-the-sith,Star Wars: Revenge of the Sith (Episode III)
Locations,616b23805ea2a492a01ad05b,coruscant,Coruscant,https://www.starwars.com/series/star-wars-the-clone-wars,series,star-wars-the-clone-wars,Star Wars: The Clone Wars
Locations,616b23805ea2a492a01ad05b,coruscant,Coruscant,https://www.starwars.com/series/obi-wan-kenobi,series,obi-wan-kenobi,Obi-Wan Kenobi
Locations,616b23805ea2a492a01ad05b,coruscant,Coruscant,https://www.starwars.com/series/star-wars-the-bad-batch,series,star-wars-the-bad-batch,Star Wars: The Bad Batch
Locations,616b23805ea2a492a01ad05b,coruscant,Coruscant,https://www.starwars.com/series/andor,series,andor,Andor
Locations,616b23805ea2a492a01ad05b,coruscant,Coruscant,https://www.starwars.com/series/tales-of-the-jedi,series,tales-of-the-jedi,Tales of the Jedi
Locations,616b23805ea2a492a01ad05b,coruscant,Coruscant,https://www.starwars.com/series/star-wars-ahsoka,series,star-wars-ahsoka,Ahsoka
Locations,616b23805ea2a492a01ad05b,coruscant,Coruscant,https://www.starwars.com/series/the-acolyte,series,the-acolyte,The Acolyte
Locations,616b2c6a4b65d492a01ad05b,coruscant-senate-building,Coruscant Senate Building,https://www.starwars.com/films/star-wars-episode-ii-attack-of-the-clones,films,star-wars-episode-ii-attack-of-the-clones,Star Wars: Attack of the Clones (Episode II)
Locations,616b2c6a4b65d492a01ad05b,coruscant-senate-building,Coruscant Senate Building,https://www.starwars.com/films/star-wars-episode-i-the-phantom-menace,films,star-wars-episode-i-the-phantom-menace,Star Wars: The Phantom Menace (Episode I)
Locations,616b2c6a4b65d492a01ad05b,coruscant-senate-building,Coruscant Senate Building,https://www.starwars.com/films/star-wars-episode-iii-revenge-of-the-sith,films,star-wars-episode-iii-revenge-of-the-sith,Star Wars: Revenge of the Sith (Episode III)
Locations,616b2c6a4b65d492a01ad05b,coruscant-senate-building,Coruscant Senate Building,https://www.starwars.com/series/star-wars-the-clone-wars,series,star-wars-the-clone-wars,Star Wars: The Clone Wars
Locations,616b322e5c2c6492a01ad05b,corvax-fen,Corvax Fen,https://www.starwars.com/films/star-wars-episode-ix-the-rise-of-skywalker,films,star-wars-episode-ix-the-rise-of-skywalker,Star Wars: The Rise of Skywalker (Episode IX)
Locations,616b32f814c1b492a01ad05b,corvus,Corvus,https://www.starwars.com/series/the-mandalorian,series,the-mandalorian,The Mandalorian
Locations,616b2ef67fa77492a01ad05b,crait,Crait,https://www.starwars.com/films/star-wars-episode-viii-the-last-jedi,films,star-wars-episode-viii-the-last-jedi,Star Wars: The Last Jedi (Episode VIII)
Locations,616b2f93d2212492a01ad05b,crait-rebel-base,Crait Rebel base,https://www.starwars.com/films/star-wars-episode-viii-the-last-jedi,films,star-wars-episode-viii-the-last-jedi,Star Wars: The Last Jedi (Episode VIII)
Locations,616f3873cfadfc60ab6ec8e9,cx-observation-lab,CX observation lab,https://www.starwars.com/series/star-wars-the-bad-batch,series,star-wars-the-bad-batch,Star Wars: The Bad Batch
Locations,616b31f7ec93c492a01ad05b,cyber-center,cyber center,https://www.starwars.com/series/star-wars-the-clone-wars,series,star-wars-the-clone-wars,Star Wars: The Clone Wars
Locations,616b2caf321bf492a01ad05b,d-qar,D'Qar,https://www.starwars.com/films/star-wars-episode-viii-the-last-jedi,films,star-wars-episode-viii-the-last-jedi,Star Wars: The Last Jedi (Episode VIII)
Locations,616b2caf321bf492a01ad05b,d-qar,D'Qar,https://www.starwars.com/films/star-wars-episode-vii-the-force-awakens,films,star-wars-episode-vii-the-force-awakens,Star Wars: The Force Awakens (Episode VII)
Locations,616b24032d579492a01ad05b,dagobah,Dagobah,https://www.starwars.com/films/star-wars-episode-v-the-empire-strikes-back,films,star-wars-episode-v-the-empire-strikes-back,Star Wars: The Empire Strikes Back (Episode V)
Locations,616b24032d579492a01ad05b,dagobah,Dagobah,https://www.starwars.com/films/star-wars-episode-vi-return-of-the-jedi,films,star-wars-episode-vi-return-of-the-jedi,Star Wars: Return of the Jedi (Episode VI)
Locations,616b24032d579492a01ad05b,dagobah,Dagobah,https://www.starwars.com/series/star-wars-the-clone-wars,series,star-wars-the-clone-wars,Star Wars: The Clone Wars
Locations,616b3401bbc7c492a01ad05b,daiyu,Daiyu,https://www.starwars.com/series/obi-wan-kenobi,series,obi-wan-kenobi,Obi-Wan Kenobi
Locations,616b2bb35c610492a01ad05b,dandoran,Dandoran,,,,
Locations,616b2edb1df5a492a01ad05b,dantooine,Dantooine,https://www.starwars.com/series/star-wars-rebels,series,star-wars-rebels,Star Wars Rebels
Locations,616b336536329492a01ad05b,daro,Daro,https://www.starwars.com/series/star-wars-the-bad-batch,series,star-wars-the-bad-batch,Star Wars: The Bad Batch
Locations,616b312e5c65a492a01ad05b,dassal-system,Dassal system,https://www.starwars.com/series/star-wars-resistance,series,star-wars-resistance,Star Wars Resistance
Locations,616b2593dece3492a01ad05b,dathomir,Dathomir,https://www.starwars.com/series/star-wars-the-clone-wars,series,star-wars-the-clone-wars,Star Wars: The Clone Wars
Locations,616b2593dece3492a01ad05b,dathomir,Dathomir,https://www.starwars.com/series/star-wars-ahsoka,series,star-wars-ahsoka,Ahsoka
Locations,616b23901ac0d492a01ad05b,death-star,Death Star,https://www.starwars.com/films/star-wars-episode-iii-revenge-of-the-sith,films,star-wars-episode-iii-revenge-of-the-sith,Star Wars: Revenge of the Sith (Episode III)
Locations,616b23901ac0d492a01ad05b,death-star,Death Star,https://www.starwars.com/films/star-wars-episode-iv-a-new-hope,films,star-wars-episode-iv-a-new-hope,Star Wars: A New Hope (Episode IV)
Locations,616b23901ac0d492a01ad05b,death-star,Death Star,https://www.starwars.com/films/rogue-one,films,rogue-one,Rogue One: A Star Wars Story
Locations,616b293c74094492a01ad05b,death-star-ii,Death Star II,https://www.starwars.com/films/star-wars-episode-vi-return-of-the-jedi,films,star-wars-episode-vi-return-of-the-jedi,Star Wars: Return of the Jedi (Episode VI)
Locations,616b293c74094492a01ad05b,death-star-ii,Death Star II,https://www.starwars.com/films/star-wars-episode-ix-the-rise-of-skywalker,films,star-wars-episode-ix-the-rise-of-skywalker,Star Wars: The Rise of Skywalker (Episode IX)
Locations,616b2ce836e00492a01ad05b,devaron,Devaron,https://www.starwars.com/series/star-wars-the-clone-wars,series,star-wars-the-clone-wars,Star Wars: The Clone Wars
Locations,616b259ab518c492a01ad05b,dex-s-diner,Dex's Diner,https://www.starwars.com/films/star-wars-episode-ii-attack-of-the-clones,films,star-wars-episode-ii-attack-of-the-clones,Star Wars: Attack of the Clones (Episode II)
Locations,616b315c752e7492a01ad05b,dok-ondar-s-den-of-antiquities,Dok-Ondar’s Den of Antiquities,,,,
Locations,616b30af6d2e8492a01ad05b,doza-tower,Doza Tower,https://www.starwars.com/series/star-wars-resistance,series,star-wars-resistance,Star Wars Resistance
Locations,616b3189e81c0492a01ad05b,drahgor-iii,Drahgor III,https://www.starwars.com/series/star-wars-resistance,series,star-wars-resistance,Star Wars Resistance
Locations,616b3342e335c492a01ad05b,droid-decommissioning-facility,Droid decommissioning facility,https://www.starwars.com/series/star-wars-the-bad-batch,series,star-wars-the-bad-batch,Star Wars: The Bad Batch
Locations,616b33d0956a8492a01ad05b,dune-sea,Dune Sea,https://www.starwars.com/films/star-wars-episode-iv-a-new-hope,films,star-wars-episode-iv-a-new-hope,Star Wars: A New Hope (Episode IV)
Locations,616b33d0956a8492a01ad05b,dune-sea,Dune Sea,https://www.starwars.com/series/the-book-of-boba-fett,series,the-book-of-boba-fett,The Book of Boba Fett
Locations,616b33d0956a8492a01ad05b,dune-sea,Dune Sea,https://www.starwars.com/series/the-mandalorian,series,the-mandalorian,The Mandalorian
Locations,616b2ea36a6c0492a01ad05b,eadu,Eadu,https://www.starwars.com/films/rogue-one,films,rogue-one,Rogue One: A Star Wars Story
Locations,616b2a23679e1492a01ad05b,echo-base,Echo Base,https://www.starwars.com/films/star-wars-episode-v-the-empire-strikes-back,films,star-wars-episode-v-the-empire-strikes-back,Star Wars: The Empire Strikes Back (Episode V)
Locations,616b322fe234c492a01ad05b,emperor-s-throne-room,Emperor’s throne room,https://www.starwars.com/films/star-wars-episode-vi-return-of-the-jedi,films,star-wars-episode-vi-return-of-the-jedi,Star Wars: Return of the Jedi (Episode VI)
Locations,616b322fe234c492a01ad05b,emperor-s-throne-room,Emperor’s throne room,https://www.starwars.com/films/star-wars-episode-ix-the-rise-of-skywalker,films,star-wars-episode-ix-the-rise-of-skywalker,Star Wars: The Rise of Skywalker (Episode IX)
Locations,616b259c4d27d492a01ad05b,endor,Endor,https://www.starwars.com/films/star-wars-episode-vi-return-of-the-jedi,films,star-wars-episode-vi-return-of-the-jedi,Star Wars: Return of the Jedi (Episode VI)
Locations,616b259c4d27d492a01ad05b,endor,Endor,https://www.starwars.com/films/star-wars-episode-ix-the-rise-of-skywalker,films,star-wars-episode-ix-the-rise-of-skywalker,Star Wars: The Rise of Skywalker (Episode IX)
Locations,616b2bb551242492a01ad05b,er-kit,Er'Kit,,,,
Locations,616b384280e7b492a01ad05b,erebus,Erebus,https://www.starwars.com/series/star-wars-the-bad-batch,series,star-wars-the-bad-batch,Star Wars: The Bad Batch
Locations,616b3504dba23492a01ad05b,eriadu,Eriadu,https://www.starwars.com/series/star-wars-the-bad-batch,series,star-wars-the-bad-batch,Star Wars: The Bad Batch
Locations,616b2ead2780b492a01ad05b,erso-homestead,Erso Homestead,https://www.starwars.com/films/rogue-one,films,rogue-one,Rogue One: A Star Wars Story
Locations,616b31dc2174c492a01ad05b,exegol,Exegol,https://www.starwars.com/films/star-wars-episode-ix-the-rise-of-skywalker,films,star-wars-episode-ix-the-rise-of-skywalker,Star Wars: The Rise of Skywalker (Episode IX)
Locations,616b2f07b3aae492a01ad05b,faos-station,Faos Station,https://www.starwars.com/series/star-wars-rebels,series,star-wars-rebels,Star Wars Rebels
Locations,616b364775d7c492a01ad05b,far-galaxy,Far Galaxy,https://www.starwars.com/series/star-wars-ahsoka,series,star-wars-ahsoka,Ahsoka
Locations,616b25a3d43b5492a01ad05b,felucia,Felucia,https://www.starwars.com/films/star-wars-episode-iii-revenge-of-the-sith,films,star-wars-episode-iii-revenge-of-the-sith,Star Wars: Revenge of the Sith (Episode III)
Locations,616b25a3d43b5492a01ad05b,felucia,Felucia,https://www.starwars.com/series/star-wars-the-clone-wars,series,star-wars-the-clone-wars,Star Wars: The Clone Wars
Locations,616b3429168a0492a01ad05b,ferrix,Ferrix,https://www.starwars.com/series/andor,series,andor,Andor
Locations,616b311c9db7d492a01ad05b,first-order-mining-operation,First Order Mining Operation,https://www.starwars.com/series/star-wars-resistance,series,star-wars-resistance,Star Wars Resistance
Locations,616b25a9aff1f492a01ad05b,florrum,Florrum,https://www.starwars.com/series/star-wars-the-clone-wars,series,star-wars-the-clone-wars,Star Wars: The Clone Wars
Locations,616b2f2ebff6a492a01ad05b,fondor,Fondor,,,,
Locations,616b29ec0ecc4492a01ad05b,force-planet,Force Planet,https://www.starwars.com/series/star-wars-the-clone-wars,series,star-wars-the-clone-wars,Star Wars: The Clone Wars
Locations,616b29c30e8f1492a01ad05b,fort-anaxes,Fort Anaxes,https://www.starwars.com/series/star-wars-the-clone-wars,series,star-wars-the-clone-wars,Star Wars: The Clone Wars
Locations,616b29c30e8f1492a01ad05b,fort-anaxes,Fort Anaxes,https://www.starwars.com/series/star-wars-rebels,series,star-wars-rebels,Star Wars Rebels
Locations,616b3080eeece492a01ad05b,fort-ypso,Fort Ypso,https://www.starwars.com/films/solo,films,solo,Solo: A Star Wars Story
Locations,616b33e5226e4492a01ad05b,fortress-inquisitorius,Fortress Inquisitorius,https://www.starwars.com/series/obi-wan-kenobi,series,obi-wan-kenobi,Obi-Wan Kenobi
Locations,616b33cf0c0af492a01ad05b,freetown-mos-pelgo,Freetown (Mos Pelgo),https://www.starwars.com/series/the-book-of-boba-fett,series,the-book-of-boba-fett,The Book of Boba Fett
Locations,616b33cf0c0af492a01ad05b,freetown-mos-pelgo,Freetown (Mos Pelgo),https://www.starwars.com/series/the-mandalorian,series,the-mandalorian,The Mandalorian
Locations,616b345e8628a492a01ad05b,frezno,Frezno,https://www.starwars.com/series/andor,series,andor,Andor
Locations,616b2cc837d44492a01ad05b,galaxies-opera-house,Galaxies Opera House,https://www.starwars.com/films/star-wars-episode-iii-revenge-of-the-sith,films,star-wars-episode-iii-revenge-of-the-sith,Star Wars: Revenge of the Sith (Episode III)
Locations,616b298760a0e492a01ad05b,garel,Garel,https://www.starwars.com/series/star-wars-rebels,series,star-wars-rebels,Star Wars Rebels
Locations,616b3395b4db6492a01ad05b,garsa-s-sanctuary,Garsa’s Sanctuary,https://www.starwars.com/series/the-book-of-boba-fett,series,the-book-of-boba-fett,The Book of Boba Fett
Locations,616b25ab8ca2e492a01ad05b,geonosis,Geonosis,https://www.starwars.com/films/star-wars-episode-ii-attack-of-the-clones,films,star-wars-episode-ii-attack-of-the-clones,Star Wars: Attack of the Clones (Episode II)
Locations,616b25ab8ca2e492a01ad05b,geonosis,Geonosis,https://www.starwars.com/series/star-wars-the-clone-wars,series,star-wars-the-clone-wars,Star Wars: The Clone Wars
Locations,616b2a9975a05492a01ad05b,geonosis-droid-factory,Geonosis Droid Factory,https://www.starwars.com/films/star-wars-episode-ii-attack-of-the-clones,films,star-wars-episode-ii-attack-of-the-clones,Star Wars: Attack of the Clones (Episode II)
Locations,616b33ac7cca6492a01ad05b,glavis-ringworld,Glavis Ringworld,https://www.starwars.com/series/the-book-of-boba-fett,series,the-book-of-boba-fett,The Book of Boba Fett
Locations,616b2dbdd5c33492a01ad05b,goazon-badlands,Goazon Badlands,https://www.starwars.com/films/star-wars-episode-vii-the-force-awakens,films,star-wars-episode-vii-the-force-awakens,Star Wars: The Force Awakens (Episode VII)
Locations,616b364fbef9e492a01ad05b,great-mothers-fortress,Great Mothers' Fortress,https://www.starwars.com/series/star-wars-ahsoka,series,star-wars-ahsoka,Ahsoka
Locations,616b2c3724cf6492a01ad05b,havoc-outpost,Havoc Outpost,https://www.starwars.com/series/star-wars-rebels,series,star-wars-rebels,Star Wars Rebels
Locations,616b38121dd55492a01ad05b,hemlock-s-office,Hemlock’s office,https://www.starwars.com/series/star-wars-the-bad-batch,series,star-wars-the-bad-batch,Star Wars: The Bad Batch
Locations,616b2ed1e7306492a01ad05b,holy-city-of-jedha,Holy City of Jedha,https://www.starwars.com/films/rogue-one,films,rogue-one,Rogue One: A Star Wars Story
Locations,616b2d783cf8f492a01ad05b,horizon-base,Horizon Base,https://www.starwars.com/series/star-wars-rebels,series,star-wars-rebels,Star Wars Rebels
Locations,616b2cbf0fbf5492a01ad05b,hosnian-prime,Hosnian Prime,https://www.starwars.com/films/star-wars-episode-vii-the-force-awakens,films,star-wars-episode-vii-the-force-awakens,Star Wars: The Force Awakens (Episode VII)
Locations,616b23ca36e79492a01ad05b,hoth,Hoth,https://www.starwars.com/films/star-wars-episode-v-the-empire-strikes-back,films,star-wars-episode-v-the-empire-strikes-back,Star Wars: The Empire Strikes Back (Episode V)
Locations,616b2c27fc2d4492a01ad05b,ibaar,Ibaar,https://www.starwars.com/series/star-wars-rebels,series,star-wars-rebels,Star Wars Rebels
Locations,616b25b29563c492a01ad05b,iego,Iego,https://www.starwars.com/series/star-wars-the-clone-wars,series,star-wars-the-clone-wars,Star Wars: The Clone Wars
Locations,616b25b469eea492a01ad05b,ilum,Ilum,https://www.starwars.com/series/star-wars-the-clone-wars,series,star-wars-the-clone-wars,Star Wars: The Clone Wars
Locations,616b29b3c584f492a01ad05b,imperial-academy,Imperial Academy,https://www.starwars.com/series/star-wars-rebels,series,star-wars-rebels,Star Wars Rebels
Locations,616b3363adbdf492a01ad05b,imperial-base-on-daro,Imperial Base on Daro,https://www.starwars.com/series/star-wars-the-bad-batch,series,star-wars-the-bad-batch,Star Wars: The Bad Batch
Locations,616b3356a95fa492a01ad05b,imperial-doonium-refinery,Imperial doonium refinery,https://www.starwars.com/series/star-wars-the-bad-batch,series,star-wars-the-bad-batch,Star Wars: The Bad Batch
Locations,616b345c58e35492a01ad05b,imperial-garrison-aldhani,Imperial Garrison (Aldhani),https://www.starwars.com/series/andor,series,andor,Andor
Locations,616b381a0c102492a01ad05b,imperial-orbital-space-station,Imperial Orbital Space Station,https://www.starwars.com/series/star-wars-the-bad-batch,series,star-wars-the-bad-batch,Star Wars: The Bad Batch
Locations,616b34e270ddc492a01ad05b,ipsidon,Ipsidon,https://www.starwars.com/series/star-wars-the-bad-batch,series,star-wars-the-bad-batch,Star Wars: The Bad Batch
Locations,616b34e6e1ed4492a01ad05b,ipsidon-spaceport,Ipsidon spaceport,https://www.starwars.com/series/star-wars-the-bad-batch,series,star-wars-the-bad-batch,Star Wars: The Bad Batch
Locations,616b25b681b20492a01ad05b,jabba-the-hutt-s-palace,Jabba the Hutt's Palace,https://www.starwars.com/films/star-wars-episode-vi-return-of-the-jedi,films,star-wars-episode-vi-return-of-the-jedi,Star Wars: Return of the Jedi (Episode VI)
Locations,616b25b681b20492a01ad05b,jabba-the-hutt-s-palace,Jabba the Hutt's Palace,https://www.starwars.com/series/the-book-of-boba-fett,series,the-book-of-boba-fett,The Book of Boba Fett
Locations,616b25b681b20492a01ad05b,jabba-the-hutt-s-palace,Jabba the Hutt's Palace,https://www.starwars.com/series/star-wars-the-clone-wars,series,star-wars-the-clone-wars,Star Wars: The Clone Wars
Locations,616b33e32a34e492a01ad05b,jabiim,Jabiim ,https://www.starwars.com/series/obi-wan-kenobi,series,obi-wan-kenobi,Obi-Wan Kenobi
Locations,616b33e143733492a01ad05b,jabiim-hidden-path-safehouse,Jabiim Hidden Path safehouse ,https://www.starwars.com/series/obi-wan-kenobi,series,obi-wan-kenobi,Obi-Wan Kenobi
Locations,616b2b9993200492a01ad05b,jakku,Jakku,https://www.starwars.com/films/star-wars-episode-vii-the-force-awakens,films,star-wars-episode-vii-the-force-awakens,Star Wars: The Force Awakens (Episode VII)
Locations,616b2f0f503f8492a01ad05b,jalath,Jalath,https://www.starwars.com/series/star-wars-rebels,series,star-wars-rebels,Star Wars Rebels
Locations,616b2f0c45722492a01ad05b,jalindi,Jalindi,https://www.starwars.com/series/star-wars-rebels,series,star-wars-rebels,Star Wars Rebels
Locations,616b2f0dcaa34492a01ad05b,jalindi-station,Jalindi Station,https://www.starwars.com/series/star-wars-rebels,series,star-wars-rebels,Star Wars Rebels
Locations,616b2e1248c93492a01ad05b,jedha,Jedha,https://www.starwars.com/films/rogue-one,films,rogue-one,Rogue One: A Star Wars Story
Locations,616b25b85f187492a01ad05b,jedi-temple,Jedi Temple,https://www.starwars.com/films/star-wars-episode-i-the-phantom-menace,films,star-wars-episode-i-the-phantom-menace,Star Wars: The Phantom Menace (Episode I)
Locations,616b25b85f187492a01ad05b,jedi-temple,Jedi Temple,https://www.starwars.com/films/star-wars-episode-ii-attack-of-the-clones,films,star-wars-episode-ii-attack-of-the-clones,Star Wars: Attack of the Clones (Episode II)
Locations,616b25b85f187492a01ad05b,jedi-temple,Jedi Temple,https://www.starwars.com/films/star-wars-episode-vi-return-of-the-jedi,films,star-wars-episode-vi-return-of-the-jedi,Star Wars: Return of the Jedi (Episode VI)
Locations,616b25b85f187492a01ad05b,jedi-temple,Jedi Temple,https://www.starwars.com/films/star-wars-episode-iii-revenge-of-the-sith,films,star-wars-episode-iii-revenge-of-the-sith,Star Wars: Revenge of the Sith (Episode III)
Locations,616b25b85f187492a01ad05b,jedi-temple,Jedi Temple,https://www.starwars.com/series/obi-wan-kenobi,series,obi-wan-kenobi,Obi-Wan Kenobi
Locations,616b25b85f187492a01ad05b,jedi-temple,Jedi Temple,https://www.starwars.com/series/the-book-of-boba-fett,series,the-book-of-boba-fett,The Book of Boba Fett
Locations,616b25b85f187492a01ad05b,jedi-temple,Jedi Temple,https://www.starwars.com/series/star-wars-the-clone-wars,series,star-wars-the-clone-wars,Star Wars: The Clone Wars
Locations,616b25b85f187492a01ad05b,jedi-temple,Jedi Temple,https://www.starwars.com/series/tales-of-the-jedi,series,tales-of-the-jedi,Tales of the Jedi
Locations,616b25b85f187492a01ad05b,jedi-temple,Jedi Temple,https://www.starwars.com/series/the-acolyte,series,the-acolyte,The Acolyte
Locations,616b2f503b9f9492a01ad05b,jedi-texts,Jedi texts,https://www.starwars.com/films/star-wars-episode-ix-the-rise-of-skywalker,films,star-wars-episode-ix-the-rise-of-skywalker,Star Wars: The Rise of Skywalker (Episode IX)
Locations,616b2f503b9f9492a01ad05b,jedi-texts,Jedi texts,https://www.starwars.com/films/star-wars-episode-viii-the-last-jedi,films,star-wars-episode-viii-the-last-jedi,Star Wars: The Last Jedi (Episode VIII)
Locations,616b2ce6ac5af492a01ad05b,jundland-wastes,Jundland wastes,https://www.starwars.com/films/star-wars-episode-iv-a-new-hope,films,star-wars-episode-iv-a-new-hope,Star Wars: A New Hope (Episode IV)
Locations,616b2ce6ac5af492a01ad05b,jundland-wastes,Jundland wastes,https://www.starwars.com/series/star-wars-rebels,series,star-wars-rebels,Star Wars Rebels
Locations,616b2cff3a43d492a01ad05b,kachirho,Kachirho,https://www.starwars.com/films/star-wars-episode-iii-revenge-of-the-sith,films,star-wars-episode-iii-revenge-of-the-sith,Star Wars: Revenge of the Sith (Episode III)
Locations,616b25bfd6adf492a01ad05b,kadavo,Kadavo,https://www.starwars.com/series/star-wars-the-clone-wars,series,star-wars-the-clone-wars,Star Wars: The Clone Wars
Locations,616b331340901492a01ad05b,kaller,Kaller,https://www.starwars.com/series/star-wars-the-bad-batch,series,star-wars-the-bad-batch,Star Wars: The Bad Batch
Locations,616b25c15e7a8492a01ad05b,kamino,Kamino,https://www.starwars.com/films/star-wars-episode-ii-attack-of-the-clones,films,star-wars-episode-ii-attack-of-the-clones,Star Wars: Attack of the Clones (Episode II)
Locations,616b25c15e7a8492a01ad05b,kamino,Kamino,https://www.starwars.com/series/star-wars-the-bad-batch,series,star-wars-the-bad-batch,Star Wars: The Bad Batch
Locations,616b25c15e7a8492a01ad05b,kamino,Kamino,https://www.starwars.com/series/star-wars-the-clone-wars,series,star-wars-the-clone-wars,Star Wars: The Clone Wars
Locations,616b32eb3ea3f492a01ad05b,karthon,Karthon,https://www.starwars.com/series/the-mandalorian,series,the-mandalorian,The Mandalorian
Locations,616b25c76d242492a01ad05b,kashyyyk,Kashyyyk,https://www.starwars.com/films/star-wars-episode-iii-revenge-of-the-sith,films,star-wars-episode-iii-revenge-of-the-sith,Star Wars: Revenge of the Sith (Episode III)
Locations,616b25c76d242492a01ad05b,kashyyyk,Kashyyyk,https://www.starwars.com/series/star-wars-the-bad-batch,series,star-wars-the-bad-batch,Star Wars: The Bad Batch
Locations,616b31d4208c9492a01ad05b,kef-bir,Kef Bir,https://www.starwars.com/films/star-wars-episode-ix-the-rise-of-skywalker,films,star-wars-episode-ix-the-rise-of-skywalker,Star Wars: The Rise of Skywalker (Episode IX)
Locations,61b18a5da80275ec6661d996,kelnacca-s-shelter,Kelnacca’s Shelter,https://www.starwars.com/series/the-acolyte,series,the-acolyte,The Acolyte
Locations,616b3421670e1492a01ad05b,kenari,Kenari,https://www.starwars.com/series/andor,series,andor,Andor
Locations,616b2978aae27492a01ad05b,kessel,Kessel,https://www.starwars.com/films/solo,films,solo,Solo: A Star Wars Story
Locations,616b2978aae27492a01ad05b,kessel,Kessel,https://www.starwars.com/series/star-wars-the-clone-wars,series,star-wars-the-clone-wars,Star Wars: The Clone Wars
Locations,616b2978aae27492a01ad05b,kessel,Kessel,https://www.starwars.com/series/star-wars-rebels,series,star-wars-rebels,Star Wars Rebels
Locations,616b301ee0eb5492a01ad05b,kessel-control-center,Kessel Control Center,https://www.starwars.com/films/solo,films,solo,Solo: A Star Wars Story
Locations,619ffb479448b737c941f177,khofar,Khofar,https://www.starwars.com/series/the-acolyte,series,the-acolyte,The Acolyte
Locations,616b31d298e59492a01ad05b,kijimi,Kijimi,https://www.starwars.com/films/star-wars-episode-ix-the-rise-of-skywalker,films,star-wars-episode-ix-the-rise-of-skywalker,Star Wars: The Rise of Skywalker (Episode IX)
Locations,616b320479582492a01ad05b,kijimi-city,Kijimi City,https://www.starwars.com/films/star-wars-episode-ix-the-rise-of-skywalker,films,star-wars-episode-ix-the-rise-of-skywalker,Star Wars: The Rise of Skywalker (Episode IX)
Locations,616b2ee110a93492a01ad05b,killun-71,Killun 71,https://www.starwars.com/series/star-wars-rebels,series,star-wars-rebels,Star Wars Rebels
Locations,616b2edfa1041492a01ad05b,killun-station,Killun Station,https://www.starwars.com/series/star-wars-rebels,series,star-wars-rebels,Star Wars Rebels
Locations,616b25cd48eb9492a01ad05b,kiros,Kiros,https://www.starwars.com/series/star-wars-the-clone-wars,series,star-wars-the-clone-wars,Star Wars: The Clone Wars
Locations,616b32c6bb439492a01ad05b,klatooinian-wikiup,Klatooinian wikiup,https://www.starwars.com/series/the-mandalorian,series,the-mandalorian,The Mandalorian
Locations,616b34db89139492a01ad05b,koboh,Koboh,,,,
Locations,616b2e8952f77492a01ad05b,krownest,Krownest,https://www.starwars.com/series/star-wars-rebels,series,star-wars-rebels,Star Wars Rebels
Locations,616b32b6410fa492a01ad05b,kuiil-s-ranch,Kuiil's ranch,https://www.starwars.com/series/the-mandalorian,series,the-mandalorian,The Mandalorian
Locations,616b2ea4e5f1f492a01ad05b,lah-mu,Lah'mu,https://www.starwars.com/films/rogue-one,films,rogue-one,Rogue One: A Star Wars Story
Locations,616b25cf05bdf492a01ad05b,lars-moisture-farm,Lars Moisture Farm,https://www.starwars.com/films/star-wars-episode-iii-revenge-of-the-sith,films,star-wars-episode-iii-revenge-of-the-sith,Star Wars: Revenge of the Sith (Episode III)
Locations,616b25cf05bdf492a01ad05b,lars-moisture-farm,Lars Moisture Farm,https://www.starwars.com/films/star-wars-episode-ii-attack-of-the-clones,films,star-wars-episode-ii-attack-of-the-clones,Star Wars: Attack of the Clones (Episode II)
Locations,616b25cf05bdf492a01ad05b,lars-moisture-farm,Lars Moisture Farm,https://www.starwars.com/films/star-wars-episode-iv-a-new-hope,films,star-wars-episode-iv-a-new-hope,Star Wars: A New Hope (Episode IV)
Locations,616b25cf05bdf492a01ad05b,lars-moisture-farm,Lars Moisture Farm,https://www.starwars.com/series/star-wars-rebels,series,star-wars-rebels,Star Wars Rebels
Locations,616b36ed60c4e492a01ad05b,lau,Lau,https://www.starwars.com/series/star-wars-the-bad-batch,series,star-wars-the-bad-batch,Star Wars: The Bad Batch
Locations,616b2d7302bd0492a01ad05b,level-1313,Level 1313,https://www.starwars.com/series/star-wars-the-clone-wars,series,star-wars-the-clone-wars,Star Wars: The Clone Wars
Locations,616b2d48043e3492a01ad05b,lira-san,Lira San,https://www.starwars.com/series/star-wars-rebels,series,star-wars-rebels,Star Wars Rebels
Locations,616b2cf39993d492a01ad05b,lola-sayu,Lola Sayu,https://www.starwars.com/series/star-wars-the-clone-wars,series,star-wars-the-clone-wars,Star Wars: The Clone Wars
Locations,619ff3ec89beb737c941f177,lomi-usqi-noodle-shop,Lomi Usqi Noodle Shop,https://www.starwars.com/series/the-acolyte,series,the-acolyte,The Acolyte
Locations,616b2968ad6ca492a01ad05b,lothal,Lothal,https://www.starwars.com/series/star-wars-rebels,series,star-wars-rebels,Star Wars Rebels
Locations,616b2968ad6ca492a01ad05b,lothal,Lothal,https://www.starwars.com/series/star-wars-ahsoka,series,star-wars-ahsoka,Ahsoka
Locations,616b296ce37da492a01ad05b,lothal-capital-city,Lothal Capital City,,,,
Locations,616b2d2d94cb7492a01ad05b,lothal-depot,Lothal Depot,https://www.starwars.com/series/star-wars-rebels,series,star-wars-rebels,Star Wars Rebels
Locations,616b2f8116516492a01ad05b,lothal-fuel-depot,Lothal fuel depot,https://www.starwars.com/series/star-wars-rebels,series,star-wars-rebels,Star Wars Rebels
Locations,616b36053ddb1492a01ad05b,lothal-hospital,Lothal Hospital,https://www.starwars.com/series/star-wars-ahsoka,series,star-wars-ahsoka,Ahsoka
Locations,616b2f1419a1e492a01ad05b,lothal-imperial-airfield,Lothal Imperial airfield,https://www.starwars.com/series/star-wars-rebels,series,star-wars-rebels,Star Wars Rebels
Locations,616b2e74fad08492a01ad05b,lothal-imperial-factory,Lothal Imperial Factory,https://www.starwars.com/series/star-wars-rebels,series,star-wars-rebels,Star Wars Rebels
Locations,616b29f0b5d27492a01ad05b,lothal-jedi-temple,Lothal Jedi Temple,https://www.starwars.com/series/star-wars-rebels,series,star-wars-rebels,Star Wars Rebels
Locations,616b2a004641d492a01ad05b,lothal-old-republic-senate-building,Lothal Old Republic Senate Building,https://www.starwars.com/series/star-wars-rebels,series,star-wars-rebels,Star Wars Rebels
Locations,616b35f53c478492a01ad05b,lothal-transmitter-tower,Lothal Transmitter Tower,https://www.starwars.com/series/star-wars-rebels,series,star-wars-rebels,Star Wars Rebels
Locations,616b35f53c478492a01ad05b,lothal-transmitter-tower,Lothal Transmitter Tower,https://www.starwars.com/series/star-wars-ahsoka,series,star-wars-ahsoka,Ahsoka
Locations,616b25d0e7ad3492a01ad05b,lotho-minor,Lotho Minor,https://www.starwars.com/series/star-wars-the-clone-wars,series,star-wars-the-clone-wars,Star Wars: The Clone Wars
Locations,616b2d89137ec492a01ad05b,malachor,Malachor,https://www.starwars.com/series/star-wars-rebels,series,star-wars-rebels,Star Wars Rebels
Locations,616b2d920b21f492a01ad05b,malachor-sith-temple,Malachor Sith temple,https://www.starwars.com/series/star-wars-rebels,series,star-wars-rebels,Star Wars Rebels
Locations,616b25d29d8fd492a01ad05b,malastare,Malastare,https://www.starwars.com/series/star-wars-the-clone-wars,series,star-wars-the-clone-wars,Star Wars: The Clone Wars
Locations,616b32e3e4165492a01ad05b,maldo-kreis,Maldo Kreis,https://www.starwars.com/series/the-mandalorian,series,the-mandalorian,The Mandalorian
Locations,616b25d496877492a01ad05b,mandalore,Mandalore,https://www.starwars.com/series/the-book-of-boba-fett,series,the-book-of-boba-fett,The Book of Boba Fett
Locations,616b25d496877492a01ad05b,mandalore,Mandalore,https://www.starwars.com/series/star-wars-the-clone-wars,series,star-wars-the-clone-wars,Star Wars: The Clone Wars
Locations,616b25d496877492a01ad05b,mandalore,Mandalore,https://www.starwars.com/series/star-wars-rebels,series,star-wars-rebels,Star Wars Rebels
Locations,616b25d496877492a01ad05b,mandalore,Mandalore,https://www.starwars.com/series/the-mandalorian,series,the-mandalorian,The Mandalorian
Locations,616b33ffd7f67492a01ad05b,mapuzo,Mapuzo,https://www.starwars.com/series/obi-wan-kenobi,series,obi-wan-kenobi,Obi-Wan Kenobi
Locations,616b33e705212492a01ad05b,mapuzo-safehouse,Mapuzo safehouse ,https://www.starwars.com/series/obi-wan-kenobi,series,obi-wan-kenobi,Obi-Wan Kenobi
Locations,616b2cadb3605492a01ad05b,maz-s-castle,Maz's Castle,https://www.starwars.com/films/star-wars-episode-vii-the-force-awakens,films,star-wars-episode-vii-the-force-awakens,Star Wars: The Force Awakens (Episode VII)
Locations,616b3020585fb492a01ad05b,mimban,Mimban,https://www.starwars.com/films/solo,films,solo,Solo: A Star Wars Story
Locations,616b34ea2122e492a01ad05b,mokkotown,Mokkotown,https://www.starwars.com/series/star-wars-the-bad-batch,series,star-wars-the-bad-batch,Star Wars: The Bad Batch
Locations,616b25d8834ad492a01ad05b,mon-cala,Mon Cala,https://www.starwars.com/series/star-wars-the-clone-wars,series,star-wars-the-clone-wars,Star Wars: The Clone Wars
Locations,616b29489c9ac492a01ad05b,moraband,Moraband,https://www.starwars.com/series/star-wars-the-clone-wars,series,star-wars-the-clone-wars,Star Wars: The Clone Wars
Locations,616b32ec993d6492a01ad05b,morak,Morak,https://www.starwars.com/series/the-mandalorian,series,the-mandalorian,The Mandalorian
Locations,616b342ebc7ab492a01ad05b,morlana-one,Morlana One,https://www.starwars.com/series/andor,series,andor,Andor
Locations,616b25da2ac01492a01ad05b,mortis,Mortis,https://www.starwars.com/series/star-wars-the-clone-wars,series,star-wars-the-clone-wars,Star Wars: The Clone Wars
Locations,616b25dbda197492a01ad05b,mos-eisley-cantina,Mos Eisley Cantina,https://www.starwars.com/films/star-wars-episode-iv-a-new-hope,films,star-wars-episode-iv-a-new-hope,Star Wars: A New Hope (Episode IV)
Locations,616b25dbda197492a01ad05b,mos-eisley-cantina,Mos Eisley Cantina,https://www.starwars.com/series/star-wars-the-clone-wars,series,star-wars-the-clone-wars,Star Wars: The Clone Wars
Locations,616b25dbda197492a01ad05b,mos-eisley-cantina,Mos Eisley Cantina,https://www.starwars.com/series/the-mandalorian,series,the-mandalorian,The Mandalorian
Locations,616b33bd227ee492a01ad05b,mos-eisley-mod-parlor,Mos Eisley Mod Parlor,https://www.starwars.com/series/the-book-of-boba-fett,series,the-book-of-boba-fett,The Book of Boba Fett
Locations,616b2a25d68d5492a01ad05b,mos-eisley-spaceport,Mos Eisley spaceport,https://www.starwars.com/films/star-wars-episode-iv-a-new-hope,films,star-wars-episode-iv-a-new-hope,Star Wars: A New Hope (Episode IV)
Locations,616b2a25d68d5492a01ad05b,mos-eisley-spaceport,Mos Eisley spaceport,https://www.starwars.com/series/obi-wan-kenobi,series,obi-wan-kenobi,Obi-Wan Kenobi
Locations,616b2a25d68d5492a01ad05b,mos-eisley-spaceport,Mos Eisley spaceport,https://www.starwars.com/series/the-mandalorian,series,the-mandalorian,The Mandalorian
Locations,616b2a25d68d5492a01ad05b,mos-eisley-spaceport,Mos Eisley spaceport,https://www.starwars.com/series/the-book-of-boba-fett,series,the-book-of-boba-fett,The Book of Boba Fett
Locations,616b2a25d68d5492a01ad05b,mos-eisley-spaceport,Mos Eisley spaceport,https://www.starwars.com/series/star-wars-the-clone-wars,series,star-wars-the-clone-wars,Star Wars: The Clone Wars
Locations,616b25e2d9ec2492a01ad05b,mos-espa,Mos Espa,https://www.starwars.com/films/star-wars-episode-i-the-phantom-menace,films,star-wars-episode-i-the-phantom-menace,Star Wars: The Phantom Menace (Episode I)
Locations,616b25e2d9ec2492a01ad05b,mos-espa,Mos Espa,https://www.starwars.com/films/star-wars-episode-ii-attack-of-the-clones,films,star-wars-episode-ii-attack-of-the-clones,Star Wars: Attack of the Clones (Episode II)
Locations,616b25e2d9ec2492a01ad05b,mos-espa,Mos Espa,https://www.starwars.com/series/the-book-of-boba-fett,series,the-book-of-boba-fett,The Book of Boba Fett
Locations,616b3389c986f492a01ad05b,mos-espa-city-hall,Mos Espa City Hall,https://www.starwars.com/series/the-book-of-boba-fett,series,the-book-of-boba-fett,The Book of Boba Fett
Locations,616b25e4c6eb5492a01ad05b,mos-espa-grand-arena,Mos Espa Grand Arena,https://www.starwars.com/films/star-wars-episode-i-the-phantom-menace,films,star-wars-episode-i-the-phantom-menace,Star Wars: The Phantom Menace (Episode I)
Locations,616b33c79daef492a01ad05b,mos-espa-worker-s-district,Mos Espa Worker’s District,https://www.starwars.com/series/the-book-of-boba-fett,series,the-book-of-boba-fett,The Book of Boba Fett
Locations,616b34eb9acc4492a01ad05b,mount-tantiss,Mount Tantiss,https://www.starwars.com/series/star-wars-the-bad-batch,series,star-wars-the-bad-batch,Star Wars: The Bad Batch
Locations,616b25e65dbb7492a01ad05b,mustafar,Mustafar,https://www.starwars.com/films/rogue-one,films,rogue-one,Rogue One: A Star Wars Story
Locations,616b25e65dbb7492a01ad05b,mustafar,Mustafar,https://www.starwars.com/films/star-wars-episode-ix-the-rise-of-skywalker,films,star-wars-episode-ix-the-rise-of-skywalker,Star Wars: The Rise of Skywalker (Episode IX)
Locations,616b25e65dbb7492a01ad05b,mustafar,Mustafar,https://www.starwars.com/films/star-wars-episode-iii-revenge-of-the-sith,films,star-wars-episode-iii-revenge-of-the-sith,Star Wars: Revenge of the Sith (Episode III)
Locations,616b25e65dbb7492a01ad05b,mustafar,Mustafar,https://www.starwars.com/series/star-wars-the-clone-wars,series,star-wars-the-clone-wars,Star Wars: The Clone Wars
Locations,616b25e65dbb7492a01ad05b,mustafar,Mustafar,https://www.starwars.com/series/star-wars-rebels,series,star-wars-rebels,Star Wars Rebels
Locations,616b2b45f9f4b492a01ad05b,mygeeto,Mygeeto,https://www.starwars.com/films/star-wars-episode-iii-revenge-of-the-sith,films,star-wars-episode-iii-revenge-of-the-sith,Star Wars: Revenge of the Sith (Episode III)
Locations,616b2e4f91c1a492a01ad05b,mykapo,Mykapo,https://www.starwars.com/series/star-wars-rebels,series,star-wars-rebels,Star Wars Rebels
Locations,616b25ee0a3b9492a01ad05b,naboo,Naboo,https://www.starwars.com/films/star-wars-episode-ii-attack-of-the-clones,films,star-wars-episode-ii-attack-of-the-clones,Star Wars: Attack of the Clones (Episode II)
Locations,616b25ee0a3b9492a01ad05b,naboo,Naboo,https://www.starwars.com/films/star-wars-episode-vi-return-of-the-jedi,films,star-wars-episode-vi-return-of-the-jedi,Star Wars: Return of the Jedi (Episode VI)
Locations,616b25ee0a3b9492a01ad05b,naboo,Naboo,https://www.starwars.com/films/star-wars-episode-i-the-phantom-menace,films,star-wars-episode-i-the-phantom-menace,Star Wars: The Phantom Menace (Episode I)
Locations,616b25ee0a3b9492a01ad05b,naboo,Naboo,https://www.starwars.com/films/star-wars-episode-iii-revenge-of-the-sith,films,star-wars-episode-iii-revenge-of-the-sith,Star Wars: Revenge of the Sith (Episode III)
Locations,616b25ee0a3b9492a01ad05b,naboo,Naboo,https://www.starwars.com/series/star-wars-the-clone-wars,series,star-wars-the-clone-wars,Star Wars: The Clone Wars
Locations,616b25ee0a3b9492a01ad05b,naboo,Naboo,https://www.starwars.com/series/tales-of-the-jedi,series,tales-of-the-jedi,Tales of the Jedi
Locations,616b25f422a9c492a01ad05b,nal-hutta,Nal Hutta,https://www.starwars.com/series/star-wars-the-clone-wars,series,star-wars-the-clone-wars,Star Wars: The Clone Wars
Locations,616b3366aee64492a01ad05b,nala-se-s-private-lab,Nala Se's private lab,https://www.starwars.com/series/star-wars-the-bad-batch,series,star-wars-the-bad-batch,Star Wars: The Bad Batch
Locations,616b2e25cf51e492a01ad05b,naraka,Naraka,https://www.starwars.com/series/star-wars-rebels,series,star-wars-rebels,Star Wars Rebels
Locations,616b3474cc96e492a01ad05b,narkina-5,Narkina 5,https://www.starwars.com/series/andor,series,andor,Andor
Locations,616b350802751492a01ad05b,naval-intelligence-headquarters,Naval Intelligence Headquarters,https://www.starwars.com/series/star-wars-the-bad-batch,series,star-wars-the-bad-batch,Star Wars: The Bad Batch
Locations,616b32d72fd96492a01ad05b,nevarro,Nevarro,https://www.starwars.com/series/the-mandalorian,series,the-mandalorian,The Mandalorian
Locations,616b32b0b2961492a01ad05b,nevarro-bazaar,Nevarro bazaar,https://www.starwars.com/series/the-mandalorian,series,the-mandalorian,The Mandalorian
Locations,616b34558e8a3492a01ad05b,niamos,Niamos,https://www.starwars.com/series/andor,series,andor,Andor
Locations,616b35ed4d98e492a01ad05b,nightsisters-temple-on-arcana,Nightsisters’ Temple on Arcana,https://www.starwars.com/series/star-wars-ahsoka,series,star-wars-ahsoka,Ahsoka
Locations,616b2dac26df5492a01ad05b,niima-outpost,Niima Outpost,https://www.starwars.com/films/star-wars-episode-vii-the-force-awakens,films,star-wars-episode-vii-the-force-awakens,Star Wars: The Force Awakens (Episode VII)
Locations,616b2c21df227492a01ad05b,nixus,Nixus,https://www.starwars.com/series/star-wars-rebels,series,star-wars-rebels,Star Wars Rebels
Locations,616b3087c435e492a01ad05b,numidian-prime,Numidian Prime,https://www.starwars.com/films/solo,films,solo,Solo: A Star Wars Story
Locations,616b33fdfa5a0492a01ad05b,nur,Nur,https://www.starwars.com/series/obi-wan-kenobi,series,obi-wan-kenobi,Obi-Wan Kenobi
Locations,616b25f5be052492a01ad05b,oba-diah,Oba Diah,https://www.starwars.com/series/star-wars-the-clone-wars,series,star-wars-the-clone-wars,Star Wars: The Clone Wars
Locations,616b2a56ab756492a01ad05b,oba-diah-s-moon,Oba Diah's Moon,https://www.starwars.com/series/star-wars-the-clone-wars,series,star-wars-the-clone-wars,Star Wars: The Clone Wars
Locations,616b2b3495426492a01ad05b,obi-wan-s-house,Obi-Wan's House,https://www.starwars.com/films/star-wars-episode-iv-a-new-hope,films,star-wars-episode-iv-a-new-hope,Star Wars: A New Hope (Episode IV)
Locations,616b311324e6c492a01ad05b,office-of-acquisitions,Office of Acquisitions,https://www.starwars.com/series/star-wars-resistance,series,star-wars-resistance,Star Wars Resistance
Locations,616b315ad7171492a01ad05b,oga-s-cantina,Oga’s Cantina,,,,
Locations,616b29c97f2ad492a01ad05b,old-jho-s-pit-stop,Old Jho's Pit Stop,https://www.starwars.com/series/star-wars-rebels,series,star-wars-rebels,Star Wars Rebels
Locations,616b333b2a51a492a01ad05b,old-ord-mantell-city,Old Ord Mantell City,https://www.starwars.com/series/star-wars-the-bad-batch,series,star-wars-the-bad-batch,Star Wars: The Bad Batch
Locations,619ffad762dfd3fd0f14a8b5,olega,Olega,https://www.starwars.com/series/the-acolyte,series,the-acolyte,The Acolyte
Locations,619ffb406f0ea7380151f177,olega-apothecary,Olega Apothecary,https://www.starwars.com/series/the-acolyte,series,the-acolyte,The Acolyte
Locations,619ffb3b68b6de0b8dd4c87d,olega-jedi-temple,Olega Jedi temple,https://www.starwars.com/series/the-acolyte,series,the-acolyte,The Acolyte
Locations,616b3333a6216492a01ad05b,omega-s-room-marauder,Omega's Room (Marauder),https://www.starwars.com/series/star-wars-the-bad-batch,series,star-wars-the-bad-batch,Star Wars: The Bad Batch
Locations,616b36898a0a7492a01ad05b,omega-s-room-mount-tantiss,Omega's room (Mount Tantiss),https://www.starwars.com/series/star-wars-the-bad-batch,series,star-wars-the-bad-batch,Star Wars: The Bad Batch
Locations,616b25f73abfa492a01ad05b,onderon,Onderon,https://www.starwars.com/series/star-wars-the-clone-wars,series,star-wars-the-clone-wars,Star Wars: The Clone Wars
Locations,616b2d761753c492a01ad05b,oosalon-mesa,Oosalon Mesa,https://www.starwars.com/series/star-wars-rebels,series,star-wars-rebels,Star Wars Rebels
Locations,616b29571226a492a01ad05b,ord-mantell,Ord Mantell,https://www.starwars.com/series/star-wars-the-clone-wars,series,star-wars-the-clone-wars,Star Wars: The Clone Wars
Locations,616b29571226a492a01ad05b,ord-mantell,Ord Mantell,https://www.starwars.com/series/star-wars-the-bad-batch,series,star-wars-the-bad-batch,Star Wars: The Bad Batch
Locations,616b3330ab98e492a01ad05b,ordo-moon,Ordo Moon,https://www.starwars.com/series/star-wars-the-bad-batch,series,star-wars-the-bad-batch,Star Wars: The Bad Batch
Locations,616b25f949b33492a01ad05b,orto-plutonia,Orto Plutonia,https://www.starwars.com/series/star-wars-the-clone-wars,series,star-wars-the-clone-wars,Star Wars: The Clone Wars
Locations,616b25fb2bbd2492a01ad05b,otoh-gunga,Otoh Gunga,https://www.starwars.com/films/star-wars-episode-i-the-phantom-menace,films,star-wars-episode-i-the-phantom-menace,Star Wars: The Phantom Menace (Episode I)
Locations,616b25fb2bbd2492a01ad05b,otoh-gunga,Otoh Gunga,https://www.starwars.com/series/star-wars-the-clone-wars,series,star-wars-the-clone-wars,Star Wars: The Clone Wars
Locations,616b34f776cac492a01ad05b,pabu,Pabu,https://www.starwars.com/series/star-wars-the-bad-batch,series,star-wars-the-bad-batch,Star Wars: The Bad Batch
Locations,616b3517431de492a01ad05b,pabu-archium,Pabu Archium,https://www.starwars.com/series/star-wars-the-bad-batch,series,star-wars-the-bad-batch,Star Wars: The Bad Batch
Locations,616b37b7a4fd0492a01ad05b,pabu-cove,Pabu cove,https://www.starwars.com/series/star-wars-the-bad-batch,series,star-wars-the-bad-batch,Star Wars: The Bad Batch
Locations,616b2cd3205d3492a01ad05b,padme-s-apartment,Padmé's Apartment,https://www.starwars.com/films/star-wars-episode-iii-revenge-of-the-sith,films,star-wars-episode-iii-revenge-of-the-sith,Star Wars: Revenge of the Sith (Episode III)
Locations,616b2cd3205d3492a01ad05b,padme-s-apartment,Padmé's Apartment,https://www.starwars.com/films/star-wars-episode-ii-attack-of-the-clones,films,star-wars-episode-ii-attack-of-the-clones,Star Wars: Attack of the Clones (Episode II)
Locations,616b2cd3205d3492a01ad05b,padme-s-apartment,Padmé's Apartment,https://www.starwars.com/series/star-wars-the-clone-wars,series,star-wars-the-clone-wars,Star Wars: The Clone Wars
Locations,616b260051f52492a01ad05b,pantora,Pantora,https://www.starwars.com/series/star-wars-the-clone-wars,series,star-wars-the-clone-wars,Star Wars: The Clone Wars
Locations,616b31d11e93d492a01ad05b,pasaana,Pasaana,https://www.starwars.com/films/star-wars-episode-ix-the-rise-of-skywalker,films,star-wars-episode-ix-the-rise-of-skywalker,Star Wars: The Rise of Skywalker (Episode IX)
Locations,616b33a6665ca492a01ad05b,peli-motto-s-hangar,Peli Motto's hangar,https://www.starwars.com/series/the-book-of-boba-fett,series,the-book-of-boba-fett,The Book of Boba Fett
Locations,616b35bc32414492a01ad05b,peridea,Peridea,https://www.starwars.com/series/star-wars-ahsoka,series,star-wars-ahsoka,Ahsoka
Locations,616b2f305fb62492a01ad05b,pillio,Pillio,,,,
Locations,616b2601e0c55492a01ad05b,polis-massa,Polis Massa,https://www.starwars.com/films/star-wars-episode-iii-revenge-of-the-sith,films,star-wars-episode-iii-revenge-of-the-sith,Star Wars: Revenge of the Sith (Episode III)
Locations,616b31f96fa60492a01ad05b,purkoll-tower-base,Purkoll Tower Base,https://www.starwars.com/series/star-wars-the-clone-wars,series,star-wars-the-clone-wars,Star Wars: The Clone Wars
Locations,616b33cc08e79492a01ad05b,pyke-base,Pyke Base,https://www.starwars.com/series/the-book-of-boba-fett,series,the-book-of-boba-fett,The Book of Boba Fett
Locations,616b32644771a492a01ad05b,pyke-stronghold,Pyke stronghold,https://www.starwars.com/series/star-wars-the-clone-wars,series,star-wars-the-clone-wars,Star Wars: The Clone Wars
Locations,616b2606c6d1c492a01ad05b,quarzite,Quarzite,https://www.starwars.com/series/star-wars-the-clone-wars,series,star-wars-the-clone-wars,Star Wars: The Clone Wars
Locations,616b3254a69b4492a01ad05b,rafa-s-laundry,Rafa's Laundry,https://www.starwars.com/series/star-wars-the-clone-wars,series,star-wars-the-clone-wars,Star Wars: The Clone Wars
Locations,616b350657d07492a01ad05b,raven-s-peak,Raven's Peak,https://www.starwars.com/series/star-wars-the-bad-batch,series,star-wars-the-bad-batch,Star Wars: The Bad Batch
Locations,616b3501d05ec492a01ad05b,raven-s-peak-sky-rail,Raven's Peak Sky Rail,https://www.starwars.com/series/star-wars-the-bad-batch,series,star-wars-the-bad-batch,Star Wars: The Bad Batch
Locations,616b260878757492a01ad05b,raxus,Raxus,https://www.starwars.com/series/star-wars-the-clone-wars,series,star-wars-the-clone-wars,Star Wars: The Clone Wars
Locations,616b260878757492a01ad05b,raxus,Raxus,https://www.starwars.com/series/star-wars-the-bad-batch,series,star-wars-the-bad-batch,Star Wars: The Bad Batch
Locations,616b260a85888492a01ad05b,raydonia,Raydonia,https://www.starwars.com/series/star-wars-the-clone-wars,series,star-wars-the-clone-wars,Star Wars: The Clone Wars
Locations,616b31ebae0af492a01ad05b,rebellion-outpost-on-aeos,Rebellion Outpost on Aeos,https://www.starwars.com/series/star-wars-resistance,series,star-wars-resistance,Star Wars Resistance
Locations,616b2e22b22f5492a01ad05b,reklam-station,Reklam Station,https://www.starwars.com/series/star-wars-rebels,series,star-wars-rebels,Star Wars Rebels
Locations,616b2df5ac51e492a01ad05b,rey-s-home,Rey's Home,https://www.starwars.com/films/star-wars-episode-vii-the-force-awakens,films,star-wars-episode-vii-the-force-awakens,Star Wars: The Force Awakens (Episode VII)
Locations,616b2a4fcb19a492a01ad05b,ringo-vinda,Ringo Vinda,https://www.starwars.com/series/star-wars-the-clone-wars,series,star-wars-the-clone-wars,Star Wars: The Clone Wars
Locations,616b2ccdbd742492a01ad05b,rishi-station,Rishi Station,https://www.starwars.com/series/star-wars-the-clone-wars,series,star-wars-the-clone-wars,Star Wars: The Clone Wars
Locations,616b260c28901492a01ad05b,rodia,Rodia,https://www.starwars.com/series/star-wars-the-clone-wars,series,star-wars-the-clone-wars,Star Wars: The Clone Wars
Locations,616b33eb13317492a01ad05b,royal-palace-of-alderaan,Royal Palace of Alderaan ,https://www.starwars.com/series/obi-wan-kenobi,series,obi-wan-kenobi,Obi-Wan Kenobi
Locations,616b260e25004492a01ad05b,rugosa,Rugosa,https://www.starwars.com/series/star-wars-the-clone-wars,series,star-wars-the-clone-wars,Star Wars: The Clone Wars
Locations,616b260fc25ac492a01ad05b,ryloth,Ryloth,https://www.starwars.com/series/star-wars-the-clone-wars,series,star-wars-the-clone-wars,Star Wars: The Clone Wars
Locations,616b260fc25ac492a01ad05b,ryloth,Ryloth,https://www.starwars.com/series/star-wars-the-bad-batch,series,star-wars-the-bad-batch,Star Wars: The Bad Batch
Locations,616b260fc25ac492a01ad05b,ryloth,Ryloth,https://www.starwars.com/series/star-wars-rebels,series,star-wars-rebels,Star Wars Rebels
Locations,616b2616a965e492a01ad05b,saleucami,Saleucami,https://www.starwars.com/films/star-wars-episode-iii-revenge-of-the-sith,films,star-wars-episode-iii-revenge-of-the-sith,Star Wars: Revenge of the Sith (Episode III)
Locations,616b2616a965e492a01ad05b,saleucami,Saleucami,https://www.starwars.com/series/star-wars-the-clone-wars,series,star-wars-the-clone-wars,Star Wars: The Clone Wars
Locations,616b2616a965e492a01ad05b,saleucami,Saleucami,https://www.starwars.com/series/star-wars-the-bad-batch,series,star-wars-the-bad-batch,Star Wars: The Bad Batch
Locations,616b360d40bf6492a01ad05b,santhe-shipyards,Santhe Shipyards,https://www.starwars.com/series/star-wars-ahsoka,series,star-wars-ahsoka,Ahsoka
Locations,616b33a4d58db492a01ad05b,sarlacc-pit,Sarlacc Pit,https://www.starwars.com/films/star-wars-episode-vi-return-of-the-jedi,films,star-wars-episode-vi-return-of-the-jedi,Star Wars: Return of the Jedi (Episode VI)
Locations,616b33a4d58db492a01ad05b,sarlacc-pit,Sarlacc Pit,https://www.starwars.com/series/the-book-of-boba-fett,series,the-book-of-boba-fett,The Book of Boba Fett
Locations,616b300a1d934492a01ad05b,savareen,Savareen,https://www.starwars.com/films/solo,films,solo,Solo: A Star Wars Story
Locations,616b3084871f3492a01ad05b,savareen-refinery,Savareen refinery,https://www.starwars.com/films/solo,films,solo,Solo: A Star Wars Story
Locations,616b2dfeb2424492a01ad05b,scarif,Scarif,https://www.starwars.com/films/rogue-one,films,rogue-one,Rogue One: A Star Wars Story
Locations,616b2618567eb492a01ad05b,scipio,Scipio,https://www.starwars.com/series/star-wars-the-clone-wars,series,star-wars-the-clone-wars,Star Wars: The Clone Wars
Locations,616b354eb13ab492a01ad05b,seatos,Seatos,https://www.starwars.com/series/star-wars-ahsoka,series,star-wars-ahsoka,Ahsoka
Locations,616b2c0af25b9492a01ad05b,seelos,Seelos,https://www.starwars.com/series/star-wars-rebels,series,star-wars-rebels,Star Wars Rebels
Locations,616b34cbcc29a492a01ad05b,senate-district,Senate District,https://www.starwars.com/series/star-wars-the-bad-batch,series,star-wars-the-bad-batch,Star Wars: The Bad Batch
Locations,616b2619df4df492a01ad05b,serenno,Serenno,https://www.starwars.com/series/star-wars-the-clone-wars,series,star-wars-the-clone-wars,Star Wars: The Clone Wars
Locations,616b36ab25378492a01ad05b,setron,Setron,https://www.starwars.com/series/star-wars-the-bad-batch,series,star-wars-the-bad-batch,Star Wars: The Bad Batch
Locations,616b2c2674647492a01ad05b,shantipole,Shantipole,https://www.starwars.com/series/star-wars-rebels,series,star-wars-rebels,Star Wars Rebels
Locations,616b34f0120ee492a01ad05b,silla,Silla,https://www.starwars.com/series/star-wars-the-bad-batch,series,star-wars-the-bad-batch,Star Wars: The Bad Batch
Locations,616b3212975fe492a01ad05b,sinta-glacier-colony,Sinta Glacier Colony,https://www.starwars.com/films/star-wars-episode-ix-the-rise-of-skywalker,films,star-wars-episode-ix-the-rise-of-skywalker,Star Wars: The Rise of Skywalker (Episode IX)
Locations,616b32299b804492a01ad05b,sith-citadel,Sith Citadel,https://www.starwars.com/films/star-wars-episode-ix-the-rise-of-skywalker,films,star-wars-episode-ix-the-rise-of-skywalker,Star Wars: The Rise of Skywalker (Episode IX)
Locations,616b2a87a73d5492a01ad05b,skako-minor,Skako Minor,https://www.starwars.com/series/star-wars-the-clone-wars,series,star-wars-the-clone-wars,Star Wars: The Clone Wars
Locations,616b34c402574492a01ad05b,skara-nal,Skara Nal,https://www.starwars.com/series/star-wars-the-bad-batch,series,star-wars-the-bad-batch,Star Wars: The Bad Batch
Locations,616b2e2f253b5492a01ad05b,skystrike-academy,Skystrike Academy,https://www.starwars.com/series/star-wars-rebels,series,star-wars-rebels,Star Wars Rebels
Locations,616b2f6139c6a492a01ad05b,snoke-s-throne-room,Snoke's Throne Room,https://www.starwars.com/films/star-wars-episode-viii-the-last-jedi,films,star-wars-episode-viii-the-last-jedi,Star Wars: The Last Jedi (Episode VIII)
Locations,616b32c24e02a492a01ad05b,sorgan,Sorgan,https://www.starwars.com/series/the-mandalorian,series,the-mandalorian,The Mandalorian
Locations,616b32c59f021492a01ad05b,sorgan-common-house,Sorgan Common House,https://www.starwars.com/series/the-mandalorian,series,the-mandalorian,The Mandalorian
Locations,616b2b9b606ff492a01ad05b,starkiller-base,Starkiller Base,https://www.starwars.com/films/star-wars-episode-vii-the-force-awakens,films,star-wars-episode-vii-the-force-awakens,Star Wars: The Force Awakens (Episode VII)
Locations,616b3590e00f0492a01ad05b,starlight-beacon,Starlight Beacon,https://www.starwars.com/the-high-republic,,,Star Wars: The High Republic
Locations,616b29a9ae1d9492a01ad05b,stygeon-prime,Stygeon Prime,https://www.starwars.com/series/star-wars-rebels,series,star-wars-rebels,Star Wars Rebels
Locations,616b2f01ad1c0492a01ad05b,sundari,Sundari,https://www.starwars.com/series/star-wars-the-clone-wars,series,star-wars-the-clone-wars,Star Wars: The Clone Wars
Locations,616b2f01ad1c0492a01ad05b,sundari,Sundari,https://www.starwars.com/series/star-wars-rebels,series,star-wars-rebels,Star Wars Rebels
Locations,616b378716ffe492a01ad05b,suria-space-station,Suria space station,https://www.starwars.com/series/star-wars-the-bad-batch,series,star-wars-the-bad-batch,Star Wars: The Bad Batch
Locations,616b2e3d8e100492a01ad05b,syndulla-residence,Syndulla Residence,https://www.starwars.com/series/star-wars-rebels,series,star-wars-rebels,Star Wars Rebels
Locations,616b2c51ab71d492a01ad05b,takobo,Takobo,https://www.starwars.com/series/star-wars-rebels,series,star-wars-rebels,Star Wars Rebels
Locations,616b2ca65fc78492a01ad05b,takodana,Takodana,https://www.starwars.com/films/star-wars-episode-vii-the-force-awakens,films,star-wars-episode-vii-the-force-awakens,Star Wars: The Force Awakens (Episode VII)
Locations,616b377f073d3492a01ad05b,tanda-s-cantina,Tanda’s Cantina,https://www.starwars.com/series/star-wars-the-bad-batch,series,star-wars-the-bad-batch,Star Wars: The Bad Batch
Locations,616b37f940b40492a01ad05b,tantiss-vault,Tantiss vault,https://www.starwars.com/series/star-wars-the-bad-batch,series,star-wars-the-bad-batch,Star Wars: The Bad Batch
Locations,616b29727971f492a01ad05b,tarkintown,Tarkintown,,,,
Locations,616b24604dbf3492a01ad05b,tatooine,Tatooine,https://www.starwars.com/films/star-wars-episode-i-the-phantom-menace,films,star-wars-episode-i-the-phantom-menace,Star Wars: The Phantom Menace (Episode I)
Locations,616b24604dbf3492a01ad05b,tatooine,Tatooine,https://www.starwars.com/films/star-wars-episode-ii-attack-of-the-clones,films,star-wars-episode-ii-attack-of-the-clones,Star Wars: Attack of the Clones (Episode II)
Locations,616b24604dbf3492a01ad05b,tatooine,Tatooine,https://www.starwars.com/films/star-wars-episode-vi-return-of-the-jedi,films,star-wars-episode-vi-return-of-the-jedi,Star Wars: Return of the Jedi (Episode VI)
Locations,616b24604dbf3492a01ad05b,tatooine,Tatooine,https://www.starwars.com/films/star-wars-episode-iv-a-new-hope,films,star-wars-episode-iv-a-new-hope,Star Wars: A New Hope (Episode IV)
Locations,616b24604dbf3492a01ad05b,tatooine,Tatooine,https://www.starwars.com/films/star-wars-episode-ix-the-rise-of-skywalker,films,star-wars-episode-ix-the-rise-of-skywalker,Star Wars: The Rise of Skywalker (Episode IX)
Locations,616b24604dbf3492a01ad05b,tatooine,Tatooine,https://www.starwars.com/films/star-wars-episode-iii-revenge-of-the-sith,films,star-wars-episode-iii-revenge-of-the-sith,Star Wars: Revenge of the Sith (Episode III)
Locations,616b24604dbf3492a01ad05b,tatooine,Tatooine,https://www.starwars.com/series/the-book-of-boba-fett,series,the-book-of-boba-fett,The Book of Boba Fett
Locations,616b24604dbf3492a01ad05b,tatooine,Tatooine,https://www.starwars.com/series/the-mandalorian,series,the-mandalorian,The Mandalorian
Locations,616b24604dbf3492a01ad05b,tatooine,Tatooine,https://www.starwars.com/series/star-wars-the-clone-wars,series,star-wars-the-clone-wars,Star Wars: The Clone Wars
Locations,616b24604dbf3492a01ad05b,tatooine,Tatooine,https://www.starwars.com/series/obi-wan-kenobi,series,obi-wan-kenobi,Obi-Wan Kenobi
Locations,616b24604dbf3492a01ad05b,tatooine,Tatooine,https://www.starwars.com/series/star-wars-rebels,series,star-wars-rebels,Star Wars Rebels
Locations,616b26210464b492a01ad05b,teth,Teth,https://www.starwars.com/series/star-wars-the-clone-wars,series,star-wars-the-clone-wars,Star Wars: The Clone Wars
Locations,616b372e2811b492a01ad05b,teth-monastery,Teth Monastery ,https://www.starwars.com/series/star-wars-the-clone-wars,series,star-wars-the-clone-wars,Star Wars: The Clone Wars
Locations,616b372e2811b492a01ad05b,teth-monastery,Teth Monastery ,https://www.starwars.com/series/star-wars-the-bad-batch,series,star-wars-the-bad-batch,Star Wars: The Bad Batch
Locations,616b30dcc61ea492a01ad05b,the-aces-lounge,The Aces' Lounge,https://www.starwars.com/series/star-wars-resistance,series,star-wars-resistance,Star Wars Resistance
Locations,616b33b18c8dd492a01ad05b,the-armorer-s-forge,The Armorer's forge,https://www.starwars.com/series/the-book-of-boba-fett,series,the-book-of-boba-fett,The Book of Boba Fett
Locations,616b26240c38c492a01ad05b,the-citadel,The Citadel,https://www.starwars.com/series/star-wars-the-clone-wars,series,star-wars-the-clone-wars,Star Wars: The Clone Wars
Locations,616b2df42b250492a01ad05b,the-graveyard-of-ships,The Graveyard of Ships,https://www.starwars.com/films/star-wars-episode-vii-the-force-awakens,films,star-wars-episode-vii-the-force-awakens,Star Wars: The Force Awakens (Episode VII)
Locations,616b3415c3585492a01ad05b,the-lars-homestead,the Lars homestead ,https://www.starwars.com/series/obi-wan-kenobi,series,obi-wan-kenobi,Obi-Wan Kenobi
Locations,616b300d23718492a01ad05b,the-lodge,The Lodge,https://www.starwars.com/films/solo,films,solo,Solo: A Star Wars Story
Locations,616b2d523e657492a01ad05b,the-outlander-club,The Outlander Club,https://www.starwars.com/films/star-wars-episode-ii-attack-of-the-clones,films,star-wars-episode-ii-attack-of-the-clones,Star Wars: Attack of the Clones (Episode II)
Locations,616b2d44360f1492a01ad05b,the-protectors-camp,The Protectors Camp,https://www.starwars.com/series/star-wars-rebels,series,star-wars-rebels,Star Wars Rebels
Locations,616b29aba76a5492a01ad05b,the-spire,The Spire,https://www.starwars.com/series/star-wars-rebels,series,star-wars-rebels,Star Wars Rebels
Locations,61c32639af18df7e7cd427e3,the-stranger-s-cave,The Stranger’s cave,https://www.starwars.com/series/the-acolyte,series,the-acolyte,The Acolyte
Locations,616b31ac340db492a01ad05b,the-titan,The Titan,https://www.starwars.com/series/star-wars-resistance,series,star-wars-resistance,Star Wars Resistance
Locations,616b2cd19d1a0492a01ad05b,the-works,The Works,https://www.starwars.com/films/star-wars-episode-ii-attack-of-the-clones,films,star-wars-episode-ii-attack-of-the-clones,Star Wars: Attack of the Clones (Episode II)
Locations,616b2cd19d1a0492a01ad05b,the-works,The Works,https://www.starwars.com/series/star-wars-the-clone-wars,series,star-wars-the-clone-wars,Star Wars: The Clone Wars
Locations,616b2cca31344492a01ad05b,theed-royal-palace,Theed Royal Palace,https://www.starwars.com/films/star-wars-episode-i-the-phantom-menace,films,star-wars-episode-i-the-phantom-menace,Star Wars: The Phantom Menace (Episode I)
Locations,616b2cca31344492a01ad05b,theed-royal-palace,Theed Royal Palace,https://www.starwars.com/films/star-wars-episode-ii-attack-of-the-clones,films,star-wars-episode-ii-attack-of-the-clones,Star Wars: Attack of the Clones (Episode II)
Locations,616b2cca31344492a01ad05b,theed-royal-palace,Theed Royal Palace,https://www.starwars.com/films/star-wars-episode-vi-return-of-the-jedi,films,star-wars-episode-vi-return-of-the-jedi,Star Wars: Return of the Jedi (Episode VI)
Locations,616b2cca31344492a01ad05b,theed-royal-palace,Theed Royal Palace,https://www.starwars.com/films/star-wars-episode-iii-revenge-of-the-sith,films,star-wars-episode-iii-revenge-of-the-sith,Star Wars: Revenge of the Sith (Episode III)
Locations,616b2cca31344492a01ad05b,theed-royal-palace,Theed Royal Palace,https://www.starwars.com/series/star-wars-the-clone-wars,series,star-wars-the-clone-wars,Star Wars: The Clone Wars
Locations,616b2e76ebc2d492a01ad05b,thrawn-s-office,Thrawn's Office,https://www.starwars.com/series/star-wars-rebels,series,star-wars-rebels,Star Wars Rebels
Locations,616b33d53b60e492a01ad05b,tibidon-carving-station,tibidon carving station,https://www.starwars.com/series/obi-wan-kenobi,series,obi-wan-kenobi,Obi-Wan Kenobi
Locations,616b336b18ca4492a01ad05b,tipoca-city,Tipoca City,https://www.starwars.com/series/star-wars-the-bad-batch,series,star-wars-the-bad-batch,Star Wars: The Bad Batch
Locations,616b331811f25492a01ad05b,tipoca-city-training-facility,Tipoca City Training Facility,https://www.starwars.com/series/star-wars-the-clone-wars,series,star-wars-the-clone-wars,Star Wars: The Clone Wars
Locations,616b331811f25492a01ad05b,tipoca-city-training-facility,Tipoca City Training Facility,https://www.starwars.com/series/star-wars-the-bad-batch,series,star-wars-the-bad-batch,Star Wars: The Bad Batch
Locations,616b30db57e42492a01ad05b,torra-s-quarters,Torra's Quarters,https://www.starwars.com/series/star-wars-resistance,series,star-wars-resistance,Star Wars Resistance
Locations,616b338854bea492a01ad05b,tosche-station,Tosche Station,https://www.starwars.com/series/the-book-of-boba-fett,series,the-book-of-boba-fett,The Book of Boba Fett
Locations,616b262292f67492a01ad05b,toydaria,Toydaria,https://www.starwars.com/series/star-wars-the-clone-wars,series,star-wars-the-clone-wars,Star Wars: The Clone Wars
Locations,616b310a02efd492a01ad05b,trash-incinerator,Trash incinerator,https://www.starwars.com/series/star-wars-resistance,series,star-wars-resistance,Star Wars Resistance
Locations,616b32e55fd44492a01ad05b,trask,Trask,https://www.starwars.com/series/the-mandalorian,series,the-mandalorian,The Mandalorian
Locations,616b2de585af7492a01ad05b,tuanul,Tuanul,https://www.starwars.com/films/star-wars-episode-vii-the-force-awakens,films,star-wars-episode-vii-the-force-awakens,Star Wars: The Force Awakens (Episode VII)
Locations,619ff3ef9131d737c941f177,ueda,Ueda,https://www.starwars.com/series/the-acolyte,series,the-acolyte,The Acolyte
Locations,616b262598a17492a01ad05b,umbara,Umbara,https://www.starwars.com/series/star-wars-the-clone-wars,series,star-wars-the-clone-wars,Star Wars: The Clone Wars
Locations,61c326322502b91fc28263c8,unknown-world,Unknown world,https://www.starwars.com/series/the-acolyte,series,the-acolyte,The Acolyte
Locations,616b26276f268492a01ad05b,utapau,Utapau,https://www.starwars.com/films/star-wars-episode-iii-revenge-of-the-sith,films,star-wars-episode-iii-revenge-of-the-sith,Star Wars: Revenge of the Sith (Episode III)
Locations,616b26276f268492a01ad05b,utapau,Utapau,https://www.starwars.com/series/star-wars-the-clone-wars,series,star-wars-the-clone-wars,Star Wars: The Clone Wars
Locations,616b322cc89e5492a01ad05b,vader-s-castle,Vader’s Castle,https://www.starwars.com/films/rogue-one,films,rogue-one,Rogue One: A Star Wars Story
Locations,616b322cc89e5492a01ad05b,vader-s-castle,Vader’s Castle,https://www.starwars.com/series/obi-wan-kenobi,series,obi-wan-kenobi,Obi-Wan Kenobi
Locations,616b300ba3ee1492a01ad05b,vandor,Vandor,https://www.starwars.com/films/solo,films,solo,Solo: A Star Wars Story
Locations,616b329cdd2dc492a01ad05b,var-shaa,Var-Shaa,,,,
Locations,616b2f31f7c51492a01ad05b,vardos,Vardos,,,,
Locations,616b31c3619ca492a01ad05b,vargo-spaceport,Vargo Spaceport,https://www.starwars.com/series/star-wars-resistance,series,star-wars-resistance,Star Wars Resistance
Locations,616b31c04dacf492a01ad05b,varkana,Varkana,https://www.starwars.com/series/star-wars-resistance,series,star-wars-resistance,Star Wars Resistance
Locations,616b3797b6e50492a01ad05b,veelo,Veelo,https://www.starwars.com/series/star-wars-the-bad-batch,series,star-wars-the-bad-batch,Star Wars: The Bad Batch
Locations,616b2e2d94e68492a01ad05b,vizsla-keep-09,Vizsla Keep 09,https://www.starwars.com/series/star-wars-rebels,series,star-wars-rebels,Star Wars Rebels
Locations,616b31a29b8cb492a01ad05b,voxx-cluster,Voxx Cluster,https://www.starwars.com/series/star-wars-resistance,series,star-wars-resistance,Star Wars Resistance
Locations,616b31a419cd9492a01ad05b,vranki-s-hotel-and-casino,Vranki's Hotel and Casino,https://www.starwars.com/series/star-wars-resistance,series,star-wars-resistance,Star Wars Resistance
Locations,616b35005890d492a01ad05b,wayland,Wayland,https://www.starwars.com/series/star-wars-the-bad-batch,series,star-wars-the-bad-batch,Star Wars: The Bad Batch
Locations,616b302a596a5492a01ad05b,white-worms-den,White Worms' den,https://www.starwars.com/films/solo,films,solo,Solo: A Star Wars Story
Locations,616b2eb357c14492a01ad05b,wobani,Wobani,https://www.starwars.com/films/rogue-one,films,rogue-one,Rogue One: A Star Wars Story
Locations,616b2f924bab1492a01ad05b,world-between-worlds,world between worlds,https://www.starwars.com/series/star-wars-rebels,series,star-wars-rebels,Star Wars Rebels
Locations,616b2f924bab1492a01ad05b,world-between-worlds,world between worlds,https://www.starwars.com/series/star-wars-ahsoka,series,star-wars-ahsoka,Ahsoka
Locations,616b2e8ade5fb492a01ad05b,wren-stronghold,Wren Stronghold,https://www.starwars.com/series/star-wars-rebels,series,star-wars-rebels,Star Wars Rebels
Locations,616b2e706b1f2492a01ad05b,wynkahthu,Wynkahthu,https://www.starwars.com/series/star-wars-rebels,series,star-wars-rebels,Star Wars Rebels
Locations,616b2e2449b47492a01ad05b,yarma,Yarma,https://www.starwars.com/series/star-wars-rebels,series,star-wars-rebels,Star Wars Rebels
Locations,616b262d8e80b492a01ad05b,yavin-4,Yavin 4,https://www.starwars.com/films/star-wars-episode-iv-a-new-hope,films,star-wars-episode-iv-a-new-hope,Star Wars: A New Hope (Episode IV)
Locations,616b262d8e80b492a01ad05b,yavin-4,Yavin 4,https://www.starwars.com/films/rogue-one,films,rogue-one,Rogue One: A Star Wars Story
Locations,616b262d8e80b492a01ad05b,yavin-4,Yavin 4,https://www.starwars.com/series/star-wars-rebels,series,star-wars-rebels,Star Wars Rebels
Locations,616b30cfefaa6492a01ad05b,yeager-s-garage,Yeager's garage,https://www.starwars.com/series/star-wars-resistance,series,star-wars-resistance,Star Wars Resistance
Locations,616b326dd2bdd492a01ad05b,yerbana,Yerbana,https://www.starwars.com/series/star-wars-the-clone-wars,series,star-wars-the-clone-wars,Star Wars: The Clone Wars
Locations,616b2c469c948492a01ad05b,yoda-s-hut,Yoda's Hut,https://www.starwars.com/films/star-wars-episode-vi-return-of-the-jedi,films,star-wars-episode-vi-return-of-the-jedi,Star Wars: Return of the Jedi (Episode VI)
Locations,616b2c469c948492a01ad05b,yoda-s-hut,Yoda's Hut,https://www.starwars.com/films/star-wars-episode-v-the-empire-strikes-back,films,star-wars-episode-v-the-empire-strikes-back,Star Wars: The Empire Strikes Back (Episode V)
Locations,616b263284d41492a01ad05b,zanbar,Zanbar,https://www.starwars.com/series/star-wars-the-clone-wars,series,star-wars-the-clone-wars,Star Wars: The Clone Wars
Locations,616b317cc2648492a01ad05b,zeffo,Zeffo,,,,
Locations,616b263411e6c492a01ad05b,zygerria,Zygerria,https://www.starwars.com/series/star-wars-the-clone-wars,series,star-wars-the-clone-wars,Star Wars: The Clone Wars
Organizations,616b326f53472492a01ad05b,501st-legion,501st Legion,https://www.starwars.com/series/the-book-of-boba-fett,series,the-book-of-boba-fett,The Book of Boba Fett
Organizations,616b326f53472492a01ad05b,501st-legion,501st Legion,https://www.starwars.com/series/star-wars-the-clone-wars,series,star-wars-the-clone-wars,Star Wars: The Clone Wars
Organizations,616b326f53472492a01ad05b,501st-legion,501st Legion,https://www.starwars.com/series/obi-wan-kenobi,series,obi-wan-kenobi,Obi-Wan Kenobi
Organizations,616b2ed06bf13492a01ad05b,alliance-high-command,Alliance High Command,https://www.starwars.com/films/rogue-one,films,rogue-one,Rogue One: A Star Wars Story
Organizations,616b2ed06bf13492a01ad05b,alliance-high-command,Alliance High Command,https://www.starwars.com/films/star-wars-episode-vi-return-of-the-jedi,films,star-wars-episode-vi-return-of-the-jedi,Star Wars: Return of the Jedi (Episode VI)
Organizations,616b32f5cfba6492a01ad05b,artillery-stormtrooper,Artillery Stormtrooper,https://www.starwars.com/series/the-mandalorian,series,the-mandalorian,The Mandalorian
Organizations,616b2aac7b991492a01ad05b,at-at-pilots,AT-AT Pilots,https://www.starwars.com/films/star-wars-episode-v-the-empire-strikes-back,films,star-wars-episode-v-the-empire-strikes-back,Star Wars: The Empire Strikes Back (Episode V)
Organizations,616b2aac7b991492a01ad05b,at-at-pilots,AT-AT Pilots,https://www.starwars.com/series/star-wars-rebels,series,star-wars-rebels,Star Wars Rebels
Organizations,616b356826ea1492a01ad05b,bandits-of-peridea,Bandits of Peridea,https://www.starwars.com/series/star-wars-ahsoka,series,star-wars-ahsoka,Ahsoka
Organizations,616b2cdc77028492a01ad05b,bear-clan,Bear Clan,https://www.starwars.com/films/star-wars-episode-ii-attack-of-the-clones,films,star-wars-episode-ii-attack-of-the-clones,Star Wars: Attack of the Clones (Episode II)
Organizations,616b2370dbb04492a01ad05b,black-sun,Black Sun,https://www.starwars.com/series/star-wars-the-clone-wars,series,star-wars-the-clone-wars,Star Wars: The Clone Wars
Organizations,616b2f72381f2492a01ad05b,blue-squadron,Blue Squadron,https://www.starwars.com/films/star-wars-episode-vii-the-force-awakens,films,star-wars-episode-vii-the-force-awakens,Star Wars: The Force Awakens (Episode VII)
Organizations,616b2f72381f2492a01ad05b,blue-squadron,Blue Squadron,https://www.starwars.com/films/star-wars-episode-viii-the-last-jedi,films,star-wars-episode-viii-the-last-jedi,Star Wars: The Last Jedi (Episode VIII)
Organizations,616b253eb79dc492a01ad05b,boonta-eve-classic-podracer-pilots,Boonta Eve Classic Podracer Pilots,https://www.starwars.com/films/star-wars-episode-i-the-phantom-menace,films,star-wars-episode-i-the-phantom-menace,Star Wars: The Phantom Menace (Episode I)
Organizations,616b253eb79dc492a01ad05b,boonta-eve-classic-podracer-pilots,Boonta Eve Classic Podracer Pilots,https://www.starwars.com/films/star-wars-episode-ii-attack-of-the-clones,films,star-wars-episode-ii-attack-of-the-clones,Star Wars: Attack of the Clones (Episode II)
Organizations,61d6639a45aaea47e42bd889,brendok-coven,Brendok coven,https://www.starwars.com/series/the-acolyte,series,the-acolyte,The Acolyte
Organizations,616b2f4d3c5e1492a01ad05b,canto-bight-police,Canto Bight Police,https://www.starwars.com/films/star-wars-episode-viii-the-last-jedi,films,star-wars-episode-viii-the-last-jedi,Star Wars: The Last Jedi (Episode VIII)
Organizations,616b2f4bbe8c5492a01ad05b,caretakers,Caretakers,https://www.starwars.com/films/star-wars-episode-viii-the-last-jedi,films,star-wars-episode-viii-the-last-jedi,Star Wars: The Last Jedi (Episode VIII)
Organizations,616b2efea0ea9492a01ad05b,clan-kryze,Clan Kryze,https://www.starwars.com/series/star-wars-rebels,series,star-wars-rebels,Star Wars Rebels
Organizations,616b2f0024da5492a01ad05b,clan-saxon,Clan Saxon,https://www.starwars.com/series/star-wars-rebels,series,star-wars-rebels,Star Wars Rebels
Organizations,616b2e8c69351492a01ad05b,clan-wren,Clan Wren,https://www.starwars.com/series/star-wars-rebels,series,star-wars-rebels,Star Wars Rebels
Organizations,616b2a845c975492a01ad05b,clone-force-99-the-bad-batch,"Clone Force 99 ""The Bad Batch""",https://www.starwars.com/series/star-wars-the-bad-batch,series,star-wars-the-bad-batch,Star Wars: The Bad Batch
Organizations,616b2a845c975492a01ad05b,clone-force-99-the-bad-batch,"Clone Force 99 ""The Bad Batch""",https://www.starwars.com/series/star-wars-the-clone-wars,series,star-wars-the-clone-wars,Star Wars: The Clone Wars
Organizations,616b236a9a981492a01ad05b,clone-troopers,Clone Troopers,https://www.starwars.com/films/star-wars-episode-ii-attack-of-the-clones,films,star-wars-episode-ii-attack-of-the-clones,Star Wars: Attack of the Clones (Episode II)
Organizations,616b236a9a981492a01ad05b,clone-troopers,Clone Troopers,https://www.starwars.com/films/star-wars-episode-iii-revenge-of-the-sith,films,star-wars-episode-iii-revenge-of-the-sith,Star Wars: Revenge of the Sith (Episode III)
Organizations,616b236a9a981492a01ad05b,clone-troopers,Clone Troopers,https://www.starwars.com/series/star-wars-the-clone-wars,series,star-wars-the-clone-wars,Star Wars: The Clone Wars
Organizations,616b236a9a981492a01ad05b,clone-troopers,Clone Troopers,https://www.starwars.com/series/obi-wan-kenobi,series,obi-wan-kenobi,Obi-Wan Kenobi
Organizations,616b236a9a981492a01ad05b,clone-troopers,Clone Troopers,https://www.starwars.com/series/star-wars-rebels,series,star-wars-rebels,Star Wars Rebels
Organizations,616b236a9a981492a01ad05b,clone-troopers,Clone Troopers,https://www.starwars.com/series/andor,series,andor,Andor
Organizations,616b236a9a981492a01ad05b,clone-troopers,Clone Troopers,https://www.starwars.com/series/tales-of-the-jedi,series,tales-of-the-jedi,Tales of the Jedi
Organizations,616b3028d9221492a01ad05b,cloud-riders,Cloud-Riders,https://www.starwars.com/films/solo,films,solo,Solo: A Star Wars Story
Organizations,616b2f56523d1492a01ad05b,cobalt-squadron,Cobalt Squadron,https://www.starwars.com/films/star-wars-episode-viii-the-last-jedi,films,star-wars-episode-viii-the-last-jedi,Star Wars: The Last Jedi (Episode VIII)
Organizations,616b3232fd03a492a01ad05b,company-77,Company 77,https://www.starwars.com/films/star-wars-episode-ix-the-rise-of-skywalker,films,star-wars-episode-ix-the-rise-of-skywalker,Star Wars: The Rise of Skywalker (Episode IX)
Organizations,616b25728b501492a01ad05b,confederacy-of-independent-systems,Confederacy of Independent Systems,https://www.starwars.com/films/star-wars-episode-ii-attack-of-the-clones,films,star-wars-episode-ii-attack-of-the-clones,Star Wars: Attack of the Clones (Episode II)
Organizations,616b25728b501492a01ad05b,confederacy-of-independent-systems,Confederacy of Independent Systems,https://www.starwars.com/films/star-wars-episode-iii-revenge-of-the-sith,films,star-wars-episode-iii-revenge-of-the-sith,Star Wars: Revenge of the Sith (Episode III)
Organizations,616b25728b501492a01ad05b,confederacy-of-independent-systems,Confederacy of Independent Systems,https://www.starwars.com/series/star-wars-the-clone-wars,series,star-wars-the-clone-wars,Star Wars: The Clone Wars
Organizations,616b2c1163248492a01ad05b,corporate-alliance,Corporate Alliance,https://www.starwars.com/films/star-wars-episode-iii-revenge-of-the-sith,films,star-wars-episode-iii-revenge-of-the-sith,Star Wars: Revenge of the Sith (Episode III)
Organizations,616b2c1163248492a01ad05b,corporate-alliance,Corporate Alliance,https://www.starwars.com/films/star-wars-episode-ii-attack-of-the-clones,films,star-wars-episode-ii-attack-of-the-clones,Star Wars: Attack of the Clones (Episode II)
Organizations,616b2c1163248492a01ad05b,corporate-alliance,Corporate Alliance,https://www.starwars.com/series/star-wars-the-clone-wars,series,star-wars-the-clone-wars,Star Wars: The Clone Wars
Organizations,616b2d26855b0492a01ad05b,coruscant-guard,Coruscant Guard,https://www.starwars.com/films/star-wars-episode-ii-attack-of-the-clones,films,star-wars-episode-ii-attack-of-the-clones,Star Wars: Attack of the Clones (Episode II)
Organizations,616b2d26855b0492a01ad05b,coruscant-guard,Coruscant Guard,https://www.starwars.com/series/star-wars-the-clone-wars,series,star-wars-the-clone-wars,Star Wars: The Clone Wars
Organizations,616b2540e881b492a01ad05b,coruscant-underworld-police,Coruscant Underworld Police,https://www.starwars.com/series/star-wars-the-clone-wars,series,star-wars-the-clone-wars,Star Wars: The Clone Wars
Organizations,616b3049e2adb492a01ad05b,crimson-dawn,Crimson Dawn,https://www.starwars.com/films/solo,films,solo,Solo: A Star Wars Story
Organizations,616b2ff70905e492a01ad05b,crimson-squadron,Crimson Squadron,https://www.starwars.com/films/star-wars-episode-viii-the-last-jedi,films,star-wars-episode-viii-the-last-jedi,Star Wars: The Last Jedi (Episode VIII)
Organizations,616b254286d48492a01ad05b,d-squad,D-Squad,https://www.starwars.com/series/star-wars-the-clone-wars,series,star-wars-the-clone-wars,Star Wars: The Clone Wars
Organizations,616b348d5b196492a01ad05b,daughters-of-ferrix,Daughters of Ferrix,,,,
Organizations,616b2b06b43db492a01ad05b,death-star-gunners,Death Star Gunners,https://www.starwars.com/films/rogue-one,films,rogue-one,Rogue One: A Star Wars Story
Organizations,616b2b06b43db492a01ad05b,death-star-gunners,Death Star Gunners,https://www.starwars.com/films/star-wars-episode-vi-return-of-the-jedi,films,star-wars-episode-vi-return-of-the-jedi,Star Wars: Return of the Jedi (Episode VI)
Organizations,616b2b06b43db492a01ad05b,death-star-gunners,Death Star Gunners,https://www.starwars.com/films/star-wars-episode-iv-a-new-hope,films,star-wars-episode-iv-a-new-hope,Star Wars: A New Hope (Episode IV)
Organizations,616b2b06b43db492a01ad05b,death-star-gunners,Death Star Gunners,https://www.starwars.com/series/star-wars-rebels,series,star-wars-rebels,Star Wars Rebels
Organizations,616b2ecb33252492a01ad05b,death-star-scientists,Death Star Scientists,https://www.starwars.com/films/rogue-one,films,rogue-one,Rogue One: A Star Wars Story
Organizations,616b2c66bdd15492a01ad05b,death-star-troopers,Death Star Troopers,https://www.starwars.com/films/star-wars-episode-iv-a-new-hope,films,star-wars-episode-iv-a-new-hope,Star Wars: A New Hope (Episode IV)
Organizations,616b2c66bdd15492a01ad05b,death-star-troopers,Death Star Troopers,https://www.starwars.com/films/star-wars-episode-vi-return-of-the-jedi,films,star-wars-episode-vi-return-of-the-jedi,Star Wars: Return of the Jedi (Episode VI)
Organizations,616b25453afd0492a01ad05b,death-watch,Death Watch,https://www.starwars.com/series/star-wars-the-clone-wars,series,star-wars-the-clone-wars,Star Wars: The Clone Wars
Organizations,616b34648554f492a01ad05b,dhani,Dhani,https://www.starwars.com/series/andor,series,andor,Andor
Organizations,616b2eec2c27f492a01ad05b,elite-praetorian-guard,Elite Praetorian Guard,https://www.starwars.com/films/star-wars-episode-viii-the-last-jedi,films,star-wars-episode-viii-the-last-jedi,Star Wars: The Last Jedi (Episode VIII)
Organizations,616b332f2252b492a01ad05b,elite-squad,Elite Squad,https://www.starwars.com/series/star-wars-the-bad-batch,series,star-wars-the-bad-batch,Star Wars: The Bad Batch
Organizations,616b30312a2bd492a01ad05b,emigration-officers,emigration officers,https://www.starwars.com/films/solo,films,solo,Solo: A Star Wars Story
Organizations,616b2ee76fbae492a01ad05b,executioner-troopers,Executioner Troopers,https://www.starwars.com/films/star-wars-episode-viii-the-last-jedi,films,star-wars-episode-viii-the-last-jedi,Star Wars: The Last Jedi (Episode VIII)
Organizations,616b2f9d41ec4492a01ad05b,fathier-jockeys,Fathier jockeys,https://www.starwars.com/films/star-wars-episode-viii-the-last-jedi,films,star-wars-episode-viii-the-last-jedi,Star Wars: The Last Jedi (Episode VIII)
Organizations,616b2ac00440a492a01ad05b,figrin-d-an-and-the-modal-nodes,Figrin D'an and the Modal Nodes,https://www.starwars.com/films/star-wars-episode-iv-a-new-hope,films,star-wars-episode-iv-a-new-hope,Star Wars: A New Hope (Episode IV)
Organizations,616b2b960d720492a01ad05b,first-order-flametroopers,First Order Flametroopers,https://www.starwars.com/films/star-wars-episode-vii-the-force-awakens,films,star-wars-episode-vii-the-force-awakens,Star Wars: The Force Awakens (Episode VII)
Organizations,616b31f4cfc19492a01ad05b,first-order-jet-troopers,First Order jet troopers,https://www.starwars.com/films/star-wars-episode-ix-the-rise-of-skywalker,films,star-wars-episode-ix-the-rise-of-skywalker,Star Wars: The Rise of Skywalker (Episode IX)
Organizations,616b2b98060ab492a01ad05b,first-order-riot-control-stormtroopers,First Order Riot Control Stormtroopers,https://www.starwars.com/films/star-wars-episode-vii-the-force-awakens,films,star-wars-episode-vii-the-force-awakens,Star Wars: The Force Awakens (Episode VII)
Organizations,616b314689a2a492a01ad05b,first-order-scuba-troopers,First Order SCUBA troopers,https://www.starwars.com/series/star-wars-resistance,series,star-wars-resistance,Star Wars Resistance
Organizations,616b2b7f0534a492a01ad05b,first-order-snowtroopers,First Order Snowtroopers,https://www.starwars.com/films/star-wars-episode-vii-the-force-awakens,films,star-wars-episode-vii-the-force-awakens,Star Wars: The Force Awakens (Episode VII)
Organizations,616b2b7f0534a492a01ad05b,first-order-snowtroopers,First Order Snowtroopers,https://www.starwars.com/films/star-wars-episode-viii-the-last-jedi,films,star-wars-episode-viii-the-last-jedi,Star Wars: The Last Jedi (Episode VIII)
Organizations,616b2b48ff402492a01ad05b,first-order-stormtroopers,First Order Stormtroopers,https://www.starwars.com/films/star-wars-episode-vii-the-force-awakens,films,star-wars-episode-vii-the-force-awakens,Star Wars: The Force Awakens (Episode VII)
Organizations,616b2b48ff402492a01ad05b,first-order-stormtroopers,First Order Stormtroopers,https://www.starwars.com/films/star-wars-episode-viii-the-last-jedi,films,star-wars-episode-viii-the-last-jedi,Star Wars: The Last Jedi (Episode VIII)
Organizations,616b323c59537492a01ad05b,first-order-supreme-council,First Order Supreme Council,https://www.starwars.com/films/star-wars-episode-ix-the-rise-of-skywalker,films,star-wars-episode-ix-the-rise-of-skywalker,Star Wars: The Rise of Skywalker (Episode IX)
Organizations,616b2b7d62b4d492a01ad05b,first-order-tie-fighter-pilots,First Order TIE Fighter Pilots,https://www.starwars.com/films/star-wars-episode-viii-the-last-jedi,films,star-wars-episode-viii-the-last-jedi,Star Wars: The Last Jedi (Episode VIII)
Organizations,616b2b7d62b4d492a01ad05b,first-order-tie-fighter-pilots,First Order TIE Fighter Pilots,https://www.starwars.com/films/star-wars-episode-vii-the-force-awakens,films,star-wars-episode-vii-the-force-awakens,Star Wars: The Force Awakens (Episode VII)
Organizations,616b34608970c492a01ad05b,flob,Flob,https://www.starwars.com/series/andor,series,andor,Andor
Organizations,616b2a2776799492a01ad05b,force-priestesses,Force Priestesses,https://www.starwars.com/series/star-wars-the-clone-wars,series,star-wars-the-clone-wars,Star Wars: The Clone Wars
Organizations,616b2c48d16c4492a01ad05b,free-ryloth-movement,Free Ryloth Movement,https://www.starwars.com/series/star-wars-the-clone-wars,series,star-wars-the-clone-wars,Star Wars: The Clone Wars
Organizations,616b2c48d16c4492a01ad05b,free-ryloth-movement,Free Ryloth Movement,https://www.starwars.com/series/star-wars-rebels,series,star-wars-rebels,Star Wars Rebels
Organizations,616b23b08dcdf492a01ad05b,galactic-empire,Galactic Empire,https://www.starwars.com/films/star-wars-episode-iii-revenge-of-the-sith,films,star-wars-episode-iii-revenge-of-the-sith,Star Wars: Revenge of the Sith (Episode III)
Organizations,616b23b08dcdf492a01ad05b,galactic-empire,Galactic Empire,https://www.starwars.com/films/star-wars-episode-vi-return-of-the-jedi,films,star-wars-episode-vi-return-of-the-jedi,Star Wars: Return of the Jedi (Episode VI)
Organizations,616b23b08dcdf492a01ad05b,galactic-empire,Galactic Empire,https://www.starwars.com/films/solo,films,solo,Solo: A Star Wars Story
Organizations,616b23b08dcdf492a01ad05b,galactic-empire,Galactic Empire,https://www.starwars.com/films/star-wars-episode-iv-a-new-hope,films,star-wars-episode-iv-a-new-hope,Star Wars: A New Hope (Episode IV)
Organizations,616b23b08dcdf492a01ad05b,galactic-empire,Galactic Empire,https://www.starwars.com/films/star-wars-episode-v-the-empire-strikes-back,films,star-wars-episode-v-the-empire-strikes-back,Star Wars: The Empire Strikes Back (Episode V)
Organizations,616b23b08dcdf492a01ad05b,galactic-empire,Galactic Empire,https://www.starwars.com/films/rogue-one,films,rogue-one,Rogue One: A Star Wars Story
Organizations,616b23b08dcdf492a01ad05b,galactic-empire,Galactic Empire,https://www.starwars.com/series/obi-wan-kenobi,series,obi-wan-kenobi,Obi-Wan Kenobi
Organizations,616b23b08dcdf492a01ad05b,galactic-empire,Galactic Empire,https://www.starwars.com/series/star-wars-rebels,series,star-wars-rebels,Star Wars Rebels
Organizations,616b23b67c7c7492a01ad05b,galactic-republic,Galactic Republic,https://www.starwars.com/films/star-wars-episode-ii-attack-of-the-clones,films,star-wars-episode-ii-attack-of-the-clones,Star Wars: Attack of the Clones (Episode II)
Organizations,616b23b67c7c7492a01ad05b,galactic-republic,Galactic Republic,https://www.starwars.com/films/star-wars-episode-i-the-phantom-menace,films,star-wars-episode-i-the-phantom-menace,Star Wars: The Phantom Menace (Episode I)
Organizations,616b23b67c7c7492a01ad05b,galactic-republic,Galactic Republic,https://www.starwars.com/films/star-wars-episode-iii-revenge-of-the-sith,films,star-wars-episode-iii-revenge-of-the-sith,Star Wars: Revenge of the Sith (Episode III)
Organizations,616b23b67c7c7492a01ad05b,galactic-republic,Galactic Republic,https://www.starwars.com/series/star-wars-the-clone-wars,series,star-wars-the-clone-wars,Star Wars: The Clone Wars
Organizations,616b22c380108492a01ad05b,galactic-senate,Galactic Senate,https://www.starwars.com/films/star-wars-episode-iii-revenge-of-the-sith,films,star-wars-episode-iii-revenge-of-the-sith,Star Wars: Revenge of the Sith (Episode III)
Organizations,616b22c380108492a01ad05b,galactic-senate,Galactic Senate,https://www.starwars.com/films/star-wars-episode-ii-attack-of-the-clones,films,star-wars-episode-ii-attack-of-the-clones,Star Wars: Attack of the Clones (Episode II)
Organizations,616b22c380108492a01ad05b,galactic-senate,Galactic Senate,https://www.starwars.com/films/star-wars-episode-i-the-phantom-menace,films,star-wars-episode-i-the-phantom-menace,Star Wars: The Phantom Menace (Episode I)
Organizations,616b22c380108492a01ad05b,galactic-senate,Galactic Senate,https://www.starwars.com/series/star-wars-the-clone-wars,series,star-wars-the-clone-wars,Star Wars: The Clone Wars
Organizations,616b2b92dc257492a01ad05b,guavian-death-gang,Guavian Death Gang,https://www.starwars.com/films/star-wars-episode-vii-the-force-awakens,films,star-wars-episode-vii-the-force-awakens,Star Wars: The Force Awakens (Episode VII)
Organizations,616b2b92dc257492a01ad05b,guavian-death-gang,Guavian Death Gang,https://www.starwars.com/series/star-wars-resistance,series,star-wars-resistance,Star Wars Resistance
Organizations,616b254e8df06492a01ad05b,gungan-grand-army,Gungan Grand Army,https://www.starwars.com/films/star-wars-episode-i-the-phantom-menace,films,star-wars-episode-i-the-phantom-menace,Star Wars: The Phantom Menace (Episode I)
Organizations,616b254e8df06492a01ad05b,gungan-grand-army,Gungan Grand Army,https://www.starwars.com/series/star-wars-the-clone-wars,series,star-wars-the-clone-wars,Star Wars: The Clone Wars
Organizations,616b2943d6b76492a01ad05b,hutt-clan,Hutt Clan,https://www.starwars.com/series/star-wars-the-clone-wars,series,star-wars-the-clone-wars,Star Wars: The Clone Wars
Organizations,616b3310377a6492a01ad05b,imperial-clone-shock-troopers,Imperial Clone Shock Troopers,https://www.starwars.com/series/star-wars-the-bad-batch,series,star-wars-the-bad-batch,Star Wars: The Bad Batch
Organizations,616b2e5f5c7ad492a01ad05b,imperial-combat-assault-tank-commanders,Imperial combat assault tank commanders,https://www.starwars.com/films/rogue-one,films,rogue-one,Rogue One: A Star Wars Story
Organizations,616b2e5dd59f7492a01ad05b,imperial-combat-assault-tank-pilots,Imperial combat assault tank pilots,https://www.starwars.com/films/rogue-one,films,rogue-one,Rogue One: A Star Wars Story
Organizations,616b2e0e7aeb5492a01ad05b,imperial-death-troopers,Imperial Death Troopers,https://www.starwars.com/films/rogue-one,films,rogue-one,Rogue One: A Star Wars Story
Organizations,616b2e0e7aeb5492a01ad05b,imperial-death-troopers,Imperial Death Troopers,https://www.starwars.com/series/the-mandalorian,series,the-mandalorian,The Mandalorian
Organizations,616b2e0e7aeb5492a01ad05b,imperial-death-troopers,Imperial Death Troopers,https://www.starwars.com/series/star-wars-rebels,series,star-wars-rebels,Star Wars Rebels
Organizations,616b2e6128492492a01ad05b,imperial-ground-crew,Imperial ground crew,https://www.starwars.com/films/rogue-one,films,rogue-one,Rogue One: A Star Wars Story
Organizations,616b305939057492a01ad05b,imperial-medics,Imperial medics,https://www.starwars.com/films/solo,films,solo,Solo: A Star Wars Story
Organizations,616b3057bf029492a01ad05b,imperial-mobile-surgical-unit,Imperial Mobile Surgical Unit,https://www.starwars.com/films/solo,films,solo,Solo: A Star Wars Story
Organizations,616b2a46476a9492a01ad05b,imperial-pilots,Imperial Pilots,https://www.starwars.com/films/star-wars-episode-vi-return-of-the-jedi,films,star-wars-episode-vi-return-of-the-jedi,Star Wars: Return of the Jedi (Episode VI)
Organizations,616b2a46476a9492a01ad05b,imperial-pilots,Imperial Pilots,https://www.starwars.com/films/star-wars-episode-iv-a-new-hope,films,star-wars-episode-iv-a-new-hope,Star Wars: A New Hope (Episode IV)
Organizations,616b2a46476a9492a01ad05b,imperial-pilots,Imperial Pilots,https://www.starwars.com/films/star-wars-episode-v-the-empire-strikes-back,films,star-wars-episode-v-the-empire-strikes-back,Star Wars: The Empire Strikes Back (Episode V)
Organizations,616b2a46476a9492a01ad05b,imperial-pilots,Imperial Pilots,https://www.starwars.com/series/star-wars-rebels,series,star-wars-rebels,Star Wars Rebels
Organizations,616b254caa97d492a01ad05b,imperial-royal-guard,Imperial Royal Guard,https://www.starwars.com/films/star-wars-episode-ii-attack-of-the-clones,films,star-wars-episode-ii-attack-of-the-clones,Star Wars: Attack of the Clones (Episode II)
Organizations,616b254caa97d492a01ad05b,imperial-royal-guard,Imperial Royal Guard,https://www.starwars.com/films/star-wars-episode-iii-revenge-of-the-sith,films,star-wars-episode-iii-revenge-of-the-sith,Star Wars: Revenge of the Sith (Episode III)
Organizations,616b254caa97d492a01ad05b,imperial-royal-guard,Imperial Royal Guard,https://www.starwars.com/films/star-wars-episode-vi-return-of-the-jedi,films,star-wars-episode-vi-return-of-the-jedi,Star Wars: Return of the Jedi (Episode VI)
Organizations,616b254caa97d492a01ad05b,imperial-royal-guard,Imperial Royal Guard,https://www.starwars.com/series/star-wars-the-clone-wars,series,star-wars-the-clone-wars,Star Wars: The Clone Wars
Organizations,616b296715b62492a01ad05b,imperial-security-bureau,Imperial Security Bureau,https://www.starwars.com/series/andor,series,andor,Andor
Organizations,616b296715b62492a01ad05b,imperial-security-bureau,Imperial Security Bureau,https://www.starwars.com/series/star-wars-rebels,series,star-wars-rebels,Star Wars Rebels
Organizations,616b349160d96492a01ad05b,imperial-security-trooper,Imperial Security Trooper,https://www.starwars.com/series/andor,series,andor,Andor
Organizations,616b2e4c1b82c492a01ad05b,imperial-super-commandos,Imperial Super Commandos,https://www.starwars.com/series/star-wars-rebels,series,star-wars-rebels,Star Wars Rebels
Organizations,616b329620764492a01ad05b,incinerator-troopers,incinerator troopers,https://www.starwars.com/series/the-mandalorian,series,the-mandalorian,The Mandalorian
Organizations,616b2f3372482492a01ad05b,inferno-squad,Inferno Squad,,,,
Organizations,616b25503f20d492a01ad05b,intergalactic-banking-clan,InterGalactic Banking Clan,https://www.starwars.com/films/star-wars-episode-ii-attack-of-the-clones,films,star-wars-episode-ii-attack-of-the-clones,Star Wars: Attack of the Clones (Episode II)
Organizations,616b25503f20d492a01ad05b,intergalactic-banking-clan,InterGalactic Banking Clan,https://www.starwars.com/films/star-wars-episode-iii-revenge-of-the-sith,films,star-wars-episode-iii-revenge-of-the-sith,Star Wars: Revenge of the Sith (Episode III)
Organizations,616b25503f20d492a01ad05b,intergalactic-banking-clan,InterGalactic Banking Clan,https://www.starwars.com/series/star-wars-the-clone-wars,series,star-wars-the-clone-wars,Star Wars: The Clone Wars
Organizations,616b31f1cce69492a01ad05b,jade-squadron,Jade Squadron,https://www.starwars.com/series/star-wars-resistance,series,star-wars-resistance,Star Wars Resistance
Organizations,616b23d908954492a01ad05b,jedi-order,Jedi Order,https://www.starwars.com/films/star-wars-episode-iii-revenge-of-the-sith,films,star-wars-episode-iii-revenge-of-the-sith,Star Wars: Revenge of the Sith (Episode III)
Organizations,616b23d908954492a01ad05b,jedi-order,Jedi Order,https://www.starwars.com/films/star-wars-episode-ii-attack-of-the-clones,films,star-wars-episode-ii-attack-of-the-clones,Star Wars: Attack of the Clones (Episode II)
Organizations,616b23d908954492a01ad05b,jedi-order,Jedi Order,https://www.starwars.com/films/star-wars-episode-i-the-phantom-menace,films,star-wars-episode-i-the-phantom-menace,Star Wars: The Phantom Menace (Episode I)
Organizations,616b23d908954492a01ad05b,jedi-order,Jedi Order,https://www.starwars.com/films/star-wars-episode-ix-the-rise-of-skywalker,films,star-wars-episode-ix-the-rise-of-skywalker,Star Wars: The Rise of Skywalker (Episode IX)
Organizations,616b23d908954492a01ad05b,jedi-order,Jedi Order,https://www.starwars.com/series/obi-wan-kenobi,series,obi-wan-kenobi,Obi-Wan Kenobi
Organizations,616b23d908954492a01ad05b,jedi-order,Jedi Order,https://www.starwars.com/series/the-book-of-boba-fett,series,the-book-of-boba-fett,The Book of Boba Fett
Organizations,616b23d908954492a01ad05b,jedi-order,Jedi Order,https://www.starwars.com/series/star-wars-the-clone-wars,series,star-wars-the-clone-wars,Star Wars: The Clone Wars
Organizations,616b23d908954492a01ad05b,jedi-order,Jedi Order,https://www.starwars.com/series/tales-of-the-jedi,series,tales-of-the-jedi,Tales of the Jedi
Organizations,616b23d908954492a01ad05b,jedi-order,Jedi Order,https://www.starwars.com/series/the-acolyte,series,the-acolyte,The Acolyte
Organizations,616b23d908954492a01ad05b,jedi-order,Jedi Order,https://www.starwars.com/the-high-republic,,,Star Wars: The High Republic
Organizations,616b2551d0d55492a01ad05b,jedi-temple-guard,Jedi Temple Guard,https://www.starwars.com/series/star-wars-the-clone-wars,series,star-wars-the-clone-wars,Star Wars: The Clone Wars
Organizations,616b2551d0d55492a01ad05b,jedi-temple-guard,Jedi Temple Guard,https://www.starwars.com/series/star-wars-rebels,series,star-wars-rebels,Star Wars Rebels
Organizations,616b2cd9074c1492a01ad05b,jedi-youngling,Jedi Youngling,https://www.starwars.com/films/star-wars-episode-ii-attack-of-the-clones,films,star-wars-episode-ii-attack-of-the-clones,Star Wars: Attack of the Clones (Episode II)
Organizations,616b2cd9074c1492a01ad05b,jedi-youngling,Jedi Youngling,https://www.starwars.com/films/star-wars-episode-iii-revenge-of-the-sith,films,star-wars-episode-iii-revenge-of-the-sith,Star Wars: Revenge of the Sith (Episode III)
Organizations,616b2cd9074c1492a01ad05b,jedi-youngling,Jedi Youngling,https://www.starwars.com/series/star-wars-the-clone-wars,series,star-wars-the-clone-wars,Star Wars: The Clone Wars
Organizations,616b2cd9074c1492a01ad05b,jedi-youngling,Jedi Youngling,https://www.starwars.com/series/tales-of-the-jedi,series,tales-of-the-jedi,Tales of the Jedi
Organizations,616b2e7ca1fb8492a01ad05b,jumptroopers,Jumptroopers,https://www.starwars.com/series/star-wars-rebels,series,star-wars-rebels,Star Wars Rebels
Organizations,616b255375fe5492a01ad05b,kage-warriors,Kage Warriors,https://www.starwars.com/series/star-wars-the-clone-wars,series,star-wars-the-clone-wars,Star Wars: The Clone Wars
Organizations,616b2cba7f091492a01ad05b,kanjiklub,Kanjiklub,https://www.starwars.com/films/star-wars-episode-vii-the-force-awakens,films,star-wars-episode-vii-the-force-awakens,Star Wars: The Force Awakens (Episode VII)
Organizations,616b305abf575492a01ad05b,kessel-miners,Kessel miners,https://www.starwars.com/films/solo,films,solo,Solo: A Star Wars Story
Organizations,616b305abf575492a01ad05b,kessel-miners,Kessel miners,https://www.starwars.com/series/star-wars-the-clone-wars,series,star-wars-the-clone-wars,Star Wars: The Clone Wars
Organizations,616b339d8a010492a01ad05b,kintan-striders-gang,Kintan Striders Gang,https://www.starwars.com/series/the-book-of-boba-fett,series,the-book-of-boba-fett,The Book of Boba Fett
Organizations,616b32851865b492a01ad05b,klatooinian-raiders,Klatooinian raiders,https://www.starwars.com/series/the-mandalorian,series,the-mandalorian,The Mandalorian
Organizations,616b31b8f0445492a01ad05b,knights-of-ren,Knights of Ren,https://www.starwars.com/films/star-wars-episode-ix-the-rise-of-skywalker,films,star-wars-episode-ix-the-rise-of-skywalker,Star Wars: The Rise of Skywalker (Episode IX)
Organizations,616b2e78d95f2492a01ad05b,life-day,Life Day,,,,
Organizations,616b255520fe7492a01ad05b,mandalorian-guard,Mandalorian Guard,https://www.starwars.com/series/star-wars-the-clone-wars,series,star-wars-the-clone-wars,Star Wars: The Clone Wars
Organizations,616b2556cd17f492a01ad05b,mandalorian-super-commando,Mandalorian Super Commando,https://www.starwars.com/series/star-wars-the-clone-wars,series,star-wars-the-clone-wars,Star Wars: The Clone Wars
Organizations,616b2d590f535492a01ad05b,mining-guild,Mining Guild,https://www.starwars.com/series/star-wars-rebels,series,star-wars-rebels,Star Wars Rebels
Organizations,616b301a41a09492a01ad05b,mudtroopers,Mudtroopers,https://www.starwars.com/films/solo,films,solo,Solo: A Star Wars Story
Organizations,616b255876feb492a01ad05b,naboo-royal-guards,Naboo Royal Guards,https://www.starwars.com/films/star-wars-episode-iii-revenge-of-the-sith,films,star-wars-episode-iii-revenge-of-the-sith,Star Wars: Revenge of the Sith (Episode III)
Organizations,616b255876feb492a01ad05b,naboo-royal-guards,Naboo Royal Guards,https://www.starwars.com/films/star-wars-episode-ii-attack-of-the-clones,films,star-wars-episode-ii-attack-of-the-clones,Star Wars: Attack of the Clones (Episode II)
Organizations,616b255876feb492a01ad05b,naboo-royal-guards,Naboo Royal Guards,https://www.starwars.com/films/star-wars-episode-i-the-phantom-menace,films,star-wars-episode-i-the-phantom-menace,Star Wars: The Phantom Menace (Episode I)
Organizations,616b255876feb492a01ad05b,naboo-royal-guards,Naboo Royal Guards,https://www.starwars.com/series/star-wars-the-clone-wars,series,star-wars-the-clone-wars,Star Wars: The Clone Wars
Organizations,616b255a2f18f492a01ad05b,naboo-royal-handmaidens,Naboo Royal Handmaidens,https://www.starwars.com/films/star-wars-episode-iii-revenge-of-the-sith,films,star-wars-episode-iii-revenge-of-the-sith,Star Wars: Revenge of the Sith (Episode III)
Organizations,616b255a2f18f492a01ad05b,naboo-royal-handmaidens,Naboo Royal Handmaidens,https://www.starwars.com/films/star-wars-episode-ii-attack-of-the-clones,films,star-wars-episode-ii-attack-of-the-clones,Star Wars: Attack of the Clones (Episode II)
Organizations,616b255a2f18f492a01ad05b,naboo-royal-handmaidens,Naboo Royal Handmaidens,https://www.starwars.com/films/star-wars-episode-i-the-phantom-menace,films,star-wars-episode-i-the-phantom-menace,Star Wars: The Phantom Menace (Episode I)
Organizations,616b357812f0b492a01ad05b,night-troopers,Night Troopers,https://www.starwars.com/series/star-wars-ahsoka,series,star-wars-ahsoka,Ahsoka
Organizations,616b255be32b0492a01ad05b,nightbrothers,Nightbrothers,https://www.starwars.com/series/star-wars-the-clone-wars,series,star-wars-the-clone-wars,Star Wars: The Clone Wars
Organizations,616b255e728fa492a01ad05b,nightsisters,Nightsisters,https://www.starwars.com/series/star-wars-the-clone-wars,series,star-wars-the-clone-wars,Star Wars: The Clone Wars
Organizations,616b255e728fa492a01ad05b,nightsisters,Nightsisters,https://www.starwars.com/series/star-wars-ahsoka,series,star-wars-ahsoka,Ahsoka
Organizations,616b2565df874492a01ad05b,onderon-rebels,Onderon Rebels,https://www.starwars.com/series/star-wars-the-clone-wars,series,star-wars-the-clone-wars,Star Wars: The Clone Wars
Organizations,616b339fc7cd4492a01ad05b,order-of-the-night-wind,Order of the Night Wind,https://www.starwars.com/series/the-book-of-boba-fett,series,the-book-of-boba-fett,The Book of Boba Fett
Organizations,616b2fca34b3c492a01ad05b,patrol-troopers,patrol troopers,https://www.starwars.com/films/solo,films,solo,Solo: A Star Wars Story
Organizations,616b2ad3e5d7d492a01ad05b,phoenix-squadron,Phoenix Squadron,https://www.starwars.com/series/star-wars-rebels,series,star-wars-rebels,Star Wars Rebels
Organizations,616b314eea289492a01ad05b,purge-troopers,Purge Troopers,https://www.starwars.com/series/obi-wan-kenobi,series,obi-wan-kenobi,Obi-Wan Kenobi
Organizations,616b3267c1ed8492a01ad05b,pyke-guards,Pyke guards,https://www.starwars.com/series/star-wars-the-clone-wars,series,star-wars-the-clone-wars,Star Wars: The Clone Wars
Organizations,616b3016ea055492a01ad05b,pyke-sentinels,Pyke Sentinels,https://www.starwars.com/films/solo,films,solo,Solo: A Star Wars Story
Organizations,616b256789bdf492a01ad05b,pyke-syndicate,Pyke Syndicate,https://www.starwars.com/films/solo,films,solo,Solo: A Star Wars Story
Organizations,616b256789bdf492a01ad05b,pyke-syndicate,Pyke Syndicate,https://www.starwars.com/series/the-book-of-boba-fett,series,the-book-of-boba-fett,The Book of Boba Fett
Organizations,616b256789bdf492a01ad05b,pyke-syndicate,Pyke Syndicate,https://www.starwars.com/series/star-wars-the-bad-batch,series,star-wars-the-bad-batch,Star Wars: The Bad Batch
Organizations,616b256789bdf492a01ad05b,pyke-syndicate,Pyke Syndicate,https://www.starwars.com/series/star-wars-the-clone-wars,series,star-wars-the-clone-wars,Star Wars: The Clone Wars
Organizations,616b3018bb323492a01ad05b,range-troopers,range troopers,https://www.starwars.com/films/solo,films,solo,Solo: A Star Wars Story
Organizations,616b2444df726492a01ad05b,rebel-alliance,Rebel Alliance,https://www.starwars.com/films/rogue-one,films,rogue-one,Rogue One: A Star Wars Story
Organizations,616b2444df726492a01ad05b,rebel-alliance,Rebel Alliance,https://www.starwars.com/films/star-wars-episode-v-the-empire-strikes-back,films,star-wars-episode-v-the-empire-strikes-back,Star Wars: The Empire Strikes Back (Episode V)
Organizations,616b2444df726492a01ad05b,rebel-alliance,Rebel Alliance,https://www.starwars.com/films/star-wars-episode-vi-return-of-the-jedi,films,star-wars-episode-vi-return-of-the-jedi,Star Wars: Return of the Jedi (Episode VI)
Organizations,616b2444df726492a01ad05b,rebel-alliance,Rebel Alliance,https://www.starwars.com/films/star-wars-episode-iv-a-new-hope,films,star-wars-episode-iv-a-new-hope,Star Wars: A New Hope (Episode IV)
Organizations,616b2ea858f20492a01ad05b,rebel-pathfinders-specforces,Rebel Pathfinders (SpecForces),https://www.starwars.com/films/rogue-one,films,rogue-one,Rogue One: A Star Wars Story
Organizations,616b2ea858f20492a01ad05b,rebel-pathfinders-specforces,Rebel Pathfinders (SpecForces),https://www.starwars.com/films/star-wars-episode-vi-return-of-the-jedi,films,star-wars-episode-vi-return-of-the-jedi,Star Wars: Return of the Jedi (Episode VI)
Organizations,616b2569d6eb1492a01ad05b,rebel-pilots,Rebel Pilots,https://www.starwars.com/films/star-wars-episode-vi-return-of-the-jedi,films,star-wars-episode-vi-return-of-the-jedi,Star Wars: Return of the Jedi (Episode VI)
Organizations,616b2569d6eb1492a01ad05b,rebel-pilots,Rebel Pilots,https://www.starwars.com/films/star-wars-episode-iv-a-new-hope,films,star-wars-episode-iv-a-new-hope,Star Wars: A New Hope (Episode IV)
Organizations,616b2569d6eb1492a01ad05b,rebel-pilots,Rebel Pilots,https://www.starwars.com/films/star-wars-episode-v-the-empire-strikes-back,films,star-wars-episode-v-the-empire-strikes-back,Star Wars: The Empire Strikes Back (Episode V)
Organizations,616b256f0a678492a01ad05b,rebel-troopers,Rebel Troopers,https://www.starwars.com/films/star-wars-episode-iv-a-new-hope,films,star-wars-episode-iv-a-new-hope,Star Wars: A New Hope (Episode IV)
Organizations,616b256f0a678492a01ad05b,rebel-troopers,Rebel Troopers,https://www.starwars.com/films/rogue-one,films,rogue-one,Rogue One: A Star Wars Story
Organizations,616b256f0a678492a01ad05b,rebel-troopers,Rebel Troopers,https://www.starwars.com/films/star-wars-episode-v-the-empire-strikes-back,films,star-wars-episode-v-the-empire-strikes-back,Star Wars: The Empire Strikes Back (Episode V)
Organizations,616b256f0a678492a01ad05b,rebel-troopers,Rebel Troopers,https://www.starwars.com/films/star-wars-episode-vi-return-of-the-jedi,films,star-wars-episode-vi-return-of-the-jedi,Star Wars: Return of the Jedi (Episode VI)
Organizations,616b2f417231c492a01ad05b,resistance-pilots,Resistance Pilots,https://www.starwars.com/films/star-wars-episode-vii-the-force-awakens,films,star-wars-episode-vii-the-force-awakens,Star Wars: The Force Awakens (Episode VII)
Organizations,616b2f417231c492a01ad05b,resistance-pilots,Resistance Pilots,https://www.starwars.com/films/star-wars-episode-ix-the-rise-of-skywalker,films,star-wars-episode-ix-the-rise-of-skywalker,Star Wars: The Rise of Skywalker (Episode IX)
Organizations,616b2f417231c492a01ad05b,resistance-pilots,Resistance Pilots,https://www.starwars.com/films/star-wars-episode-viii-the-last-jedi,films,star-wars-episode-viii-the-last-jedi,Star Wars: The Last Jedi (Episode VIII)
Organizations,616b2b947d98b492a01ad05b,resistance-troopers,Resistance Troopers,https://www.starwars.com/films/star-wars-episode-viii-the-last-jedi,films,star-wars-episode-viii-the-last-jedi,Star Wars: The Last Jedi (Episode VIII)
Organizations,616b2b947d98b492a01ad05b,resistance-troopers,Resistance Troopers,https://www.starwars.com/films/star-wars-episode-vii-the-force-awakens,films,star-wars-episode-vii-the-force-awakens,Star Wars: The Force Awakens (Episode VII)
Organizations,616b2a4bad945492a01ad05b,sandtroopers,Sandtroopers,https://www.starwars.com/films/star-wars-episode-iv-a-new-hope,films,star-wars-episode-iv-a-new-hope,Star Wars: A New Hope (Episode IV)
Organizations,616b2a1ec0788492a01ad05b,scout-troopers,Scout Troopers,https://www.starwars.com/films/star-wars-episode-vi-return-of-the-jedi,films,star-wars-episode-vi-return-of-the-jedi,Star Wars: Return of the Jedi (Episode VI)
Organizations,616b2a1ec0788492a01ad05b,scout-troopers,Scout Troopers,https://www.starwars.com/series/star-wars-rebels,series,star-wars-rebels,Star Wars Rebels
Organizations,616b302f5fe2d492a01ad05b,scrumrats,scrumrats,https://www.starwars.com/films/solo,films,solo,Solo: A Star Wars Story
Organizations,616b2570c4666492a01ad05b,senate-guard,Senate Guard,https://www.starwars.com/films/star-wars-episode-ii-attack-of-the-clones,films,star-wars-episode-ii-attack-of-the-clones,Star Wars: Attack of the Clones (Episode II)
Organizations,616b2570c4666492a01ad05b,senate-guard,Senate Guard,https://www.starwars.com/films/star-wars-episode-i-the-phantom-menace,films,star-wars-episode-i-the-phantom-menace,Star Wars: The Phantom Menace (Episode I)
Organizations,616b2570c4666492a01ad05b,senate-guard,Senate Guard,https://www.starwars.com/films/star-wars-episode-iii-revenge-of-the-sith,films,star-wars-episode-iii-revenge-of-the-sith,Star Wars: Revenge of the Sith (Episode III)
Organizations,616b2570c4666492a01ad05b,senate-guard,Senate Guard,https://www.starwars.com/series/star-wars-the-clone-wars,series,star-wars-the-clone-wars,Star Wars: The Clone Wars
Organizations,616b2c0e00712492a01ad05b,separatist-council,Separatist Council,https://www.starwars.com/films/star-wars-episode-ii-attack-of-the-clones,films,star-wars-episode-ii-attack-of-the-clones,Star Wars: Attack of the Clones (Episode II)
Organizations,616b2c0e00712492a01ad05b,separatist-council,Separatist Council,https://www.starwars.com/films/star-wars-episode-iii-revenge-of-the-sith,films,star-wars-episode-iii-revenge-of-the-sith,Star Wars: Revenge of the Sith (Episode III)
Organizations,616b25781e837492a01ad05b,shadow-collective,Shadow Collective,https://www.starwars.com/series/star-wars-the-clone-wars,series,star-wars-the-clone-wars,Star Wars: The Clone Wars
Organizations,616b3006976cb492a01ad05b,shoretroopers,Shoretroopers,https://www.starwars.com/films/rogue-one,films,rogue-one,Rogue One: A Star Wars Story
Organizations,616b3006976cb492a01ad05b,shoretroopers,Shoretroopers,https://www.starwars.com/series/andor,series,andor,Andor
Organizations,616b3006976cb492a01ad05b,shoretroopers,Shoretroopers,https://www.starwars.com/series/the-mandalorian,series,the-mandalorian,The Mandalorian
Organizations,616b2bfffc27a492a01ad05b,sienar-fleet-systems,Sienar Fleet Systems,https://www.starwars.com/series/star-wars-rebels,series,star-wars-rebels,Star Wars Rebels
Organizations,616b244c1151d492a01ad05b,sith,Sith,https://www.starwars.com/films/star-wars-episode-i-the-phantom-menace,films,star-wars-episode-i-the-phantom-menace,Star Wars: The Phantom Menace (Episode I)
Organizations,616b244c1151d492a01ad05b,sith,Sith,https://www.starwars.com/films/star-wars-episode-v-the-empire-strikes-back,films,star-wars-episode-v-the-empire-strikes-back,Star Wars: The Empire Strikes Back (Episode V)
Organizations,616b244c1151d492a01ad05b,sith,Sith,https://www.starwars.com/films/star-wars-episode-ii-attack-of-the-clones,films,star-wars-episode-ii-attack-of-the-clones,Star Wars: Attack of the Clones (Episode II)
Organizations,616b244c1151d492a01ad05b,sith,Sith,https://www.starwars.com/films/star-wars-episode-vi-return-of-the-jedi,films,star-wars-episode-vi-return-of-the-jedi,Star Wars: Return of the Jedi (Episode VI)
Organizations,616b244c1151d492a01ad05b,sith,Sith,https://www.starwars.com/films/star-wars-episode-iv-a-new-hope,films,star-wars-episode-iv-a-new-hope,Star Wars: A New Hope (Episode IV)
Organizations,616b244c1151d492a01ad05b,sith,Sith,https://www.starwars.com/films/star-wars-episode-ix-the-rise-of-skywalker,films,star-wars-episode-ix-the-rise-of-skywalker,Star Wars: The Rise of Skywalker (Episode IX)
Organizations,616b244c1151d492a01ad05b,sith,Sith,https://www.starwars.com/films/star-wars-episode-iii-revenge-of-the-sith,films,star-wars-episode-iii-revenge-of-the-sith,Star Wars: Revenge of the Sith (Episode III)
Organizations,616b244c1151d492a01ad05b,sith,Sith,https://www.starwars.com/series/obi-wan-kenobi,series,obi-wan-kenobi,Obi-Wan Kenobi
Organizations,616b244c1151d492a01ad05b,sith,Sith,https://www.starwars.com/series/star-wars-the-clone-wars,series,star-wars-the-clone-wars,Star Wars: The Clone Wars
Organizations,616b244c1151d492a01ad05b,sith,Sith,https://www.starwars.com/series/star-wars-rebels,series,star-wars-rebels,Star Wars Rebels
Organizations,616b323acca5a492a01ad05b,sith-eternal,Sith Eternal,https://www.starwars.com/films/star-wars-episode-ix-the-rise-of-skywalker,films,star-wars-episode-ix-the-rise-of-skywalker,Star Wars: The Rise of Skywalker (Episode IX)
Organizations,616b31f667733492a01ad05b,sith-jet-troopers,Sith jet troopers,https://www.starwars.com/films/star-wars-episode-ix-the-rise-of-skywalker,films,star-wars-episode-ix-the-rise-of-skywalker,Star Wars: The Rise of Skywalker (Episode IX)
Organizations,616b31b56e2e5492a01ad05b,sith-troopers,Sith Troopers,https://www.starwars.com/films/star-wars-episode-ix-the-rise-of-skywalker,films,star-wars-episode-ix-the-rise-of-skywalker,Star Wars: The Rise of Skywalker (Episode IX)
Organizations,616b2a4d98b90492a01ad05b,snowtroopers,Snowtroopers,https://www.starwars.com/films/star-wars-episode-v-the-empire-strikes-back,films,star-wars-episode-v-the-empire-strikes-back,Star Wars: The Empire Strikes Back (Episode V)
Organizations,616b245874a1a492a01ad05b,stormtroopers,Stormtroopers,https://www.starwars.com/films/star-wars-episode-vi-return-of-the-jedi,films,star-wars-episode-vi-return-of-the-jedi,Star Wars: Return of the Jedi (Episode VI)
Organizations,616b245874a1a492a01ad05b,stormtroopers,Stormtroopers,https://www.starwars.com/films/solo,films,solo,Solo: A Star Wars Story
Organizations,616b245874a1a492a01ad05b,stormtroopers,Stormtroopers,https://www.starwars.com/films/star-wars-episode-iv-a-new-hope,films,star-wars-episode-iv-a-new-hope,Star Wars: A New Hope (Episode IV)
Organizations,616b245874a1a492a01ad05b,stormtroopers,Stormtroopers,https://www.starwars.com/films/star-wars-episode-v-the-empire-strikes-back,films,star-wars-episode-v-the-empire-strikes-back,Star Wars: The Empire Strikes Back (Episode V)
Organizations,616b245874a1a492a01ad05b,stormtroopers,Stormtroopers,https://www.starwars.com/films/rogue-one,films,rogue-one,Rogue One: A Star Wars Story
Organizations,616b245874a1a492a01ad05b,stormtroopers,Stormtroopers,https://www.starwars.com/series/the-mandalorian,series,the-mandalorian,The Mandalorian
Organizations,616b245874a1a492a01ad05b,stormtroopers,Stormtroopers,https://www.starwars.com/series/obi-wan-kenobi,series,obi-wan-kenobi,Obi-Wan Kenobi
Organizations,616b245874a1a492a01ad05b,stormtroopers,Stormtroopers,https://www.starwars.com/series/star-wars-rebels,series,star-wars-rebels,Star Wars Rebels
Organizations,616b31c6645a8492a01ad05b,tech-stormtrooper,Tech stormtrooper,https://www.starwars.com/series/star-wars-resistance,series,star-wars-resistance,Star Wars Resistance
Organizations,616b2579abeaa492a01ad05b,techno-union,Techno Union,https://www.starwars.com/films/star-wars-episode-iii-revenge-of-the-sith,films,star-wars-episode-iii-revenge-of-the-sith,Star Wars: Revenge of the Sith (Episode III)
Organizations,616b2579abeaa492a01ad05b,techno-union,Techno Union,https://www.starwars.com/films/star-wars-episode-ii-attack-of-the-clones,films,star-wars-episode-ii-attack-of-the-clones,Star Wars: Attack of the Clones (Episode II)
Organizations,616b2579abeaa492a01ad05b,techno-union,Techno Union,https://www.starwars.com/series/star-wars-the-clone-wars,series,star-wars-the-clone-wars,Star Wars: The Clone Wars
Organizations,616b2ca4be6e8492a01ad05b,the-first-order,The First Order,https://www.starwars.com/films/star-wars-episode-ix-the-rise-of-skywalker,films,star-wars-episode-ix-the-rise-of-skywalker,Star Wars: The Rise of Skywalker (Episode IX)
Organizations,616b2ca4be6e8492a01ad05b,the-first-order,The First Order,https://www.starwars.com/films/star-wars-episode-viii-the-last-jedi,films,star-wars-episode-viii-the-last-jedi,Star Wars: The Last Jedi (Episode VIII)
Organizations,616b2ca4be6e8492a01ad05b,the-first-order,The First Order,https://www.starwars.com/films/star-wars-episode-vii-the-force-awakens,films,star-wars-episode-vii-the-force-awakens,Star Wars: The Force Awakens (Episode VII)
Organizations,616b35ac2a456492a01ad05b,the-great-mothers,The Great Mothers,https://www.starwars.com/series/star-wars-ahsoka,series,star-wars-ahsoka,Ahsoka
Organizations,616b33d90dea0492a01ad05b,the-hidden-path,the Hidden Path,https://www.starwars.com/series/obi-wan-kenobi,series,obi-wan-kenobi,Obi-Wan Kenobi
Organizations,616b2abe74a36492a01ad05b,the-max-rebo-band,The Max Rebo Band,https://www.starwars.com/films/star-wars-episode-vi-return-of-the-jedi,films,star-wars-episode-vi-return-of-the-jedi,Star Wars: Return of the Jedi (Episode VI)
Organizations,616b2cb0d67ab492a01ad05b,the-new-republic,The New Republic,https://www.starwars.com/films/star-wars-episode-vii-the-force-awakens,films,star-wars-episode-vii-the-force-awakens,Star Wars: The Force Awakens (Episode VII)
Organizations,616b2cb0d67ab492a01ad05b,the-new-republic,The New Republic,https://www.starwars.com/series/star-wars-ahsoka,series,star-wars-ahsoka,Ahsoka
Organizations,616b3583d7af3492a01ad05b,the-nihil,The Nihil ,https://www.starwars.com/the-high-republic,,,Star Wars: The High Republic
Organizations,616b2d4612a19492a01ad05b,the-protectors,The Protectors,https://www.starwars.com/series/star-wars-rebels,series,star-wars-rebels,Star Wars Rebels
Organizations,616b2cb8e4c2f492a01ad05b,the-resistance,The Resistance,https://www.starwars.com/films/star-wars-episode-ix-the-rise-of-skywalker,films,star-wars-episode-ix-the-rise-of-skywalker,Star Wars: The Rise of Skywalker (Episode IX)
Organizations,616b2cb8e4c2f492a01ad05b,the-resistance,The Resistance,https://www.starwars.com/films/star-wars-episode-viii-the-last-jedi,films,star-wars-episode-viii-the-last-jedi,Star Wars: The Last Jedi (Episode VIII)
Organizations,616b2cb8e4c2f492a01ad05b,the-resistance,The Resistance,https://www.starwars.com/films/star-wars-episode-vii-the-force-awakens,films,star-wars-episode-vii-the-force-awakens,Star Wars: The Force Awakens (Episode VII)
Organizations,616b327620c15492a01ad05b,titan-squadron,Titan Squadron ,,,,
Organizations,616b257b4243d492a01ad05b,trade-federation,Trade Federation,https://www.starwars.com/films/star-wars-episode-ii-attack-of-the-clones,films,star-wars-episode-ii-attack-of-the-clones,Star Wars: Attack of the Clones (Episode II)
Organizations,616b257b4243d492a01ad05b,trade-federation,Trade Federation,https://www.starwars.com/films/star-wars-episode-i-the-phantom-menace,films,star-wars-episode-i-the-phantom-menace,Star Wars: The Phantom Menace (Episode I)
Organizations,616b257b4243d492a01ad05b,trade-federation,Trade Federation,https://www.starwars.com/films/star-wars-episode-iii-revenge-of-the-sith,films,star-wars-episode-iii-revenge-of-the-sith,Star Wars: Revenge of the Sith (Episode III)
Organizations,616b257b4243d492a01ad05b,trade-federation,Trade Federation,https://www.starwars.com/series/star-wars-the-clone-wars,series,star-wars-the-clone-wars,Star Wars: The Clone Wars
Organizations,616b257d39e95492a01ad05b,tusken-raiders,Tusken Raiders,https://www.starwars.com/films/star-wars-episode-iv-a-new-hope,films,star-wars-episode-iv-a-new-hope,Star Wars: A New Hope (Episode IV)
Organizations,616b257d39e95492a01ad05b,tusken-raiders,Tusken Raiders,https://www.starwars.com/films/star-wars-episode-ii-attack-of-the-clones,films,star-wars-episode-ii-attack-of-the-clones,Star Wars: Attack of the Clones (Episode II)
Organizations,616b257d39e95492a01ad05b,tusken-raiders,Tusken Raiders,https://www.starwars.com/films/star-wars-episode-i-the-phantom-menace,films,star-wars-episode-i-the-phantom-menace,Star Wars: The Phantom Menace (Episode I)
Organizations,616b257d39e95492a01ad05b,tusken-raiders,Tusken Raiders,https://www.starwars.com/series/star-wars-rebels,series,star-wars-rebels,Star Wars Rebels
Organizations,616b257d39e95492a01ad05b,tusken-raiders,Tusken Raiders,https://www.starwars.com/series/the-mandalorian,series,the-mandalorian,The Mandalorian
Organizations,616b3380fc152492a01ad05b,tusken-tribe,Tusken tribe,https://www.starwars.com/series/the-book-of-boba-fett,series,the-book-of-boba-fett,The Book of Boba Fett
Organizations,616b2b8e2e5bc492a01ad05b,unkar-s-thugs,Unkar's Thugs,https://www.starwars.com/films/star-wars-episode-vii-the-force-awakens,films,star-wars-episode-vii-the-force-awakens,Star Wars: The Force Awakens (Episode VII)
Organizations,616b34a8e72c6492a01ad05b,vanguard-axis,Vanguard Axis,https://www.starwars.com/series/star-wars-the-bad-batch,series,star-wars-the-bad-batch,Star Wars: The Bad Batch
Organizations,616b32774680d492a01ad05b,vanguard-squadron,Vanguard Squadron ,,,,
Organizations,616b2582ea487492a01ad05b,weequay-pirates,Weequay Pirates,https://www.starwars.com/series/star-wars-the-clone-wars,series,star-wars-the-clone-wars,Star Wars: The Clone Wars
Organizations,616b303d50482492a01ad05b,white-worms,White Worms,https://www.starwars.com/films/solo,films,solo,Solo: A Star Wars Story
Species,616b2fb0737b3492a01ad05b,abednedo,Abednedo,https://www.starwars.com/films/star-wars-episode-vii-the-force-awakens,films,star-wars-episode-vii-the-force-awakens,Star Wars: The Force Awakens (Episode VII)
Species,616b2fb0737b3492a01ad05b,abednedo,Abednedo,https://www.starwars.com/films/star-wars-episode-viii-the-last-jedi,films,star-wars-episode-viii-the-last-jedi,Star Wars: The Last Jedi (Episode VIII)
Species,616b2bb758fd0492a01ad05b,aiwha,Aiwha,https://www.starwars.com/films/star-wars-episode-ii-attack-of-the-clones,films,star-wars-episode-ii-attack-of-the-clones,Star Wars: Attack of the Clones (Episode II)
Species,616b2bb758fd0492a01ad05b,aiwha,Aiwha,https://www.starwars.com/series/star-wars-the-clone-wars,series,star-wars-the-clone-wars,Star Wars: The Clone Wars
Species,616b31d73e29d492a01ad05b,aki-aki,Aki-Aki,https://www.starwars.com/films/star-wars-episode-ix-the-rise-of-skywalker,films,star-wars-episode-ix-the-rise-of-skywalker,Star Wars: The Rise of Skywalker (Episode IX)
Species,616b31d73e29d492a01ad05b,aki-aki,Aki-Aki,https://www.starwars.com/series/obi-wan-kenobi,series,obi-wan-kenobi,Obi-Wan Kenobi
Species,616b324aa9516492a01ad05b,alazmec,Alazmec,https://www.starwars.com/films/star-wars-episode-ix-the-rise-of-skywalker,films,star-wars-episode-ix-the-rise-of-skywalker,Star Wars: The Rise of Skywalker (Episode IX)
Species,616b2636396cc492a01ad05b,aleena,Aleena,https://www.starwars.com/films/star-wars-episode-i-the-phantom-menace,films,star-wars-episode-i-the-phantom-menace,Star Wars: The Phantom Menace (Episode I)
Species,616b2636396cc492a01ad05b,aleena,Aleena,https://www.starwars.com/series/star-wars-the-clone-wars,series,star-wars-the-clone-wars,Star Wars: The Clone Wars
Species,616b294d05abd492a01ad05b,amani,Amani,https://www.starwars.com/films/star-wars-episode-vi-return-of-the-jedi,films,star-wars-episode-vi-return-of-the-jedi,Star Wars: Return of the Jedi (Episode VI)
Species,616b294d05abd492a01ad05b,amani,Amani,https://www.starwars.com/series/star-wars-the-clone-wars,series,star-wars-the-clone-wars,Star Wars: The Clone Wars
Species,616b2637c9c20492a01ad05b,anacondan,Anacondan,https://www.starwars.com/series/star-wars-the-clone-wars,series,star-wars-the-clone-wars,Star Wars: The Clone Wars
Species,616b2c71ddcbc492a01ad05b,angel,Angel,https://www.starwars.com/series/star-wars-the-clone-wars,series,star-wars-the-clone-wars,Star Wars: The Clone Wars
Species,616b2ce3a8f2f492a01ad05b,balosar,Balosar,https://www.starwars.com/films/star-wars-episode-ii-attack-of-the-clones,films,star-wars-episode-ii-attack-of-the-clones,Star Wars: Attack of the Clones (Episode II)
Species,616b248930b2d492a01ad05b,belugan,Belugan,https://www.starwars.com/series/star-wars-the-clone-wars,series,star-wars-the-clone-wars,Star Wars: The Clone Wars
Species,616b263ae959e492a01ad05b,besalisk,Besalisk,https://www.starwars.com/films/star-wars-episode-ii-attack-of-the-clones,films,star-wars-episode-ii-attack-of-the-clones,Star Wars: Attack of the Clones (Episode II)
Species,616b263ae959e492a01ad05b,besalisk,Besalisk,https://www.starwars.com/series/star-wars-the-clone-wars,series,star-wars-the-clone-wars,Star Wars: The Clone Wars
Species,616b2c6c45018492a01ad05b,bith,Bith,https://www.starwars.com/films/star-wars-episode-i-the-phantom-menace,films,star-wars-episode-i-the-phantom-menace,Star Wars: The Phantom Menace (Episode I)
Species,616b2c6c45018492a01ad05b,bith,Bith,https://www.starwars.com/films/star-wars-episode-ii-attack-of-the-clones,films,star-wars-episode-ii-attack-of-the-clones,Star Wars: Attack of the Clones (Episode II)
Species,616b2c6c45018492a01ad05b,bith,Bith,https://www.starwars.com/films/star-wars-episode-vi-return-of-the-jedi,films,star-wars-episode-vi-return-of-the-jedi,Star Wars: Return of the Jedi (Episode VI)
Species,616b2c6c45018492a01ad05b,bith,Bith,https://www.starwars.com/films/star-wars-episode-iv-a-new-hope,films,star-wars-episode-iv-a-new-hope,Star Wars: A New Hope (Episode IV)
Species,616b2c6c45018492a01ad05b,bith,Bith,https://www.starwars.com/films/star-wars-episode-iii-revenge-of-the-sith,films,star-wars-episode-iii-revenge-of-the-sith,Star Wars: Revenge of the Sith (Episode III)
Species,616b2c6c45018492a01ad05b,bith,Bith,https://www.starwars.com/series/star-wars-the-clone-wars,series,star-wars-the-clone-wars,Star Wars: The Clone Wars
Species,616b263c735bb492a01ad05b,bivall,Bivall,https://www.starwars.com/series/star-wars-the-clone-wars,series,star-wars-the-clone-wars,Star Wars: The Clone Wars
Species,616b26448a681492a01ad05b,cerean,Cerean,https://www.starwars.com/films/star-wars-episode-iii-revenge-of-the-sith,films,star-wars-episode-iii-revenge-of-the-sith,Star Wars: Revenge of the Sith (Episode III)
Species,616b26448a681492a01ad05b,cerean,Cerean,https://www.starwars.com/films/star-wars-episode-ii-attack-of-the-clones,films,star-wars-episode-ii-attack-of-the-clones,Star Wars: Attack of the Clones (Episode II)
Species,616b26448a681492a01ad05b,cerean,Cerean,https://www.starwars.com/films/star-wars-episode-i-the-phantom-menace,films,star-wars-episode-i-the-phantom-menace,Star Wars: The Phantom Menace (Episode I)
Species,616b26448a681492a01ad05b,cerean,Cerean,https://www.starwars.com/series/star-wars-the-clone-wars,series,star-wars-the-clone-wars,Star Wars: The Clone Wars
Species,616b2b28fa01a492a01ad05b,chadra-fan,Chadra-Fan,https://www.starwars.com/films/star-wars-episode-iv-a-new-hope,films,star-wars-episode-iv-a-new-hope,Star Wars: A New Hope (Episode IV)
Species,616b26469a8a7492a01ad05b,chagrian,Chagrian,https://www.starwars.com/films/star-wars-episode-ii-attack-of-the-clones,films,star-wars-episode-ii-attack-of-the-clones,Star Wars: Attack of the Clones (Episode II)
Species,616b26469a8a7492a01ad05b,chagrian,Chagrian,https://www.starwars.com/films/star-wars-episode-iii-revenge-of-the-sith,films,star-wars-episode-iii-revenge-of-the-sith,Star Wars: Revenge of the Sith (Episode III)
Species,616b26469a8a7492a01ad05b,chagrian,Chagrian,https://www.starwars.com/films/star-wars-episode-i-the-phantom-menace,films,star-wars-episode-i-the-phantom-menace,Star Wars: The Phantom Menace (Episode I)
Species,616b26469a8a7492a01ad05b,chagrian,Chagrian,https://www.starwars.com/series/star-wars-the-clone-wars,series,star-wars-the-clone-wars,Star Wars: The Clone Wars
Species,616b264c2ed01492a01ad05b,cosian,Cosian,https://www.starwars.com/series/star-wars-the-clone-wars,series,star-wars-the-clone-wars,Star Wars: The Clone Wars
Species,616b2958d51ce492a01ad05b,dactillion,Dactillion,https://www.starwars.com/films/star-wars-episode-iii-revenge-of-the-sith,films,star-wars-episode-iii-revenge-of-the-sith,Star Wars: Revenge of the Sith (Episode III)
Species,616b2958d51ce492a01ad05b,dactillion,Dactillion,https://www.starwars.com/series/star-wars-the-clone-wars,series,star-wars-the-clone-wars,Star Wars: The Clone Wars
Species,616b2958d51ce492a01ad05b,dactillion,Dactillion,https://www.starwars.com/series/star-wars-rebels,series,star-wars-rebels,Star Wars Rebels
Species,616b264db369f492a01ad05b,dalgo,Dalgo,https://www.starwars.com/series/star-wars-the-clone-wars,series,star-wars-the-clone-wars,Star Wars: The Clone Wars
Species,616b264f62143492a01ad05b,dathomirian,Dathomirian,https://www.starwars.com/films/star-wars-episode-i-the-phantom-menace,films,star-wars-episode-i-the-phantom-menace,Star Wars: The Phantom Menace (Episode I)
Species,616b264f62143492a01ad05b,dathomirian,Dathomirian,https://www.starwars.com/series/star-wars-the-clone-wars,series,star-wars-the-clone-wars,Star Wars: The Clone Wars
Species,616b2c64b9483492a01ad05b,devaronian,Devaronian,https://www.starwars.com/films/star-wars-episode-iv-a-new-hope,films,star-wars-episode-iv-a-new-hope,Star Wars: A New Hope (Episode IV)
Species,616b2c64b9483492a01ad05b,devaronian,Devaronian,https://www.starwars.com/series/star-wars-rebels,series,star-wars-rebels,Star Wars Rebels
Species,616b2658272be492a01ad05b,dug,Dug,https://www.starwars.com/films/star-wars-episode-ii-attack-of-the-clones,films,star-wars-episode-ii-attack-of-the-clones,Star Wars: Attack of the Clones (Episode II)
Species,616b2658272be492a01ad05b,dug,Dug,https://www.starwars.com/films/star-wars-episode-i-the-phantom-menace,films,star-wars-episode-i-the-phantom-menace,Star Wars: The Phantom Menace (Episode I)
Species,616b2658272be492a01ad05b,dug,Dug,https://www.starwars.com/films/star-wars-episode-vi-return-of-the-jedi,films,star-wars-episode-vi-return-of-the-jedi,Star Wars: Return of the Jedi (Episode VI)
Species,616b2658272be492a01ad05b,dug,Dug,https://www.starwars.com/series/star-wars-the-clone-wars,series,star-wars-the-clone-wars,Star Wars: The Clone Wars
Species,616b2659cbb87492a01ad05b,duros,Duros,https://www.starwars.com/films/star-wars-episode-iv-a-new-hope,films,star-wars-episode-iv-a-new-hope,Star Wars: A New Hope (Episode IV)
Species,616b2659cbb87492a01ad05b,duros,Duros,https://www.starwars.com/series/star-wars-the-clone-wars,series,star-wars-the-clone-wars,Star Wars: The Clone Wars
Species,616b265ed401e492a01ad05b,ewok,Ewok,https://www.starwars.com/films/star-wars-episode-vi-return-of-the-jedi,films,star-wars-episode-vi-return-of-the-jedi,Star Wars: Return of the Jedi (Episode VI)
Species,616b26656d751492a01ad05b,falleen,Falleen,https://www.starwars.com/series/star-wars-the-clone-wars,series,star-wars-the-clone-wars,Star Wars: The Clone Wars
Species,616b266736779492a01ad05b,falumpaset,Falumpaset,https://www.starwars.com/films/star-wars-episode-i-the-phantom-menace,films,star-wars-episode-i-the-phantom-menace,Star Wars: The Phantom Menace (Episode I)
Species,616b266736779492a01ad05b,falumpaset,Falumpaset,https://www.starwars.com/series/star-wars-the-clone-wars,series,star-wars-the-clone-wars,Star Wars: The Clone Wars
Species,616b2a42c179e492a01ad05b,gamorreans,Gamorreans,https://www.starwars.com/films/star-wars-episode-vi-return-of-the-jedi,films,star-wars-episode-vi-return-of-the-jedi,Star Wars: Return of the Jedi (Episode VI)
Species,616b2a42c179e492a01ad05b,gamorreans,Gamorreans,https://www.starwars.com/series/the-book-of-boba-fett,series,the-book-of-boba-fett,The Book of Boba Fett
Species,616b2a42c179e492a01ad05b,gamorreans,Gamorreans,https://www.starwars.com/series/star-wars-the-clone-wars,series,star-wars-the-clone-wars,Star Wars: The Clone Wars
Species,616b266cb4807492a01ad05b,geonosian,Geonosian,https://www.starwars.com/films/star-wars-episode-ii-attack-of-the-clones,films,star-wars-episode-ii-attack-of-the-clones,Star Wars: Attack of the Clones (Episode II)
Species,616b266cb4807492a01ad05b,geonosian,Geonosian,https://www.starwars.com/films/star-wars-episode-iii-revenge-of-the-sith,films,star-wars-episode-iii-revenge-of-the-sith,Star Wars: Revenge of the Sith (Episode III)
Species,616b266cb4807492a01ad05b,geonosian,Geonosian,https://www.starwars.com/series/star-wars-the-clone-wars,series,star-wars-the-clone-wars,Star Wars: The Clone Wars
Species,616b2b2af222d492a01ad05b,givin,Givin,https://www.starwars.com/films/star-wars-episode-iv-a-new-hope,films,star-wars-episode-iv-a-new-hope,Star Wars: A New Hope (Episode IV)
Species,616b2b2c74e75492a01ad05b,gotal,Gotal,https://www.starwars.com/films/star-wars-episode-iv-a-new-hope,films,star-wars-episode-iv-a-new-hope,Star Wars: A New Hope (Episode IV)
Species,616b2b2c74e75492a01ad05b,gotal,Gotal,https://www.starwars.com/series/star-wars-the-clone-wars,series,star-wars-the-clone-wars,Star Wars: The Clone Wars
Species,616b2b2c74e75492a01ad05b,gotal,Gotal,https://www.starwars.com/series/star-wars-rebels,series,star-wars-rebels,Star Wars Rebels
Species,616b2ce1921d2492a01ad05b,gran,Gran,https://www.starwars.com/films/star-wars-episode-i-the-phantom-menace,films,star-wars-episode-i-the-phantom-menace,Star Wars: The Phantom Menace (Episode I)
Species,616b2ce1921d2492a01ad05b,gran,Gran,https://www.starwars.com/films/star-wars-episode-ii-attack-of-the-clones,films,star-wars-episode-ii-attack-of-the-clones,Star Wars: Attack of the Clones (Episode II)
Species,616b2ce1921d2492a01ad05b,gran,Gran,https://www.starwars.com/films/star-wars-episode-vi-return-of-the-jedi,films,star-wars-episode-vi-return-of-the-jedi,Star Wars: Return of the Jedi (Episode VI)
Species,616b2ce1921d2492a01ad05b,gran,Gran,https://www.starwars.com/films/star-wars-episode-iii-revenge-of-the-sith,films,star-wars-episode-iii-revenge-of-the-sith,Star Wars: Revenge of the Sith (Episode III)
Species,616b2ce1921d2492a01ad05b,gran,Gran,https://www.starwars.com/series/star-wars-the-clone-wars,series,star-wars-the-clone-wars,Star Wars: The Clone Wars
Species,616b2ce1921d2492a01ad05b,gran,Gran,https://www.starwars.com/series/star-wars-rebels,series,star-wars-rebels,Star Wars Rebels
Species,616b266e59d2d492a01ad05b,gungan,Gungan,https://www.starwars.com/films/star-wars-episode-i-the-phantom-menace,films,star-wars-episode-i-the-phantom-menace,Star Wars: The Phantom Menace (Episode I)
Species,616b266e59d2d492a01ad05b,gungan,Gungan,https://www.starwars.com/films/star-wars-episode-ii-attack-of-the-clones,films,star-wars-episode-ii-attack-of-the-clones,Star Wars: Attack of the Clones (Episode II)
Species,616b266e59d2d492a01ad05b,gungan,Gungan,https://www.starwars.com/films/star-wars-episode-vi-return-of-the-jedi,films,star-wars-episode-vi-return-of-the-jedi,Star Wars: Return of the Jedi (Episode VI)
Species,616b266e59d2d492a01ad05b,gungan,Gungan,https://www.starwars.com/films/star-wars-episode-iii-revenge-of-the-sith,films,star-wars-episode-iii-revenge-of-the-sith,Star Wars: Revenge of the Sith (Episode III)
Species,616b266e59d2d492a01ad05b,gungan,Gungan,https://www.starwars.com/series/star-wars-the-clone-wars,series,star-wars-the-clone-wars,Star Wars: The Clone Wars
Species,616b267033bdb492a01ad05b,hutt,Hutt,https://www.starwars.com/films/star-wars-episode-i-the-phantom-menace,films,star-wars-episode-i-the-phantom-menace,Star Wars: The Phantom Menace (Episode I)
Species,616b267033bdb492a01ad05b,hutt,Hutt,https://www.starwars.com/films/star-wars-episode-vi-return-of-the-jedi,films,star-wars-episode-vi-return-of-the-jedi,Star Wars: Return of the Jedi (Episode VI)
Species,616b267033bdb492a01ad05b,hutt,Hutt,https://www.starwars.com/films/star-wars-episode-iv-a-new-hope,films,star-wars-episode-iv-a-new-hope,Star Wars: A New Hope (Episode IV)
Species,616b267033bdb492a01ad05b,hutt,Hutt,https://www.starwars.com/series/star-wars-the-clone-wars,series,star-wars-the-clone-wars,Star Wars: The Clone Wars
Species,616b2673dde2f492a01ad05b,ithorians,Ithorians,https://www.starwars.com/films/star-wars-episode-i-the-phantom-menace,films,star-wars-episode-i-the-phantom-menace,Star Wars: The Phantom Menace (Episode I)
Species,616b2673dde2f492a01ad05b,ithorians,Ithorians,https://www.starwars.com/films/star-wars-episode-ii-attack-of-the-clones,films,star-wars-episode-ii-attack-of-the-clones,Star Wars: Attack of the Clones (Episode II)
Species,616b2673dde2f492a01ad05b,ithorians,Ithorians,https://www.starwars.com/films/star-wars-episode-iv-a-new-hope,films,star-wars-episode-iv-a-new-hope,Star Wars: A New Hope (Episode IV)
Species,616b2673dde2f492a01ad05b,ithorians,Ithorians,https://www.starwars.com/series/the-book-of-boba-fett,series,the-book-of-boba-fett,The Book of Boba Fett
Species,616b2673dde2f492a01ad05b,ithorians,Ithorians,https://www.starwars.com/series/star-wars-the-clone-wars,series,star-wars-the-clone-wars,Star Wars: The Clone Wars
Species,616b2673dde2f492a01ad05b,ithorians,Ithorians,https://www.starwars.com/series/star-wars-rebels,series,star-wars-rebels,Star Wars Rebels
Species,616b2d1a93dec492a01ad05b,jablogian,Jablogian,https://www.starwars.com/series/star-wars-rebels,series,star-wars-rebels,Star Wars Rebels
Species,616b26775b23b492a01ad05b,jawa,Jawa,https://www.starwars.com/films/star-wars-episode-ii-attack-of-the-clones,films,star-wars-episode-ii-attack-of-the-clones,Star Wars: Attack of the Clones (Episode II)
Species,616b26775b23b492a01ad05b,jawa,Jawa,https://www.starwars.com/films/star-wars-episode-i-the-phantom-menace,films,star-wars-episode-i-the-phantom-menace,Star Wars: The Phantom Menace (Episode I)
Species,616b26775b23b492a01ad05b,jawa,Jawa,https://www.starwars.com/films/star-wars-episode-vi-return-of-the-jedi,films,star-wars-episode-vi-return-of-the-jedi,Star Wars: Return of the Jedi (Episode VI)
Species,616b26775b23b492a01ad05b,jawa,Jawa,https://www.starwars.com/films/star-wars-episode-iv-a-new-hope,films,star-wars-episode-iv-a-new-hope,Star Wars: A New Hope (Episode IV)
Species,616b26775b23b492a01ad05b,jawa,Jawa,https://www.starwars.com/series/the-book-of-boba-fett,series,the-book-of-boba-fett,The Book of Boba Fett
Species,616b26775b23b492a01ad05b,jawa,Jawa,https://www.starwars.com/series/obi-wan-kenobi,series,obi-wan-kenobi,Obi-Wan Kenobi
Species,616b26775b23b492a01ad05b,jawa,Jawa,https://www.starwars.com/series/star-wars-the-clone-wars,series,star-wars-the-clone-wars,Star Wars: The Clone Wars
Species,616b267d6683f492a01ad05b,junker,Junker,https://www.starwars.com/series/star-wars-the-clone-wars,series,star-wars-the-clone-wars,Star Wars: The Clone Wars
Species,616b2cf595b3d492a01ad05b,kallidahin,Kallidahin,https://www.starwars.com/films/star-wars-episode-iii-revenge-of-the-sith,films,star-wars-episode-iii-revenge-of-the-sith,Star Wars: Revenge of the Sith (Episode III)
Species,616b2681062bd492a01ad05b,kaminoan,Kaminoan,https://www.starwars.com/films/star-wars-episode-ii-attack-of-the-clones,films,star-wars-episode-ii-attack-of-the-clones,Star Wars: Attack of the Clones (Episode II)
Species,616b2681062bd492a01ad05b,kaminoan,Kaminoan,https://www.starwars.com/series/star-wars-the-clone-wars,series,star-wars-the-clone-wars,Star Wars: The Clone Wars
Species,616b26829ef41492a01ad05b,kindalo,Kindalo,https://www.starwars.com/series/star-wars-the-clone-wars,series,star-wars-the-clone-wars,Star Wars: The Clone Wars
Species,616b2cde09d44492a01ad05b,klatooinian,Klatooinian,https://www.starwars.com/films/star-wars-episode-ii-attack-of-the-clones,films,star-wars-episode-ii-attack-of-the-clones,Star Wars: Attack of the Clones (Episode II)
Species,616b2cde09d44492a01ad05b,klatooinian,Klatooinian,https://www.starwars.com/films/star-wars-episode-i-the-phantom-menace,films,star-wars-episode-i-the-phantom-menace,Star Wars: The Phantom Menace (Episode I)
Species,616b2cde09d44492a01ad05b,klatooinian,Klatooinian,https://www.starwars.com/films/star-wars-episode-vi-return-of-the-jedi,films,star-wars-episode-vi-return-of-the-jedi,Star Wars: Return of the Jedi (Episode VI)
Species,616b2cde09d44492a01ad05b,klatooinian,Klatooinian,https://www.starwars.com/series/star-wars-the-clone-wars,series,star-wars-the-clone-wars,Star Wars: The Clone Wars
Species,616b32e6bd927492a01ad05b,krayt-dragon,Krayt Dragon,https://www.starwars.com/series/the-mandalorian,series,the-mandalorian,The Mandalorian
Species,616b2cdfa33b3492a01ad05b,kubaz,Kubaz,https://www.starwars.com/films/star-wars-episode-iv-a-new-hope,films,star-wars-episode-iv-a-new-hope,Star Wars: A New Hope (Episode IV)
Species,616b29978014e492a01ad05b,lasat,Lasat,https://www.starwars.com/series/star-wars-rebels,series,star-wars-rebels,Star Wars Rebels
Species,616b29390bac7492a01ad05b,lurmen,Lurmen,https://www.starwars.com/series/star-wars-the-clone-wars,series,star-wars-the-clone-wars,Star Wars: The Clone Wars
Species,616b2d3735322492a01ad05b,mikkian,Mikkian,https://www.starwars.com/series/star-wars-the-clone-wars,series,star-wars-the-clone-wars,Star Wars: The Clone Wars
Species,616b303bb784d492a01ad05b,mimbanese,Mimbanese,https://www.starwars.com/films/solo,films,solo,Solo: A Star Wars Story
Species,616b26882c5fa492a01ad05b,mirialan,Mirialan,https://www.starwars.com/films/star-wars-episode-ii-attack-of-the-clones,films,star-wars-episode-ii-attack-of-the-clones,Star Wars: Attack of the Clones (Episode II)
Species,616b26882c5fa492a01ad05b,mirialan,Mirialan,https://www.starwars.com/films/star-wars-episode-iii-revenge-of-the-sith,films,star-wars-episode-iii-revenge-of-the-sith,Star Wars: Revenge of the Sith (Episode III)
Species,616b26882c5fa492a01ad05b,mirialan,Mirialan,https://www.starwars.com/series/star-wars-the-clone-wars,series,star-wars-the-clone-wars,Star Wars: The Clone Wars
Species,616b26882c5fa492a01ad05b,mirialan,Mirialan,https://www.starwars.com/series/star-wars-rebels,series,star-wars-rebels,Star Wars Rebels
Species,616b268b8ba58492a01ad05b,mon-calamari,Mon Calamari,https://www.starwars.com/films/star-wars-episode-vii-the-force-awakens,films,star-wars-episode-vii-the-force-awakens,Star Wars: The Force Awakens (Episode VII)
Species,616b268b8ba58492a01ad05b,mon-calamari,Mon Calamari,https://www.starwars.com/films/star-wars-episode-vi-return-of-the-jedi,films,star-wars-episode-vi-return-of-the-jedi,Star Wars: Return of the Jedi (Episode VI)
Species,616b268b8ba58492a01ad05b,mon-calamari,Mon Calamari,https://www.starwars.com/films/star-wars-episode-iii-revenge-of-the-sith,films,star-wars-episode-iii-revenge-of-the-sith,Star Wars: Revenge of the Sith (Episode III)
Species,616b268b8ba58492a01ad05b,mon-calamari,Mon Calamari,https://www.starwars.com/series/star-wars-the-clone-wars,series,star-wars-the-clone-wars,Star Wars: The Clone Wars
Species,616b268b8ba58492a01ad05b,mon-calamari,Mon Calamari,https://www.starwars.com/series/star-wars-rebels,series,star-wars-rebels,Star Wars Rebels
Species,616b268f11a43492a01ad05b,nautolan,Nautolan,https://www.starwars.com/films/star-wars-episode-ii-attack-of-the-clones,films,star-wars-episode-ii-attack-of-the-clones,Star Wars: Attack of the Clones (Episode II)
Species,616b268f11a43492a01ad05b,nautolan,Nautolan,https://www.starwars.com/films/star-wars-episode-iii-revenge-of-the-sith,films,star-wars-episode-iii-revenge-of-the-sith,Star Wars: Revenge of the Sith (Episode III)
Species,616b268f11a43492a01ad05b,nautolan,Nautolan,https://www.starwars.com/series/star-wars-the-clone-wars,series,star-wars-the-clone-wars,Star Wars: The Clone Wars
Species,616b2690950c0492a01ad05b,neimoidian,Neimoidian,https://www.starwars.com/films/star-wars-episode-ii-attack-of-the-clones,films,star-wars-episode-ii-attack-of-the-clones,Star Wars: Attack of the Clones (Episode II)
Species,616b2690950c0492a01ad05b,neimoidian,Neimoidian,https://www.starwars.com/films/star-wars-episode-iii-revenge-of-the-sith,films,star-wars-episode-iii-revenge-of-the-sith,Star Wars: Revenge of the Sith (Episode III)
Species,616b2690950c0492a01ad05b,neimoidian,Neimoidian,https://www.starwars.com/films/star-wars-episode-i-the-phantom-menace,films,star-wars-episode-i-the-phantom-menace,Star Wars: The Phantom Menace (Episode I)
Species,616b2690950c0492a01ad05b,neimoidian,Neimoidian,https://www.starwars.com/series/star-wars-the-clone-wars,series,star-wars-the-clone-wars,Star Wars: The Clone Wars
Species,616b2693d49e5492a01ad05b,nightsister-zombies,Nightsister Zombies,https://www.starwars.com/series/star-wars-the-clone-wars,series,star-wars-the-clone-wars,Star Wars: The Clone Wars
Species,616b2aa11a0ed492a01ad05b,nikto-green,Nikto (Green),https://www.starwars.com/films/star-wars-episode-vi-return-of-the-jedi,films,star-wars-episode-vi-return-of-the-jedi,Star Wars: Return of the Jedi (Episode VI)
Species,616b2aa319ceb492a01ad05b,nikto-red,Nikto (Red),https://www.starwars.com/films/star-wars-episode-i-the-phantom-menace,films,star-wars-episode-i-the-phantom-menace,Star Wars: The Phantom Menace (Episode I)
Species,616b2aa319ceb492a01ad05b,nikto-red,Nikto (Red),https://www.starwars.com/films/star-wars-episode-ii-attack-of-the-clones,films,star-wars-episode-ii-attack-of-the-clones,Star Wars: Attack of the Clones (Episode II)
Species,616b2aa319ceb492a01ad05b,nikto-red,Nikto (Red),https://www.starwars.com/films/star-wars-episode-vi-return-of-the-jedi,films,star-wars-episode-vi-return-of-the-jedi,Star Wars: Return of the Jedi (Episode VI)
Species,616b2aa319ceb492a01ad05b,nikto-red,Nikto (Red),https://www.starwars.com/films/star-wars-episode-iii-revenge-of-the-sith,films,star-wars-episode-iii-revenge-of-the-sith,Star Wars: Revenge of the Sith (Episode III)
Species,616b2aa319ceb492a01ad05b,nikto-red,Nikto (Red),https://www.starwars.com/series/the-book-of-boba-fett,series,the-book-of-boba-fett,The Book of Boba Fett
Species,616b2aa319ceb492a01ad05b,nikto-red,Nikto (Red),https://www.starwars.com/series/star-wars-the-clone-wars,series,star-wars-the-clone-wars,Star Wars: The Clone Wars
Species,616b2f18b2b47492a01ad05b,noghri,Noghri,https://www.starwars.com/series/star-wars-rebels,series,star-wars-rebels,Star Wars Rebels
Species,616b35a41c8a3492a01ad05b,noti,Noti,https://www.starwars.com/series/star-wars-ahsoka,series,star-wars-ahsoka,Ahsoka
Species,616b3283ec5ba492a01ad05b,offworld-jawas,Offworld Jawas,https://www.starwars.com/series/the-mandalorian,series,the-mandalorian,The Mandalorian
Species,616b311b10597492a01ad05b,palliduvan,Palliduvan,https://www.starwars.com/films/star-wars-episode-i-the-phantom-menace,films,star-wars-episode-i-the-phantom-menace,Star Wars: The Phantom Menace (Episode I)
Species,616b311b10597492a01ad05b,palliduvan,Palliduvan,https://www.starwars.com/series/star-wars-the-clone-wars,series,star-wars-the-clone-wars,Star Wars: The Clone Wars
Species,616b311b10597492a01ad05b,palliduvan,Palliduvan,https://www.starwars.com/series/star-wars-resistance,series,star-wars-resistance,Star Wars Resistance
Species,616b2698baa05492a01ad05b,pantoran,Pantoran,https://www.starwars.com/films/star-wars-episode-iii-revenge-of-the-sith,films,star-wars-episode-iii-revenge-of-the-sith,Star Wars: Revenge of the Sith (Episode III)
Species,616b2698baa05492a01ad05b,pantoran,Pantoran,https://www.starwars.com/series/star-wars-the-clone-wars,series,star-wars-the-clone-wars,Star Wars: The Clone Wars
Species,616b269ab4374492a01ad05b,patitite,Patitite,https://www.starwars.com/series/star-wars-the-clone-wars,series,star-wars-the-clone-wars,Star Wars: The Clone Wars
Species,616b2cf71c516492a01ad05b,patrolian,Patrolian,https://www.starwars.com/series/star-wars-the-clone-wars,series,star-wars-the-clone-wars,Star Wars: The Clone Wars
Species,616b269c7a79d492a01ad05b,pau-an,Pau'an,https://www.starwars.com/films/star-wars-episode-iii-revenge-of-the-sith,films,star-wars-episode-iii-revenge-of-the-sith,Star Wars: Revenge of the Sith (Episode III)
Species,616b269c7a79d492a01ad05b,pau-an,Pau'an,https://www.starwars.com/series/star-wars-the-clone-wars,series,star-wars-the-clone-wars,Star Wars: The Clone Wars
Species,616b269c7a79d492a01ad05b,pau-an,Pau'an,https://www.starwars.com/series/star-wars-rebels,series,star-wars-rebels,Star Wars Rebels
Species,616b2a89ae0de492a01ad05b,poletec,Poletec,https://www.starwars.com/series/star-wars-the-clone-wars,series,star-wars-the-clone-wars,Star Wars: The Clone Wars
Species,616b26a42df65492a01ad05b,quarren,Quarren,https://www.starwars.com/films/star-wars-episode-i-the-phantom-menace,films,star-wars-episode-i-the-phantom-menace,Star Wars: The Phantom Menace (Episode I)
Species,616b26a42df65492a01ad05b,quarren,Quarren,https://www.starwars.com/films/star-wars-episode-ii-attack-of-the-clones,films,star-wars-episode-ii-attack-of-the-clones,Star Wars: Attack of the Clones (Episode II)
Species,616b26a42df65492a01ad05b,quarren,Quarren,https://www.starwars.com/films/star-wars-episode-vi-return-of-the-jedi,films,star-wars-episode-vi-return-of-the-jedi,Star Wars: Return of the Jedi (Episode VI)
Species,616b26a42df65492a01ad05b,quarren,Quarren,https://www.starwars.com/films/star-wars-episode-iii-revenge-of-the-sith,films,star-wars-episode-iii-revenge-of-the-sith,Star Wars: Revenge of the Sith (Episode III)
Species,616b26a42df65492a01ad05b,quarren,Quarren,https://www.starwars.com/series/star-wars-the-clone-wars,series,star-wars-the-clone-wars,Star Wars: The Clone Wars
Species,616b26a977fa3492a01ad05b,rodian,Rodian,https://www.starwars.com/films/star-wars-episode-iv-a-new-hope,films,star-wars-episode-iv-a-new-hope,Star Wars: A New Hope (Episode IV)
Species,616b26a977fa3492a01ad05b,rodian,Rodian,https://www.starwars.com/films/star-wars-episode-i-the-phantom-menace,films,star-wars-episode-i-the-phantom-menace,Star Wars: The Phantom Menace (Episode I)
Species,616b26a977fa3492a01ad05b,rodian,Rodian,https://www.starwars.com/series/the-book-of-boba-fett,series,the-book-of-boba-fett,The Book of Boba Fett
Species,616b26a977fa3492a01ad05b,rodian,Rodian,https://www.starwars.com/series/star-wars-the-clone-wars,series,star-wars-the-clone-wars,Star Wars: The Clone Wars
Species,616b310d054de492a01ad05b,rokkna,rokkna,https://www.starwars.com/series/star-wars-resistance,series,star-wars-resistance,Star Wars Resistance
Species,616b2b3dd6fc6492a01ad05b,saurin,Saurin,https://www.starwars.com/films/star-wars-episode-iv-a-new-hope,films,star-wars-episode-iv-a-new-hope,Star Wars: A New Hope (Episode IV)
Species,616b2b3dd6fc6492a01ad05b,saurin,Saurin,https://www.starwars.com/films/star-wars-episode-vi-return-of-the-jedi,films,star-wars-episode-vi-return-of-the-jedi,Star Wars: Return of the Jedi (Episode VI)
Species,616b3125ddb40492a01ad05b,snarlfish,snarlfish,https://www.starwars.com/series/star-wars-resistance,series,star-wars-resistance,Star Wars Resistance
Species,616b2951e7820492a01ad05b,sugi-species,Sugi (Species),https://www.starwars.com/series/star-wars-the-clone-wars,series,star-wars-the-clone-wars,Star Wars: The Clone Wars
Species,616b26b574f23492a01ad05b,sullustan,Sullustan,https://www.starwars.com/films/star-wars-episode-vii-the-force-awakens,films,star-wars-episode-vii-the-force-awakens,Star Wars: The Force Awakens (Episode VII)
Species,616b26b574f23492a01ad05b,sullustan,Sullustan,https://www.starwars.com/films/star-wars-episode-vi-return-of-the-jedi,films,star-wars-episode-vi-return-of-the-jedi,Star Wars: Return of the Jedi (Episode VI)
Species,616b26b574f23492a01ad05b,sullustan,Sullustan,https://www.starwars.com/series/star-wars-the-clone-wars,series,star-wars-the-clone-wars,Star Wars: The Clone Wars
Species,616b3091e8ee5492a01ad05b,summa-verminoth,Summa-Verminoth,https://www.starwars.com/films/solo,films,solo,Solo: A Star Wars Story
Species,616b26c05be7f492a01ad05b,talz,Talz,https://www.starwars.com/films/star-wars-episode-iv-a-new-hope,films,star-wars-episode-iv-a-new-hope,Star Wars: A New Hope (Episode IV)
Species,616b26c05be7f492a01ad05b,talz,Talz,https://www.starwars.com/series/star-wars-the-clone-wars,series,star-wars-the-clone-wars,Star Wars: The Clone Wars
Species,616b26c3df8d5492a01ad05b,tee-muss,Tee-muss,https://www.starwars.com/series/star-wars-the-clone-wars,series,star-wars-the-clone-wars,Star Wars: The Clone Wars
Species,616b26c5c4f47492a01ad05b,togruta,Togruta,https://www.starwars.com/films/star-wars-episode-i-the-phantom-menace,films,star-wars-episode-i-the-phantom-menace,Star Wars: The Phantom Menace (Episode I)
Species,616b26c5c4f47492a01ad05b,togruta,Togruta,https://www.starwars.com/films/star-wars-episode-ii-attack-of-the-clones,films,star-wars-episode-ii-attack-of-the-clones,Star Wars: Attack of the Clones (Episode II)
Species,616b26c5c4f47492a01ad05b,togruta,Togruta,https://www.starwars.com/films/star-wars-episode-iii-revenge-of-the-sith,films,star-wars-episode-iii-revenge-of-the-sith,Star Wars: Revenge of the Sith (Episode III)
Species,616b26c5c4f47492a01ad05b,togruta,Togruta,https://www.starwars.com/series/star-wars-the-clone-wars,series,star-wars-the-clone-wars,Star Wars: The Clone Wars
Species,616b26c9e4d7c492a01ad05b,toydarian,Toydarian,https://www.starwars.com/films/star-wars-episode-ii-attack-of-the-clones,films,star-wars-episode-ii-attack-of-the-clones,Star Wars: Attack of the Clones (Episode II)
Species,616b26c9e4d7c492a01ad05b,toydarian,Toydarian,https://www.starwars.com/films/star-wars-episode-i-the-phantom-menace,films,star-wars-episode-i-the-phantom-menace,Star Wars: The Phantom Menace (Episode I)
Species,616b26c9e4d7c492a01ad05b,toydarian,Toydarian,https://www.starwars.com/series/star-wars-the-clone-wars,series,star-wars-the-clone-wars,Star Wars: The Clone Wars
Species,616b26cb7160d492a01ad05b,trandoshan,Trandoshan,https://www.starwars.com/films/star-wars-episode-v-the-empire-strikes-back,films,star-wars-episode-v-the-empire-strikes-back,Star Wars: The Empire Strikes Back (Episode V)
Species,616b26cb7160d492a01ad05b,trandoshan,Trandoshan,https://www.starwars.com/series/star-wars-the-clone-wars,series,star-wars-the-clone-wars,Star Wars: The Clone Wars
Species,616b26cb7160d492a01ad05b,trandoshan,Trandoshan,https://www.starwars.com/series/star-wars-rebels,series,star-wars-rebels,Star Wars Rebels
Species,616b26cd822af492a01ad05b,twi-lek,Twi'lek,https://www.starwars.com/films/rogue-one,films,rogue-one,Rogue One: A Star Wars Story
Species,616b26cd822af492a01ad05b,twi-lek,Twi'lek,https://www.starwars.com/films/star-wars-episode-ii-attack-of-the-clones,films,star-wars-episode-ii-attack-of-the-clones,Star Wars: Attack of the Clones (Episode II)
Species,616b26cd822af492a01ad05b,twi-lek,Twi'lek,https://www.starwars.com/films/star-wars-episode-vi-return-of-the-jedi,films,star-wars-episode-vi-return-of-the-jedi,Star Wars: Return of the Jedi (Episode VI)
Species,616b26cd822af492a01ad05b,twi-lek,Twi'lek,https://www.starwars.com/films/star-wars-episode-i-the-phantom-menace,films,star-wars-episode-i-the-phantom-menace,Star Wars: The Phantom Menace (Episode I)
Species,616b26cd822af492a01ad05b,twi-lek,Twi'lek,https://www.starwars.com/films/star-wars-episode-iii-revenge-of-the-sith,films,star-wars-episode-iii-revenge-of-the-sith,Star Wars: Revenge of the Sith (Episode III)
Species,616b26cd822af492a01ad05b,twi-lek,Twi'lek,https://www.starwars.com/series/star-wars-the-clone-wars,series,star-wars-the-clone-wars,Star Wars: The Clone Wars
Species,616b26cd822af492a01ad05b,twi-lek,Twi'lek,https://www.starwars.com/series/star-wars-rebels,series,star-wars-rebels,Star Wars Rebels
Species,61d663946aae0f2ee452fd4c,tynnan,Tynnan,https://www.starwars.com/series/the-acolyte,series,the-acolyte,The Acolyte
Species,616b2cfcc4783492a01ad05b,ugnaught,Ugnaught,https://www.starwars.com/films/star-wars-episode-v-the-empire-strikes-back,films,star-wars-episode-v-the-empire-strikes-back,Star Wars: The Empire Strikes Back (Episode V)
Species,616b2cfcc4783492a01ad05b,ugnaught,Ugnaught,https://www.starwars.com/series/star-wars-the-clone-wars,series,star-wars-the-clone-wars,Star Wars: The Clone Wars
Species,616b2cfcc4783492a01ad05b,ugnaught,Ugnaught,https://www.starwars.com/series/star-wars-rebels,series,star-wars-rebels,Star Wars Rebels
Species,616b26d05d634492a01ad05b,umbaran,Umbaran,https://www.starwars.com/series/star-wars-the-clone-wars,series,star-wars-the-clone-wars,Star Wars: The Clone Wars
Species,616b2b0f4bdd8492a01ad05b,utai,Utai,https://www.starwars.com/films/star-wars-episode-iii-revenge-of-the-sith,films,star-wars-episode-iii-revenge-of-the-sith,Star Wars: Revenge of the Sith (Episode III)
Species,616b2b0f4bdd8492a01ad05b,utai,Utai,https://www.starwars.com/series/star-wars-the-clone-wars,series,star-wars-the-clone-wars,Star Wars: The Clone Wars
Species,616b26d765f64492a01ad05b,weequay,Weequay,https://www.starwars.com/films/star-wars-episode-vi-return-of-the-jedi,films,star-wars-episode-vi-return-of-the-jedi,Star Wars: Return of the Jedi (Episode VI)
Species,616b26d765f64492a01ad05b,weequay,Weequay,https://www.starwars.com/series/the-book-of-boba-fett,series,the-book-of-boba-fett,The Book of Boba Fett
Species,616b26d765f64492a01ad05b,weequay,Weequay,https://www.starwars.com/series/star-wars-the-clone-wars,series,star-wars-the-clone-wars,Star Wars: The Clone Wars
Species,616b26d971d36492a01ad05b,wookiee,Wookiee,https://www.starwars.com/films/star-wars-episode-i-the-phantom-menace,films,star-wars-episode-i-the-phantom-menace,Star Wars: The Phantom Menace (Episode I)
Species,616b26d971d36492a01ad05b,wookiee,Wookiee,https://www.starwars.com/films/star-wars-episode-v-the-empire-strikes-back,films,star-wars-episode-v-the-empire-strikes-back,Star Wars: The Empire Strikes Back (Episode V)
Species,616b26d971d36492a01ad05b,wookiee,Wookiee,https://www.starwars.com/films/star-wars-episode-vii-the-force-awakens,films,star-wars-episode-vii-the-force-awakens,Star Wars: The Force Awakens (Episode VII)
Species,616b26d971d36492a01ad05b,wookiee,Wookiee,https://www.starwars.com/films/star-wars-episode-vi-return-of-the-jedi,films,star-wars-episode-vi-return-of-the-jedi,Star Wars: Return of the Jedi (Episode VI)
Species,616b26d971d36492a01ad05b,wookiee,Wookiee,https://www.starwars.com/films/star-wars-episode-iv-a-new-hope,films,star-wars-episode-iv-a-new-hope,Star Wars: A New Hope (Episode IV)
Species,616b26d971d36492a01ad05b,wookiee,Wookiee,https://www.starwars.com/films/solo,films,solo,Solo: A Star Wars Story
Species,616b26d971d36492a01ad05b,wookiee,Wookiee,https://www.starwars.com/films/star-wars-episode-viii-the-last-jedi,films,star-wars-episode-viii-the-last-jedi,Star Wars: The Last Jedi (Episode VIII)
Species,616b26d971d36492a01ad05b,wookiee,Wookiee,https://www.starwars.com/films/star-wars-episode-iii-revenge-of-the-sith,films,star-wars-episode-iii-revenge-of-the-sith,Star Wars: Revenge of the Sith (Episode III)
Species,616b26d971d36492a01ad05b,wookiee,Wookiee,https://www.starwars.com/series/star-wars-the-clone-wars,series,star-wars-the-clone-wars,Star Wars: The Clone Wars
Species,616b26d971d36492a01ad05b,wookiee,Wookiee,https://www.starwars.com/series/star-wars-rebels,series,star-wars-rebels,Star Wars Rebels
Species,616b26e0f5964492a01ad05b,zygerrian,Zygerrian,https://www.starwars.com/series/star-wars-the-bad-batch,series,star-wars-the-bad-batch,Star Wars: The Bad Batch
Species,616b26e0f5964492a01ad05b,zygerrian,Zygerrian,https://www.starwars.com/series/star-wars-the-clone-wars,series,star-wars-the-clone-wars,Star Wars: The Clone Wars
Vehicles,616b22b60ac30492a01ad05b,a-wing-fighter,A-wing Fighter,https://www.starwars.com/films/star-wars-episode-vi-return-of-the-jedi,films,star-wars-episode-vi-return-of-the-jedi,Star Wars: Return of the Jedi (Episode VI)
Vehicles,616b22b60ac30492a01ad05b,a-wing-fighter,A-wing Fighter,https://www.starwars.com/films/star-wars-episode-viii-the-last-jedi,films,star-wars-episode-viii-the-last-jedi,Star Wars: The Last Jedi (Episode VIII)
Vehicles,616b22b60ac30492a01ad05b,a-wing-fighter,A-wing Fighter,https://www.starwars.com/series/star-wars-rebels,series,star-wars-rebels,Star Wars Rebels
Vehicles,616b2e2c0be79492a01ad05b,a-wing-trainer-rz-1t,A-wing trainer (RZ-1T),https://www.starwars.com/series/star-wars-rebels,series,star-wars-rebels,Star Wars Rebels
Vehicles,616b2c735fe8c492a01ad05b,aa-9-coruscant-freighter,AA-9 Coruscant freighter,https://www.starwars.com/films/star-wars-episode-ii-attack-of-the-clones,films,star-wars-episode-ii-attack-of-the-clones,Star Wars: Attack of the Clones (Episode II)
Vehicles,616b22e2ba54c492a01ad05b,aat-battle-tank,AAT Battle Tank,https://www.starwars.com/films/star-wars-episode-i-the-phantom-menace,films,star-wars-episode-i-the-phantom-menace,Star Wars: The Phantom Menace (Episode I)
Vehicles,616b22e2ba54c492a01ad05b,aat-battle-tank,AAT Battle Tank,https://www.starwars.com/films/star-wars-episode-iii-revenge-of-the-sith,films,star-wars-episode-iii-revenge-of-the-sith,Star Wars: Revenge of the Sith (Episode III)
Vehicles,616b22e2ba54c492a01ad05b,aat-battle-tank,AAT Battle Tank,https://www.starwars.com/series/star-wars-the-bad-batch,series,star-wars-the-bad-batch,Star Wars: The Bad Batch
Vehicles,616b22e2ba54c492a01ad05b,aat-battle-tank,AAT Battle Tank,https://www.starwars.com/series/star-wars-the-clone-wars,series,star-wars-the-clone-wars,Star Wars: The Clone Wars
Vehicles,616b22c97e992492a01ad05b,alderaan-cruiser,Alderaan Cruiser,https://www.starwars.com/films/star-wars-episode-iii-revenge-of-the-sith,films,star-wars-episode-iii-revenge-of-the-sith,Star Wars: Revenge of the Sith (Episode III)
Vehicles,616b22c97e992492a01ad05b,alderaan-cruiser,Alderaan Cruiser,https://www.starwars.com/films/star-wars-episode-vi-return-of-the-jedi,films,star-wars-episode-vi-return-of-the-jedi,Star Wars: Return of the Jedi (Episode VI)
Vehicles,616b22c97e992492a01ad05b,alderaan-cruiser,Alderaan Cruiser,https://www.starwars.com/films/star-wars-episode-iv-a-new-hope,films,star-wars-episode-iv-a-new-hope,Star Wars: A New Hope (Episode IV)
Vehicles,616b22c97e992492a01ad05b,alderaan-cruiser,Alderaan Cruiser,https://www.starwars.com/series/star-wars-the-clone-wars,series,star-wars-the-clone-wars,Star Wars: The Clone Wars
Vehicles,616b22c97e992492a01ad05b,alderaan-cruiser,Alderaan Cruiser,https://www.starwars.com/series/star-wars-rebels,series,star-wars-rebels,Star Wars Rebels
Vehicles,616b33eef44fa492a01ad05b,alderaan-royal-speeder,Alderaan royal speeder ,,,,
Vehicles,616b22f65cbb9492a01ad05b,anakin-skywalker-s-podracer,Anakin Skywalker's Podracer,https://www.starwars.com/films/star-wars-episode-i-the-phantom-menace,films,star-wars-episode-i-the-phantom-menace,Star Wars: The Phantom Menace (Episode I)
Vehicles,616b33b57a3ef492a01ad05b,antique-n-1-starfighter,Antique N-1 starfighter,,,,
Vehicles,616b22f8ec760492a01ad05b,arc-170-starfighter,ARC-170 Starfighter,https://www.starwars.com/films/star-wars-episode-iii-revenge-of-the-sith,films,star-wars-episode-iii-revenge-of-the-sith,Star Wars: Revenge of the Sith (Episode III)
Vehicles,616b22f8ec760492a01ad05b,arc-170-starfighter,ARC-170 Starfighter,https://www.starwars.com/series/star-wars-the-clone-wars,series,star-wars-the-clone-wars,Star Wars: The Clone Wars
Vehicles,616b2dfcf540d492a01ad05b,at-act-walker,AT-ACT walker,https://www.starwars.com/films/rogue-one,films,rogue-one,Rogue One: A Star Wars Story
Vehicles,616b23449f20d492a01ad05b,at-at-walker-all-terrain-armored-transport,AT-AT Walker (All Terrain Armored Transport),https://www.starwars.com/films/star-wars-episode-v-the-empire-strikes-back,films,star-wars-episode-v-the-empire-strikes-back,Star Wars: The Empire Strikes Back (Episode V)
Vehicles,616b23449f20d492a01ad05b,at-at-walker-all-terrain-armored-transport,AT-AT Walker (All Terrain Armored Transport),https://www.starwars.com/films/star-wars-episode-vii-the-force-awakens,films,star-wars-episode-vii-the-force-awakens,Star Wars: The Force Awakens (Episode VII)
Vehicles,616b23449f20d492a01ad05b,at-at-walker-all-terrain-armored-transport,AT-AT Walker (All Terrain Armored Transport),https://www.starwars.com/films/star-wars-episode-vi-return-of-the-jedi,films,star-wars-episode-vi-return-of-the-jedi,Star Wars: Return of the Jedi (Episode VI)
Vehicles,616b23449f20d492a01ad05b,at-at-walker-all-terrain-armored-transport,AT-AT Walker (All Terrain Armored Transport),https://www.starwars.com/series/star-wars-rebels,series,star-wars-rebels,Star Wars Rebels
Vehicles,616b297ea866f492a01ad05b,at-dp-walker,AT-DP Walker,https://www.starwars.com/series/star-wars-rebels,series,star-wars-rebels,Star Wars Rebels
Vehicles,616b3037ecd0e492a01ad05b,at-dt-walker,AT-DT walker,https://www.starwars.com/films/solo,films,solo,Solo: A Star Wars Story
Vehicles,616b301bc503f492a01ad05b,at-hauler,AT-Hauler,https://www.starwars.com/films/solo,films,solo,Solo: A Star Wars Story
Vehicles,616b2ef841567492a01ad05b,at-m6-walker,AT-M6 Walker,https://www.starwars.com/films/star-wars-episode-viii-the-last-jedi,films,star-wars-episode-viii-the-last-jedi,Star Wars: The Last Jedi (Episode VIII)
Vehicles,616b236112f45492a01ad05b,at-rt-walker,AT-RT Walker,https://www.starwars.com/films/star-wars-episode-iii-revenge-of-the-sith,films,star-wars-episode-iii-revenge-of-the-sith,Star Wars: Revenge of the Sith (Episode III)
Vehicles,616b236112f45492a01ad05b,at-rt-walker,AT-RT Walker,https://www.starwars.com/series/star-wars-the-clone-wars,series,star-wars-the-clone-wars,Star Wars: The Clone Wars
Vehicles,616b233f571dc492a01ad05b,at-st-walker,AT-ST Walker,https://www.starwars.com/films/star-wars-episode-v-the-empire-strikes-back,films,star-wars-episode-v-the-empire-strikes-back,Star Wars: The Empire Strikes Back (Episode V)
Vehicles,616b233f571dc492a01ad05b,at-st-walker,AT-ST Walker,https://www.starwars.com/films/star-wars-episode-vi-return-of-the-jedi,films,star-wars-episode-vi-return-of-the-jedi,Star Wars: Return of the Jedi (Episode VI)
Vehicles,616b233f571dc492a01ad05b,at-st-walker,AT-ST Walker,https://www.starwars.com/series/the-mandalorian,series,the-mandalorian,The Mandalorian
Vehicles,616b231dc849f492a01ad05b,at-te-walker,AT-TE Walker,https://www.starwars.com/films/star-wars-episode-ii-attack-of-the-clones,films,star-wars-episode-ii-attack-of-the-clones,Star Wars: Attack of the Clones (Episode II)
Vehicles,616b231dc849f492a01ad05b,at-te-walker,AT-TE Walker,https://www.starwars.com/films/star-wars-episode-iii-revenge-of-the-sith,films,star-wars-episode-iii-revenge-of-the-sith,Star Wars: Revenge of the Sith (Episode III)
Vehicles,616b231dc849f492a01ad05b,at-te-walker,AT-TE Walker,https://www.starwars.com/series/star-wars-the-clone-wars,series,star-wars-the-clone-wars,Star Wars: The Clone Wars
Vehicles,616b231dc849f492a01ad05b,at-te-walker,AT-TE Walker,https://www.starwars.com/series/star-wars-the-bad-batch,series,star-wars-the-bad-batch,Star Wars: The Bad Batch
Vehicles,616b231dc849f492a01ad05b,at-te-walker,AT-TE Walker,https://www.starwars.com/series/star-wars-rebels,series,star-wars-rebels,Star Wars Rebels
Vehicles,616b2c6e5e058492a01ad05b,av-7-anti-vehicle-artillery-cannon,AV-7 Anti-vehicle Artillery Cannon,https://www.starwars.com/series/star-wars-the-clone-wars,series,star-wars-the-clone-wars,Star Wars: The Clone Wars
Vehicles,616b232374c81492a01ad05b,b-wing-fighter,B-wing Fighter,https://www.starwars.com/films/star-wars-episode-vi-return-of-the-jedi,films,star-wars-episode-vi-return-of-the-jedi,Star Wars: Return of the Jedi (Episode VI)
Vehicles,616b2c2b0cdf1492a01ad05b,b-wing-prototype-blade-wing,B-wing Prototype (Blade Wing),https://www.starwars.com/series/star-wars-rebels,series,star-wars-rebels,Star Wars Rebels
Vehicles,616b233db010e492a01ad05b,barc-speeder,BARC Speeder,https://www.starwars.com/films/star-wars-episode-iii-revenge-of-the-sith,films,star-wars-episode-iii-revenge-of-the-sith,Star Wars: Revenge of the Sith (Episode III)
Vehicles,616b233db010e492a01ad05b,barc-speeder,BARC Speeder,https://www.starwars.com/series/star-wars-the-clone-wars,series,star-wars-the-clone-wars,Star Wars: The Clone Wars
Vehicles,616b323617b8d492a01ad05b,bestoon-legacy,Bestoon Legacy,https://www.starwars.com/films/star-wars-episode-vii-the-force-awakens,films,star-wars-episode-vii-the-force-awakens,Star Wars: The Force Awakens (Episode VII)
Vehicles,616b323617b8d492a01ad05b,bestoon-legacy,Bestoon Legacy,https://www.starwars.com/films/star-wars-episode-ix-the-rise-of-skywalker,films,star-wars-episode-ix-the-rise-of-skywalker,Star Wars: The Rise of Skywalker (Episode IX)
Vehicles,616b30a46289f492a01ad05b,black-ace,Black Ace,https://www.starwars.com/series/star-wars-resistance,series,star-wars-resistance,Star Wars Resistance
Vehicles,616b2f4eb04bc492a01ad05b,black-one,Black One,https://www.starwars.com/films/star-wars-episode-vii-the-force-awakens,films,star-wars-episode-vii-the-force-awakens,Star Wars: The Force Awakens (Episode VII)
Vehicles,616b2f4eb04bc492a01ad05b,black-one,Black One,https://www.starwars.com/films/star-wars-episode-viii-the-last-jedi,films,star-wars-episode-viii-the-last-jedi,Star Wars: The Last Jedi (Episode VIII)
Vehicles,616b30a15ea17492a01ad05b,blue-ace,Blue Ace,https://www.starwars.com/series/star-wars-resistance,series,star-wars-resistance,Star Wars Resistance
Vehicles,616b250b857e4492a01ad05b,boba-fett-s-starship,Boba Fett's starship,https://www.starwars.com/films/star-wars-episode-ii-attack-of-the-clones,films,star-wars-episode-ii-attack-of-the-clones,Star Wars: Attack of the Clones (Episode II)
Vehicles,616b250b857e4492a01ad05b,boba-fett-s-starship,Boba Fett's starship,https://www.starwars.com/films/star-wars-episode-v-the-empire-strikes-back,films,star-wars-episode-v-the-empire-strikes-back,Star Wars: The Empire Strikes Back (Episode V)
Vehicles,616b250b857e4492a01ad05b,boba-fett-s-starship,Boba Fett's starship,https://www.starwars.com/series/star-wars-the-clone-wars,series,star-wars-the-clone-wars,Star Wars: The Clone Wars
Vehicles,616b250b857e4492a01ad05b,boba-fett-s-starship,Boba Fett's starship,https://www.starwars.com/series/the-mandalorian,series,the-mandalorian,The Mandalorian
Vehicles,616b2a0f18152492a01ad05b,broken-horn,Broken Horn,https://www.starwars.com/series/star-wars-rebels,series,star-wars-rebels,Star Wars Rebels
Vehicles,61c326377954dbd2cf4e0b28,cantaros,Cantaros,https://www.starwars.com/series/the-acolyte,series,the-acolyte,The Acolyte
Vehicles,616b2f794c4cc492a01ad05b,canto-bight-police-speeder,Canto Bight Police Speeder,https://www.starwars.com/films/star-wars-episode-viii-the-last-jedi,films,star-wars-episode-viii-the-last-jedi,Star Wars: The Last Jedi (Episode VIII)
Vehicles,616b2ff3c2b20492a01ad05b,canto-bight-speeders,Canto Bight Speeders,https://www.starwars.com/films/star-wars-episode-viii-the-last-jedi,films,star-wars-episode-viii-the-last-jedi,Star Wars: The Last Jedi (Episode VIII)
Vehicles,616b2ed67bb0d492a01ad05b,chandrila-mistress,Chandrila Mistress,https://www.starwars.com/series/star-wars-rebels,series,star-wars-rebels,Star Wars Rebels
Vehicles,616b293aae08c492a01ad05b,clone-z-95-starfighter,Clone Z-95 Starfighter,https://www.starwars.com/series/star-wars-the-clone-wars,series,star-wars-the-clone-wars,Star Wars: The Clone Wars
Vehicles,616b2aa4fa0fd492a01ad05b,cloud-car,Cloud Car,https://www.starwars.com/films/star-wars-episode-v-the-empire-strikes-back,films,star-wars-episode-v-the-empire-strikes-back,Star Wars: The Empire Strikes Back (Episode V)
Vehicles,616b2aa4fa0fd492a01ad05b,cloud-car,Cloud Car,https://www.starwars.com/films/star-wars-episode-vi-return-of-the-jedi,films,star-wars-episode-vi-return-of-the-jedi,Star Wars: Return of the Jedi (Episode VI)
Vehicles,616b32e7e4772492a01ad05b,cobb-vanth-s-speeder,Cobb Vanth’s speeder,https://www.starwars.com/series/the-mandalorian,series,the-mandalorian,The Mandalorian
Vehicles,616b2e5c487a4492a01ad05b,combat-assault-tank,Combat assault tank,https://www.starwars.com/films/rogue-one,films,rogue-one,Rogue One: A Star Wars Story
Vehicles,616b2fee06535492a01ad05b,conveyex,Conveyex,https://www.starwars.com/films/solo,films,solo,Solo: A Star Wars Story
Vehicles,616b2af9f1c61492a01ad05b,coronet,Coronet,https://www.starwars.com/series/star-wars-the-clone-wars,series,star-wars-the-clone-wars,Star Wars: The Clone Wars
Vehicles,616b2494c6c5c492a01ad05b,coruscant-air-taxi,Coruscant Air Taxi,https://www.starwars.com/films/star-wars-episode-ii-attack-of-the-clones,films,star-wars-episode-ii-attack-of-the-clones,Star Wars: Attack of the Clones (Episode II)
Vehicles,616b2494c6c5c492a01ad05b,coruscant-air-taxi,Coruscant Air Taxi,https://www.starwars.com/films/star-wars-episode-vi-return-of-the-jedi,films,star-wars-episode-vi-return-of-the-jedi,Star Wars: Return of the Jedi (Episode VI)
Vehicles,616b2494c6c5c492a01ad05b,coruscant-air-taxi,Coruscant Air Taxi,https://www.starwars.com/films/star-wars-episode-i-the-phantom-menace,films,star-wars-episode-i-the-phantom-menace,Star Wars: The Phantom Menace (Episode I)
Vehicles,616b2494c6c5c492a01ad05b,coruscant-air-taxi,Coruscant Air Taxi,https://www.starwars.com/series/star-wars-the-clone-wars,series,star-wars-the-clone-wars,Star Wars: The Clone Wars
Vehicles,616b2f27698c6492a01ad05b,corvus-ship,Corvus (ship),,,,
Vehicles,616b2c68abec5492a01ad05b,count-dooku-s-speeder,Count Dooku's Speeder,https://www.starwars.com/films/star-wars-episode-ii-attack-of-the-clones,films,star-wars-episode-ii-attack-of-the-clones,Star Wars: Attack of the Clones (Episode II)
Vehicles,616b2c68abec5492a01ad05b,count-dooku-s-speeder,Count Dooku's Speeder,https://www.starwars.com/series/star-wars-the-clone-wars,series,star-wars-the-clone-wars,Star Wars: The Clone Wars
Vehicles,616b2496734cf492a01ad05b,crucible,Crucible,https://www.starwars.com/series/star-wars-the-clone-wars,series,star-wars-the-clone-wars,Star Wars: The Clone Wars
Vehicles,616b33c5b7c27492a01ad05b,customized-grav-scoot,Customized grav scoot,https://www.starwars.com/series/the-book-of-boba-fett,series,the-book-of-boba-fett,The Book of Boba Fett
Vehicles,616b3725f55ac492a01ad05b,cx-dagger-vessel,CX Dagger vessel,https://www.starwars.com/series/star-wars-the-bad-batch,series,star-wars-the-bad-batch,Star Wars: The Bad Batch
Vehicles,616b31c4e4e57492a01ad05b,dalkor-dagger,Dalkor Dagger,https://www.starwars.com/series/star-wars-resistance,series,star-wars-resistance,Star Wars Resistance
Vehicles,616b30ed03056492a01ad05b,darius-g-class-freighter,Darius G-class freighter,https://www.starwars.com/series/star-wars-resistance,series,star-wars-resistance,Star Wars Resistance
Vehicles,616b2b1662117492a01ad05b,darth-vader-s-tie-fighter,Darth Vader's TIE Fighter,https://www.starwars.com/films/star-wars-episode-iv-a-new-hope,films,star-wars-episode-iv-a-new-hope,Star Wars: A New Hope (Episode IV)
Vehicles,616b2b1662117492a01ad05b,darth-vader-s-tie-fighter,Darth Vader's TIE Fighter,https://www.starwars.com/series/star-wars-rebels,series,star-wars-rebels,Star Wars Rebels
Vehicles,616b249c520ff492a01ad05b,ddt-tank,DDT tank,https://www.starwars.com/series/star-wars-the-clone-wars,series,star-wars-the-clone-wars,Star Wars: The Clone Wars
Vehicles,616b2ab69f1e2492a01ad05b,delta-7-jedi-starfighter,Delta-7 Jedi Starfighter,https://www.starwars.com/films/star-wars-episode-ii-attack-of-the-clones,films,star-wars-episode-ii-attack-of-the-clones,Star Wars: Attack of the Clones (Episode II)
Vehicles,616b2ab69f1e2492a01ad05b,delta-7-jedi-starfighter,Delta-7 Jedi Starfighter,https://www.starwars.com/films/star-wars-episode-iii-revenge-of-the-sith,films,star-wars-episode-iii-revenge-of-the-sith,Star Wars: Revenge of the Sith (Episode III)
Vehicles,616b2ab69f1e2492a01ad05b,delta-7-jedi-starfighter,Delta-7 Jedi Starfighter,https://www.starwars.com/series/star-wars-the-clone-wars,series,star-wars-the-clone-wars,Star Wars: The Clone Wars
Vehicles,616b2d01169b3492a01ad05b,desert-skiff,Desert Skiff,https://www.starwars.com/films/star-wars-episode-vi-return-of-the-jedi,films,star-wars-episode-vi-return-of-the-jedi,Star Wars: Return of the Jedi (Episode VI)
Vehicles,616b2d01169b3492a01ad05b,desert-skiff,Desert Skiff,https://www.starwars.com/series/star-wars-the-clone-wars,series,star-wars-the-clone-wars,Star Wars: The Clone Wars
Vehicles,616b249df9503492a01ad05b,droid-gunship,Droid Gunship,https://www.starwars.com/films/star-wars-episode-iii-revenge-of-the-sith,films,star-wars-episode-iii-revenge-of-the-sith,Star Wars: Revenge of the Sith (Episode III)
Vehicles,616b249df9503492a01ad05b,droid-gunship,Droid Gunship,https://www.starwars.com/series/star-wars-the-clone-wars,series,star-wars-the-clone-wars,Star Wars: The Clone Wars
Vehicles,616b300ea439f492a01ad05b,enfys-nest-s-swoop-bike,Enfys Nest's swoop bike,https://www.starwars.com/films/solo,films,solo,Solo: A Star Wars Story
Vehicles,616b24a38bea4492a01ad05b,escape-pod,Escape Pod,https://www.starwars.com/films/star-wars-episode-iii-revenge-of-the-sith,films,star-wars-episode-iii-revenge-of-the-sith,Star Wars: Revenge of the Sith (Episode III)
Vehicles,616b24a38bea4492a01ad05b,escape-pod,Escape Pod,https://www.starwars.com/films/star-wars-episode-iv-a-new-hope,films,star-wars-episode-iv-a-new-hope,Star Wars: A New Hope (Episode IV)
Vehicles,616b24a38bea4492a01ad05b,escape-pod,Escape Pod,https://www.starwars.com/series/star-wars-the-clone-wars,series,star-wars-the-clone-wars,Star Wars: The Clone Wars
Vehicles,616b24a38bea4492a01ad05b,escape-pod,Escape Pod,https://www.starwars.com/series/star-wars-resistance,series,star-wars-resistance,Star Wars Resistance
Vehicles,616b24a38bea4492a01ad05b,escape-pod,Escape Pod,https://www.starwars.com/series/star-wars-rebels,series,star-wars-rebels,Star Wars Rebels
Vehicles,616b2a583ed45492a01ad05b,eta-2-jedi-starfighter,Eta-2 Jedi Starfighter,https://www.starwars.com/films/star-wars-episode-iii-revenge-of-the-sith,films,star-wars-episode-iii-revenge-of-the-sith,Star Wars: Revenge of the Sith (Episode III)
Vehicles,616b2a583ed45492a01ad05b,eta-2-jedi-starfighter,Eta-2 Jedi Starfighter,https://www.starwars.com/series/star-wars-the-clone-wars,series,star-wars-the-clone-wars,Star Wars: The Clone Wars
Vehicles,616b24a7819ec492a01ad05b,executor,Executor,https://www.starwars.com/films/star-wars-episode-v-the-empire-strikes-back,films,star-wars-episode-v-the-empire-strikes-back,Star Wars: The Empire Strikes Back (Episode V)
Vehicles,616b24a7819ec492a01ad05b,executor,Executor,https://www.starwars.com/films/star-wars-episode-vi-return-of-the-jedi,films,star-wars-episode-vi-return-of-the-jedi,Star Wars: Return of the Jedi (Episode VI)
Vehicles,616b2a0b304a8492a01ad05b,ezra-s-speeder-bike,Ezra's Speeder Bike,https://www.starwars.com/series/star-wars-rebels,series,star-wars-rebels,Star Wars Rebels
Vehicles,619ff405b7c30789d949813b,fallon-freighter,Fallon freighter,https://www.starwars.com/series/the-acolyte,series,the-acolyte,The Acolyte
Vehicles,616b2d5f70070492a01ad05b,fang-fighter,Fang Fighter,https://www.starwars.com/series/star-wars-rebels,series,star-wars-rebels,Star Wars Rebels
Vehicles,616b2b719e07f492a01ad05b,finalizer,Finalizer,https://www.starwars.com/films/star-wars-episode-viii-the-last-jedi,films,star-wars-episode-viii-the-last-jedi,Star Wars: The Last Jedi (Episode VIII)
Vehicles,616b2b719e07f492a01ad05b,finalizer,Finalizer,https://www.starwars.com/films/star-wars-episode-vii-the-force-awakens,films,star-wars-episode-vii-the-force-awakens,Star Wars: The Force Awakens (Episode VII)
Vehicles,616b309fd5c41492a01ad05b,fireball,Fireball,https://www.starwars.com/series/star-wars-resistance,series,star-wars-resistance,Star Wars Resistance
Vehicles,616b302d5ed81492a01ad05b,first-light,First Light,https://www.starwars.com/films/solo,films,solo,Solo: A Star Wars Story
Vehicles,616b2fb590297492a01ad05b,first-order-at-at-walker,First Order AT-AT Walker,https://www.starwars.com/films/star-wars-episode-viii-the-last-jedi,films,star-wars-episode-viii-the-last-jedi,Star Wars: The Last Jedi (Episode VIII)
Vehicles,616b2f96db7fd492a01ad05b,first-order-at-hh-walker,First Order AT-HH Walker,https://www.starwars.com/films/star-wars-episode-viii-the-last-jedi,films,star-wars-episode-viii-the-last-jedi,Star Wars: The Last Jedi (Episode VIII)
Vehicles,616b2f7ae391a492a01ad05b,first-order-at-st-walker,First Order AT-ST Walker,https://www.starwars.com/films/star-wars-episode-viii-the-last-jedi,films,star-wars-episode-viii-the-last-jedi,Star Wars: The Last Jedi (Episode VIII)
Vehicles,616b2f777e01f492a01ad05b,first-order-light-shuttle,First Order Light Shuttle,https://www.starwars.com/films/star-wars-episode-viii-the-last-jedi,films,star-wars-episode-viii-the-last-jedi,Star Wars: The Last Jedi (Episode VIII)
Vehicles,616b2b78b172f492a01ad05b,first-order-special-forces-tie-fighter,First Order Special Forces TIE Fighter,https://www.starwars.com/films/star-wars-episode-vii-the-force-awakens,films,star-wars-episode-vii-the-force-awakens,Star Wars: The Force Awakens (Episode VII)
Vehicles,616b2fc434af6492a01ad05b,first-order-star-destroyer,First Order Star Destroyer,https://www.starwars.com/films/star-wars-episode-viii-the-last-jedi,films,star-wars-episode-viii-the-last-jedi,Star Wars: The Last Jedi (Episode VIII)
Vehicles,616b315fc2d06492a01ad05b,first-order-tie-echelon,First Order TIE echelon ,,,,
Vehicles,616b2b7a3a04f492a01ad05b,first-order-tie-fighter,First Order TIE Fighter,https://www.starwars.com/films/star-wars-episode-vii-the-force-awakens,films,star-wars-episode-vii-the-force-awakens,Star Wars: The Force Awakens (Episode VII)
Vehicles,616b2b7a3a04f492a01ad05b,first-order-tie-fighter,First Order TIE Fighter,https://www.starwars.com/films/star-wars-episode-viii-the-last-jedi,films,star-wars-episode-viii-the-last-jedi,Star Wars: The Last Jedi (Episode VIII)
Vehicles,616b2b75428e3492a01ad05b,first-order-transporter,First Order Transporter,https://www.starwars.com/films/star-wars-episode-vii-the-force-awakens,films,star-wars-episode-vii-the-force-awakens,Star Wars: The Force Awakens (Episode VII)
Vehicles,616b31d8d67c1492a01ad05b,first-order-treadspeeder,First Order treadspeeder,https://www.starwars.com/films/star-wars-episode-ix-the-rise-of-skywalker,films,star-wars-episode-ix-the-rise-of-skywalker,Star Wars: The Rise of Skywalker (Episode IX)
Vehicles,616b31e0b52d8492a01ad05b,first-order-treadspeeder-drivers,First Order treadspeeder drivers,https://www.starwars.com/films/star-wars-episode-ix-the-rise-of-skywalker,films,star-wars-episode-ix-the-rise-of-skywalker,Star Wars: The Rise of Skywalker (Episode IX)
Vehicles,616b24a98f755492a01ad05b,flash-speeder,Flash Speeder,https://www.starwars.com/films/star-wars-episode-i-the-phantom-menace,films,star-wars-episode-i-the-phantom-menace,Star Wars: The Phantom Menace (Episode I)
Vehicles,616b24a98f755492a01ad05b,flash-speeder,Flash Speeder,https://www.starwars.com/series/star-wars-the-clone-wars,series,star-wars-the-clone-wars,Star Wars: The Clone Wars
Vehicles,616b24a98f755492a01ad05b,flash-speeder,Flash Speeder,https://www.starwars.com/series/star-wars-rebels,series,star-wars-rebels,Star Wars Rebels
Vehicles,616b334f33ac0492a01ad05b,flight-pods,Flight pods,https://www.starwars.com/series/star-wars-the-bad-batch,series,star-wars-the-bad-batch,Star Wars: The Bad Batch
Vehicles,616b2c236f009492a01ad05b,fork-lift,Fork Lift,https://www.starwars.com/series/star-wars-rebels,series,star-wars-rebels,Star Wars Rebels
Vehicles,616b24af26cb7492a01ad05b,freeco-bike,Freeco Bike,https://www.starwars.com/series/star-wars-the-clone-wars,series,star-wars-the-clone-wars,Star Wars: The Clone Wars
Vehicles,616b30fb9ac33492a01ad05b,galaxy-s-glory,Galaxy's Glory,https://www.starwars.com/series/star-wars-resistance,series,star-wars-resistance,Star Wars Resistance
Vehicles,616b311686cc6492a01ad05b,galleon,Galleon,https://www.starwars.com/series/star-wars-resistance,series,star-wars-resistance,Star Wars Resistance
Vehicles,616b24b42ea92492a01ad05b,gauntlet-fighter,Gauntlet Fighter,https://www.starwars.com/series/star-wars-the-clone-wars,series,star-wars-the-clone-wars,Star Wars: The Clone Wars
Vehicles,616b24b5c7fbe492a01ad05b,general-grievous-speeder,General Grievous' Speeder,https://www.starwars.com/series/star-wars-the-clone-wars,series,star-wars-the-clone-wars,Star Wars: The Clone Wars
Vehicles,616b2a978510c492a01ad05b,general-grievous-tsmeu-6-wheel-bike,General Grievous’ TSMEU-6 Wheel Bike,https://www.starwars.com/films/star-wars-episode-iii-revenge-of-the-sith,films,star-wars-episode-iii-revenge-of-the-sith,Star Wars: Revenge of the Sith (Episode III)
Vehicles,616b2d1c8e0e2492a01ad05b,geonosian-fighter,Geonosian Fighter,https://www.starwars.com/films/star-wars-episode-ii-attack-of-the-clones,films,star-wars-episode-ii-attack-of-the-clones,Star Wars: Attack of the Clones (Episode II)
Vehicles,616b2d1c8e0e2492a01ad05b,geonosian-fighter,Geonosian Fighter,https://www.starwars.com/series/star-wars-the-clone-wars,series,star-wars-the-clone-wars,Star Wars: The Clone Wars
Vehicles,616b24bb803ff492a01ad05b,gian-speeder,Gian Speeder,https://www.starwars.com/films/star-wars-episode-i-the-phantom-menace,films,star-wars-episode-i-the-phantom-menace,Star Wars: The Phantom Menace (Episode I)
Vehicles,616b3359a44e4492a01ad05b,gobi-glie-s-starship,Gobi Glie's Starship,https://www.starwars.com/series/star-wars-the-bad-batch,series,star-wars-the-bad-batch,Star Wars: The Bad Batch
Vehicles,616b2ac5a1b34492a01ad05b,gr-75-medium-transport,GR-75 Medium Transport,https://www.starwars.com/films/star-wars-episode-v-the-empire-strikes-back,films,star-wars-episode-v-the-empire-strikes-back,Star Wars: The Empire Strikes Back (Episode V)
Vehicles,616b2ac5a1b34492a01ad05b,gr-75-medium-transport,GR-75 Medium Transport,https://www.starwars.com/films/star-wars-episode-vi-return-of-the-jedi,films,star-wars-episode-vi-return-of-the-jedi,Star Wars: Return of the Jedi (Episode VI)
Vehicles,616b30a2dba81492a01ad05b,green-ace,Green Ace,https://www.starwars.com/series/star-wars-resistance,series,star-wars-resistance,Star Wars Resistance
Vehicles,616b31a9007c8492a01ad05b,guavian-death-gang-ships,Guavian Death Gang ships,https://www.starwars.com/series/star-wars-resistance,series,star-wars-resistance,Star Wars Resistance
Vehicles,616b24bd29f5e492a01ad05b,gungan-bongo-submarine,Gungan Bongo Submarine,https://www.starwars.com/films/star-wars-episode-i-the-phantom-menace,films,star-wars-episode-i-the-phantom-menace,Star Wars: The Phantom Menace (Episode I)
Vehicles,616b24bd29f5e492a01ad05b,gungan-bongo-submarine,Gungan Bongo Submarine,https://www.starwars.com/series/star-wars-the-clone-wars,series,star-wars-the-clone-wars,Star Wars: The Clone Wars
Vehicles,616b2c2e312b9492a01ad05b,gx1-short-hauler,GX1 Short Hauler,https://www.starwars.com/series/star-wars-the-clone-wars,series,star-wars-the-clone-wars,Star Wars: The Clone Wars
Vehicles,616b2c2e312b9492a01ad05b,gx1-short-hauler,GX1 Short Hauler,https://www.starwars.com/series/star-wars-rebels,series,star-wars-rebels,Star Wars Rebels
Vehicles,616b2d3929f7d492a01ad05b,h-type-nubian-yacht,H-type Nubian yacht,https://www.starwars.com/films/star-wars-episode-ii-attack-of-the-clones,films,star-wars-episode-ii-attack-of-the-clones,Star Wars: Attack of the Clones (Episode II)
Vehicles,616b2d3929f7d492a01ad05b,h-type-nubian-yacht,H-type Nubian yacht,https://www.starwars.com/series/star-wars-the-clone-wars,series,star-wars-the-clone-wars,Star Wars: The Clone Wars
Vehicles,616b2d2c04201492a01ad05b,hammerhead-corvette,Hammerhead Corvette,https://www.starwars.com/films/rogue-one,films,rogue-one,Rogue One: A Star Wars Story
Vehicles,616b2d2c04201492a01ad05b,hammerhead-corvette,Hammerhead Corvette,https://www.starwars.com/series/star-wars-rebels,series,star-wars-rebels,Star Wars Rebels
Vehicles,616b2ff152c52492a01ad05b,han-solo-s-landspeeder,Han Solo's landspeeder,https://www.starwars.com/films/solo,films,solo,Solo: A Star Wars Story
Vehicles,616b24c0625ae492a01ad05b,hh-87-starhopper,HH-87 Starhopper,https://www.starwars.com/series/star-wars-the-clone-wars,series,star-wars-the-clone-wars,Star Wars: The Clone Wars
Vehicles,616b2bfca7164492a01ad05b,home-one,Home One,https://www.starwars.com/films/star-wars-episode-vi-return-of-the-jedi,films,star-wars-episode-vi-return-of-the-jedi,Star Wars: Return of the Jedi (Episode VI)
Vehicles,616b2bfca7164492a01ad05b,home-one,Home One,https://www.starwars.com/series/star-wars-ahsoka,series,star-wars-ahsoka,Ahsoka
Vehicles,616b24c919b24492a01ad05b,hound-s-tooth,Hound's Tooth,https://www.starwars.com/series/star-wars-the-clone-wars,series,star-wars-the-clone-wars,Star Wars: The Clone Wars
Vehicles,616b32e16a295492a01ad05b,imperial-assault-carrier,Imperial Assault Carrier,https://www.starwars.com/series/the-mandalorian,series,the-mandalorian,The Mandalorian
Vehicles,616b2d7c66c0e492a01ad05b,imperial-cargo-ship,Imperial Cargo Ship,https://www.starwars.com/series/star-wars-rebels,series,star-wars-rebels,Star Wars Rebels
Vehicles,616b296532bd3492a01ad05b,imperial-gozanti-class-cruiser,Imperial Gozanti-Class Cruiser,https://www.starwars.com/series/star-wars-rebels,series,star-wars-rebels,Star Wars Rebels
Vehicles,616b2c3f6461b492a01ad05b,imperial-interdictor,Imperial Interdictor,https://www.starwars.com/series/star-wars-rebels,series,star-wars-rebels,Star Wars Rebels
Vehicles,616b2a147d5d6492a01ad05b,imperial-light-cruiser,Imperial Light Cruiser,https://www.starwars.com/series/the-mandalorian,series,the-mandalorian,The Mandalorian
Vehicles,616b2a147d5d6492a01ad05b,imperial-light-cruiser,Imperial Light Cruiser,https://www.starwars.com/series/star-wars-rebels,series,star-wars-rebels,Star Wars Rebels
Vehicles,616b2ede1d5ad492a01ad05b,imperial-listener-ship,Imperial listener ship,https://www.starwars.com/series/star-wars-rebels,series,star-wars-rebels,Star Wars Rebels
Vehicles,616b30456bc7b492a01ad05b,imperial-patrol-speeder,Imperial patrol speeder,https://www.starwars.com/films/solo,films,solo,Solo: A Star Wars Story
Vehicles,616b2fabe419e492a01ad05b,imperial-planetary-occupation-facility-i-p-o-f,Imperial Planetary Occupation Facility (I.P.O.F.),https://www.starwars.com/series/star-wars-rebels,series,star-wars-rebels,Star Wars Rebels
Vehicles,616b2a02329a1492a01ad05b,imperial-sentinel-class-shuttle,Imperial Sentinel-Class Shuttle,https://www.starwars.com/series/star-wars-rebels,series,star-wars-rebels,Star Wars Rebels
Vehicles,616b24ccaf61e492a01ad05b,imperial-shuttle,Imperial Shuttle,https://www.starwars.com/films/star-wars-episode-v-the-empire-strikes-back,films,star-wars-episode-v-the-empire-strikes-back,Star Wars: The Empire Strikes Back (Episode V)
Vehicles,616b24ccaf61e492a01ad05b,imperial-shuttle,Imperial Shuttle,https://www.starwars.com/films/star-wars-episode-vi-return-of-the-jedi,films,star-wars-episode-vi-return-of-the-jedi,Star Wars: Return of the Jedi (Episode VI)
Vehicles,616b245082c47492a01ad05b,imperial-star-destroyer,Imperial Star Destroyer,https://www.starwars.com/films/star-wars-episode-iv-a-new-hope,films,star-wars-episode-iv-a-new-hope,Star Wars: A New Hope (Episode IV)
Vehicles,616b245082c47492a01ad05b,imperial-star-destroyer,Imperial Star Destroyer,https://www.starwars.com/films/rogue-one,films,rogue-one,Rogue One: A Star Wars Story
Vehicles,616b245082c47492a01ad05b,imperial-star-destroyer,Imperial Star Destroyer,https://www.starwars.com/films/star-wars-episode-v-the-empire-strikes-back,films,star-wars-episode-v-the-empire-strikes-back,Star Wars: The Empire Strikes Back (Episode V)
Vehicles,616b245082c47492a01ad05b,imperial-star-destroyer,Imperial Star Destroyer,https://www.starwars.com/films/star-wars-episode-vi-return-of-the-jedi,films,star-wars-episode-vi-return-of-the-jedi,Star Wars: Return of the Jedi (Episode VI)
Vehicles,616b245082c47492a01ad05b,imperial-star-destroyer,Imperial Star Destroyer,https://www.starwars.com/series/star-wars-rebels,series,star-wars-rebels,Star Wars Rebels
Vehicles,616b29996b834492a01ad05b,imperial-troop-transport-itt,Imperial Troop Transport (ITT),https://www.starwars.com/series/the-mandalorian,series,the-mandalorian,The Mandalorian
Vehicles,616b29996b834492a01ad05b,imperial-troop-transport-itt,Imperial Troop Transport (ITT),https://www.starwars.com/series/star-wars-rebels,series,star-wars-rebels,Star Wars Rebels
Vehicles,616b29e127e43492a01ad05b,inquisitor-s-tie-advanced-prototype,Inquisitor's TIE Advanced Prototype,https://www.starwars.com/series/star-wars-rebels,series,star-wars-rebels,Star Wars Rebels
Vehicles,61c83f1af90928517189b131,jedi-outland-speeder-bike,Jedi outland speeder bike,https://www.starwars.com/series/the-acolyte,series,the-acolyte,The Acolyte
Vehicles,616b24d29472b492a01ad05b,jedi-t-6-shuttle,Jedi T-6 Shuttle,https://www.starwars.com/series/star-wars-the-clone-wars,series,star-wars-the-clone-wars,Star Wars: The Clone Wars
Vehicles,619ff40bbcdb173837f1f177,jedi-vector,Jedi Vector,https://www.starwars.com/series/the-acolyte,series,the-acolyte,The Acolyte
Vehicles,616b2fad69f4c492a01ad05b,joopa-base,Joopa Base,https://www.starwars.com/series/star-wars-rebels,series,star-wars-rebels,Star Wars Rebels
Vehicles,616b32f6f234e492a01ad05b,juggernaut-transport-vehicle,Juggernaut Transport Vehicle,https://www.starwars.com/series/the-mandalorian,series,the-mandalorian,The Mandalorian
Vehicles,616b2a09ac701492a01ad05b,jumpspeeder,Jumpspeeder,https://www.starwars.com/series/star-wars-the-clone-wars,series,star-wars-the-clone-wars,Star Wars: The Clone Wars
Vehicles,616b2a09ac701492a01ad05b,jumpspeeder,Jumpspeeder,https://www.starwars.com/series/star-wars-rebels,series,star-wars-rebels,Star Wars Rebels
Vehicles,616b334bf8cc8492a01ad05b,justifier,Justifier,https://www.starwars.com/series/star-wars-the-bad-batch,series,star-wars-the-bad-batch,Star Wars: The Bad Batch
Vehicles,616b2a0ccbede492a01ad05b,kanan-s-speeder-bike,Kanan's Speeder Bike,https://www.starwars.com/series/star-wars-rebels,series,star-wars-rebels,Star Wars Rebels
Vehicles,616b315e1c330492a01ad05b,katooni-ship,Katooni (Ship),,,,
Vehicles,616b32d3b92cc492a01ad05b,keelboat,keelboat,https://www.starwars.com/series/the-mandalorian,series,the-mandalorian,The Mandalorian
Vehicles,616b339bdbd5c492a01ad05b,kintan-strider-speeder-bike,Kintan Strider speeder bike,https://www.starwars.com/series/the-book-of-boba-fett,series,the-book-of-boba-fett,The Book of Boba Fett
Vehicles,616b2e5acaf00492a01ad05b,krennic-s-imperial-shuttle,Krennic’s Imperial Shuttle,https://www.starwars.com/films/rogue-one,films,rogue-one,Rogue One: A Star Wars Story
Vehicles,616b2b733de37492a01ad05b,kylo-ren-s-command-shuttle,Kylo Ren's Command Shuttle,https://www.starwars.com/films/star-wars-episode-vii-the-force-awakens,films,star-wars-episode-vii-the-force-awakens,Star Wars: The Force Awakens (Episode VII)
Vehicles,616b31e3e7e82492a01ad05b,kylo-ren-s-modified-tie-whisper,Kylo Ren’s modified TIE whisper,https://www.starwars.com/films/star-wars-episode-ix-the-rise-of-skywalker,films,star-wars-episode-ix-the-rise-of-skywalker,Star Wars: The Rise of Skywalker (Episode IX)
Vehicles,616b2e71f1883492a01ad05b,last-chance,Last Chance,https://www.starwars.com/series/star-wars-rebels,series,star-wars-rebels,Star Wars Rebels
Vehicles,616b3511ffd1b492a01ad05b,leech-vessel,leech vessel,https://www.starwars.com/series/star-wars-the-bad-batch,series,star-wars-the-bad-batch,Star Wars: The Bad Batch
Vehicles,616b2f7f96953492a01ad05b,loth-bat-glider,Loth-bat glider,https://www.starwars.com/series/star-wars-rebels,series,star-wars-rebels,Star Wars Rebels
Vehicles,616b2973ed62e492a01ad05b,lothal-speeder-bike,Lothal Speeder Bike,https://www.starwars.com/series/star-wars-rebels,series,star-wars-rebels,Star Wars Rebels
Vehicles,616b24d9903e8492a01ad05b,luxury-3000-space-yacht,Luxury 3000 Space Yacht,https://www.starwars.com/series/star-wars-the-clone-wars,series,star-wars-the-clone-wars,Star Wars: The Clone Wars
Vehicles,616b24d9903e8492a01ad05b,luxury-3000-space-yacht,Luxury 3000 Space Yacht,https://www.starwars.com/series/star-wars-rebels,series,star-wars-rebels,Star Wars Rebels
Vehicles,616b2b0bb47af492a01ad05b,magnaguard-fighter,MagnaGuard Fighter,https://www.starwars.com/series/star-wars-the-clone-wars,series,star-wars-the-clone-wars,Star Wars: The Clone Wars
Vehicles,616b311e2bc53492a01ad05b,major-vonreg-s-tie-interceptor,Major Vonreg's TIE interceptor,https://www.starwars.com/series/star-wars-resistance,series,star-wars-resistance,Star Wars Resistance
Vehicles,616b24db3319d492a01ad05b,malevolence,Malevolence,https://www.starwars.com/series/star-wars-the-clone-wars,series,star-wars-the-clone-wars,Star Wars: The Clone Wars
Vehicles,616b326c4f3a7492a01ad05b,mandalorian-gauntlet-starfighter,Mandalorian Gauntlet starfighter,https://www.starwars.com/series/star-wars-the-clone-wars,series,star-wars-the-clone-wars,Star Wars: The Clone Wars
Vehicles,616b326c4f3a7492a01ad05b,mandalorian-gauntlet-starfighter,Mandalorian Gauntlet starfighter,https://www.starwars.com/series/the-mandalorian,series,the-mandalorian,The Mandalorian
Vehicles,616b330ccc8f6492a01ad05b,marauder,Marauder,https://www.starwars.com/series/star-wars-the-bad-batch,series,star-wars-the-bad-batch,Star Wars: The Bad Batch
Vehicles,616b330ccc8f6492a01ad05b,marauder,Marauder,https://www.starwars.com/series/star-wars-the-clone-wars,series,star-wars-the-clone-wars,Star Wars: The Clone Wars
Vehicles,616b3535e801c492a01ad05b,marrok-s-fiend-fighter,Marrok's Fiend fighter,https://www.starwars.com/series/star-wars-ahsoka,series,star-wars-ahsoka,Ahsoka
Vehicles,616b29f73ec01492a01ad05b,merchant-one,Merchant One,https://www.starwars.com/series/star-wars-rebels,series,star-wars-rebels,Star Wars Rebels
Vehicles,616b2dcadb4e5492a01ad05b,meson-martinet,Meson Martinet,https://www.starwars.com/films/star-wars-episode-vii-the-force-awakens,films,star-wars-episode-vii-the-force-awakens,Star Wars: The Force Awakens (Episode VII)
Vehicles,616b241cd43b3492a01ad05b,millennium-falcon,Millennium Falcon,https://www.starwars.com/films/star-wars-episode-vii-the-force-awakens,films,star-wars-episode-vii-the-force-awakens,Star Wars: The Force Awakens (Episode VII)
Vehicles,616b241cd43b3492a01ad05b,millennium-falcon,Millennium Falcon,https://www.starwars.com/films/star-wars-episode-iv-a-new-hope,films,star-wars-episode-iv-a-new-hope,Star Wars: A New Hope (Episode IV)
Vehicles,616b241cd43b3492a01ad05b,millennium-falcon,Millennium Falcon,https://www.starwars.com/films/star-wars-episode-v-the-empire-strikes-back,films,star-wars-episode-v-the-empire-strikes-back,Star Wars: The Empire Strikes Back (Episode V)
Vehicles,616b241cd43b3492a01ad05b,millennium-falcon,Millennium Falcon,https://www.starwars.com/films/star-wars-episode-vi-return-of-the-jedi,films,star-wars-episode-vi-return-of-the-jedi,Star Wars: Return of the Jedi (Episode VI)
Vehicles,616b241cd43b3492a01ad05b,millennium-falcon,Millennium Falcon,https://www.starwars.com/films/star-wars-episode-ix-the-rise-of-skywalker,films,star-wars-episode-ix-the-rise-of-skywalker,Star Wars: The Rise of Skywalker (Episode IX)
Vehicles,616b241cd43b3492a01ad05b,millennium-falcon,Millennium Falcon,https://www.starwars.com/films/star-wars-episode-viii-the-last-jedi,films,star-wars-episode-viii-the-last-jedi,Star Wars: The Last Jedi (Episode VIII)
Vehicles,616b241cd43b3492a01ad05b,millennium-falcon,Millennium Falcon,https://www.starwars.com/films/solo,films,solo,Solo: A Star Wars Story
Vehicles,616b241cd43b3492a01ad05b,millennium-falcon,Millennium Falcon,https://www.starwars.com/films/star-wars-episode-iii-revenge-of-the-sith,films,star-wars-episode-iii-revenge-of-the-sith,Star Wars: Revenge of the Sith (Episode III)
Vehicles,616b2fa4d8949492a01ad05b,mining-guild-excavation-driller,Mining Guild excavation driller,https://www.starwars.com/series/star-wars-rebels,series,star-wars-rebels,Star Wars Rebels
Vehicles,616b2d53f5901492a01ad05b,mining-guild-tie-fighter,Mining Guild TIE fighter,https://www.starwars.com/series/star-wars-rebels,series,star-wars-rebels,Star Wars Rebels
Vehicles,616b2f8da8098492a01ad05b,mobile-command-center,Mobile Command center,https://www.starwars.com/series/star-wars-rebels,series,star-wars-rebels,Star Wars Rebels
Vehicles,616b2c0974913492a01ad05b,modified-at-te-walker,Modified AT-TE Walker,https://www.starwars.com/series/star-wars-rebels,series,star-wars-rebels,Star Wars Rebels
Vehicles,616b24dce2329492a01ad05b,mon-calamari-star-cruiser,Mon Calamari Star Cruiser,https://www.starwars.com/films/star-wars-episode-vi-return-of-the-jedi,films,star-wars-episode-vi-return-of-the-jedi,Star Wars: Return of the Jedi (Episode VI)
Vehicles,616b24de940f2492a01ad05b,mtt,MTT,https://www.starwars.com/films/star-wars-episode-iii-revenge-of-the-sith,films,star-wars-episode-iii-revenge-of-the-sith,Star Wars: Revenge of the Sith (Episode III)
Vehicles,616b24de940f2492a01ad05b,mtt,MTT,https://www.starwars.com/films/star-wars-episode-i-the-phantom-menace,films,star-wars-episode-i-the-phantom-menace,Star Wars: The Phantom Menace (Episode I)
Vehicles,616b24de940f2492a01ad05b,mtt,MTT,https://www.starwars.com/series/star-wars-the-clone-wars,series,star-wars-the-clone-wars,Star Wars: The Clone Wars
Vehicles,616b24e03a09a492a01ad05b,naboo-n-1-starfighter,Naboo N-1 Starfighter,https://www.starwars.com/films/star-wars-episode-ii-attack-of-the-clones,films,star-wars-episode-ii-attack-of-the-clones,Star Wars: Attack of the Clones (Episode II)
Vehicles,616b24e03a09a492a01ad05b,naboo-n-1-starfighter,Naboo N-1 Starfighter,https://www.starwars.com/films/star-wars-episode-i-the-phantom-menace,films,star-wars-episode-i-the-phantom-menace,Star Wars: The Phantom Menace (Episode I)
Vehicles,616b24e03a09a492a01ad05b,naboo-n-1-starfighter,Naboo N-1 Starfighter,https://www.starwars.com/films/star-wars-episode-vi-return-of-the-jedi,films,star-wars-episode-vi-return-of-the-jedi,Star Wars: Return of the Jedi (Episode VI)
Vehicles,616b24e03a09a492a01ad05b,naboo-n-1-starfighter,Naboo N-1 Starfighter,https://www.starwars.com/series/the-mandalorian,series,the-mandalorian,The Mandalorian
Vehicles,616b24e03a09a492a01ad05b,naboo-n-1-starfighter,Naboo N-1 Starfighter,https://www.starwars.com/series/the-book-of-boba-fett,series,the-book-of-boba-fett,The Book of Boba Fett
Vehicles,616b24e03a09a492a01ad05b,naboo-n-1-starfighter,Naboo N-1 Starfighter,https://www.starwars.com/series/star-wars-the-clone-wars,series,star-wars-the-clone-wars,Star Wars: The Clone Wars
Vehicles,616b2d7487ee4492a01ad05b,naboo-royal-cruiser,Naboo Royal Cruiser,https://www.starwars.com/films/star-wars-episode-ii-attack-of-the-clones,films,star-wars-episode-ii-attack-of-the-clones,Star Wars: Attack of the Clones (Episode II)
Vehicles,616b2d7487ee4492a01ad05b,naboo-royal-cruiser,Naboo Royal Cruiser,https://www.starwars.com/series/star-wars-the-clone-wars,series,star-wars-the-clone-wars,Star Wars: The Clone Wars
Vehicles,616b24e282702492a01ad05b,naboo-royal-starship,Naboo Royal Starship,https://www.starwars.com/films/star-wars-episode-i-the-phantom-menace,films,star-wars-episode-i-the-phantom-menace,Star Wars: The Phantom Menace (Episode I)
Vehicles,616b2d311e665492a01ad05b,nebulon-b-frigate,Nebulon-B Frigate,https://www.starwars.com/films/star-wars-episode-v-the-empire-strikes-back,films,star-wars-episode-v-the-empire-strikes-back,Star Wars: The Empire Strikes Back (Episode V)
Vehicles,616b2d311e665492a01ad05b,nebulon-b-frigate,Nebulon-B Frigate,https://www.starwars.com/films/star-wars-episode-vi-return-of-the-jedi,films,star-wars-episode-vi-return-of-the-jedi,Star Wars: Return of the Jedi (Episode VI)
Vehicles,616b24e42e82b492a01ad05b,neimoidian-escort-shuttle,Neimoidian Escort Shuttle,https://www.starwars.com/films/star-wars-episode-iii-revenge-of-the-sith,films,star-wars-episode-iii-revenge-of-the-sith,Star Wars: Revenge of the Sith (Episode III)
Vehicles,616b24e42e82b492a01ad05b,neimoidian-escort-shuttle,Neimoidian Escort Shuttle,https://www.starwars.com/films/star-wars-episode-ii-attack-of-the-clones,films,star-wars-episode-ii-attack-of-the-clones,Star Wars: Attack of the Clones (Episode II)
Vehicles,616b24e42e82b492a01ad05b,neimoidian-escort-shuttle,Neimoidian Escort Shuttle,https://www.starwars.com/films/star-wars-episode-i-the-phantom-menace,films,star-wars-episode-i-the-phantom-menace,Star Wars: The Phantom Menace (Episode I)
Vehicles,616b24e42e82b492a01ad05b,neimoidian-escort-shuttle,Neimoidian Escort Shuttle,https://www.starwars.com/series/star-wars-the-clone-wars,series,star-wars-the-clone-wars,Star Wars: The Clone Wars
Vehicles,616b32cde95fa492a01ad05b,new-republic-prison-ship,New Republic prison ship,https://www.starwars.com/series/the-mandalorian,series,the-mandalorian,The Mandalorian
Vehicles,616b33b774447492a01ad05b,new-republic-x-wings,New Republic X-wings,https://www.starwars.com/series/the-book-of-boba-fett,series,the-book-of-boba-fett,The Book of Boba Fett
Vehicles,616b33b774447492a01ad05b,new-republic-x-wings,New Republic X-wings,https://www.starwars.com/series/star-wars-ahsoka,series,star-wars-ahsoka,Ahsoka
Vehicles,616b3231745e7492a01ad05b,night-buzzard,Night Buzzard,https://www.starwars.com/films/star-wars-episode-ix-the-rise-of-skywalker,films,star-wars-episode-ix-the-rise-of-skywalker,Star Wars: The Rise of Skywalker (Episode IX)
Vehicles,616b2f1d3b586492a01ad05b,ore-crawler,Ore Crawler,https://www.starwars.com/series/star-wars-rebels,series,star-wars-rebels,Star Wars Rebels
Vehicles,616b335b2b336492a01ad05b,orn-free-taa-s-shuttle,Orn Free Taa's Shuttle,https://www.starwars.com/series/star-wars-the-bad-batch,series,star-wars-the-bad-batch,Star Wars: The Bad Batch
Vehicles,616b32cb75962492a01ad05b,outer-rim-speeder-bike,Outer Rim speeder bike,https://www.starwars.com/series/the-mandalorian,series,the-mandalorian,The Mandalorian
Vehicles,616b37d07cff7492a01ad05b,pabu-skiff,Pabu skiff,https://www.starwars.com/series/star-wars-the-bad-batch,series,star-wars-the-bad-batch,Star Wars: The Bad Batch
Vehicles,619ff40e39357e20354a6a69,palwick-prison-ship,Palwick prison ship,https://www.starwars.com/series/the-acolyte,series,the-acolyte,The Acolyte
Vehicles,616b31ddae9fa492a01ad05b,pasaana-loader-skimmer,Pasaana loader skimmer,https://www.starwars.com/films/star-wars-episode-ix-the-rise-of-skywalker,films,star-wars-episode-ix-the-rise-of-skywalker,Star Wars: The Rise of Skywalker (Episode IX)
Vehicles,616b31da9b078492a01ad05b,pasaana-transport-skimmer,Pasaana transport skimmer,https://www.starwars.com/films/star-wars-episode-ix-the-rise-of-skywalker,films,star-wars-episode-ix-the-rise-of-skywalker,Star Wars: The Rise of Skywalker (Episode IX)
Vehicles,616b24f84da9b492a01ad05b,patrol-transport,Patrol Transport,https://www.starwars.com/series/star-wars-the-clone-wars,series,star-wars-the-clone-wars,Star Wars: The Clone Wars
Vehicles,616b24f84da9b492a01ad05b,patrol-transport,Patrol Transport,https://www.starwars.com/series/star-wars-rebels,series,star-wars-rebels,Star Wars Rebels
Vehicles,616b2e41324bb492a01ad05b,phantom-ii,Phantom II,https://www.starwars.com/series/star-wars-rebels,series,star-wars-rebels,Star Wars Rebels
Vehicles,616b2e41324bb492a01ad05b,phantom-ii,Phantom II,https://www.starwars.com/series/star-wars-ahsoka,series,star-wars-ahsoka,Ahsoka
Vehicles,616b24e5df8c8492a01ad05b,phoenix,Phoenix,https://www.starwars.com/series/star-wars-the-clone-wars,series,star-wars-the-clone-wars,Star Wars: The Clone Wars
Vehicles,616b2ad779910492a01ad05b,phoenix-home-rebel-capital-ship,Phoenix Home (Rebel Capital Ship),https://www.starwars.com/series/star-wars-rebels,series,star-wars-rebels,Star Wars Rebels
Vehicles,616b24e77b36d492a01ad05b,pirate-saucer-mothership,Pirate Saucer Mothership,https://www.starwars.com/series/star-wars-the-clone-wars,series,star-wars-the-clone-wars,Star Wars: The Clone Wars
Vehicles,616b24e8f401b492a01ad05b,pirate-speeder-tank,Pirate Speeder Tank,https://www.starwars.com/series/star-wars-the-clone-wars,series,star-wars-the-clone-wars,Star Wars: The Clone Wars
Vehicles,616b24eae8a44492a01ad05b,podracer,Podracer,https://www.starwars.com/films/star-wars-episode-i-the-phantom-menace,films,star-wars-episode-i-the-phantom-menace,Star Wars: The Phantom Menace (Episode I)
Vehicles,616b31b716c72492a01ad05b,poe-dameron-s-x-wing-fighter,Poe Dameron’s X-wing fighter,https://www.starwars.com/films/star-wars-episode-ix-the-rise-of-skywalker,films,star-wars-episode-ix-the-rise-of-skywalker,Star Wars: The Rise of Skywalker (Episode IX)
Vehicles,6177f6219eccba2ab3ca541c,polan,Polan,https://www.starwars.com/series/the-acolyte,series,the-acolyte,The Acolyte
Vehicles,616b383a5fcfb492a01ad05b,providence,Providence,https://www.starwars.com/series/star-wars-the-bad-batch,series,star-wars-the-bad-batch,Star Wars: The Bad Batch
Vehicles,616b2dbf8e4bb492a01ad05b,quadjumper,Quadjumper,https://www.starwars.com/films/star-wars-episode-vii-the-force-awakens,films,star-wars-episode-vii-the-force-awakens,Star Wars: The Force Awakens (Episode VII)
Vehicles,616b2d6792ced492a01ad05b,quasar-fire-class-cruiser-carrier,Quasar Fire-class cruiser-carrier,https://www.starwars.com/series/star-wars-rebels,series,star-wars-rebels,Star Wars Rebels
Vehicles,616b30a772992492a01ad05b,red-ace,Red Ace,https://www.starwars.com/series/star-wars-resistance,series,star-wars-resistance,Star Wars Resistance
Vehicles,616b24ef62b2c492a01ad05b,republic-attack-cruiser,Republic Attack Cruiser,https://www.starwars.com/films/star-wars-episode-iii-revenge-of-the-sith,films,star-wars-episode-iii-revenge-of-the-sith,Star Wars: Revenge of the Sith (Episode III)
Vehicles,616b24ef62b2c492a01ad05b,republic-attack-cruiser,Republic Attack Cruiser,https://www.starwars.com/series/star-wars-the-clone-wars,series,star-wars-the-clone-wars,Star Wars: The Clone Wars
Vehicles,616b24f14624b492a01ad05b,republic-attack-gunship,Republic Attack Gunship,https://www.starwars.com/films/star-wars-episode-ii-attack-of-the-clones,films,star-wars-episode-ii-attack-of-the-clones,Star Wars: Attack of the Clones (Episode II)
Vehicles,616b24f14624b492a01ad05b,republic-attack-gunship,Republic Attack Gunship,https://www.starwars.com/films/star-wars-episode-iii-revenge-of-the-sith,films,star-wars-episode-iii-revenge-of-the-sith,Star Wars: Revenge of the Sith (Episode III)
Vehicles,616b24f14624b492a01ad05b,republic-attack-gunship,Republic Attack Gunship,https://www.starwars.com/series/star-wars-the-clone-wars,series,star-wars-the-clone-wars,Star Wars: The Clone Wars
Vehicles,616b24f14624b492a01ad05b,republic-attack-gunship,Republic Attack Gunship,https://www.starwars.com/series/star-wars-the-bad-batch,series,star-wars-the-bad-batch,Star Wars: The Bad Batch
Vehicles,616b24f367b70492a01ad05b,republic-attack-shuttle,Republic Attack Shuttle,https://www.starwars.com/series/star-wars-the-clone-wars,series,star-wars-the-clone-wars,Star Wars: The Clone Wars
Vehicles,616b24f367b70492a01ad05b,republic-attack-shuttle,Republic Attack Shuttle,https://www.starwars.com/series/star-wars-rebels,series,star-wars-rebels,Star Wars Rebels
Vehicles,616b24f5113a9492a01ad05b,republic-cruiser,Republic Cruiser,https://www.starwars.com/films/star-wars-episode-i-the-phantom-menace,films,star-wars-episode-i-the-phantom-menace,Star Wars: The Phantom Menace (Episode I)
Vehicles,616b24f6b9f85492a01ad05b,republic-frigate,Republic Frigate,https://www.starwars.com/series/star-wars-the-clone-wars,series,star-wars-the-clone-wars,Star Wars: The Clone Wars
Vehicles,616b24f9f1c84492a01ad05b,republic-tugboat,Republic Tugboat,https://www.starwars.com/series/star-wars-the-clone-wars,series,star-wars-the-clone-wars,Star Wars: The Clone Wars
Vehicles,616b2ef33d64e492a01ad05b,resistance-bomber,Resistance bomber,https://www.starwars.com/films/star-wars-episode-viii-the-last-jedi,films,star-wars-episode-viii-the-last-jedi,Star Wars: The Last Jedi (Episode VIII)
Vehicles,616b32d9d4c7d492a01ad05b,resistance-intersystem-transport-ship-i-ts,Resistance Intersystem Transport Ship (I-TS),,,,
Vehicles,616b2eea8a554492a01ad05b,resistance-ski-speeder,Resistance ski speeder,https://www.starwars.com/films/star-wars-episode-viii-the-last-jedi,films,star-wars-episode-viii-the-last-jedi,Star Wars: The Last Jedi (Episode VIII)
Vehicles,616b2f5fb76d4492a01ad05b,resistance-transport,Resistance Transport,https://www.starwars.com/films/star-wars-episode-viii-the-last-jedi,films,star-wars-episode-viii-the-last-jedi,Star Wars: The Last Jedi (Episode VIII)
Vehicles,616b2f51ceb7d492a01ad05b,resistance-transport-pod,Resistance Transport Pod,https://www.starwars.com/films/star-wars-episode-viii-the-last-jedi,films,star-wars-episode-viii-the-last-jedi,Star Wars: The Last Jedi (Episode VIII)
Vehicles,616b2b7bcf73b492a01ad05b,resistance-x-wing,Resistance X-Wing,https://www.starwars.com/films/star-wars-episode-vii-the-force-awakens,films,star-wars-episode-vii-the-force-awakens,Star Wars: The Force Awakens (Episode VII)
Vehicles,616b2b7bcf73b492a01ad05b,resistance-x-wing,Resistance X-Wing,https://www.starwars.com/films/star-wars-episode-viii-the-last-jedi,films,star-wars-episode-viii-the-last-jedi,Star Wars: The Last Jedi (Episode VIII)
Vehicles,616b31df317db492a01ad05b,resistance-y-wing-starfighter,Resistance Y-wing starfighter,https://www.starwars.com/films/star-wars-episode-ix-the-rise-of-skywalker,films,star-wars-episode-ix-the-rise-of-skywalker,Star Wars: The Rise of Skywalker (Episode IX)
Vehicles,616b2b76fa7a3492a01ad05b,rey-s-speeder,Rey's Speeder,https://www.starwars.com/films/star-wars-episode-vii-the-force-awakens,films,star-wars-episode-vii-the-force-awakens,Star Wars: The Force Awakens (Episode VII)
Vehicles,616b29a4ecb05492a01ad05b,rgc-landspeeder,RGC Landspeeder,https://www.starwars.com/series/star-wars-rebels,series,star-wars-rebels,Star Wars Rebels
Vehicles,616b3453998a3492a01ad05b,rono-freighter,Rono freighter,,,,
Vehicles,616b30c94bbab492a01ad05b,rucklin-s-racer,Rucklin's racer,https://www.starwars.com/series/star-wars-resistance,series,star-wars-resistance,Star Wars Resistance
Vehicles,616b24fb80009492a01ad05b,sandcrawler,Sandcrawler,https://www.starwars.com/films/star-wars-episode-ii-attack-of-the-clones,films,star-wars-episode-ii-attack-of-the-clones,Star Wars: Attack of the Clones (Episode II)
Vehicles,616b24fb80009492a01ad05b,sandcrawler,Sandcrawler,https://www.starwars.com/films/star-wars-episode-i-the-phantom-menace,films,star-wars-episode-i-the-phantom-menace,Star Wars: The Phantom Menace (Episode I)
Vehicles,616b24fb80009492a01ad05b,sandcrawler,Sandcrawler,https://www.starwars.com/films/star-wars-episode-iv-a-new-hope,films,star-wars-episode-iv-a-new-hope,Star Wars: A New Hope (Episode IV)
Vehicles,616b24fb80009492a01ad05b,sandcrawler,Sandcrawler,https://www.starwars.com/series/the-book-of-boba-fett,series,the-book-of-boba-fett,The Book of Boba Fett
Vehicles,616b2e5291fdc492a01ad05b,sato-s-hammer,Sato's Hammer,https://www.starwars.com/series/star-wars-rebels,series,star-wars-rebels,Star Wars Rebels
Vehicles,616b3411f7d63492a01ad05b,scythe,Scythe,,,,
Vehicles,616b320602bef492a01ad05b,sea-skiff,sea skiff,https://www.starwars.com/films/star-wars-episode-ix-the-rise-of-skywalker,films,star-wars-episode-ix-the-rise-of-skywalker,Star Wars: The Rise of Skywalker (Episode IX)
Vehicles,616b25012075c492a01ad05b,sebulba-s-podracer,Sebulba's Podracer,https://www.starwars.com/films/star-wars-episode-i-the-phantom-menace,films,star-wars-episode-i-the-phantom-menace,Star Wars: The Phantom Menace (Episode I)
Vehicles,616b250340c0b492a01ad05b,separatist-dreadnought,Separatist Dreadnought,https://www.starwars.com/series/star-wars-the-clone-wars,series,star-wars-the-clone-wars,Star Wars: The Clone Wars
Vehicles,616b250698394492a01ad05b,separatist-supply-ship,Separatist Supply Ship,https://www.starwars.com/series/star-wars-the-clone-wars,series,star-wars-the-clone-wars,Star Wars: The Clone Wars
Vehicles,616b2c2fbcc2e492a01ad05b,shadow-caster,Shadow Caster,https://www.starwars.com/series/star-wars-rebels,series,star-wars-rebels,Star Wars Rebels
Vehicles,616b2e42d2cef492a01ad05b,sheathipede-class-shuttle,Sheathipede-class Shuttle,https://www.starwars.com/series/star-wars-rebels,series,star-wars-rebels,Star Wars Rebels
Vehicles,616b353e1a2c1492a01ad05b,shin-hati-s-fiend-fighter,Shin Hati's Fiend fighter,https://www.starwars.com/series/star-wars-ahsoka,series,star-wars-ahsoka,Ahsoka
Vehicles,616b32f305b7a492a01ad05b,shydopp-pirate-skiff,Shydopp Pirate Skiff,https://www.starwars.com/series/the-mandalorian,series,the-mandalorian,The Mandalorian
Vehicles,616b250847677492a01ad05b,sith-infiltrator,Sith Infiltrator,https://www.starwars.com/films/star-wars-episode-i-the-phantom-menace,films,star-wars-episode-i-the-phantom-menace,Star Wars: The Phantom Menace (Episode I)
Vehicles,616b2509ecddd492a01ad05b,sith-speeder,Sith Speeder,https://www.starwars.com/films/star-wars-episode-i-the-phantom-menace,films,star-wars-episode-i-the-phantom-menace,Star Wars: The Phantom Menace (Episode I)
Vehicles,616b320793c51492a01ad05b,sith-star-destroyer,Sith Star Destroyer,https://www.starwars.com/films/star-wars-episode-ix-the-rise-of-skywalker,films,star-wars-episode-ix-the-rise-of-skywalker,Star Wars: The Rise of Skywalker (Episode IX)
Vehicles,616b24115db6d492a01ad05b,snowspeeder,Snowspeeder,https://www.starwars.com/films/star-wars-episode-v-the-empire-strikes-back,films,star-wars-episode-v-the-empire-strikes-back,Star Wars: The Empire Strikes Back (Episode V)
Vehicles,616b24b7ca587492a01ad05b,solar-sailer,Solar Sailer,https://www.starwars.com/films/star-wars-episode-ii-attack-of-the-clones,films,star-wars-episode-ii-attack-of-the-clones,Star Wars: Attack of the Clones (Episode II)
Vehicles,616b24b7ca587492a01ad05b,solar-sailer,Solar Sailer,https://www.starwars.com/series/star-wars-the-clone-wars,series,star-wars-the-clone-wars,Star Wars: The Clone Wars
Vehicles,616b25112ce16492a01ad05b,soulless-one,Soulless One,https://www.starwars.com/films/star-wars-episode-iii-revenge-of-the-sith,films,star-wars-episode-iii-revenge-of-the-sith,Star Wars: Revenge of the Sith (Episode III)
Vehicles,616b25112ce16492a01ad05b,soulless-one,Soulless One,https://www.starwars.com/series/star-wars-the-clone-wars,series,star-wars-the-clone-wars,Star Wars: The Clone Wars
Vehicles,616b2512c1247492a01ad05b,speeder-bike,Speeder Bike,https://www.starwars.com/films/star-wars-episode-ii-attack-of-the-clones,films,star-wars-episode-ii-attack-of-the-clones,Star Wars: Attack of the Clones (Episode II)
Vehicles,616b2512c1247492a01ad05b,speeder-bike,Speeder Bike,https://www.starwars.com/films/star-wars-episode-vi-return-of-the-jedi,films,star-wars-episode-vi-return-of-the-jedi,Star Wars: Return of the Jedi (Episode VI)
Vehicles,616b2512c1247492a01ad05b,speeder-bike,Speeder Bike,https://www.starwars.com/series/the-book-of-boba-fett,series,the-book-of-boba-fett,The Book of Boba Fett
Vehicles,616b2512c1247492a01ad05b,speeder-bike,Speeder Bike,https://www.starwars.com/series/star-wars-the-clone-wars,series,star-wars-the-clone-wars,Star Wars: The Clone Wars
Vehicles,616b2512c1247492a01ad05b,speeder-bike,Speeder Bike,https://www.starwars.com/series/star-wars-rebels,series,star-wars-rebels,Star Wars Rebels
Vehicles,616b2512c1247492a01ad05b,speeder-bike,Speeder Bike,https://www.starwars.com/series/the-mandalorian,series,the-mandalorian,The Mandalorian
Vehicles,616b251858cf4492a01ad05b,stap,STAP,https://www.starwars.com/films/star-wars-episode-i-the-phantom-menace,films,star-wars-episode-i-the-phantom-menace,Star Wars: The Phantom Menace (Episode I)
Vehicles,616b251858cf4492a01ad05b,stap,STAP,https://www.starwars.com/series/star-wars-the-clone-wars,series,star-wars-the-clone-wars,Star Wars: The Clone Wars
Vehicles,616b2983a77f2492a01ad05b,star-commuter-shuttle,Star Commuter Shuttle,https://www.starwars.com/series/star-wars-rebels,series,star-wars-rebels,Star Wars Rebels
Vehicles,616b251a18b53492a01ad05b,stealth-ship,Stealth Ship,https://www.starwars.com/series/star-wars-the-clone-wars,series,star-wars-the-clone-wars,Star Wars: The Clone Wars
Vehicles,616b316a3acc7492a01ad05b,stinger-mantis,Stinger Mantis,,,,
Vehicles,616b251bc6154492a01ad05b,subtram,Subtram,https://www.starwars.com/series/star-wars-the-clone-wars,series,star-wars-the-clone-wars,Star Wars: The Clone Wars
Vehicles,616b251d87032492a01ad05b,super-star-destroyer,Super Star Destroyer,https://www.starwars.com/films/star-wars-episode-v-the-empire-strikes-back,films,star-wars-episode-v-the-empire-strikes-back,Star Wars: The Empire Strikes Back (Episode V)
Vehicles,616b251d87032492a01ad05b,super-star-destroyer,Super Star Destroyer,https://www.starwars.com/films/star-wars-episode-vi-return-of-the-jedi,films,star-wars-episode-vi-return-of-the-jedi,Star Wars: Return of the Jedi (Episode VI)
Vehicles,616b251fb9505492a01ad05b,swoop,Swoop,https://www.starwars.com/films/star-wars-episode-ii-attack-of-the-clones,films,star-wars-episode-ii-attack-of-the-clones,Star Wars: Attack of the Clones (Episode II)
Vehicles,616b251fb9505492a01ad05b,swoop,Swoop,https://www.starwars.com/films/solo,films,solo,Solo: A Star Wars Story
Vehicles,616b251fb9505492a01ad05b,swoop,Swoop,https://www.starwars.com/films/star-wars-episode-iv-a-new-hope,films,star-wars-episode-iv-a-new-hope,Star Wars: A New Hope (Episode IV)
Vehicles,616b251fb9505492a01ad05b,swoop,Swoop,https://www.starwars.com/series/star-wars-the-clone-wars,series,star-wars-the-clone-wars,Star Wars: The Clone Wars
Vehicles,616b310b7b46c492a01ad05b,synara-s-salvaging-skiff,Synara's salvaging skiff,https://www.starwars.com/series/star-wars-resistance,series,star-wars-resistance,Star Wars Resistance
Vehicles,616b25214beab492a01ad05b,t-16-skyhopper,T-16 Skyhopper,https://www.starwars.com/films/star-wars-episode-iv-a-new-hope,films,star-wars-episode-iv-a-new-hope,Star Wars: A New Hope (Episode IV)
Vehicles,616b25214beab492a01ad05b,t-16-skyhopper,T-16 Skyhopper,https://www.starwars.com/series/obi-wan-kenobi,series,obi-wan-kenobi,Obi-Wan Kenobi
Vehicles,616b33f85db14492a01ad05b,t-47-airspeeder,T-47 airspeeder ,,,,
Vehicles,616b30bc7ef92492a01ad05b,t-85-x-wing,T-85 X-wing,https://www.starwars.com/series/star-wars-resistance,series,star-wars-resistance,Star Wars Resistance
Vehicles,616b2e82e8ef2492a01ad05b,tactical-infiltration-pod,Tactical Infiltration Pod,https://www.starwars.com/series/star-wars-rebels,series,star-wars-rebels,Star Wars Rebels
Vehicles,616b2522db7b1492a01ad05b,tantive-iv,Tantive IV,https://www.starwars.com/films/star-wars-episode-ix-the-rise-of-skywalker,films,star-wars-episode-ix-the-rise-of-skywalker,Star Wars: The Rise of Skywalker (Episode IX)
Vehicles,616b2522db7b1492a01ad05b,tantive-iv,Tantive IV,https://www.starwars.com/films/star-wars-episode-iv-a-new-hope,films,star-wars-episode-iv-a-new-hope,Star Wars: A New Hope (Episode IV)
Vehicles,616b2522db7b1492a01ad05b,tantive-iv,Tantive IV,https://www.starwars.com/films/rogue-one,films,rogue-one,Rogue One: A Star Wars Story
Vehicles,616b2522db7b1492a01ad05b,tantive-iv,Tantive IV,https://www.starwars.com/series/star-wars-the-clone-wars,series,star-wars-the-clone-wars,Star Wars: The Clone Wars
Vehicles,616b2522db7b1492a01ad05b,tantive-iv,Tantive IV,https://www.starwars.com/series/star-wars-rebels,series,star-wars-rebels,Star Wars Rebels
Vehicles,616b3394302ab492a01ad05b,tatooine-repulsor-train,Tatooine repulsor train,https://www.starwars.com/series/the-book-of-boba-fett,series,the-book-of-boba-fett,The Book of Boba Fett
Vehicles,616b2c8a2ce41492a01ad05b,taylander-shuttle,Taylander shuttle,https://www.starwars.com/films/star-wars-episode-ii-attack-of-the-clones,films,star-wars-episode-ii-attack-of-the-clones,Star Wars: Attack of the Clones (Episode II)
Vehicles,616b2c8a2ce41492a01ad05b,taylander-shuttle,Taylander shuttle,https://www.starwars.com/series/star-wars-the-clone-wars,series,star-wars-the-clone-wars,Star Wars: The Clone Wars
Vehicles,616b2c8a2ce41492a01ad05b,taylander-shuttle,Taylander shuttle,https://www.starwars.com/series/star-wars-rebels,series,star-wars-rebels,Star Wars Rebels
Vehicles,616b2f88fc24a492a01ad05b,the-anodyne,The Anodyne,https://www.starwars.com/films/star-wars-episode-viii-the-last-jedi,films,star-wars-episode-viii-the-last-jedi,Star Wars: The Last Jedi (Episode VIII)
Vehicles,616b362eb7e1d492a01ad05b,the-dawnbringer,The Dawnbringer,https://www.starwars.com/series/star-wars-ahsoka,series,star-wars-ahsoka,Ahsoka
Vehicles,616b2dadaa41f492a01ad05b,the-eravana,The Eravana,https://www.starwars.com/films/star-wars-episode-vii-the-force-awakens,films,star-wars-episode-vii-the-force-awakens,Star Wars: The Force Awakens (Episode VII)
Vehicles,616b35575c41b492a01ad05b,the-eye-of-sion,The Eye of Sion,https://www.starwars.com/series/star-wars-ahsoka,series,star-wars-ahsoka,Ahsoka
Vehicles,616b2ef4cabdc492a01ad05b,the-fulminatrix,The Fulminatrix,https://www.starwars.com/films/star-wars-episode-viii-the-last-jedi,films,star-wars-episode-viii-the-last-jedi,Star Wars: The Last Jedi (Episode VIII)
Vehicles,616b298e42c2c492a01ad05b,the-ghost,The Ghost,https://www.starwars.com/films/rogue-one,films,rogue-one,Rogue One: A Star Wars Story
Vehicles,616b298e42c2c492a01ad05b,the-ghost,The Ghost,https://www.starwars.com/series/star-wars-rebels,series,star-wars-rebels,Star Wars Rebels
Vehicles,616b298e42c2c492a01ad05b,the-ghost,The Ghost,https://www.starwars.com/series/star-wars-ahsoka,series,star-wars-ahsoka,Ahsoka
Vehicles,616b34fd66989492a01ad05b,the-hazard-s-boat,The Hazard's boat,https://www.starwars.com/series/star-wars-the-bad-batch,series,star-wars-the-bad-batch,Star Wars: The Bad Batch
Vehicles,616b2c8135dc5492a01ad05b,the-liberator,The Liberator,https://www.starwars.com/series/star-wars-rebels,series,star-wars-rebels,Star Wars Rebels
Vehicles,616b2f68e0237492a01ad05b,the-libertine,The Libertine,https://www.starwars.com/films/star-wars-episode-viii-the-last-jedi,films,star-wars-episode-viii-the-last-jedi,Star Wars: The Last Jedi (Episode VIII)
Vehicles,616b2e2a7e6c2492a01ad05b,the-nightbrother,The Nightbrother,https://www.starwars.com/series/star-wars-rebels,series,star-wars-rebels,Star Wars Rebels
Vehicles,616b2f9553fb2492a01ad05b,the-ninka,The Ninka,https://www.starwars.com/films/star-wars-episode-viii-the-last-jedi,films,star-wars-episode-viii-the-last-jedi,Star Wars: The Last Jedi (Episode VIII)
Vehicles,616b378fbaee0492a01ad05b,the-outcast,The Outcast,https://www.starwars.com/series/star-wars-the-bad-batch,series,star-wars-the-bad-batch,Star Wars: The Bad Batch
Vehicles,616b32798f4a9492a01ad05b,the-overseer,The Overseer,,,,
Vehicles,616b29b8f8bfb492a01ad05b,the-phantom,The Phantom,https://www.starwars.com/series/star-wars-rebels,series,star-wars-rebels,Star Wars Rebels
Vehicles,616b2eaa09e6b492a01ad05b,the-profundity,The Profundity,https://www.starwars.com/films/rogue-one,films,rogue-one,Rogue One: A Star Wars Story
Vehicles,616b2f858da78492a01ad05b,the-raddus,The Raddus,https://www.starwars.com/films/star-wars-episode-viii-the-last-jedi,films,star-wars-episode-viii-the-last-jedi,Star Wars: The Last Jedi (Episode VIII)
Vehicles,616b3257b46da492a01ad05b,the-silver-angel,The Silver Angel,https://www.starwars.com/series/star-wars-the-clone-wars,series,star-wars-the-clone-wars,Star Wars: The Clone Wars
Vehicles,616b3257b46da492a01ad05b,the-silver-angel,The Silver Angel,https://www.starwars.com/series/star-wars-the-bad-batch,series,star-wars-the-bad-batch,Star Wars: The Bad Batch
Vehicles,616b327aaf2f3492a01ad05b,the-starhawk,the Starhawk,,,,
Vehicles,616b2f5e2e9bb492a01ad05b,the-supremacy,The Supremacy,https://www.starwars.com/films/star-wars-episode-viii-the-last-jedi,films,star-wars-episode-viii-the-last-jedi,Star Wars: The Last Jedi (Episode VIII)
Vehicles,616b32786033d492a01ad05b,the-temperance,The Temperance ,,,,
Vehicles,616b2ff5743ed492a01ad05b,the-vigil,The Vigil,https://www.starwars.com/films/star-wars-episode-viii-the-last-jedi,films,star-wars-episode-viii-the-last-jedi,Star Wars: The Last Jedi (Episode VIII)
Vehicles,616b329bb91ac492a01ad05b,the-windfall, The Windfall,,,,
Vehicles,616b2aba23f3f492a01ad05b,tie-bomber,TIE Bomber,https://www.starwars.com/films/star-wars-episode-vi-return-of-the-jedi,films,star-wars-episode-vi-return-of-the-jedi,Star Wars: Return of the Jedi (Episode VI)
Vehicles,616b2aba23f3f492a01ad05b,tie-bomber,TIE Bomber,https://www.starwars.com/films/star-wars-episode-v-the-empire-strikes-back,films,star-wars-episode-v-the-empire-strikes-back,Star Wars: The Empire Strikes Back (Episode V)
Vehicles,616b2aba23f3f492a01ad05b,tie-bomber,TIE Bomber,https://www.starwars.com/series/the-book-of-boba-fett,series,the-book-of-boba-fett,The Book of Boba Fett
Vehicles,616b2aba23f3f492a01ad05b,tie-bomber,TIE Bomber,https://www.starwars.com/series/star-wars-rebels,series,star-wars-rebels,Star Wars Rebels
Vehicles,616b2fef80faf492a01ad05b,tie-brute,TIE Brute,https://www.starwars.com/films/solo,films,solo,Solo: A Star Wars Story
Vehicles,616b31e25f609492a01ad05b,tie-dagger,TIE dagger,https://www.starwars.com/films/star-wars-episode-ix-the-rise-of-skywalker,films,star-wars-episode-ix-the-rise-of-skywalker,Star Wars: The Rise of Skywalker (Episode IX)
Vehicles,616b2ed80170b492a01ad05b,tie-defender,TIE defender,https://www.starwars.com/series/star-wars-rebels,series,star-wars-rebels,Star Wars Rebels
Vehicles,616b2f11197e9492a01ad05b,tie-defender-elite,TIE defender elite,https://www.starwars.com/series/star-wars-rebels,series,star-wars-rebels,Star Wars Rebels
Vehicles,616b246e8f60e492a01ad05b,tie-fighter,TIE Fighter,https://www.starwars.com/films/star-wars-episode-iv-a-new-hope,films,star-wars-episode-iv-a-new-hope,Star Wars: A New Hope (Episode IV)
Vehicles,616b246e8f60e492a01ad05b,tie-fighter,TIE Fighter,https://www.starwars.com/films/rogue-one,films,rogue-one,Rogue One: A Star Wars Story
Vehicles,616b246e8f60e492a01ad05b,tie-fighter,TIE Fighter,https://www.starwars.com/films/star-wars-episode-v-the-empire-strikes-back,films,star-wars-episode-v-the-empire-strikes-back,Star Wars: The Empire Strikes Back (Episode V)
Vehicles,616b246e8f60e492a01ad05b,tie-fighter,TIE Fighter,https://www.starwars.com/films/star-wars-episode-vi-return-of-the-jedi,films,star-wars-episode-vi-return-of-the-jedi,Star Wars: Return of the Jedi (Episode VI)
Vehicles,616b246e8f60e492a01ad05b,tie-fighter,TIE Fighter,https://www.starwars.com/series/obi-wan-kenobi,series,obi-wan-kenobi,Obi-Wan Kenobi
Vehicles,616b246e8f60e492a01ad05b,tie-fighter,TIE Fighter,https://www.starwars.com/series/star-wars-rebels,series,star-wars-rebels,Star Wars Rebels
Vehicles,616b2b10d90ef492a01ad05b,tie-interceptor,TIE Interceptor,https://www.starwars.com/films/star-wars-episode-vi-return-of-the-jedi,films,star-wars-episode-vi-return-of-the-jedi,Star Wars: Return of the Jedi (Episode VI)
Vehicles,616b2b10d90ef492a01ad05b,tie-interceptor,TIE Interceptor,https://www.starwars.com/series/star-wars-rebels,series,star-wars-rebels,Star Wars Rebels
Vehicles,616b2ee47eeec492a01ad05b,tie-silencer,TIE silencer,https://www.starwars.com/films/star-wars-episode-viii-the-last-jedi,films,star-wars-episode-viii-the-last-jedi,Star Wars: The Last Jedi (Episode VIII)
Vehicles,616b2e62a8583492a01ad05b,tie-striker,TIE striker,https://www.starwars.com/films/rogue-one,films,rogue-one,Rogue One: A Star Wars Story
Vehicles,616b252aa2591492a01ad05b,trade-federation-battleship,Trade Federation Battleship,https://www.starwars.com/films/star-wars-episode-iii-revenge-of-the-sith,films,star-wars-episode-iii-revenge-of-the-sith,Star Wars: Revenge of the Sith (Episode III)
Vehicles,616b252aa2591492a01ad05b,trade-federation-battleship,Trade Federation Battleship,https://www.starwars.com/films/star-wars-episode-ii-attack-of-the-clones,films,star-wars-episode-ii-attack-of-the-clones,Star Wars: Attack of the Clones (Episode II)
Vehicles,616b252aa2591492a01ad05b,trade-federation-battleship,Trade Federation Battleship,https://www.starwars.com/films/star-wars-episode-i-the-phantom-menace,films,star-wars-episode-i-the-phantom-menace,Star Wars: The Phantom Menace (Episode I)
Vehicles,616b252aa2591492a01ad05b,trade-federation-battleship,Trade Federation Battleship,https://www.starwars.com/series/star-wars-the-clone-wars,series,star-wars-the-clone-wars,Star Wars: The Clone Wars
Vehicles,616b252ca620e492a01ad05b,trade-federation-landing-ship,Trade Federation Landing Ship,https://www.starwars.com/films/star-wars-episode-iii-revenge-of-the-sith,films,star-wars-episode-iii-revenge-of-the-sith,Star Wars: Revenge of the Sith (Episode III)
Vehicles,616b252ca620e492a01ad05b,trade-federation-landing-ship,Trade Federation Landing Ship,https://www.starwars.com/films/star-wars-episode-i-the-phantom-menace,films,star-wars-episode-i-the-phantom-menace,Star Wars: The Phantom Menace (Episode I)
Vehicles,616b252ca620e492a01ad05b,trade-federation-landing-ship,Trade Federation Landing Ship,https://www.starwars.com/series/star-wars-the-clone-wars,series,star-wars-the-clone-wars,Star Wars: The Clone Wars
Vehicles,616b326945175492a01ad05b,trandoshan-skiff,Trandoshan skiff,https://www.starwars.com/series/star-wars-the-clone-wars,series,star-wars-the-clone-wars,Star Wars: The Clone Wars
Vehicles,616b323489661492a01ad05b,treadable,treadable,https://www.starwars.com/films/star-wars-episode-ix-the-rise-of-skywalker,films,star-wars-episode-ix-the-rise-of-skywalker,Star Wars: The Rise of Skywalker (Episode IX)
Vehicles,616b32e2b0186492a01ad05b,trexler-marauder,Trexler Marauder,https://www.starwars.com/series/the-mandalorian,series,the-mandalorian,The Mandalorian
Vehicles,616b252e8cc18492a01ad05b,trident-drill-assault-craft,Trident Drill Assault Craft,https://www.starwars.com/series/star-wars-the-clone-wars,series,star-wars-the-clone-wars,Star Wars: The Clone Wars
Vehicles,616b301d556a7492a01ad05b,truckspeeder,truckspeeder,https://www.starwars.com/films/solo,films,solo,Solo: A Star Wars Story
Vehicles,616b3152c2fa0492a01ad05b,tuggs-grub-sienar-chall-utilipede-transport,Tuggs’ Grub Sienar-Chall Utilipede Transport,,,,
Vehicles,616b25302f7b0492a01ad05b,turtle-tanker,Turtle Tanker,https://www.starwars.com/series/star-wars-the-clone-wars,series,star-wars-the-clone-wars,Star Wars: The Clone Wars
Vehicles,616b2531cbdb6492a01ad05b,twilight,Twilight,https://www.starwars.com/series/star-wars-the-clone-wars,series,star-wars-the-clone-wars,Star Wars: The Clone Wars
Vehicles,616b2df930990492a01ad05b,u-wing,U-wing,https://www.starwars.com/films/rogue-one,films,rogue-one,Rogue One: A Star Wars Story
Vehicles,616b323938d1b492a01ad05b,ua-tt-walker,UA-TT Walker,https://www.starwars.com/films/star-wars-episode-ix-the-rise-of-skywalker,films,star-wars-episode-ix-the-rise-of-skywalker,Star Wars: The Rise of Skywalker (Episode IX)
Vehicles,616b253363d2b492a01ad05b,umbaran-crawler-tank,Umbaran Crawler Tank,https://www.starwars.com/series/star-wars-the-clone-wars,series,star-wars-the-clone-wars,Star Wars: The Clone Wars
Vehicles,616b2534ecfca492a01ad05b,umbaran-hover-tank,Umbaran Hover Tank,https://www.starwars.com/series/star-wars-the-clone-wars,series,star-wars-the-clone-wars,Star Wars: The Clone Wars
Vehicles,616b2538200ec492a01ad05b,umbaran-starfighter,Umbaran Starfighter,https://www.starwars.com/series/star-wars-the-clone-wars,series,star-wars-the-clone-wars,Star Wars: The Clone Wars
Vehicles,616b2539ca5e4492a01ad05b,v-19-torrent,V-19 Torrent,https://www.starwars.com/series/star-wars-the-clone-wars,series,star-wars-the-clone-wars,Star Wars: The Clone Wars
Vehicles,616b29d4cba78492a01ad05b,v-35-landspeeder,V-35 Landspeeder,https://www.starwars.com/series/star-wars-rebels,series,star-wars-rebels,Star Wars Rebels
Vehicles,616b2b1dba78c492a01ad05b,v-wing-fighter,V-wing Fighter,https://www.starwars.com/films/star-wars-episode-iii-revenge-of-the-sith,films,star-wars-episode-iii-revenge-of-the-sith,Star Wars: Revenge of the Sith (Episode III)
Vehicles,616b33699db83492a01ad05b,venator-class-star-destroyer,Venator-class Star Destroyer,https://www.starwars.com/series/star-wars-the-bad-batch,series,star-wars-the-bad-batch,Star Wars: The Bad Batch
Vehicles,616b37bfb9804492a01ad05b,ventress-ship,Ventress' ship,https://www.starwars.com/series/star-wars-the-bad-batch,series,star-wars-the-bad-batch,Star Wars: The Bad Batch
Vehicles,616b35c432f73492a01ad05b,vesper,Vesper,https://www.starwars.com/series/star-wars-ahsoka,series,star-wars-ahsoka,Ahsoka
Vehicles,616b2d1005f77492a01ad05b,wookiee-catamaran,Wookiee Catamaran,https://www.starwars.com/films/star-wars-episode-iii-revenge-of-the-sith,films,star-wars-episode-iii-revenge-of-the-sith,Star Wars: Revenge of the Sith (Episode III)
Vehicles,616b2a5db28e4492a01ad05b,x-34-landspeeder,X-34 Landspeeder,https://www.starwars.com/films/star-wars-episode-iv-a-new-hope,films,star-wars-episode-iv-a-new-hope,Star Wars: A New Hope (Episode IV)
Vehicles,616b2468266a5492a01ad05b,x-wing-starfighter,X-wing Starfighter,https://www.starwars.com/films/star-wars-episode-vi-return-of-the-jedi,films,star-wars-episode-vi-return-of-the-jedi,Star Wars: Return of the Jedi (Episode VI)
Vehicles,616b2468266a5492a01ad05b,x-wing-starfighter,X-wing Starfighter,https://www.starwars.com/films/star-wars-episode-ix-the-rise-of-skywalker,films,star-wars-episode-ix-the-rise-of-skywalker,Star Wars: The Rise of Skywalker (Episode IX)
Vehicles,616b2468266a5492a01ad05b,x-wing-starfighter,X-wing Starfighter,https://www.starwars.com/films/star-wars-episode-iv-a-new-hope,films,star-wars-episode-iv-a-new-hope,Star Wars: A New Hope (Episode IV)
Vehicles,616b2468266a5492a01ad05b,x-wing-starfighter,X-wing Starfighter,https://www.starwars.com/films/star-wars-episode-v-the-empire-strikes-back,films,star-wars-episode-v-the-empire-strikes-back,Star Wars: The Empire Strikes Back (Episode V)
Vehicles,616b2468266a5492a01ad05b,x-wing-starfighter,X-wing Starfighter,https://www.starwars.com/films/rogue-one,films,rogue-one,Rogue One: A Star Wars Story
Vehicles,616b2468266a5492a01ad05b,x-wing-starfighter,X-wing Starfighter,https://www.starwars.com/series/the-mandalorian,series,the-mandalorian,The Mandalorian
Vehicles,616b2468266a5492a01ad05b,x-wing-starfighter,X-wing Starfighter,https://www.starwars.com/series/the-book-of-boba-fett,series,the-book-of-boba-fett,The Book of Boba Fett
Vehicles,616b2468266a5492a01ad05b,x-wing-starfighter,X-wing Starfighter,https://www.starwars.com/series/star-wars-rebels,series,star-wars-rebels,Star Wars Rebels
Vehicles,616b2df7300bd492a01ad05b,xj-6-airspeeder,XJ-6 Airspeeder,https://www.starwars.com/films/star-wars-episode-ii-attack-of-the-clones,films,star-wars-episode-ii-attack-of-the-clones,Star Wars: Attack of the Clones (Episode II)
Vehicles,616b2476d0044492a01ad05b,y-wing-starfighter,Y-wing Starfighter,https://www.starwars.com/films/star-wars-episode-iv-a-new-hope,films,star-wars-episode-iv-a-new-hope,Star Wars: A New Hope (Episode IV)
Vehicles,616b2476d0044492a01ad05b,y-wing-starfighter,Y-wing Starfighter,https://www.starwars.com/films/star-wars-episode-v-the-empire-strikes-back,films,star-wars-episode-v-the-empire-strikes-back,Star Wars: The Empire Strikes Back (Episode V)
Vehicles,616b2476d0044492a01ad05b,y-wing-starfighter,Y-wing Starfighter,https://www.starwars.com/films/star-wars-episode-vi-return-of-the-jedi,films,star-wars-episode-vi-return-of-the-jedi,Star Wars: Return of the Jedi (Episode VI)
Vehicles,616b2476d0044492a01ad05b,y-wing-starfighter,Y-wing Starfighter,https://www.starwars.com/series/star-wars-the-clone-wars,series,star-wars-the-clone-wars,Star Wars: The Clone Wars
Vehicles,616b2476d0044492a01ad05b,y-wing-starfighter,Y-wing Starfighter,https://www.starwars.com/series/star-wars-rebels,series,star-wars-rebels,Star Wars Rebels
Vehicles,616b30fa1a5c2492a01ad05b,yeager-s-hoverlift,Yeager's hoverlift,https://www.starwars.com/series/star-wars-resistance,series,star-wars-resistance,Star Wars Resistance
Vehicles,616b30fd12b5a492a01ad05b,yeager-s-ship,Yeager's ship,https://www.starwars.com/series/star-wars-resistance,series,star-wars-resistance,Star Wars Resistance
Vehicles,616b30a5e4ffe492a01ad05b,yellow-ace,Yellow Ace,https://www.starwars.com/series/star-wars-resistance,series,star-wars-resistance,Star Wars Resistance
Vehicles,616b2a306ed28492a01ad05b,yoda-s-fighter,Yoda's Fighter,https://www.starwars.com/series/star-wars-the-clone-wars,series,star-wars-the-clone-wars,Star Wars: The Clone Wars
Vehicles,616b2eaba9ef1492a01ad05b,zeta-class-imperial-shuttle,Zeta-class Imperial Shuttle,https://www.starwars.com/films/rogue-one,films,rogue-one,Rogue One: A Star Wars Story
Vehicles,616b253d002e4492a01ad05b,zygerrian-slave-ship,Zygerrian Slave Ship,https://www.starwars.com/series/star-wars-the-clone-wars,series,star-wars-the-clone-wars,Star Wars: The Clone Wars
Weapons+Tech,616b331647c41492a01ad05b,773-firepuncher-rifle,773 Firepuncher rifle,https://www.starwars.com/series/star-wars-the-bad-batch,series,star-wars-the-bad-batch,Star Wars: The Bad Batch
Weapons+Tech,616b2c7c6c996492a01ad05b,a280-blaster-rifle,A280 Blaster Rifle,https://www.starwars.com/films/star-wars-episode-v-the-empire-strikes-back,films,star-wars-episode-v-the-empire-strikes-back,Star Wars: The Empire Strikes Back (Episode V)
Weapons+Tech,616b2c7c6c996492a01ad05b,a280-blaster-rifle,A280 Blaster Rifle,https://www.starwars.com/films/star-wars-episode-vi-return-of-the-jedi,films,star-wars-episode-vi-return-of-the-jedi,Star Wars: Return of the Jedi (Episode VI)
Weapons+Tech,616b30486a3a6492a01ad05b,a300-blaster-rifle,A300 blaster rifle,https://www.starwars.com/films/rogue-one,films,rogue-one,Rogue One: A Star Wars Story
Weapons+Tech,616b30486a3a6492a01ad05b,a300-blaster-rifle,A300 blaster rifle,https://www.starwars.com/films/solo,films,solo,Solo: A Star Wars Story
Weapons+Tech,616b2d3aaf43e492a01ad05b,ahsoka-s-lightsabers,Ahsoka's lightsabers,https://www.starwars.com/series/star-wars-the-clone-wars,series,star-wars-the-clone-wars,Star Wars: The Clone Wars
Weapons+Tech,616b2d3aaf43e492a01ad05b,ahsoka-s-lightsabers,Ahsoka's lightsabers,https://www.starwars.com/series/star-wars-rebels,series,star-wars-rebels,Star Wars Rebels
Weapons+Tech,616b2d3aaf43e492a01ad05b,ahsoka-s-lightsabers,Ahsoka's lightsabers,https://www.starwars.com/series/star-wars-ahsoka,series,star-wars-ahsoka,Ahsoka
Weapons+Tech,616b32b888f43492a01ad05b,amban-sniper-rifle,Amban Sniper Rifle,https://www.starwars.com/series/the-mandalorian,series,the-mandalorian,The Mandalorian
Weapons+Tech,616b2f2346791492a01ad05b,anti-air-turbolaser-tower,Anti-air turbolaser tower,https://www.starwars.com/series/star-wars-rebels,series,star-wars-rebels,Star Wars Rebels
Weapons+Tech,616b323f7e6c5492a01ad05b,ap-lek-s-vibro-ax,Ap’lek’s vibro-ax,https://www.starwars.com/films/star-wars-episode-vii-the-force-awakens,films,star-wars-episode-vii-the-force-awakens,Star Wars: The Force Awakens (Episode VII)
Weapons+Tech,616b323f7e6c5492a01ad05b,ap-lek-s-vibro-ax,Ap’lek’s vibro-ax,https://www.starwars.com/films/star-wars-episode-ix-the-rise-of-skywalker,films,star-wars-episode-ix-the-rise-of-skywalker,Star Wars: The Rise of Skywalker (Episode IX)
Weapons+Tech,616b35d49aee5492a01ad05b,arcana-star-map,Arcana Star Map,https://www.starwars.com/series/star-wars-ahsoka,series,star-wars-ahsoka,Ahsoka
Weapons+Tech,616b32b2da8af492a01ad05b,armorer-s-equipment,Armorer's equipment,https://www.starwars.com/series/the-book-of-boba-fett,series,the-book-of-boba-fett,The Book of Boba Fett
Weapons+Tech,616b32b2da8af492a01ad05b,armorer-s-equipment,Armorer's equipment,https://www.starwars.com/series/the-mandalorian,series,the-mandalorian,The Mandalorian
Weapons+Tech,616b2d6faba14492a01ad05b,asajj-ventress-s-lightsabers,Asajj Ventress's lightsabers,https://www.starwars.com/series/star-wars-the-clone-wars,series,star-wars-the-clone-wars,Star Wars: The Clone Wars
Weapons+Tech,616b35035a1c7492a01ad05b,at-ac-walker,AT-AC walker,https://www.starwars.com/series/star-wars-the-bad-batch,series,star-wars-the-bad-batch,Star Wars: The Bad Batch
Weapons+Tech,616b2f87772a0492a01ad05b,bacta-suit,Bacta Suit,https://www.starwars.com/films/star-wars-episode-viii-the-last-jedi,films,star-wars-episode-viii-the-last-jedi,Star Wars: The Last Jedi (Episode VIII)
Weapons+Tech,616b2b3a96eea492a01ad05b,bacta-tank,Bacta Tank,https://www.starwars.com/films/star-wars-episode-v-the-empire-strikes-back,films,star-wars-episode-v-the-empire-strikes-back,Star Wars: The Empire Strikes Back (Episode V)
Weapons+Tech,616b2b3a96eea492a01ad05b,bacta-tank,Bacta Tank,https://www.starwars.com/series/the-book-of-boba-fett,series,the-book-of-boba-fett,The Book of Boba Fett
Weapons+Tech,616b2b3a96eea492a01ad05b,bacta-tank,Bacta Tank,https://www.starwars.com/series/obi-wan-kenobi,series,obi-wan-kenobi,Obi-Wan Kenobi
Weapons+Tech,616b2b3a96eea492a01ad05b,bacta-tank,Bacta Tank,https://www.starwars.com/series/star-wars-the-clone-wars,series,star-wars-the-clone-wars,Star Wars: The Clone Wars
Weapons+Tech,616b2d691827b492a01ad05b,bahryn-meteorite,Bahryn Meteorite,https://www.starwars.com/series/star-wars-rebels,series,star-wars-rebels,Star Wars Rebels
Weapons+Tech,616b304fea8d9492a01ad05b,baradium-bomb,baradium bomb,https://www.starwars.com/films/solo,films,solo,Solo: A Star Wars Story
Weapons+Tech,616b2f8a8ee26492a01ad05b,battering-ram-cannon,Battering Ram Cannon,https://www.starwars.com/films/star-wars-episode-viii-the-last-jedi,films,star-wars-episode-viii-the-last-jedi,Star Wars: The Last Jedi (Episode VIII)
Weapons+Tech,616b2ec828238492a01ad05b,baze-malbus-mwc-35c-repeating-cannon,Baze Malbus' MWC-35c Repeating Cannon,https://www.starwars.com/films/rogue-one,films,rogue-one,Rogue One: A Star Wars Story
Weapons+Tech,616b33f4a828c492a01ad05b,ben-kenobi-s-secret-lightsaber-box,Ben Kenobi’s secret lightsaber box ,,,,
Weapons+Tech,616b33ae0866d492a01ad05b,beskar-spear,Beskar spear,https://www.starwars.com/series/the-book-of-boba-fett,series,the-book-of-boba-fett,The Book of Boba Fett
Weapons+Tech,616b33ae0866d492a01ad05b,beskar-spear,Beskar spear,https://www.starwars.com/series/the-mandalorian,series,the-mandalorian,The Mandalorian
Weapons+Tech,616b3210f8654492a01ad05b,blade-of-ochi-of-bestoon,Blade of Ochi of Bestoon ,https://www.starwars.com/films/star-wars-episode-ix-the-rise-of-skywalker,films,star-wars-episode-ix-the-rise-of-skywalker,Star Wars: The Rise of Skywalker (Episode IX)
Weapons+Tech,616b2e9d5ef12492a01ad05b,blastech-a280-cfe,BlasTech A280-CFE,https://www.starwars.com/films/rogue-one,films,rogue-one,Rogue One: A Star Wars Story
Weapons+Tech,616b248d5c79b492a01ad05b,blaster-pistol,Blaster Pistol,https://www.starwars.com/films/star-wars-episode-i-the-phantom-menace,films,star-wars-episode-i-the-phantom-menace,Star Wars: The Phantom Menace (Episode I)
Weapons+Tech,616b248d5c79b492a01ad05b,blaster-pistol,Blaster Pistol,https://www.starwars.com/films/star-wars-episode-v-the-empire-strikes-back,films,star-wars-episode-v-the-empire-strikes-back,Star Wars: The Empire Strikes Back (Episode V)
Weapons+Tech,616b248d5c79b492a01ad05b,blaster-pistol,Blaster Pistol,https://www.starwars.com/films/star-wars-episode-vii-the-force-awakens,films,star-wars-episode-vii-the-force-awakens,Star Wars: The Force Awakens (Episode VII)
Weapons+Tech,616b248d5c79b492a01ad05b,blaster-pistol,Blaster Pistol,https://www.starwars.com/films/star-wars-episode-ii-attack-of-the-clones,films,star-wars-episode-ii-attack-of-the-clones,Star Wars: Attack of the Clones (Episode II)
Weapons+Tech,616b248d5c79b492a01ad05b,blaster-pistol,Blaster Pistol,https://www.starwars.com/films/star-wars-episode-vi-return-of-the-jedi,films,star-wars-episode-vi-return-of-the-jedi,Star Wars: Return of the Jedi (Episode VI)
Weapons+Tech,616b248d5c79b492a01ad05b,blaster-pistol,Blaster Pistol,https://www.starwars.com/films/star-wars-episode-iv-a-new-hope,films,star-wars-episode-iv-a-new-hope,Star Wars: A New Hope (Episode IV)
Weapons+Tech,616b248d5c79b492a01ad05b,blaster-pistol,Blaster Pistol,https://www.starwars.com/films/star-wars-episode-iii-revenge-of-the-sith,films,star-wars-episode-iii-revenge-of-the-sith,Star Wars: Revenge of the Sith (Episode III)
Weapons+Tech,616b248d5c79b492a01ad05b,blaster-pistol,Blaster Pistol,https://www.starwars.com/series/star-wars-the-clone-wars,series,star-wars-the-clone-wars,Star Wars: The Clone Wars
Weapons+Tech,616b248d5c79b492a01ad05b,blaster-pistol,Blaster Pistol,https://www.starwars.com/series/star-wars-rebels,series,star-wars-rebels,Star Wars Rebels
Weapons+Tech,616b248f3161d492a01ad05b,blaster-rifle,Blaster Rifle,https://www.starwars.com/films/star-wars-episode-i-the-phantom-menace,films,star-wars-episode-i-the-phantom-menace,Star Wars: The Phantom Menace (Episode I)
Weapons+Tech,616b248f3161d492a01ad05b,blaster-rifle,Blaster Rifle,https://www.starwars.com/films/star-wars-episode-v-the-empire-strikes-back,films,star-wars-episode-v-the-empire-strikes-back,Star Wars: The Empire Strikes Back (Episode V)
Weapons+Tech,616b248f3161d492a01ad05b,blaster-rifle,Blaster Rifle,https://www.starwars.com/films/star-wars-episode-vii-the-force-awakens,films,star-wars-episode-vii-the-force-awakens,Star Wars: The Force Awakens (Episode VII)
Weapons+Tech,616b248f3161d492a01ad05b,blaster-rifle,Blaster Rifle,https://www.starwars.com/films/star-wars-episode-ii-attack-of-the-clones,films,star-wars-episode-ii-attack-of-the-clones,Star Wars: Attack of the Clones (Episode II)
Weapons+Tech,616b248f3161d492a01ad05b,blaster-rifle,Blaster Rifle,https://www.starwars.com/films/star-wars-episode-vi-return-of-the-jedi,films,star-wars-episode-vi-return-of-the-jedi,Star Wars: Return of the Jedi (Episode VI)
Weapons+Tech,616b248f3161d492a01ad05b,blaster-rifle,Blaster Rifle,https://www.starwars.com/films/star-wars-episode-iv-a-new-hope,films,star-wars-episode-iv-a-new-hope,Star Wars: A New Hope (Episode IV)
Weapons+Tech,616b248f3161d492a01ad05b,blaster-rifle,Blaster Rifle,https://www.starwars.com/films/star-wars-episode-iii-revenge-of-the-sith,films,star-wars-episode-iii-revenge-of-the-sith,Star Wars: Revenge of the Sith (Episode III)
Weapons+Tech,616b248f3161d492a01ad05b,blaster-rifle,Blaster Rifle,https://www.starwars.com/series/star-wars-the-clone-wars,series,star-wars-the-clone-wars,Star Wars: The Clone Wars
Weapons+Tech,616b248f3161d492a01ad05b,blaster-rifle,Blaster Rifle,https://www.starwars.com/series/star-wars-rebels,series,star-wars-rebels,Star Wars Rebels
Weapons+Tech,616b2490ff7dc492a01ad05b,blue-shadow-virus,Blue Shadow Virus,https://www.starwars.com/series/star-wars-the-clone-wars,series,star-wars-the-clone-wars,Star Wars: The Clone Wars
Weapons+Tech,616b362679e25492a01ad05b,bokken-sabers,Bokken sabers,https://www.starwars.com/series/star-wars-ahsoka,series,star-wars-ahsoka,Ahsoka
Weapons+Tech,616b249295971492a01ad05b,bowcaster,Bowcaster,https://www.starwars.com/films/star-wars-episode-iv-a-new-hope,films,star-wars-episode-iv-a-new-hope,Star Wars: A New Hope (Episode IV)
Weapons+Tech,616b249295971492a01ad05b,bowcaster,Bowcaster,https://www.starwars.com/films/star-wars-episode-v-the-empire-strikes-back,films,star-wars-episode-v-the-empire-strikes-back,Star Wars: The Empire Strikes Back (Episode V)
Weapons+Tech,616b249295971492a01ad05b,bowcaster,Bowcaster,https://www.starwars.com/films/star-wars-episode-iii-revenge-of-the-sith,films,star-wars-episode-iii-revenge-of-the-sith,Star Wars: Revenge of the Sith (Episode III)
Weapons+Tech,616b249295971492a01ad05b,bowcaster,Bowcaster,https://www.starwars.com/films/star-wars-episode-vii-the-force-awakens,films,star-wars-episode-vii-the-force-awakens,Star Wars: The Force Awakens (Episode VII)
Weapons+Tech,616b249295971492a01ad05b,bowcaster,Bowcaster,https://www.starwars.com/films/star-wars-episode-vi-return-of-the-jedi,films,star-wars-episode-vi-return-of-the-jedi,Star Wars: Return of the Jedi (Episode VI)
Weapons+Tech,616b249295971492a01ad05b,bowcaster,Bowcaster,https://www.starwars.com/series/star-wars-the-clone-wars,series,star-wars-the-clone-wars,Star Wars: The Clone Wars
Weapons+Tech,616b32bd83abf492a01ad05b,camtono-case,camtono case,https://www.starwars.com/series/the-book-of-boba-fett,series,the-book-of-boba-fett,The Book of Boba Fett
Weapons+Tech,616b32bd83abf492a01ad05b,camtono-case,camtono case,https://www.starwars.com/series/the-mandalorian,series,the-mandalorian,The Mandalorian
Weapons+Tech,616b2f4a41742492a01ad05b,captain-phasma-s-baton,Captain Phasma's Baton,https://www.starwars.com/films/star-wars-episode-viii-the-last-jedi,films,star-wars-episode-viii-the-last-jedi,Star Wars: The Last Jedi (Episode VIII)
Weapons+Tech,616b2da47feea492a01ad05b,captain-phasma-s-blaster-rifle,Captain Phasma's Blaster Rifle ,https://www.starwars.com/films/star-wars-episode-vii-the-force-awakens,films,star-wars-episode-vii-the-force-awakens,Star Wars: The Force Awakens (Episode VII)
Weapons+Tech,616b2b437afc7492a01ad05b,carbon-freezing,Carbon-freezing,https://www.starwars.com/films/star-wars-episode-vi-return-of-the-jedi,films,star-wars-episode-vi-return-of-the-jedi,Star Wars: Return of the Jedi (Episode VI)
Weapons+Tech,616b2b437afc7492a01ad05b,carbon-freezing,Carbon-freezing,https://www.starwars.com/films/star-wars-episode-v-the-empire-strikes-back,films,star-wars-episode-v-the-empire-strikes-back,Star Wars: The Empire Strikes Back (Episode V)
Weapons+Tech,616b2b437afc7492a01ad05b,carbon-freezing,Carbon-freezing,https://www.starwars.com/series/star-wars-the-clone-wars,series,star-wars-the-clone-wars,Star Wars: The Clone Wars
Weapons+Tech,616b32414dfd9492a01ad05b,cardo-s-arm-cannon,Cardo’s arm cannon,https://www.starwars.com/films/star-wars-episode-vii-the-force-awakens,films,star-wars-episode-vii-the-force-awakens,Star Wars: The Force Awakens (Episode VII)
Weapons+Tech,616b32414dfd9492a01ad05b,cardo-s-arm-cannon,Cardo’s arm cannon,https://www.starwars.com/films/star-wars-episode-ix-the-rise-of-skywalker,films,star-wars-episode-ix-the-rise-of-skywalker,Star Wars: The Rise of Skywalker (Episode IX)
Weapons+Tech,616b33278a0ce492a01ad05b,chain-code,Chain Code,https://www.starwars.com/series/star-wars-the-bad-batch,series,star-wars-the-bad-batch,Star Wars: The Bad Batch
Weapons+Tech,616b2ea1e7bf6492a01ad05b,chirrut-imwe-s-lightbow,Chirrut Îmwe's Lightbow,https://www.starwars.com/films/rogue-one,films,rogue-one,Rogue One: A Star Wars Story
Weapons+Tech,616b2ec6aa61c492a01ad05b,chirrut-imwe-s-staff,Chirrut Îmwe's Staff,https://www.starwars.com/films/rogue-one,films,rogue-one,Rogue One: A Star Wars Story
Weapons+Tech,616b2c38ac68d492a01ad05b,clone-trooper-armor,Clone Trooper Armor,https://www.starwars.com/films/star-wars-episode-ii-attack-of-the-clones,films,star-wars-episode-ii-attack-of-the-clones,Star Wars: Attack of the Clones (Episode II)
Weapons+Tech,616b2c38ac68d492a01ad05b,clone-trooper-armor,Clone Trooper Armor,https://www.starwars.com/films/star-wars-episode-iii-revenge-of-the-sith,films,star-wars-episode-iii-revenge-of-the-sith,Star Wars: Revenge of the Sith (Episode III)
Weapons+Tech,616b2c38ac68d492a01ad05b,clone-trooper-armor,Clone Trooper Armor,https://www.starwars.com/series/star-wars-the-clone-wars,series,star-wars-the-clone-wars,Star Wars: The Clone Wars
Weapons+Tech,616b2c38ac68d492a01ad05b,clone-trooper-armor,Clone Trooper Armor,https://www.starwars.com/series/star-wars-rebels,series,star-wars-rebels,Star Wars Rebels
Weapons+Tech,616b2a19c7948492a01ad05b,comlink,Comlink,https://www.starwars.com/films/star-wars-episode-iv-a-new-hope,films,star-wars-episode-iv-a-new-hope,Star Wars: A New Hope (Episode IV)
Weapons+Tech,616b2a19c7948492a01ad05b,comlink,Comlink,https://www.starwars.com/series/star-wars-rebels,series,star-wars-rebels,Star Wars Rebels
Weapons+Tech,616b2a19c7948492a01ad05b,comlink,Comlink,https://www.starwars.com/series/tales-of-the-jedi,series,tales-of-the-jedi,Tales of the Jedi
Weapons+Tech,616b2f1bbbe24492a01ad05b,communications-transmitter,Communications Transmitter,https://www.starwars.com/series/star-wars-rebels,series,star-wars-rebels,Star Wars Rebels
Weapons+Tech,616b2f1a30ab5492a01ad05b,construction-spheres,Construction spheres,https://www.starwars.com/series/star-wars-rebels,series,star-wars-rebels,Star Wars Rebels
Weapons+Tech,616b2d035d7db492a01ad05b,count-dooku-s-lightsaber,Count Dooku's Lightsaber,https://www.starwars.com/films/star-wars-episode-iii-revenge-of-the-sith,films,star-wars-episode-iii-revenge-of-the-sith,Star Wars: Revenge of the Sith (Episode III)
Weapons+Tech,616b2d035d7db492a01ad05b,count-dooku-s-lightsaber,Count Dooku's Lightsaber,https://www.starwars.com/films/star-wars-episode-ii-attack-of-the-clones,films,star-wars-episode-ii-attack-of-the-clones,Star Wars: Attack of the Clones (Episode II)
Weapons+Tech,616b2d035d7db492a01ad05b,count-dooku-s-lightsaber,Count Dooku's Lightsaber,https://www.starwars.com/series/star-wars-the-clone-wars,series,star-wars-the-clone-wars,Star Wars: The Clone Wars
Weapons+Tech,616b2e4a9a294492a01ad05b,cubikahd,Cubikahd,https://www.starwars.com/series/star-wars-rebels,series,star-wars-rebels,Star Wars Rebels
Weapons+Tech,616b2da91e686492a01ad05b,d-93-incinerator-flamethrower,D-93 Incinerator Flamethrower,https://www.starwars.com/films/star-wars-episode-vii-the-force-awakens,films,star-wars-episode-vii-the-force-awakens,Star Wars: The Force Awakens (Episode VII)
Weapons+Tech,616b2498123b9492a01ad05b,darksaber,Darksaber,https://www.starwars.com/series/the-book-of-boba-fett,series,the-book-of-boba-fett,The Book of Boba Fett
Weapons+Tech,616b2498123b9492a01ad05b,darksaber,Darksaber,https://www.starwars.com/series/star-wars-the-clone-wars,series,star-wars-the-clone-wars,Star Wars: The Clone Wars
Weapons+Tech,616b2498123b9492a01ad05b,darksaber,Darksaber,https://www.starwars.com/series/star-wars-rebels,series,star-wars-rebels,Star Wars Rebels
Weapons+Tech,616b2498123b9492a01ad05b,darksaber,Darksaber,https://www.starwars.com/series/the-mandalorian,series,the-mandalorian,The Mandalorian
Weapons+Tech,616b2d0a40440492a01ad05b,darth-maul-s-lightsaber,Darth Maul's Lightsaber,https://www.starwars.com/films/star-wars-episode-i-the-phantom-menace,films,star-wars-episode-i-the-phantom-menace,Star Wars: The Phantom Menace (Episode I)
Weapons+Tech,616b2d0a40440492a01ad05b,darth-maul-s-lightsaber,Darth Maul's Lightsaber,https://www.starwars.com/series/star-wars-the-clone-wars,series,star-wars-the-clone-wars,Star Wars: The Clone Wars
Weapons+Tech,616b2d208b553492a01ad05b,darth-vader-s-lightsaber,Darth Vader's lightsaber,https://www.starwars.com/films/star-wars-episode-iv-a-new-hope,films,star-wars-episode-iv-a-new-hope,Star Wars: A New Hope (Episode IV)
Weapons+Tech,616b2d208b553492a01ad05b,darth-vader-s-lightsaber,Darth Vader's lightsaber,https://www.starwars.com/films/star-wars-episode-v-the-empire-strikes-back,films,star-wars-episode-v-the-empire-strikes-back,Star Wars: The Empire Strikes Back (Episode V)
Weapons+Tech,616b2d208b553492a01ad05b,darth-vader-s-lightsaber,Darth Vader's lightsaber,https://www.starwars.com/films/star-wars-episode-vi-return-of-the-jedi,films,star-wars-episode-vi-return-of-the-jedi,Star Wars: Return of the Jedi (Episode VI)
Weapons+Tech,616b2d208b553492a01ad05b,darth-vader-s-lightsaber,Darth Vader's lightsaber,https://www.starwars.com/series/obi-wan-kenobi,series,obi-wan-kenobi,Obi-Wan Kenobi
Weapons+Tech,616b2a12640fe492a01ad05b,datapad,Datapad,https://www.starwars.com/films/solo,films,solo,Solo: A Star Wars Story
Weapons+Tech,616b2a12640fe492a01ad05b,datapad,Datapad,https://www.starwars.com/series/star-wars-the-clone-wars,series,star-wars-the-clone-wars,Star Wars: The Clone Wars
Weapons+Tech,616b2a12640fe492a01ad05b,datapad,Datapad,https://www.starwars.com/series/star-wars-rebels,series,star-wars-rebels,Star Wars Rebels
Weapons+Tech,616b334768532492a01ad05b,datarod,Datarod,https://www.starwars.com/series/star-wars-the-bad-batch,series,star-wars-the-bad-batch,Star Wars: The Bad Batch
Weapons+Tech,616b3314c4f36492a01ad05b,dc-17-blaster,DC-17 blaster,https://www.starwars.com/series/star-wars-the-clone-wars,series,star-wars-the-clone-wars,Star Wars: The Clone Wars
Weapons+Tech,616b3314c4f36492a01ad05b,dc-17-blaster,DC-17 blaster,https://www.starwars.com/series/star-wars-the-bad-batch,series,star-wars-the-bad-batch,Star Wars: The Bad Batch
Weapons+Tech,616b2ec9aadbd492a01ad05b,death-star-plans,Death Star Plans,https://www.starwars.com/films/star-wars-episode-iv-a-new-hope,films,star-wars-episode-iv-a-new-hope,Star Wars: A New Hope (Episode IV)
Weapons+Tech,616b2ec9aadbd492a01ad05b,death-star-plans,Death Star Plans,https://www.starwars.com/films/rogue-one,films,rogue-one,Rogue One: A Star Wars Story
Weapons+Tech,616b2b3c37db8492a01ad05b,death-star-superlaser,Death Star Superlaser,https://www.starwars.com/films/rogue-one,films,rogue-one,Rogue One: A Star Wars Story
Weapons+Tech,616b2b3c37db8492a01ad05b,death-star-superlaser,Death Star Superlaser,https://www.starwars.com/films/star-wars-episode-vi-return-of-the-jedi,films,star-wars-episode-vi-return-of-the-jedi,Star Wars: Return of the Jedi (Episode VI)
Weapons+Tech,616b2b3c37db8492a01ad05b,death-star-superlaser,Death Star Superlaser,https://www.starwars.com/films/star-wars-episode-iv-a-new-hope,films,star-wars-episode-iv-a-new-hope,Star Wars: A New Hope (Episode IV)
Weapons+Tech,616b2b3c37db8492a01ad05b,death-star-superlaser,Death Star Superlaser,https://www.starwars.com/films/star-wars-episode-iii-revenge-of-the-sith,films,star-wars-episode-iii-revenge-of-the-sith,Star Wars: Revenge of the Sith (Episode III)
Weapons+Tech,616b2c91d67cb492a01ad05b,death-sticks,Death Sticks,https://www.starwars.com/films/star-wars-episode-ii-attack-of-the-clones,films,star-wars-episode-ii-attack-of-the-clones,Star Wars: Attack of the Clones (Episode II)
Weapons+Tech,616b2ea0629d4492a01ad05b,death-trooper-blastech-e-11d-rifle,Death Trooper BlasTech E-11D Rifle,https://www.starwars.com/films/rogue-one,films,rogue-one,Rogue One: A Star Wars Story
Weapons+Tech,616b299555010492a01ad05b,dejarik,Dejarik,https://www.starwars.com/films/star-wars-episode-iv-a-new-hope,films,star-wars-episode-iv-a-new-hope,Star Wars: A New Hope (Episode IV)
Weapons+Tech,616b299555010492a01ad05b,dejarik,Dejarik,https://www.starwars.com/films/rogue-one,films,rogue-one,Rogue One: A Star Wars Story
Weapons+Tech,616b299555010492a01ad05b,dejarik,Dejarik,https://www.starwars.com/series/star-wars-the-bad-batch,series,star-wars-the-bad-batch,Star Wars: The Bad Batch
Weapons+Tech,616b299555010492a01ad05b,dejarik,Dejarik,https://www.starwars.com/series/star-wars-the-clone-wars,series,star-wars-the-clone-wars,Star Wars: The Clone Wars
Weapons+Tech,616b299555010492a01ad05b,dejarik,Dejarik,https://www.starwars.com/series/star-wars-rebels,series,star-wars-rebels,Star Wars Rebels
Weapons+Tech,616b3040ca31d492a01ad05b,dg-29-heavy-blaster-pistol,DG-29 heavy blaster pistol,https://www.starwars.com/films/solo,films,solo,Solo: A Star Wars Story
Weapons+Tech,616b2c7ace177492a01ad05b,dl-18-blaster-pistol,DL-18 Blaster Pistol,https://www.starwars.com/films/star-wars-episode-vi-return-of-the-jedi,films,star-wars-episode-vi-return-of-the-jedi,Star Wars: Return of the Jedi (Episode VI)
Weapons+Tech,616b2c7ace177492a01ad05b,dl-18-blaster-pistol,DL-18 Blaster Pistol,https://www.starwars.com/series/star-wars-rebels,series,star-wars-rebels,Star Wars Rebels
Weapons+Tech,616b2c5939c2e492a01ad05b,dl-44-blaster-pistol,DL-44 Blaster Pistol,https://www.starwars.com/films/star-wars-episode-vi-return-of-the-jedi,films,star-wars-episode-vi-return-of-the-jedi,Star Wars: Return of the Jedi (Episode VI)
Weapons+Tech,616b2c5939c2e492a01ad05b,dl-44-blaster-pistol,DL-44 Blaster Pistol,https://www.starwars.com/films/star-wars-episode-iv-a-new-hope,films,star-wars-episode-iv-a-new-hope,Star Wars: A New Hope (Episode IV)
Weapons+Tech,616b2c5939c2e492a01ad05b,dl-44-blaster-pistol,DL-44 Blaster Pistol,https://www.starwars.com/films/star-wars-episode-v-the-empire-strikes-back,films,star-wars-episode-v-the-empire-strikes-back,Star Wars: The Empire Strikes Back (Episode V)
Weapons+Tech,616b2c5939c2e492a01ad05b,dl-44-blaster-pistol,DL-44 Blaster Pistol,https://www.starwars.com/films/star-wars-episode-vii-the-force-awakens,films,star-wars-episode-vii-the-force-awakens,Star Wars: The Force Awakens (Episode VII)
Weapons+Tech,616b2c5939c2e492a01ad05b,dl-44-blaster-pistol,DL-44 Blaster Pistol,https://www.starwars.com/series/star-wars-the-clone-wars,series,star-wars-the-clone-wars,Star Wars: The Clone Wars
Weapons+Tech,616b2c573571e492a01ad05b,dlt-19-heavy-blaster-rifle,DLT-19 Heavy Blaster Rifle,https://www.starwars.com/films/star-wars-episode-iv-a-new-hope,films,star-wars-episode-iv-a-new-hope,Star Wars: A New Hope (Episode IV)
Weapons+Tech,616b2c573571e492a01ad05b,dlt-19-heavy-blaster-rifle,DLT-19 Heavy Blaster Rifle,https://www.starwars.com/films/star-wars-episode-v-the-empire-strikes-back,films,star-wars-episode-v-the-empire-strikes-back,Star Wars: The Empire Strikes Back (Episode V)
Weapons+Tech,616b2c573571e492a01ad05b,dlt-19-heavy-blaster-rifle,DLT-19 Heavy Blaster Rifle,https://www.starwars.com/series/star-wars-rebels,series,star-wars-rebels,Star Wars Rebels
Weapons+Tech,616b249fb163e492a01ad05b,droid-popper,Droid Popper,https://www.starwars.com/series/star-wars-the-clone-wars,series,star-wars-the-clone-wars,Star Wars: The Clone Wars
Weapons+Tech,616b2c1e4c156492a01ad05b,droid-remote-control,Droid remote control,https://www.starwars.com/series/star-wars-rebels,series,star-wars-rebels,Star Wars Rebels
Weapons+Tech,616b3051704d1492a01ad05b,e-10-blaster-rifle,E-10 blaster rifle,https://www.starwars.com/films/solo,films,solo,Solo: A Star Wars Story
Weapons+Tech,616b2c54b42d9492a01ad05b,e-11-blaster-rifle,E-11 Blaster Rifle,https://www.starwars.com/films/star-wars-episode-iv-a-new-hope,films,star-wars-episode-iv-a-new-hope,Star Wars: A New Hope (Episode IV)
Weapons+Tech,616b2c54b42d9492a01ad05b,e-11-blaster-rifle,E-11 Blaster Rifle,https://www.starwars.com/films/star-wars-episode-v-the-empire-strikes-back,films,star-wars-episode-v-the-empire-strikes-back,Star Wars: The Empire Strikes Back (Episode V)
Weapons+Tech,616b2c54b42d9492a01ad05b,e-11-blaster-rifle,E-11 Blaster Rifle,https://www.starwars.com/films/star-wars-episode-vi-return-of-the-jedi,films,star-wars-episode-vi-return-of-the-jedi,Star Wars: Return of the Jedi (Episode VI)
Weapons+Tech,616b2c54b42d9492a01ad05b,e-11-blaster-rifle,E-11 Blaster Rifle,https://www.starwars.com/series/star-wars-rebels,series,star-wars-rebels,Star Wars Rebels
Weapons+Tech,616b3052f47a3492a01ad05b,e-22-blaster-rifle,E-22 blaster rifle,https://www.starwars.com/films/solo,films,solo,Solo: A Star Wars Story
Weapons+Tech,616b305475fbc492a01ad05b,ec-17-hold-out-blaster,EC-17 hold-out blaster,https://www.starwars.com/films/solo,films,solo,Solo: A Star Wars Story
Weapons+Tech,616b305475fbc492a01ad05b,ec-17-hold-out-blaster,EC-17 hold-out blaster,https://www.starwars.com/films/star-wars-episode-vi-return-of-the-jedi,films,star-wars-episode-vi-return-of-the-jedi,Star Wars: Return of the Jedi (Episode VI)
Weapons+Tech,616b305475fbc492a01ad05b,ec-17-hold-out-blaster,EC-17 hold-out blaster,https://www.starwars.com/series/star-wars-rebels,series,star-wars-rebels,Star Wars Rebels
Weapons+Tech,616b2fa3572ad492a01ad05b,electro-bisento,electro-bisento,https://www.starwars.com/films/star-wars-episode-viii-the-last-jedi,films,star-wars-episode-viii-the-last-jedi,Star Wars: The Last Jedi (Episode VIII)
Weapons+Tech,616b2fa1d7580492a01ad05b,electro-chain-whip,electro-chain whip,https://www.starwars.com/films/star-wars-episode-viii-the-last-jedi,films,star-wars-episode-viii-the-last-jedi,Star Wars: The Last Jedi (Episode VIII)
Weapons+Tech,616b2f57f3b98492a01ad05b,electro-shock-prod,Electro-shock prod,https://www.starwars.com/films/star-wars-episode-viii-the-last-jedi,films,star-wars-episode-viii-the-last-jedi,Star Wars: The Last Jedi (Episode VIII)
Weapons+Tech,616b2c79539f0492a01ad05b,electro-whip,Electro-Whip,https://www.starwars.com/series/star-wars-the-clone-wars,series,star-wars-the-clone-wars,Star Wars: The Clone Wars
Weapons+Tech,616b30562b67c492a01ad05b,electroripper-staff,electroripper staff,https://www.starwars.com/films/solo,films,solo,Solo: A Star Wars Story
Weapons+Tech,616b24a1b9fa0492a01ad05b,electrostaff,Electrostaff,https://www.starwars.com/films/star-wars-episode-iii-revenge-of-the-sith,films,star-wars-episode-iii-revenge-of-the-sith,Star Wars: Revenge of the Sith (Episode III)
Weapons+Tech,616b24a1b9fa0492a01ad05b,electrostaff,Electrostaff,https://www.starwars.com/series/star-wars-the-clone-wars,series,star-wars-the-clone-wars,Star Wars: The Clone Wars
Weapons+Tech,616b24a1b9fa0492a01ad05b,electrostaff,Electrostaff,https://www.starwars.com/series/star-wars-rebels,series,star-wars-rebels,Star Wars Rebels
Weapons+Tech,616b2c7748220492a01ad05b,energy-ball-booma,Energy Ball (Booma),https://www.starwars.com/films/star-wars-episode-i-the-phantom-menace,films,star-wars-episode-i-the-phantom-menace,Star Wars: The Phantom Menace (Episode I)
Weapons+Tech,616b2c7748220492a01ad05b,energy-ball-booma,Energy Ball (Booma),https://www.starwars.com/series/star-wars-the-clone-wars,series,star-wars-the-clone-wars,Star Wars: The Clone Wars
Weapons+Tech,616b3345e1fd8492a01ad05b,energy-bow,Energy bow,https://www.starwars.com/series/star-wars-the-bad-batch,series,star-wars-the-bad-batch,Star Wars: The Bad Batch
Weapons+Tech,616b2a0416932492a01ad05b,ezra-s-lightsaber,Ezra's Lightsaber,https://www.starwars.com/series/star-wars-rebels,series,star-wars-rebels,Star Wars Rebels
Weapons+Tech,616b32141ba51492a01ad05b,first-order-data-medallion,First Order data-medallion,https://www.starwars.com/films/star-wars-episode-ix-the-rise-of-skywalker,films,star-wars-episode-ix-the-rise-of-skywalker,Star Wars: The Rise of Skywalker (Episode IX)
Weapons+Tech,616b34c7312fe492a01ad05b,flame-cannons,Flame cannons,https://www.starwars.com/series/star-wars-the-bad-batch,series,star-wars-the-bad-batch,Star Wars: The Bad Batch
Weapons+Tech,616b32ca5434f492a01ad05b,flash-charge,flash charge,https://www.starwars.com/series/the-mandalorian,series,the-mandalorian,The Mandalorian
Weapons+Tech,616b2f1593ac4492a01ad05b,flight-data-recorder,Flight data recorder,https://www.starwars.com/series/star-wars-rebels,series,star-wars-rebels,Star Wars Rebels
Weapons+Tech,616b310394e6f492a01ad05b,flight-simulator-squadron,Flight Simulator Squadron,https://www.starwars.com/series/star-wars-resistance,series,star-wars-resistance,Star Wars Resistance
Weapons+Tech,616b24ab3545b492a01ad05b,force-choke,Force Choke,https://www.starwars.com/films/star-wars-episode-vi-return-of-the-jedi,films,star-wars-episode-vi-return-of-the-jedi,Star Wars: Return of the Jedi (Episode VI)
Weapons+Tech,616b24ab3545b492a01ad05b,force-choke,Force Choke,https://www.starwars.com/films/star-wars-episode-iv-a-new-hope,films,star-wars-episode-iv-a-new-hope,Star Wars: A New Hope (Episode IV)
Weapons+Tech,616b24ab3545b492a01ad05b,force-choke,Force Choke,https://www.starwars.com/films/star-wars-episode-v-the-empire-strikes-back,films,star-wars-episode-v-the-empire-strikes-back,Star Wars: The Empire Strikes Back (Episode V)
Weapons+Tech,616b24ab3545b492a01ad05b,force-choke,Force Choke,https://www.starwars.com/series/star-wars-the-clone-wars,series,star-wars-the-clone-wars,Star Wars: The Clone Wars
Weapons+Tech,616b24ad4646e492a01ad05b,force-lightning,Force Lightning,https://www.starwars.com/films/star-wars-episode-ii-attack-of-the-clones,films,star-wars-episode-ii-attack-of-the-clones,Star Wars: Attack of the Clones (Episode II)
Weapons+Tech,616b24ad4646e492a01ad05b,force-lightning,Force Lightning,https://www.starwars.com/films/star-wars-episode-vi-return-of-the-jedi,films,star-wars-episode-vi-return-of-the-jedi,Star Wars: Return of the Jedi (Episode VI)
Weapons+Tech,616b24ad4646e492a01ad05b,force-lightning,Force Lightning,https://www.starwars.com/films/star-wars-episode-iii-revenge-of-the-sith,films,star-wars-episode-iii-revenge-of-the-sith,Star Wars: Revenge of the Sith (Episode III)
Weapons+Tech,616b24ad4646e492a01ad05b,force-lightning,Force Lightning,https://www.starwars.com/series/star-wars-the-clone-wars,series,star-wars-the-clone-wars,Star Wars: The Clone Wars
Weapons+Tech,616b24b2915c4492a01ad05b,force-push,Force Push,https://www.starwars.com/films/star-wars-episode-i-the-phantom-menace,films,star-wars-episode-i-the-phantom-menace,Star Wars: The Phantom Menace (Episode I)
Weapons+Tech,616b24b2915c4492a01ad05b,force-push,Force Push,https://www.starwars.com/films/star-wars-episode-ii-attack-of-the-clones,films,star-wars-episode-ii-attack-of-the-clones,Star Wars: Attack of the Clones (Episode II)
Weapons+Tech,616b24b2915c4492a01ad05b,force-push,Force Push,https://www.starwars.com/films/star-wars-episode-iii-revenge-of-the-sith,films,star-wars-episode-iii-revenge-of-the-sith,Star Wars: Revenge of the Sith (Episode III)
Weapons+Tech,616b24b2915c4492a01ad05b,force-push,Force Push,https://www.starwars.com/series/star-wars-the-clone-wars,series,star-wars-the-clone-wars,Star Wars: The Clone Wars
Weapons+Tech,616b24b0ebf48492a01ad05b,gaderffii-stick,Gaderffii Stick,https://www.starwars.com/films/star-wars-episode-iv-a-new-hope,films,star-wars-episode-iv-a-new-hope,Star Wars: A New Hope (Episode IV)
Weapons+Tech,616b24b0ebf48492a01ad05b,gaderffii-stick,Gaderffii Stick,https://www.starwars.com/films/star-wars-episode-ii-attack-of-the-clones,films,star-wars-episode-ii-attack-of-the-clones,Star Wars: Attack of the Clones (Episode II)
Weapons+Tech,616b24b0ebf48492a01ad05b,gaderffii-stick,Gaderffii Stick,https://www.starwars.com/series/the-book-of-boba-fett,series,the-book-of-boba-fett,The Book of Boba Fett
Weapons+Tech,616b24b9ea19c492a01ad05b,geonosian-sonic-blaster,Geonosian Sonic Blaster,https://www.starwars.com/films/star-wars-episode-ii-attack-of-the-clones,films,star-wars-episode-ii-attack-of-the-clones,Star Wars: Attack of the Clones (Episode II)
Weapons+Tech,616b24b9ea19c492a01ad05b,geonosian-sonic-blaster,Geonosian Sonic Blaster,https://www.starwars.com/series/star-wars-the-clone-wars,series,star-wars-the-clone-wars,Star Wars: The Clone Wars
Weapons+Tech,616b24b9ea19c492a01ad05b,geonosian-sonic-blaster,Geonosian Sonic Blaster,https://www.starwars.com/series/star-wars-rebels,series,star-wars-rebels,Star Wars Rebels
Weapons+Tech,616b320ab436c492a01ad05b,glie-44-blaster-pistol,GLIE-44 blaster pistol,https://www.starwars.com/films/star-wars-episode-ix-the-rise-of-skywalker,films,star-wars-episode-ix-the-rise-of-skywalker,Star Wars: The Rise of Skywalker (Episode IX)
Weapons+Tech,616b320ab436c492a01ad05b,glie-44-blaster-pistol,GLIE-44 blaster pistol,https://www.starwars.com/films/solo,films,solo,Solo: A Star Wars Story
Weapons+Tech,616b320ab436c492a01ad05b,glie-44-blaster-pistol,GLIE-44 blaster pistol,https://www.starwars.com/films/star-wars-episode-viii-the-last-jedi,films,star-wars-episode-viii-the-last-jedi,Star Wars: The Last Jedi (Episode VIII)
Weapons+Tech,616b320ab436c492a01ad05b,glie-44-blaster-pistol,GLIE-44 blaster pistol,https://www.starwars.com/films/star-wars-episode-vii-the-force-awakens,films,star-wars-episode-vii-the-force-awakens,Star Wars: The Force Awakens (Episode VII)
Weapons+Tech,616b320ab436c492a01ad05b,glie-44-blaster-pistol,GLIE-44 blaster pistol,https://www.starwars.com/series/star-wars-resistance,series,star-wars-resistance,Star Wars Resistance
Weapons+Tech,616b3043ecf90492a01ad05b,grapple-gun,grapple gun,https://www.starwars.com/films/solo,films,solo,Solo: A Star Wars Story
Weapons+Tech,616b32d03e082492a01ad05b,grapple-line,grapple line,https://www.starwars.com/series/the-mandalorian,series,the-mandalorian,The Mandalorian
Weapons+Tech,616b2d2a6a97a492a01ad05b,gravity-lock,Gravity lock,https://www.starwars.com/series/star-wars-rebels,series,star-wars-rebels,Star Wars Rebels
Weapons+Tech,616b3034dc70c492a01ad05b,gription-boots,gription boots,https://www.starwars.com/films/solo,films,solo,Solo: A Star Wars Story
Weapons+Tech,616b24bed10c6492a01ad05b,gungan-personal-energy-shield,Gungan Personal Energy Shield,https://www.starwars.com/films/star-wars-episode-i-the-phantom-menace,films,star-wars-episode-i-the-phantom-menace,Star Wars: The Phantom Menace (Episode I)
Weapons+Tech,616b2e9ede5ad492a01ad05b,gx-8-condenser-unit,GX-8 Condenser Unit,https://www.starwars.com/films/rogue-one,films,rogue-one,Rogue One: A Star Wars Story
Weapons+Tech,616b363f42038492a01ad05b,history-of-the-galaxy,History of the Galaxy,https://www.starwars.com/series/star-wars-ahsoka,series,star-wars-ahsoka,Ahsoka
Weapons+Tech,616b24c77e05f492a01ad05b,holographic-disguise-matrix,Holographic Disguise Matrix,https://www.starwars.com/series/star-wars-the-clone-wars,series,star-wars-the-clone-wars,Star Wars: The Clone Wars
Weapons+Tech,616b29a675592492a01ad05b,holonet-news,HoloNet News,https://www.starwars.com/series/star-wars-rebels,series,star-wars-rebels,Star Wars Rebels
Weapons+Tech,616b32af5d135492a01ad05b,holopuck,holopuck,https://www.starwars.com/series/the-book-of-boba-fett,series,the-book-of-boba-fett,The Book of Boba Fett
Weapons+Tech,616b32af5d135492a01ad05b,holopuck,holopuck,https://www.starwars.com/series/the-mandalorian,series,the-mandalorian,The Mandalorian
Weapons+Tech,616b2f73e500e492a01ad05b,homing-beacon,Homing Beacon,https://www.starwars.com/films/star-wars-episode-viii-the-last-jedi,films,star-wars-episode-viii-the-last-jedi,Star Wars: The Last Jedi (Episode VIII)
Weapons+Tech,616b2b084d104492a01ad05b,homing-spider-droid,Homing Spider Droid,https://www.starwars.com/films/star-wars-episode-ii-attack-of-the-clones,films,star-wars-episode-ii-attack-of-the-clones,Star Wars: Attack of the Clones (Episode II)
Weapons+Tech,616b32b9ac42a492a01ad05b,hovering-pram,hovering pram,https://www.starwars.com/series/star-wars-the-bad-batch,series,star-wars-the-bad-batch,Star Wars: The Bad Batch
Weapons+Tech,616b32b9ac42a492a01ad05b,hovering-pram,hovering pram,https://www.starwars.com/series/the-mandalorian,series,the-mandalorian,The Mandalorian
Weapons+Tech,616b24cb14f3b492a01ad05b,hydroid-medusa,Hydroid Medusa,https://www.starwars.com/series/star-wars-the-clone-wars,series,star-wars-the-clone-wars,Star Wars: The Clone Wars
Weapons+Tech,616b2c9c580c0492a01ad05b,hyperdrive,Hyperdrive,https://www.starwars.com/films/star-wars-episode-iv-a-new-hope,films,star-wars-episode-iv-a-new-hope,Star Wars: A New Hope (Episode IV)
Weapons+Tech,616b2c9c580c0492a01ad05b,hyperdrive,Hyperdrive,https://www.starwars.com/films/star-wars-episode-v-the-empire-strikes-back,films,star-wars-episode-v-the-empire-strikes-back,Star Wars: The Empire Strikes Back (Episode V)
Weapons+Tech,616b2c9c580c0492a01ad05b,hyperdrive,Hyperdrive,https://www.starwars.com/films/star-wars-episode-ii-attack-of-the-clones,films,star-wars-episode-ii-attack-of-the-clones,Star Wars: Attack of the Clones (Episode II)
Weapons+Tech,616b2c9c580c0492a01ad05b,hyperdrive,Hyperdrive,https://www.starwars.com/films/star-wars-episode-vi-return-of-the-jedi,films,star-wars-episode-vi-return-of-the-jedi,Star Wars: Return of the Jedi (Episode VI)
Weapons+Tech,616b2c9c580c0492a01ad05b,hyperdrive,Hyperdrive,https://www.starwars.com/films/star-wars-episode-i-the-phantom-menace,films,star-wars-episode-i-the-phantom-menace,Star Wars: The Phantom Menace (Episode I)
Weapons+Tech,616b2c9c580c0492a01ad05b,hyperdrive,Hyperdrive,https://www.starwars.com/films/solo,films,solo,Solo: A Star Wars Story
Weapons+Tech,616b2c9c580c0492a01ad05b,hyperdrive,Hyperdrive,https://www.starwars.com/films/star-wars-episode-iii-revenge-of-the-sith,films,star-wars-episode-iii-revenge-of-the-sith,Star Wars: Revenge of the Sith (Episode III)
Weapons+Tech,616b2c9c580c0492a01ad05b,hyperdrive,Hyperdrive,https://www.starwars.com/series/star-wars-the-clone-wars,series,star-wars-the-clone-wars,Star Wars: The Clone Wars
Weapons+Tech,616b2c9c580c0492a01ad05b,hyperdrive,Hyperdrive,https://www.starwars.com/series/star-wars-rebels,series,star-wars-rebels,Star Wars Rebels
Weapons+Tech,616b2d6a9bb35492a01ad05b,imperial-construction-module,Imperial Construction Module,https://www.starwars.com/series/star-wars-rebels,series,star-wars-rebels,Star Wars Rebels
Weapons+Tech,616b36588f7e0492a01ad05b,imperial-minefield,Imperial minefield,https://www.starwars.com/series/star-wars-ahsoka,series,star-wars-ahsoka,Ahsoka
Weapons+Tech,616b342cd78b4492a01ad05b,imperial-n-s9-starpath-unit,Imperial N-S9 Starpath Unit,https://www.starwars.com/series/andor,series,andor,Andor
Weapons+Tech,616b29e42b7d6492a01ad05b,imperial-xx-23-s-thread-tracer,Imperial XX-23 S-Thread Tracer,https://www.starwars.com/series/star-wars-rebels,series,star-wars-rebels,Star Wars Rebels
Weapons+Tech,616b332c2215d492a01ad05b,inhibitor-chip,Inhibitor chip,https://www.starwars.com/series/star-wars-the-bad-batch,series,star-wars-the-bad-batch,Star Wars: The Bad Batch
Weapons+Tech,616b332c2215d492a01ad05b,inhibitor-chip,Inhibitor chip,https://www.starwars.com/series/star-wars-the-clone-wars,series,star-wars-the-clone-wars,Star Wars: The Clone Wars
Weapons+Tech,616b2de938840492a01ad05b,interrogation-chair,Interrogation Chair,https://www.starwars.com/films/star-wars-episode-vii-the-force-awakens,films,star-wars-episode-vii-the-force-awakens,Star Wars: The Force Awakens (Episode VII)
Weapons+Tech,616b2de938840492a01ad05b,interrogation-chair,Interrogation Chair,https://www.starwars.com/series/star-wars-rebels,series,star-wars-rebels,Star Wars Rebels
Weapons+Tech,616b2b26fec80492a01ad05b,ion-blaster,Ion Blaster,https://www.starwars.com/films/star-wars-episode-i-the-phantom-menace,films,star-wars-episode-i-the-phantom-menace,Star Wars: The Phantom Menace (Episode I)
Weapons+Tech,616b2b26fec80492a01ad05b,ion-blaster,Ion Blaster,https://www.starwars.com/films/star-wars-episode-vi-return-of-the-jedi,films,star-wars-episode-vi-return-of-the-jedi,Star Wars: Return of the Jedi (Episode VI)
Weapons+Tech,616b2b26fec80492a01ad05b,ion-blaster,Ion Blaster,https://www.starwars.com/films/star-wars-episode-iv-a-new-hope,films,star-wars-episode-iv-a-new-hope,Star Wars: A New Hope (Episode IV)
Weapons+Tech,616b2b26fec80492a01ad05b,ion-blaster,Ion Blaster,https://www.starwars.com/series/star-wars-the-clone-wars,series,star-wars-the-clone-wars,Star Wars: The Clone Wars
Weapons+Tech,616b2b215771d492a01ad05b,ion-cannon,Ion Cannon,https://www.starwars.com/films/star-wars-episode-v-the-empire-strikes-back,films,star-wars-episode-v-the-empire-strikes-back,Star Wars: The Empire Strikes Back (Episode V)
Weapons+Tech,616b2b215771d492a01ad05b,ion-cannon,Ion Cannon,https://www.starwars.com/series/star-wars-the-clone-wars,series,star-wars-the-clone-wars,Star Wars: The Clone Wars
Weapons+Tech,616b3036602ee492a01ad05b,ion-restraining-bolt,ion restraining bolt,https://www.starwars.com/films/solo,films,solo,Solo: A Star Wars Story
Weapons+Tech,616b320de9370492a01ad05b,jannah-s-bow,Jannah’s bow,https://www.starwars.com/films/star-wars-episode-ix-the-rise-of-skywalker,films,star-wars-episode-ix-the-rise-of-skywalker,Star Wars: The Rise of Skywalker (Episode IX)
Weapons+Tech,616b24ce4d7d0492a01ad05b,jedi-breathing-device,Jedi Breathing Device,https://www.starwars.com/films/star-wars-episode-i-the-phantom-menace,films,star-wars-episode-i-the-phantom-menace,Star Wars: The Phantom Menace (Episode I)
Weapons+Tech,616b24ce4d7d0492a01ad05b,jedi-breathing-device,Jedi Breathing Device,https://www.starwars.com/films/star-wars-episode-iii-revenge-of-the-sith,films,star-wars-episode-iii-revenge-of-the-sith,Star Wars: Revenge of the Sith (Episode III)
Weapons+Tech,616b24ce4d7d0492a01ad05b,jedi-breathing-device,Jedi Breathing Device,https://www.starwars.com/series/star-wars-the-clone-wars,series,star-wars-the-clone-wars,Star Wars: The Clone Wars
Weapons+Tech,616b24c1f389e492a01ad05b,jedi-holocron,Jedi holocron,https://www.starwars.com/series/star-wars-the-clone-wars,series,star-wars-the-clone-wars,Star Wars: The Clone Wars
Weapons+Tech,616b24c1f389e492a01ad05b,jedi-holocron,Jedi holocron,https://www.starwars.com/series/star-wars-rebels,series,star-wars-rebels,Star Wars Rebels
Weapons+Tech,616b24cfea422492a01ad05b,jedi-mind-trick,Jedi Mind Trick,https://www.starwars.com/films/star-wars-episode-iv-a-new-hope,films,star-wars-episode-iv-a-new-hope,Star Wars: A New Hope (Episode IV)
Weapons+Tech,616b24cfea422492a01ad05b,jedi-mind-trick,Jedi Mind Trick,https://www.starwars.com/films/star-wars-episode-ii-attack-of-the-clones,films,star-wars-episode-ii-attack-of-the-clones,Star Wars: Attack of the Clones (Episode II)
Weapons+Tech,616b24cfea422492a01ad05b,jedi-mind-trick,Jedi Mind Trick,https://www.starwars.com/films/star-wars-episode-i-the-phantom-menace,films,star-wars-episode-i-the-phantom-menace,Star Wars: The Phantom Menace (Episode I)
Weapons+Tech,616b24cfea422492a01ad05b,jedi-mind-trick,Jedi Mind Trick,https://www.starwars.com/films/star-wars-episode-vii-the-force-awakens,films,star-wars-episode-vii-the-force-awakens,Star Wars: The Force Awakens (Episode VII)
Weapons+Tech,616b24cfea422492a01ad05b,jedi-mind-trick,Jedi Mind Trick,https://www.starwars.com/films/star-wars-episode-vi-return-of-the-jedi,films,star-wars-episode-vi-return-of-the-jedi,Star Wars: Return of the Jedi (Episode VI)
Weapons+Tech,616b24cfea422492a01ad05b,jedi-mind-trick,Jedi Mind Trick,https://www.starwars.com/series/star-wars-the-clone-wars,series,star-wars-the-clone-wars,Star Wars: The Clone Wars
Weapons+Tech,616b24cfea422492a01ad05b,jedi-mind-trick,Jedi Mind Trick,https://www.starwars.com/series/star-wars-rebels,series,star-wars-rebels,Star Wars Rebels
Weapons+Tech,616b2e9b71332492a01ad05b,jyn-erso-s-blastech-a-180-blaster,Jyn Erso's BlasTech A-180 Blaster,https://www.starwars.com/films/rogue-one,films,rogue-one,Rogue One: A Star Wars Story
Weapons+Tech,616b29f416d8d492a01ad05b,kanan-s-lightsaber,Kanan's Lightsaber,https://www.starwars.com/series/star-wars-rebels,series,star-wars-rebels,Star Wars Rebels
Weapons+Tech,616b2c3146999492a01ad05b,ketsu-s-staff,Ketsu's Staff,https://www.starwars.com/series/star-wars-rebels,series,star-wars-rebels,Star Wars Rebels
Weapons+Tech,616b2ea6dcc90492a01ad05b,krennic-s-dt-29-heavy-blaster-pistol,Krennic's DT-29 Heavy Blaster Pistol,https://www.starwars.com/films/rogue-one,films,rogue-one,Rogue One: A Star Wars Story
Weapons+Tech,616b33c3f5888492a01ad05b,krrsantan-s-knuckle-dusters,Krrsantan's knuckle dusters,https://www.starwars.com/series/the-book-of-boba-fett,series,the-book-of-boba-fett,The Book of Boba Fett
Weapons+Tech,616b3242dfb44492a01ad05b,kuruk-s-blaster-rifle,Kuruk’s blaster rifle,https://www.starwars.com/films/star-wars-episode-vii-the-force-awakens,films,star-wars-episode-vii-the-force-awakens,Star Wars: The Force Awakens (Episode VII)
Weapons+Tech,616b3242dfb44492a01ad05b,kuruk-s-blaster-rifle,Kuruk’s blaster rifle,https://www.starwars.com/films/star-wars-episode-ix-the-rise-of-skywalker,films,star-wars-episode-ix-the-rise-of-skywalker,Star Wars: The Rise of Skywalker (Episode IX)
Weapons+Tech,616b2da78bfd4492a01ad05b,kylo-ren-s-lightsaber,Kylo Ren's Lightsaber,https://www.starwars.com/films/star-wars-episode-vii-the-force-awakens,films,star-wars-episode-vii-the-force-awakens,Star Wars: The Force Awakens (Episode VII)
Weapons+Tech,616b308640f06492a01ad05b,kyuzo-petars,Kyuzo petars,https://www.starwars.com/films/solo,films,solo,Solo: A Star Wars Story
Weapons+Tech,616b323dee33d492a01ad05b,lando-s-prod-pistol,Lando’s prod pistol,https://www.starwars.com/films/star-wars-episode-ix-the-rise-of-skywalker,films,star-wars-episode-ix-the-rise-of-skywalker,Star Wars: The Rise of Skywalker (Episode IX)
Weapons+Tech,616b298b33a42492a01ad05b,lasan-honor-guard-ab-75-bo-rifle,Lasan Honor Guard AB-75 Bo-Rifle,https://www.starwars.com/series/star-wars-rebels,series,star-wars-rebels,Star Wars Rebels
Weapons+Tech,616b2f5b2b102492a01ad05b,laser-ax,Laser Ax,https://www.starwars.com/films/star-wars-episode-viii-the-last-jedi,films,star-wars-episode-viii-the-last-jedi,Star Wars: The Last Jedi (Episode VIII)
Weapons+Tech,616b23fa089cb492a01ad05b,lightsaber,Lightsaber,https://www.starwars.com/films/star-wars-episode-iii-revenge-of-the-sith,films,star-wars-episode-iii-revenge-of-the-sith,Star Wars: Revenge of the Sith (Episode III)
Weapons+Tech,616b23fa089cb492a01ad05b,lightsaber,Lightsaber,https://www.starwars.com/films/star-wars-episode-ii-attack-of-the-clones,films,star-wars-episode-ii-attack-of-the-clones,Star Wars: Attack of the Clones (Episode II)
Weapons+Tech,616b23fa089cb492a01ad05b,lightsaber,Lightsaber,https://www.starwars.com/films/star-wars-episode-i-the-phantom-menace,films,star-wars-episode-i-the-phantom-menace,Star Wars: The Phantom Menace (Episode I)
Weapons+Tech,616b23fa089cb492a01ad05b,lightsaber,Lightsaber,https://www.starwars.com/films/star-wars-episode-vi-return-of-the-jedi,films,star-wars-episode-vi-return-of-the-jedi,Star Wars: Return of the Jedi (Episode VI)
Weapons+Tech,616b23fa089cb492a01ad05b,lightsaber,Lightsaber,https://www.starwars.com/films/star-wars-episode-ix-the-rise-of-skywalker,films,star-wars-episode-ix-the-rise-of-skywalker,Star Wars: The Rise of Skywalker (Episode IX)
Weapons+Tech,616b23fa089cb492a01ad05b,lightsaber,Lightsaber,https://www.starwars.com/films/star-wars-episode-iv-a-new-hope,films,star-wars-episode-iv-a-new-hope,Star Wars: A New Hope (Episode IV)
Weapons+Tech,616b23fa089cb492a01ad05b,lightsaber,Lightsaber,https://www.starwars.com/films/star-wars-episode-v-the-empire-strikes-back,films,star-wars-episode-v-the-empire-strikes-back,Star Wars: The Empire Strikes Back (Episode V)
Weapons+Tech,616b23fa089cb492a01ad05b,lightsaber,Lightsaber,https://www.starwars.com/films/star-wars-episode-viii-the-last-jedi,films,star-wars-episode-viii-the-last-jedi,Star Wars: The Last Jedi (Episode VIII)
Weapons+Tech,616b23fa089cb492a01ad05b,lightsaber,Lightsaber,https://www.starwars.com/films/star-wars-episode-vii-the-force-awakens,films,star-wars-episode-vii-the-force-awakens,Star Wars: The Force Awakens (Episode VII)
Weapons+Tech,616b23fa089cb492a01ad05b,lightsaber,Lightsaber,https://www.starwars.com/films/rogue-one,films,rogue-one,Rogue One: A Star Wars Story
Weapons+Tech,616b23fa089cb492a01ad05b,lightsaber,Lightsaber,https://www.starwars.com/series/obi-wan-kenobi,series,obi-wan-kenobi,Obi-Wan Kenobi
Weapons+Tech,616b23fa089cb492a01ad05b,lightsaber,Lightsaber,https://www.starwars.com/series/star-wars-the-clone-wars,series,star-wars-the-clone-wars,Star Wars: The Clone Wars
Weapons+Tech,616b23fa089cb492a01ad05b,lightsaber,Lightsaber,https://www.starwars.com/series/star-wars-visions,series,star-wars-visions,Star Wars: Visions
Weapons+Tech,616b23fa089cb492a01ad05b,lightsaber,Lightsaber,https://www.starwars.com/series/star-wars-rebels,series,star-wars-rebels,Star Wars Rebels
Weapons+Tech,616b23fa089cb492a01ad05b,lightsaber,Lightsaber,https://www.starwars.com/series/the-mandalorian,series,the-mandalorian,The Mandalorian
Weapons+Tech,616b23fa089cb492a01ad05b,lightsaber,Lightsaber,https://www.starwars.com/series/tales-of-the-jedi,series,tales-of-the-jedi,Tales of the Jedi
Weapons+Tech,616b23fa089cb492a01ad05b,lightsaber,Lightsaber,https://www.starwars.com/series/star-wars-ahsoka,series,star-wars-ahsoka,Ahsoka
Weapons+Tech,616b23fa089cb492a01ad05b,lightsaber,Lightsaber,https://www.starwars.com/series/the-acolyte,series,the-acolyte,The Acolyte
Weapons+Tech,616b23fa089cb492a01ad05b,lightsaber,Lightsaber,https://www.starwars.com/series/tales-of-the-empire,series,tales-of-the-empire,Tales of the Empire
Weapons+Tech,616b24d80917f492a01ad05b,lightsaber-pike,Lightsaber Pike,https://www.starwars.com/series/star-wars-the-clone-wars,series,star-wars-the-clone-wars,Star Wars: The Clone Wars
Weapons+Tech,616b29e66e99d492a01ad05b,lobot-tech-headgear,Lobot-Tech Headgear,https://www.starwars.com/films/star-wars-episode-v-the-empire-strikes-back,films,star-wars-episode-v-the-empire-strikes-back,Star Wars: The Empire Strikes Back (Episode V)
Weapons+Tech,616b29e66e99d492a01ad05b,lobot-tech-headgear,Lobot-Tech Headgear,https://www.starwars.com/series/star-wars-rebels,series,star-wars-rebels,Star Wars Rebels
Weapons+Tech,616b32998d341492a01ad05b,lord-corvax-s-lightsaber,Lord Corvax’s Lightsaber,,,,
Weapons+Tech,616b2c01f3429492a01ad05b,luke-skywalker-s-lightsaber-green-blade,Luke Skywalker's Lightsaber (Green Blade),https://www.starwars.com/films/star-wars-episode-vi-return-of-the-jedi,films,star-wars-episode-vi-return-of-the-jedi,Star Wars: Return of the Jedi (Episode VI)
Weapons+Tech,616b2d0ca7a59492a01ad05b,mace-windu-s-lightsaber,Mace Windu's Lightsaber,https://www.starwars.com/films/star-wars-episode-ii-attack-of-the-clones,films,star-wars-episode-ii-attack-of-the-clones,Star Wars: Attack of the Clones (Episode II)
Weapons+Tech,616b2d0ca7a59492a01ad05b,mace-windu-s-lightsaber,Mace Windu's Lightsaber,https://www.starwars.com/films/star-wars-episode-iii-revenge-of-the-sith,films,star-wars-episode-iii-revenge-of-the-sith,Star Wars: Revenge of the Sith (Episode III)
Weapons+Tech,616b2d0ca7a59492a01ad05b,mace-windu-s-lightsaber,Mace Windu's Lightsaber,https://www.starwars.com/series/star-wars-the-clone-wars,series,star-wars-the-clone-wars,Star Wars: The Clone Wars
Weapons+Tech,619ff3f447566e206e0a6a69,mae-s-knives,Mae’s knives,https://www.starwars.com/series/the-acolyte,series,the-acolyte,The Acolyte
Weapons+Tech,616b2f7c7e921492a01ad05b,magnetic-climbers,Magnetic climbers,https://www.starwars.com/series/star-wars-rebels,series,star-wars-rebels,Star Wars Rebels
Weapons+Tech,616b2e510b6aa492a01ad05b,magno-mine,Magno-mine,https://www.starwars.com/series/star-wars-rebels,series,star-wars-rebels,Star Wars Rebels
Weapons+Tech,616b2e8466926492a01ad05b,mandalorian-vambraces,Mandalorian Vambraces,https://www.starwars.com/series/star-wars-rebels,series,star-wars-rebels,Star Wars Rebels
Weapons+Tech,616b32726609d492a01ad05b,mandalorian-vault,Mandalorian vault,https://www.starwars.com/series/star-wars-the-clone-wars,series,star-wars-the-clone-wars,Star Wars: The Clone Wars
Weapons+Tech,616b33b3828f4492a01ad05b,mando-s-blaster,Mando's blaster,,,,
Weapons+Tech,616b2de3d8f30492a01ad05b,maz-s-curio-box,Maz's Curio Box,https://www.starwars.com/films/star-wars-episode-vii-the-force-awakens,films,star-wars-episode-vii-the-force-awakens,Star Wars: The Force Awakens (Episode VII)
Weapons+Tech,616b2c5cfa43b492a01ad05b,mechno-arms,Mechno-arms,https://www.starwars.com/films/star-wars-episode-iii-revenge-of-the-sith,films,star-wars-episode-iii-revenge-of-the-sith,Star Wars: Revenge of the Sith (Episode III)
Weapons+Tech,616b2c5cfa43b492a01ad05b,mechno-arms,Mechno-arms,https://www.starwars.com/films/star-wars-episode-ii-attack-of-the-clones,films,star-wars-episode-ii-attack-of-the-clones,Star Wars: Attack of the Clones (Episode II)
Weapons+Tech,616b2c5cfa43b492a01ad05b,mechno-arms,Mechno-arms,https://www.starwars.com/films/star-wars-episode-vi-return-of-the-jedi,films,star-wars-episode-vi-return-of-the-jedi,Star Wars: Return of the Jedi (Episode VI)
Weapons+Tech,616b2c5cfa43b492a01ad05b,mechno-arms,Mechno-arms,https://www.starwars.com/films/star-wars-episode-v-the-empire-strikes-back,films,star-wars-episode-v-the-empire-strikes-back,Star Wars: The Empire Strikes Back (Episode V)
Weapons+Tech,616b2c5cfa43b492a01ad05b,mechno-arms,Mechno-arms,https://www.starwars.com/films/star-wars-episode-vii-the-force-awakens,films,star-wars-episode-vii-the-force-awakens,Star Wars: The Force Awakens (Episode VII)
Weapons+Tech,616b2c5cfa43b492a01ad05b,mechno-arms,Mechno-arms,https://www.starwars.com/series/star-wars-the-clone-wars,series,star-wars-the-clone-wars,Star Wars: The Clone Wars
Weapons+Tech,616b2c5cfa43b492a01ad05b,mechno-arms,Mechno-arms,https://www.starwars.com/series/star-wars-rebels,series,star-wars-rebels,Star Wars Rebels
Weapons+Tech,616b336e28fc6492a01ad05b,medical-capsules,Medical capsules,https://www.starwars.com/series/star-wars-the-bad-batch,series,star-wars-the-bad-batch,Star Wars: The Bad Batch
Weapons+Tech,616b32c934a48492a01ad05b,modified-mk-sniper-rifle,modified MK sniper rifle,https://www.starwars.com/series/the-mandalorian,series,the-mandalorian,The Mandalorian
Weapons+Tech,616b2c5b4face492a01ad05b,moisture-vaporator,Moisture Vaporator,https://www.starwars.com/films/star-wars-episode-iv-a-new-hope,films,star-wars-episode-iv-a-new-hope,Star Wars: A New Hope (Episode IV)
Weapons+Tech,616b2c5b4face492a01ad05b,moisture-vaporator,Moisture Vaporator,https://www.starwars.com/films/star-wars-episode-ii-attack-of-the-clones,films,star-wars-episode-ii-attack-of-the-clones,Star Wars: Attack of the Clones (Episode II)
Weapons+Tech,616b2c5b4face492a01ad05b,moisture-vaporator,Moisture Vaporator,https://www.starwars.com/films/star-wars-episode-i-the-phantom-menace,films,star-wars-episode-i-the-phantom-menace,Star Wars: The Phantom Menace (Episode I)
Weapons+Tech,616b2c5b4face492a01ad05b,moisture-vaporator,Moisture Vaporator,https://www.starwars.com/series/star-wars-rebels,series,star-wars-rebels,Star Wars Rebels
Weapons+Tech,616b306733b37492a01ad05b,moloch-s-staff,Moloch's staff,https://www.starwars.com/films/solo,films,solo,Solo: A Star Wars Story
Weapons+Tech,616b2c62ce650492a01ad05b,nightsister-crystal-ball,Nightsister Crystal Ball,https://www.starwars.com/series/star-wars-the-clone-wars,series,star-wars-the-clone-wars,Star Wars: The Clone Wars
Weapons+Tech,616b2d33275b5492a01ad05b,obi-wan-kenobi-s-lightsabers,Obi-Wan Kenobi's Lightsabers,https://www.starwars.com/films/star-wars-episode-iv-a-new-hope,films,star-wars-episode-iv-a-new-hope,Star Wars: A New Hope (Episode IV)
Weapons+Tech,616b2d33275b5492a01ad05b,obi-wan-kenobi-s-lightsabers,Obi-Wan Kenobi's Lightsabers,https://www.starwars.com/films/star-wars-episode-ii-attack-of-the-clones,films,star-wars-episode-ii-attack-of-the-clones,Star Wars: Attack of the Clones (Episode II)
Weapons+Tech,616b2d33275b5492a01ad05b,obi-wan-kenobi-s-lightsabers,Obi-Wan Kenobi's Lightsabers,https://www.starwars.com/films/star-wars-episode-iii-revenge-of-the-sith,films,star-wars-episode-iii-revenge-of-the-sith,Star Wars: Revenge of the Sith (Episode III)
Weapons+Tech,616b2d33275b5492a01ad05b,obi-wan-kenobi-s-lightsabers,Obi-Wan Kenobi's Lightsabers,https://www.starwars.com/films/star-wars-episode-i-the-phantom-menace,films,star-wars-episode-i-the-phantom-menace,Star Wars: The Phantom Menace (Episode I)
Weapons+Tech,616b2d33275b5492a01ad05b,obi-wan-kenobi-s-lightsabers,Obi-Wan Kenobi's Lightsabers,https://www.starwars.com/series/obi-wan-kenobi,series,obi-wan-kenobi,Obi-Wan Kenobi
Weapons+Tech,616b2d33275b5492a01ad05b,obi-wan-kenobi-s-lightsabers,Obi-Wan Kenobi's Lightsabers,https://www.starwars.com/series/star-wars-the-clone-wars,series,star-wars-the-clone-wars,Star Wars: The Clone Wars
Weapons+Tech,616b371df5db5492a01ad05b,omega-s-energy-crossbow,Omega's energy crossbow,https://www.starwars.com/series/star-wars-the-bad-batch,series,star-wars-the-bad-batch,Star Wars: The Bad Batch
Weapons+Tech,616b2faeea46e492a01ad05b,orbital-bombardment-cannon,Orbital Bombardment Cannon,https://www.starwars.com/films/star-wars-episode-viii-the-last-jedi,films,star-wars-episode-viii-the-last-jedi,Star Wars: The Last Jedi (Episode VIII)
Weapons+Tech,616b30612f851492a01ad05b,ordnance-launcher,ordnance launcher,https://www.starwars.com/films/solo,films,solo,Solo: A Star Wars Story
Weapons+Tech,616b2d55e8611492a01ad05b,oxygen-mask,Oxygen Mask,https://www.starwars.com/series/star-wars-rebels,series,star-wars-rebels,Star Wars Rebels
Weapons+Tech,616b2d1e1b45e492a01ad05b,palpatine-s-lightsaber,Palpatine's lightsaber,https://www.starwars.com/films/star-wars-episode-iii-revenge-of-the-sith,films,star-wars-episode-iii-revenge-of-the-sith,Star Wars: Revenge of the Sith (Episode III)
Weapons+Tech,616b2d1e1b45e492a01ad05b,palpatine-s-lightsaber,Palpatine's lightsaber,https://www.starwars.com/series/star-wars-the-clone-wars,series,star-wars-the-clone-wars,Star Wars: The Clone Wars
Weapons+Tech,616b2da0c07b0492a01ad05b,percussive-cannon,Percussive Cannon,https://www.starwars.com/films/star-wars-episode-vii-the-force-awakens,films,star-wars-episode-vii-the-force-awakens,Star Wars: The Force Awakens (Episode VII)
Weapons+Tech,616b2da0c07b0492a01ad05b,percussive-cannon,Percussive Cannon,https://www.starwars.com/films/solo,films,solo,Solo: A Star Wars Story
Weapons+Tech,616b311009980492a01ad05b,phase-connector,Phase Connector,https://www.starwars.com/series/star-wars-resistance,series,star-wars-resistance,Star Wars Resistance
Weapons+Tech,619ffb433636ae0bfe14c87e,poison-vial,Poison Vial,https://www.starwars.com/series/the-acolyte,series,the-acolyte,The Acolyte
Weapons+Tech,616b2fc5b4e1c492a01ad05b,police-glow-rod,Police glow rod,https://www.starwars.com/films/star-wars-episode-viii-the-last-jedi,films,star-wars-episode-viii-the-last-jedi,Star Wars: The Last Jedi (Episode VIII)
Weapons+Tech,616b2c1fdcddc492a01ad05b,power-generator,Power generator,https://www.starwars.com/series/star-wars-rebels,series,star-wars-rebels,Star Wars Rebels
Weapons+Tech,616b2e6d63096492a01ad05b,proton-bomb,Proton bomb,https://www.starwars.com/films/star-wars-episode-viii-the-last-jedi,films,star-wars-episode-viii-the-last-jedi,Star Wars: The Last Jedi (Episode VIII)
Weapons+Tech,616b2e6d63096492a01ad05b,proton-bomb,Proton bomb,https://www.starwars.com/series/star-wars-rebels,series,star-wars-rebels,Star Wars Rebels
Weapons+Tech,616b24edb20c1492a01ad05b,proton-torpedo,Proton Torpedo,https://www.starwars.com/films/star-wars-episode-iv-a-new-hope,films,star-wars-episode-iv-a-new-hope,Star Wars: A New Hope (Episode IV)
Weapons+Tech,616b24edb20c1492a01ad05b,proton-torpedo,Proton Torpedo,https://www.starwars.com/series/star-wars-the-bad-batch,series,star-wars-the-bad-batch,Star Wars: The Bad Batch
Weapons+Tech,616b2d240f8ac492a01ad05b,qui-gon-s-lightsaber,Qui-Gon's lightsaber,https://www.starwars.com/films/star-wars-episode-i-the-phantom-menace,films,star-wars-episode-i-the-phantom-menace,Star Wars: The Phantom Menace (Episode I)
Weapons+Tech,616b32d6083ff492a01ad05b,razor-crest-s-arsenal,Razor Crest's Arsenal,https://www.starwars.com/series/the-mandalorian,series,the-mandalorian,The Mandalorian
Weapons+Tech,616b308e6875b492a01ad05b,rebolt-s-staff,Rebolt’s Staff,https://www.starwars.com/films/solo,films,solo,Solo: A Star Wars Story
Weapons+Tech,616b2b2f0ee03492a01ad05b,restraining-bolt,Restraining Bolt,https://www.starwars.com/films/star-wars-episode-iv-a-new-hope,films,star-wars-episode-iv-a-new-hope,Star Wars: A New Hope (Episode IV)
Weapons+Tech,616b2b2f0ee03492a01ad05b,restraining-bolt,Restraining Bolt,https://www.starwars.com/films/star-wars-episode-vi-return-of-the-jedi,films,star-wars-episode-vi-return-of-the-jedi,Star Wars: Return of the Jedi (Episode VI)
Weapons+Tech,616b2b2f0ee03492a01ad05b,restraining-bolt,Restraining Bolt,https://www.starwars.com/series/star-wars-the-clone-wars,series,star-wars-the-clone-wars,Star Wars: The Clone Wars
Weapons+Tech,616b2b2f0ee03492a01ad05b,restraining-bolt,Restraining Bolt,https://www.starwars.com/series/star-wars-rebels,series,star-wars-rebels,Star Wars Rebels
Weapons+Tech,616b2da6003d5492a01ad05b,rey-s-blaster,Rey's Blaster,https://www.starwars.com/films/star-wars-episode-vii-the-force-awakens,films,star-wars-episode-vii-the-force-awakens,Star Wars: The Force Awakens (Episode VII)
Weapons+Tech,616b2d9400b68492a01ad05b,rey-s-quarterstaff,Rey's Quarterstaff,https://www.starwars.com/films/star-wars-episode-vii-the-force-awakens,films,star-wars-episode-vii-the-force-awakens,Star Wars: The Force Awakens (Episode VII)
Weapons+Tech,616b2c0fd26c6492a01ad05b,rps-6-rocket-launcher,RPS-6 Rocket Launcher,https://www.starwars.com/series/star-wars-the-clone-wars,series,star-wars-the-clone-wars,Star Wars: The Clone Wars
Weapons+Tech,616b2c0fd26c6492a01ad05b,rps-6-rocket-launcher,RPS-6 Rocket Launcher,https://www.starwars.com/series/star-wars-rebels,series,star-wars-rebels,Star Wars Rebels
Weapons+Tech,616b30424b20b492a01ad05b,rskf-44-heavy-blaster-pistol,RSKF-44 heavy blaster pistol,https://www.starwars.com/films/solo,films,solo,Solo: A Star Wars Story
Weapons+Tech,616b303edf94f492a01ad05b,s-195-blaster-pistol,S-195 blaster pistol,https://www.starwars.com/films/solo,films,solo,Solo: A Star Wars Story
Weapons+Tech,616b29fec433c492a01ad05b,sabacc,Sabacc,https://www.starwars.com/films/solo,films,solo,Solo: A Star Wars Story
Weapons+Tech,616b29fec433c492a01ad05b,sabacc,Sabacc,https://www.starwars.com/series/star-wars-rebels,series,star-wars-rebels,Star Wars Rebels
Weapons+Tech,616b35fd44e10492a01ad05b,sabine-s-lightsaber,Sabine’s lightsaber,https://www.starwars.com/series/star-wars-ahsoka,series,star-wars-ahsoka,Ahsoka
Weapons+Tech,616b3039ddb3a492a01ad05b,se-14-blaster-pistol,SE-14 blaster pistol,https://www.starwars.com/films/rogue-one,films,rogue-one,Rogue One: A Star Wars Story
Weapons+Tech,616b3039ddb3a492a01ad05b,se-14-blaster-pistol,SE-14 blaster pistol,https://www.starwars.com/films/star-wars-episode-iv-a-new-hope,films,star-wars-episode-iv-a-new-hope,Star Wars: A New Hope (Episode IV)
Weapons+Tech,616b3039ddb3a492a01ad05b,se-14-blaster-pistol,SE-14 blaster pistol,https://www.starwars.com/films/solo,films,solo,Solo: A Star Wars Story
Weapons+Tech,616b2c5ea1999492a01ad05b,seismic-charge,Seismic Charge,https://www.starwars.com/films/star-wars-episode-ii-attack-of-the-clones,films,star-wars-episode-ii-attack-of-the-clones,Star Wars: Attack of the Clones (Episode II)
Weapons+Tech,616b2d1586fab492a01ad05b,self-propelled-heavy-artillery-turbolaser-spha-t,Self-Propelled Heavy Artillery Turbolaser (SPHA-T),https://www.starwars.com/films/star-wars-episode-ii-attack-of-the-clones,films,star-wars-episode-ii-attack-of-the-clones,Star Wars: Attack of the Clones (Episode II)
Weapons+Tech,616b25050e64c492a01ad05b,separatist-encryption-module,Separatist Encryption Module,https://www.starwars.com/series/star-wars-the-clone-wars,series,star-wars-the-clone-wars,Star Wars: The Clone Wars
Weapons+Tech,616b2ad0577f3492a01ad05b,shield-generators,Shield Generators,https://www.starwars.com/series/star-wars-rebels,series,star-wars-rebels,Star Wars Rebels
Weapons+Tech,616b2e31324e4492a01ad05b,simulator-pods,Simulator pods,https://www.starwars.com/series/star-wars-rebels,series,star-wars-rebels,Star Wars Rebels
Weapons+Tech,616b2f828f91a492a01ad05b,sinrich-optical-dephaser,Sinrich optical dephaser,https://www.starwars.com/series/star-wars-rebels,series,star-wars-rebels,Star Wars Rebels
Weapons+Tech,616b2d8b85859492a01ad05b,sith-holocron,Sith holocron,https://www.starwars.com/series/star-wars-rebels,series,star-wars-rebels,Star Wars Rebels
Weapons+Tech,616b319a78db3492a01ad05b,sith-relic,Sith Relic,https://www.starwars.com/series/star-wars-resistance,series,star-wars-resistance,Star Wars Resistance
Weapons+Tech,616b320f79e83492a01ad05b,sith-wayfinder,Sith wayfinder,https://www.starwars.com/films/star-wars-episode-ix-the-rise-of-skywalker,films,star-wars-episode-ix-the-rise-of-skywalker,Star Wars: The Rise of Skywalker (Episode IX)
Weapons+Tech,616b2c8da89c7492a01ad05b,skywalker-lightsaber,Skywalker lightsaber,https://www.starwars.com/films/star-wars-episode-iii-revenge-of-the-sith,films,star-wars-episode-iii-revenge-of-the-sith,Star Wars: Revenge of the Sith (Episode III)
Weapons+Tech,616b2c8da89c7492a01ad05b,skywalker-lightsaber,Skywalker lightsaber,https://www.starwars.com/films/star-wars-episode-ix-the-rise-of-skywalker,films,star-wars-episode-ix-the-rise-of-skywalker,Star Wars: The Rise of Skywalker (Episode IX)
Weapons+Tech,616b2c8da89c7492a01ad05b,skywalker-lightsaber,Skywalker lightsaber,https://www.starwars.com/films/star-wars-episode-iv-a-new-hope,films,star-wars-episode-iv-a-new-hope,Star Wars: A New Hope (Episode IV)
Weapons+Tech,616b2c8da89c7492a01ad05b,skywalker-lightsaber,Skywalker lightsaber,https://www.starwars.com/films/star-wars-episode-v-the-empire-strikes-back,films,star-wars-episode-v-the-empire-strikes-back,Star Wars: The Empire Strikes Back (Episode V)
Weapons+Tech,616b2c8da89c7492a01ad05b,skywalker-lightsaber,Skywalker lightsaber,https://www.starwars.com/films/star-wars-episode-viii-the-last-jedi,films,star-wars-episode-viii-the-last-jedi,Star Wars: The Last Jedi (Episode VIII)
Weapons+Tech,616b2c8da89c7492a01ad05b,skywalker-lightsaber,Skywalker lightsaber,https://www.starwars.com/films/star-wars-episode-vii-the-force-awakens,films,star-wars-episode-vii-the-force-awakens,Star Wars: The Force Awakens (Episode VII)
Weapons+Tech,616b2c8da89c7492a01ad05b,skywalker-lightsaber,Skywalker lightsaber,https://www.starwars.com/series/star-wars-the-clone-wars,series,star-wars-the-clone-wars,Star Wars: The Clone Wars
Weapons+Tech,616b2a07b81b9492a01ad05b,smoke-bomb,Smoke Bomb,https://www.starwars.com/series/star-wars-the-clone-wars,series,star-wars-the-clone-wars,Star Wars: The Clone Wars
Weapons+Tech,616b2a07b81b9492a01ad05b,smoke-bomb,Smoke Bomb,https://www.starwars.com/series/star-wars-rebels,series,star-wars-rebels,Star Wars Rebels
Weapons+Tech,616b3065b2ef8492a01ad05b,snubble-pistol,snubble pistol,https://www.starwars.com/films/solo,films,solo,Solo: A Star Wars Story
Weapons+Tech,61b18a6516492b820d203443,sol-s-lightsaber,Sol’s lightsaber,https://www.starwars.com/series/the-acolyte,series,the-acolyte,The Acolyte
Weapons+Tech,619ffb45944613fcd6a4a8b5,stun-blaster,Stun blaster,https://www.starwars.com/series/the-acolyte,series,the-acolyte,The Acolyte
Weapons+Tech,616b30bdf8f57492a01ad05b,sub-loop-spanner,Sub-loop spanner,https://www.starwars.com/series/star-wars-resistance,series,star-wars-resistance,Star Wars Resistance
Weapons+Tech,616b3013e70d9492a01ad05b,sx-21-blaster-rifle,SX-21 Blaster Rifle,https://www.starwars.com/films/solo,films,solo,Solo: A Star Wars Story
Weapons+Tech,616b298035dda492a01ad05b,t-7-ion-disruptor-rifles,T-7 Ion Disruptor Rifles,https://www.starwars.com/series/star-wars-rebels,series,star-wars-rebels,Star Wars Rebels
Weapons+Tech,616b33af9632d492a01ad05b,the-armorer-s-equipment,The Armorer's Equipment,,,,
Weapons+Tech,616b2ccfacb9c492a01ad05b,the-box,The Box,https://www.starwars.com/series/star-wars-the-clone-wars,series,star-wars-the-clone-wars,Star Wars: The Clone Wars
Weapons+Tech,616b31fe40864492a01ad05b,the-decimator,the Decimator,https://www.starwars.com/series/star-wars-the-clone-wars,series,star-wars-the-clone-wars,Star Wars: The Clone Wars
Weapons+Tech,616b2f0632e8f492a01ad05b,the-duchess,The Duchess,https://www.starwars.com/series/star-wars-rebels,series,star-wars-rebels,Star Wars Rebels
Weapons+Tech,616b29f5a0a90492a01ad05b,the-grand-inquisitor-s-lightsaber,The Grand Inquisitor's Lightsaber,https://www.starwars.com/series/star-wars-rebels,series,star-wars-rebels,Star Wars Rebels
Weapons+Tech,61b6bbf6f1dcfceec6b0e335,the-stranger-s-lightsaber,The Stranger’s lightsaber,https://www.starwars.com/series/the-acolyte,series,the-acolyte,The Acolyte
Weapons+Tech,616b2528823af492a01ad05b,thermal-detonator,Thermal Detonator,https://www.starwars.com/films/star-wars-episode-iv-a-new-hope,films,star-wars-episode-iv-a-new-hope,Star Wars: A New Hope (Episode IV)
Weapons+Tech,616b2528823af492a01ad05b,thermal-detonator,Thermal Detonator,https://www.starwars.com/films/star-wars-episode-v-the-empire-strikes-back,films,star-wars-episode-v-the-empire-strikes-back,Star Wars: The Empire Strikes Back (Episode V)
Weapons+Tech,616b2528823af492a01ad05b,thermal-detonator,Thermal Detonator,https://www.starwars.com/films/star-wars-episode-vi-return-of-the-jedi,films,star-wars-episode-vi-return-of-the-jedi,Star Wars: Return of the Jedi (Episode VI)
Weapons+Tech,616b2528823af492a01ad05b,thermal-detonator,Thermal Detonator,https://www.starwars.com/films/star-wars-episode-i-the-phantom-menace,films,star-wars-episode-i-the-phantom-menace,Star Wars: The Phantom Menace (Episode I)
Weapons+Tech,616b2528823af492a01ad05b,thermal-detonator,Thermal Detonator,https://www.starwars.com/series/star-wars-the-clone-wars,series,star-wars-the-clone-wars,Star Wars: The Clone Wars
Weapons+Tech,616b2528823af492a01ad05b,thermal-detonator,Thermal Detonator,https://www.starwars.com/series/obi-wan-kenobi,series,obi-wan-kenobi,Obi-Wan Kenobi
Weapons+Tech,616b2528823af492a01ad05b,thermal-detonator,Thermal Detonator,https://www.starwars.com/series/star-wars-rebels,series,star-wars-rebels,Star Wars Rebels
Weapons+Tech,616b32d162b02492a01ad05b,tool-caddy,tool caddy,https://www.starwars.com/series/the-mandalorian,series,the-mandalorian,The Mandalorian
Weapons+Tech,616b2ab324577492a01ad05b,training-remote,Training Remote,https://www.starwars.com/films/star-wars-episode-iv-a-new-hope,films,star-wars-episode-iv-a-new-hope,Star Wars: A New Hope (Episode IV)
Weapons+Tech,616b2ab324577492a01ad05b,training-remote,Training Remote,https://www.starwars.com/films/star-wars-episode-ii-attack-of-the-clones,films,star-wars-episode-ii-attack-of-the-clones,Star Wars: Attack of the Clones (Episode II)
Weapons+Tech,616b2ab324577492a01ad05b,training-remote,Training Remote,https://www.starwars.com/films/star-wars-episode-vii-the-force-awakens,films,star-wars-episode-vii-the-force-awakens,Star Wars: The Force Awakens (Episode VII)
Weapons+Tech,616b2ab324577492a01ad05b,training-remote,Training Remote,https://www.starwars.com/series/the-book-of-boba-fett,series,the-book-of-boba-fett,The Book of Boba Fett
Weapons+Tech,616b2ab324577492a01ad05b,training-remote,Training Remote,https://www.starwars.com/series/star-wars-the-clone-wars,series,star-wars-the-clone-wars,Star Wars: The Clone Wars
Weapons+Tech,616b2acea7ae6492a01ad05b,transponders,Transponders,https://www.starwars.com/series/star-wars-rebels,series,star-wars-rebels,Star Wars Rebels
Weapons+Tech,616b3245f8ad8492a01ad05b,trudgen-s-vibrocleaver,Trudgen’s vibrocleaver,https://www.starwars.com/films/star-wars-episode-vii-the-force-awakens,films,star-wars-episode-vii-the-force-awakens,Star Wars: The Force Awakens (Episode VII)
Weapons+Tech,616b3245f8ad8492a01ad05b,trudgen-s-vibrocleaver,Trudgen’s vibrocleaver,https://www.starwars.com/films/star-wars-episode-ix-the-rise-of-skywalker,films,star-wars-episode-ix-the-rise-of-skywalker,Star Wars: The Rise of Skywalker (Episode IX)
Weapons+Tech,616b33827d71a492a01ad05b,tusken-adze,Tusken Adze,https://www.starwars.com/series/the-book-of-boba-fett,series,the-book-of-boba-fett,The Book of Boba Fett
Weapons+Tech,616b32dc49b0d492a01ad05b,tusken-ballista,Tusken Ballista,https://www.starwars.com/series/the-mandalorian,series,the-mandalorian,The Mandalorian
Weapons+Tech,616b25368aa7f492a01ad05b,umbaran-mhc,Umbaran MHC,https://www.starwars.com/series/star-wars-the-clone-wars,series,star-wars-the-clone-wars,Star Wars: The Clone Wars
Weapons+Tech,616b324792296492a01ad05b,ushar-s-war-club,Ushar’s war club,https://www.starwars.com/films/star-wars-episode-ix-the-rise-of-skywalker,films,star-wars-episode-ix-the-rise-of-skywalker,Star Wars: The Rise of Skywalker (Episode IX)
Weapons+Tech,616b324792296492a01ad05b,ushar-s-war-club,Ushar’s war club,https://www.starwars.com/films/star-wars-episode-vii-the-force-awakens,films,star-wars-episode-vii-the-force-awakens,Star Wars: The Force Awakens (Episode VII)
Weapons+Tech,61c32634b9edfdc61d419680,vernestra-rwoh-s-lightsaber,Vernestra Rwoh’s lightsaber,https://www.starwars.com/series/the-acolyte,series,the-acolyte,The Acolyte
Weapons+Tech,616b2c8c275da492a01ad05b,vibro-ax,Vibro Ax,https://www.starwars.com/films/star-wars-episode-vi-return-of-the-jedi,films,star-wars-episode-vi-return-of-the-jedi,Star Wars: Return of the Jedi (Episode VI)
Weapons+Tech,616b2fc736635492a01ad05b,vibro-arbir-blades,vibro-arbir blades,https://www.starwars.com/films/star-wars-episode-viii-the-last-jedi,films,star-wars-episode-viii-the-last-jedi,Star Wars: The Last Jedi (Episode VIII)
Weapons+Tech,616b2fa04cfdf492a01ad05b,vibro-voulge,vibro-voulge,https://www.starwars.com/films/star-wars-episode-viii-the-last-jedi,films,star-wars-episode-viii-the-last-jedi,Star Wars: The Last Jedi (Episode VIII)
Weapons+Tech,616b32c012720492a01ad05b,vibroblade,vibroblade,https://www.starwars.com/series/the-mandalorian,series,the-mandalorian,The Mandalorian
Weapons+Tech,616b32446a652492a01ad05b,vicrul-s-scythe,Vicrul’s scythe,https://www.starwars.com/films/star-wars-episode-vii-the-force-awakens,films,star-wars-episode-vii-the-force-awakens,Star Wars: The Force Awakens (Episode VII)
Weapons+Tech,616b32446a652492a01ad05b,vicrul-s-scythe,Vicrul’s scythe,https://www.starwars.com/films/star-wars-episode-ix-the-rise-of-skywalker,films,star-wars-episode-ix-the-rise-of-skywalker,Star Wars: The Rise of Skywalker (Episode IX)
Weapons+Tech,616b253b52b0a492a01ad05b,vocal-emulator,Vocal Emulator,https://www.starwars.com/series/star-wars-the-clone-wars,series,star-wars-the-clone-wars,Star Wars: The Clone Wars
Weapons+Tech,616b32bee59ef492a01ad05b,whistling-birds,whistling birds,https://www.starwars.com/series/the-mandalorian,series,the-mandalorian,The Mandalorian
Weapons+Tech,616b2d06ea4b1492a01ad05b,yoda-s-lightsaber,Yoda's Lightsaber,https://www.starwars.com/films/star-wars-episode-iii-revenge-of-the-sith,films,star-wars-episode-iii-revenge-of-the-sith,Star Wars: Revenge of the Sith (Episode III)
Weapons+Tech,616b2d06ea4b1492a01ad05b,yoda-s-lightsaber,Yoda's Lightsaber,https://www.starwars.com/films/star-wars-episode-ii-attack-of-the-clones,films,star-wars-episode-ii-attack-of-the-clones,Star Wars: Attack of the Clones (Episode II)
Weapons+Tech,616b2d06ea4b1492a01ad05b,yoda-s-lightsaber,Yoda's Lightsaber,https://www.starwars.com/series/the-book-of-boba-fett,series,the-book-of-boba-fett,The Book of Boba Fett
Weapons+Tech,616b2d06ea4b1492a01ad05b,yoda-s-lightsaber,Yoda's Lightsaber,https://www.starwars.com/series/star-wars-the-clone-wars,series,star-wars-the-clone-wars,Star Wars: The Clone Wars
Weapons+Tech,616b2d13712f5492a01ad05b,z-6-jetpack,Z-6 Jetpack,https://www.starwars.com/films/star-wars-episode-ii-attack-of-the-clones,films,star-wars-episode-ii-attack-of-the-clones,Star Wars: Attack of the Clones (Episode II)
Weapons+Tech,616b2d13712f5492a01ad05b,z-6-jetpack,Z-6 Jetpack,https://www.starwars.com/films/star-wars-episode-vi-return-of-the-jedi,films,star-wars-episode-vi-return-of-the-jedi,Star Wars: Return of the Jedi (Episode VI)
Weapons+Tech,616b2d13712f5492a01ad05b,z-6-jetpack,Z-6 Jetpack,https://www.starwars.com/films/star-wars-episode-iv-a-new-hope,films,star-wars-episode-iv-a-new-hope,Star Wars: A New Hope (Episode IV)
Weapons+Tech,616b2d13712f5492a01ad05b,z-6-jetpack,Z-6 Jetpack,https://www.starwars.com/films/star-wars-episode-v-the-empire-strikes-back,films,star-wars-episode-v-the-empire-strikes-back,Star Wars: The Empire Strikes Back (Episode V)
Weapons+Tech,616b2d13712f5492a01ad05b,z-6-jetpack,Z-6 Jetpack,https://www.starwars.com/series/star-wars-the-clone-wars,series,star-wars-the-clone-wars,Star Wars: The Clone Wars
Weapons+Tech,616b2daf2ec47492a01ad05b,z6-riot-control-baton,Z6 Riot Control Baton,https://www.starwars.com/films/star-wars-episode-vii-the-force-awakens,films,star-wars-episode-vii-the-force-awakens,Star Wars: The Force Awakens (Episode VII)
Weapons+Tech,616b320c51a9c492a01ad05b,zorii-bliss-s-blasters,Zorii Bliss’s blasters,https://www.starwars.com/films/star-wars-episode-ix-the-rise-of-skywalker,films,star-wars-episode-ix-the-rise-of-skywalker,Star Wars: The Rise of Skywalker (Episode IX)
More,616b312fcd637492a01ad05b,the-force,The Force,https://www.starwars.com/films/star-wars-episode-iii-revenge-of-the-sith,films,star-wars-episode-iii-revenge-of-the-sith,Star Wars: Revenge of the Sith (Episode III)
More,616b312fcd637492a01ad05b,the-force,The Force,https://www.starwars.com/films/star-wars-episode-ii-attack-of-the-clones,films,star-wars-episode-ii-attack-of-the-clones,Star Wars: Attack of the Clones (Episode II)
More,616b312fcd637492a01ad05b,the-force,The Force,https://www.starwars.com/films/star-wars-episode-i-the-phantom-menace,films,star-wars-episode-i-the-phantom-menace,Star Wars: The Phantom Menace (Episode I)
More,616b312fcd637492a01ad05b,the-force,The Force,https://www.starwars.com/films/star-wars-episode-vi-return-of-the-jedi,films,star-wars-episode-vi-return-of-the-jedi,Star Wars: Return of the Jedi (Episode VI)
More,616b312fcd637492a01ad05b,the-force,The Force,https://www.starwars.com/films/star-wars-episode-ix-the-rise-of-skywalker,films,star-wars-episode-ix-the-rise-of-skywalker,Star Wars: The Rise of Skywalker (Episode IX)
More,616b312fcd637492a01ad05b,the-force,The Force,https://www.starwars.com/films/star-wars-episode-iv-a-new-hope,films,star-wars-episode-iv-a-new-hope,Star Wars: A New Hope (Episode IV)
More,616b312fcd637492a01ad05b,the-force,The Force,https://www.starwars.com/films/star-wars-episode-v-the-empire-strikes-back,films,star-wars-episode-v-the-empire-strikes-back,Star Wars: The Empire Strikes Back (Episode V)
More,616b312fcd637492a01ad05b,the-force,The Force,https://www.starwars.com/films/star-wars-episode-viii-the-last-jedi,films,star-wars-episode-viii-the-last-jedi,Star Wars: The Last Jedi (Episode VIII)
More,616b312fcd637492a01ad05b,the-force,The Force,https://www.starwars.com/films/star-wars-episode-vii-the-force-awakens,films,star-wars-episode-vii-the-force-awakens,Star Wars: The Force Awakens (Episode VII)
More,616b312fcd637492a01ad05b,the-force,The Force,https://www.starwars.com/series/star-wars-the-clone-wars,series,star-wars-the-clone-wars,Star Wars: The Clone Wars
More,616b312fcd637492a01ad05b,the-force,The Force,https://www.starwars.com/series/star-wars-rebels,series,star-wars-rebels,Star Wars Rebels
More,616b24cfea422492a01ad05b,jedi-mind-trick,Jedi Mind Trick,https://www.starwars.com/films/star-wars-episode-iv-a-new-hope,films,star-wars-episode-iv-a-new-hope,Star Wars: A New Hope (Episode IV)
More,616b24cfea422492a01ad05b,jedi-mind-trick,Jedi Mind Trick,https://www.starwars.com/films/star-wars-episode-ii-attack-of-the-clones,films,star-wars-episode-ii-attack-of-the-clones,Star Wars: Attack of the Clones (Episode II)
More,616b24cfea422492a01ad05b,jedi-mind-trick,Jedi Mind Trick,https://www.starwars.com/films/star-wars-episode-i-the-phantom-menace,films,star-wars-episode-i-the-phantom-menace,Star Wars: The Phantom Menace (Episode I)
More,616b24cfea422492a01ad05b,jedi-mind-trick,Jedi Mind Trick,https://www.starwars.com/films/star-wars-episode-vii-the-force-awakens,films,star-wars-episode-vii-the-force-awakens,Star Wars: The Force Awakens (Episode VII)
More,616b24cfea422492a01ad05b,jedi-mind-trick,Jedi Mind Trick,https://www.starwars.com/films/star-wars-episode-vi-return-of-the-jedi,films,star-wars-episode-vi-return-of-the-jedi,Star Wars: Return of the Jedi (Episode VI)
More,616b24cfea422492a01ad05b,jedi-mind-trick,Jedi Mind Trick,https://www.starwars.com/series/star-wars-the-clone-wars,series,star-wars-the-clone-wars,Star Wars: The Clone Wars
More,616b24cfea422492a01ad05b,jedi-mind-trick,Jedi Mind Trick,https://www.starwars.com/series/star-wars-rebels,series,star-wars-rebels,Star Wars Rebels
More,616b24ad4646e492a01ad05b,force-lightning,Force Lightning,https://www.starwars.com/films/star-wars-episode-ii-attack-of-the-clones,films,star-wars-episode-ii-attack-of-the-clones,Star Wars: Attack of the Clones (Episode II)
More,616b24ad4646e492a01ad05b,force-lightning,Force Lightning,https://www.starwars.com/films/star-wars-episode-vi-return-of-the-jedi,films,star-wars-episode-vi-return-of-the-jedi,Star Wars: Return of the Jedi (Episode VI)
More,616b24ad4646e492a01ad05b,force-lightning,Force Lightning,https://www.starwars.com/films/star-wars-episode-iii-revenge-of-the-sith,films,star-wars-episode-iii-revenge-of-the-sith,Star Wars: Revenge of the Sith (Episode III)
More,616b24ad4646e492a01ad05b,force-lightning,Force Lightning,https://www.starwars.com/series/star-wars-the-clone-wars,series,star-wars-the-clone-wars,Star Wars: The Clone Wars
More,616b24ab3545b492a01ad05b,force-choke,Force Choke,https://www.starwars.com/films/star-wars-episode-vi-return-of-the-jedi,films,star-wars-episode-vi-return-of-the-jedi,Star Wars: Return of the Jedi (Episode VI)
More,616b24ab3545b492a01ad05b,force-choke,Force Choke,https://www.starwars.com/films/star-wars-episode-iv-a-new-hope,films,star-wars-episode-iv-a-new-hope,Star Wars: A New Hope (Episode IV)
More,616b24ab3545b492a01ad05b,force-choke,Force Choke,https://www.starwars.com/films/star-wars-episode-v-the-empire-strikes-back,films,star-wars-episode-v-the-empire-strikes-back,Star Wars: The Empire Strikes Back (Episode V)
More,616b24ab3545b492a01ad05b,force-choke,Force Choke,https://www.starwars.com/series/star-wars-the-clone-wars,series,star-wars-the-clone-wars,Star Wars: The Clone Wars
More,616b24b2915c4492a01ad05b,force-push,Force Push,https://www.starwars.com/films/star-wars-episode-i-the-phantom-menace,films,star-wars-episode-i-the-phantom-menace,Star Wars: The Phantom Menace (Episode I)
More,616b24b2915c4492a01ad05b,force-push,Force Push,https://www.starwars.com/films/star-wars-episode-ii-attack-of-the-clones,films,star-wars-episode-ii-attack-of-the-clones,Star Wars: Attack of the Clones (Episode II)
More,616b24b2915c4492a01ad05b,force-push,Force Push,https://www.starwars.com/films/star-wars-episode-iii-revenge-of-the-sith,films,star-wars-episode-iii-revenge-of-the-sith,Star Wars: Revenge of the Sith (Episode III)
More,616b24b2915c4492a01ad05b,force-push,Force Push,https://www.starwars.com/series/star-wars-the-clone-wars,series,star-wars-the-clone-wars,Star Wars: The Clone Wars
