id,name,gender,species,dimension type,dimension size,character databank link,media type,media key,appearance name
616b34b4f2d1d492a01ad05b,"""Hyper"" Rod",unknown,unknown,,unknown,https://www.starwars.com/databank/hyper-rod,series,star-wars-the-bad-batch,Star Wars: The Bad Batch
616b34b7e840b492a01ad05b,"""Quick-Draw"" Quasar",unknown,unknown,,unknown,https://www.starwars.com/databank/quick-draw-quasar,series,star-wars-the-bad-batch,Star Wars: The Bad Batch
616b34bae19c8492a01ad05b,"""Steel Claw"" Kane",unknown,nikto,,unknown,https://www.starwars.com/databank/steel-claw-kane,series,star-wars-the-bad-batch,Star Wars: The Bad Batch
616b34b66ea8f492a01ad05b,"""The Trickster"" Flash Raktor",unknown,unknown,,unknown,https://www.starwars.com/databank/the-trickster-flash-raktor,series,star-wars-the-bad-batch,Star Wars: The Bad Batch
616b31bd480c1492a01ad05b,2BR-NTB,unknown,unknown,,unknown,https://www.starwars.com/databank/2br-ntb,series,star-wars-resistance,Star Wars Resistance
616b29405ac17492a01ad05b,4-LOM,unknown,unknown,Height,1.6m,https://www.starwars.com/databank/4-lom,films,star-wars-episode-v-the-empire-strikes-back,Star Wars: The Empire Strikes Back (Episode V)
616b30e9984af492a01ad05b,4D-M1N,unknown,unknown,,unknown,https://www.starwars.com/databank/4d-m1n,series,star-wars-resistance,Star Wars Resistance
616b31f3538ff492a01ad05b,5-L,unknown,unknown,,unknown,https://www.starwars.com/databank/5-l,series,star-wars-resistance,Star Wars Resistance
616b2941d64fd492a01ad05b,8D8,unknown,unknown,Height,1.83m,https://www.starwars.com/databank/8d8,films,star-wars-episode-vi-return-of-the-jedi,Star Wars: Return of the Jedi (Episode VI)
616b2303c9682492a01ad05b,Aayla Secura,female,twi-lek,Height,1.7m,https://www.starwars.com/databank/aayla-secura,films,star-wars-episode-ii-attack-of-the-clones,Star Wars: Attack of the Clones (Episode II)
616b2303c9682492a01ad05b,Aayla Secura,female,twi-lek,Height,1.7m,https://www.starwars.com/databank/aayla-secura,films,star-wars-episode-iii-revenge-of-the-sith,Star Wars: Revenge of the Sith (Episode III)
616b2303c9682492a01ad05b,Aayla Secura,female,twi-lek,Height,1.7m,https://www.starwars.com/databank/aayla-secura,series,star-wars-the-clone-wars,Star Wars: The Clone Wars
616b23109dba0492a01ad05b,Adi Gallia,female,tholothian,Height,1.74m,https://www.starwars.com/databank/adi-gallia,films,star-wars-episode-ii-attack-of-the-clones,Star Wars: Attack of the Clones (Episode II)
616b23109dba0492a01ad05b,Adi Gallia,female,tholothian,Height,1.74m,https://www.starwars.com/databank/adi-gallia,films,star-wars-episode-i-the-phantom-menace,Star Wars: The Phantom Menace (Episode I)
616b23109dba0492a01ad05b,Adi Gallia,female,tholothian,Height,1.74m,https://www.starwars.com/databank/adi-gallia,series,star-wars-the-clone-wars,Star Wars: The Clone Wars
616b22cce243c492a01ad05b,Admiral Ackbar,male,mon-calamari,Height,1.8m,https://www.starwars.com/databank/admiral-ackbar,films,star-wars-episode-vi-return-of-the-jedi,Star Wars: Return of the Jedi (Episode VI)
616b22cce243c492a01ad05b,Admiral Ackbar,male,mon-calamari,Height,1.8m,https://www.starwars.com/databank/admiral-ackbar,films,star-wars-episode-viii-the-last-jedi,Star Wars: The Last Jedi (Episode VIII)
616b22cce243c492a01ad05b,Admiral Ackbar,male,mon-calamari,Height,1.8m,https://www.starwars.com/databank/admiral-ackbar,films,star-wars-episode-vii-the-force-awakens,Star Wars: The Force Awakens (Episode VII)
616b22cce243c492a01ad05b,Admiral Ackbar,male,mon-calamari,Height,1.8m,https://www.starwars.com/databank/admiral-ackbar,series,star-wars-the-clone-wars,Star Wars: The Clone Wars
616b22da097f8492a01ad05b,Admiral Coburn,male,unknown,Height,1.81m,https://www.starwars.com/databank/admiral-coburn,series,star-wars-the-clone-wars,Star Wars: The Clone Wars
616b2f2bcfc94492a01ad05b,Admiral Garrick Versio,male,human,,unknown,https://www.starwars.com/databank/admiral-garrick-versio,games-apps,star-wars-battlefront-ii,Star Wars Battlefront II
616b321a5c507492a01ad05b,Admiral Griss,male,human,,unknown,https://www.starwars.com/databank/admiral-griss,films,star-wars-episode-ix-the-rise-of-skywalker,Star Wars: The Rise of Skywalker (Episode IX)
616b329743577492a01ad05b,Admiral Karius,unknown,unknown,,unknown,https://www.starwars.com/databank/admiral-karius,interactive,virtual-reality,Vader Immortal: Episode I
616b329743577492a01ad05b,Admiral Karius,unknown,unknown,,unknown,https://www.starwars.com/databank/admiral-karius,interactive,virtual-reality,Vader Immortal: Episode II
616b329743577492a01ad05b,Admiral Karius,unknown,unknown,,unknown,https://www.starwars.com/databank/admiral-karius,interactive,virtual-reality,Vader Immortal: Episode III
616b29e86ca28492a01ad05b,Admiral Kassius Konstantine,male,unknown,,unknown,https://www.starwars.com/databank/admiral-kassius-konstantine,series,star-wars-rebels,Star Wars Rebels
616b22dba29ea492a01ad05b,Admiral Kilian,male,unknown,Height,1.72m,https://www.starwars.com/databank/admiral-kilian,series,star-wars-the-clone-wars,Star Wars: The Clone Wars
616b22dd460f0492a01ad05b,Admiral Motti,male,human,Height,1.7m,https://www.starwars.com/databank/admiral-motti,films,star-wars-episode-iv-a-new-hope,Star Wars: A New Hope (Episode IV)
616b22e0e9a75492a01ad05b,Admiral Ozzel,male,unknown,Height,1.75m,https://www.starwars.com/databank/admiral-ozzel,films,star-wars-episode-v-the-empire-strikes-back,Star Wars: The Empire Strikes Back (Episode V)
616b22f42e9cb492a01ad05b,Admiral Piett,male,unknown,Height,1.65m,https://www.starwars.com/databank/admiral-piett,films,star-wars-episode-v-the-empire-strikes-back,Star Wars: The Empire Strikes Back (Episode V)
616b22f42e9cb492a01ad05b,Admiral Piett,male,unknown,Height,1.65m,https://www.starwars.com/databank/admiral-piett,films,star-wars-episode-vi-return-of-the-jedi,Star Wars: Return of the Jedi (Episode VI)
616b2eb65ad56492a01ad05b,Admiral Raddus,male,mon-calamari,Height,1.9m,https://www.starwars.com/databank/admiral-raddus,films,rogue-one,Rogue One: A Star Wars Story
616b2dead6b58492a01ad05b,Admiral Statura,male,human,Height,1.72m,https://www.starwars.com/databank/admiral-statura,films,star-wars-episode-vii-the-force-awakens,Star Wars: The Force Awakens (Episode VII)
616b22f052926492a01ad05b,Admiral Trench,male,harch,Height,1.89m,https://www.starwars.com/databank/admiral-trench,series,star-wars-the-clone-wars,Star Wars: The Clone Wars
616b34d1dc6eb492a01ad05b,Ady Sun Zee,unknown,unknown,,unknown,https://www.starwars.com/databank/ady-sun-zee,games-apps,star-wars-tales-from-the-galaxy-s-edge,Star Wars: Tales from the Galaxy s Edge
616b304cde9e5492a01ad05b,Aemon Gremm,male,hylobon,Height,1.93m,https://www.starwars.com/databank/aemon-gremm,films,solo,Solo: A Star Wars Story
616b31eec5b42492a01ad05b,Aeosian Queen,unknown,unknown,,unknown,https://www.starwars.com/databank/aeosian-queen,series,star-wars-resistance,Star Wars Resistance
616b31ce1a6b1492a01ad05b,Aftab Ackbar,male,mon-calamari,,unknown,https://www.starwars.com/databank/aftab-ackbar,films,star-wars-episode-ix-the-rise-of-skywalker,Star Wars: The Rise of Skywalker (Episode IX)
616b2a5fb94b6492a01ad05b,Agen Kolar,male,zabrak,Height,1.7m,https://www.starwars.com/databank/agen-kolar,films,star-wars-episode-iii-revenge-of-the-sith,Star Wars: Revenge of the Sith (Episode III)
616b2a5fb94b6492a01ad05b,Agen Kolar,male,zabrak,Height,1.7m,https://www.starwars.com/databank/agen-kolar,films,star-wars-episode-ii-attack-of-the-clones,Star Wars: Attack of the Clones (Episode II)
616b2a5fb94b6492a01ad05b,Agen Kolar,male,zabrak,Height,1.7m,https://www.starwars.com/databank/agen-kolar,series,star-wars-the-clone-wars,Star Wars: The Clone Wars
616b2f2a5de09492a01ad05b,Agent Del Meeko,male,human,,unknown,https://www.starwars.com/databank/agent-del-meeko,games-apps,star-wars-battlefront-ii,Star Wars Battlefront II
616b2f28e2af6492a01ad05b,Agent Gideon Hask,male,human,,unknown,https://www.starwars.com/databank/agent-gideon-hask,games-apps,star-wars-battlefront-ii,Star Wars Battlefront II
616b314159307492a01ad05b,Agent Tierny,female,unknown,,unknown,https://www.starwars.com/databank/agent-tierny,series,star-wars-resistance,Star Wars Resistance
616b22a5101d9492a01ad05b,Ahsoka Tano,female,togruta,Height,1.79m,https://www.starwars.com/databank/ahsoka-tano,series,the-mandalorian,The Mandalorian
616b22a5101d9492a01ad05b,Ahsoka Tano,female,togruta,Height,1.79m,https://www.starwars.com/databank/ahsoka-tano,series,the-book-of-boba-fett,The Book of Boba Fett
616b22a5101d9492a01ad05b,Ahsoka Tano,female,togruta,Height,1.79m,https://www.starwars.com/databank/ahsoka-tano,series,star-wars-the-clone-wars,Star Wars: The Clone Wars
616b22a5101d9492a01ad05b,Ahsoka Tano,female,togruta,Height,1.79m,https://www.starwars.com/databank/ahsoka-tano,series,star-wars-rebels,Star Wars Rebels
616b22a5101d9492a01ad05b,Ahsoka Tano,female,togruta,Height,1.79m,https://www.starwars.com/databank/ahsoka-tano,series,tales-of-the-jedi,Tales of the Jedi
616b22a5101d9492a01ad05b,Ahsoka Tano,female,togruta,Height,1.79m,https://www.starwars.com/databank/ahsoka-tano,series,star-wars-ahsoka,Ahsoka
616b37f0b4fd8492a01ad05b,Ailish,unknown,tarlafar,,unknown,https://www.starwars.com/databank/ailish,series,star-wars-the-bad-batch,Star Wars: The Bad Batch
616b31c971bc4492a01ad05b,Albrekh,male,unknown,,unknown,https://www.starwars.com/databank/albrekh,films,star-wars-episode-ix-the-rise-of-skywalker,Star Wars: The Rise of Skywalker (Episode IX)
616b2fa65bf71492a01ad05b,Alcida-Auka,female,lanai,,unknown,https://www.starwars.com/databank/alcida-auka,films,star-wars-episode-viii-the-last-jedi,Star Wars: The Last Jedi (Episode VIII)
616b295df68e1492a01ad05b,Alexsandr Kallus,male,unknown,,unknown,https://www.starwars.com/databank/alexsandr-kallus,series,star-wars-rebels,Star Wars Rebels
616b2c4fbe46a492a01ad05b,Alora,female,human,,unknown,https://www.starwars.com/databank/alora,series,star-wars-rebels,Star Wars Rebels
616b2f03387d2492a01ad05b,Alrich Wren,male,human,,unknown,https://www.starwars.com/databank/alrich-wren,series,star-wars-rebels,Star Wars Rebels
616b2c1cc41d2492a01ad05b,Alton Kastle,male,human,,unknown,https://www.starwars.com/databank/alton-kastle,series,star-wars-rebels,Star Wars Rebels
616b29859541a492a01ad05b,Amda Wabo,male,unknown,,unknown,https://www.starwars.com/databank/amda-wabo,series,star-wars-rebels,Star Wars Rebels
616b2f36ad8a1492a01ad05b,Amilyn Holdo,female,human,,unknown,https://www.starwars.com/databank/amilyn-holdo,films,star-wars-episode-viii-the-last-jedi,Star Wars: The Last Jedi (Episode VIII)
616b22e8b997a492a01ad05b,Amis,male,unknown,,unknown,https://www.starwars.com/databank/amis,series,star-wars-the-clone-wars,Star Wars: The Clone Wars
616b22adf8ab1492a01ad05b,Anakin Skywalker,unknown,unknown,Height,1.88m,https://www.starwars.com/databank/anakin-skywalker,films,star-wars-episode-i-the-phantom-menace,Star Wars: The Phantom Menace (Episode I)
616b22adf8ab1492a01ad05b,Anakin Skywalker,unknown,unknown,Height,1.88m,https://www.starwars.com/databank/anakin-skywalker,films,star-wars-episode-ii-attack-of-the-clones,Star Wars: Attack of the Clones (Episode II)
616b22adf8ab1492a01ad05b,Anakin Skywalker,unknown,unknown,Height,1.88m,https://www.starwars.com/databank/anakin-skywalker,films,star-wars-episode-vi-return-of-the-jedi,Star Wars: Return of the Jedi (Episode VI)
616b22adf8ab1492a01ad05b,Anakin Skywalker,unknown,unknown,Height,1.88m,https://www.starwars.com/databank/anakin-skywalker,films,star-wars-episode-iii-revenge-of-the-sith,Star Wars: Revenge of the Sith (Episode III)
616b22adf8ab1492a01ad05b,Anakin Skywalker,unknown,unknown,Height,1.88m,https://www.starwars.com/databank/anakin-skywalker,series,obi-wan-kenobi,Obi-Wan Kenobi
616b22adf8ab1492a01ad05b,Anakin Skywalker,unknown,unknown,Height,1.88m,https://www.starwars.com/databank/anakin-skywalker,series,star-wars-the-clone-wars,Star Wars: The Clone Wars
616b22adf8ab1492a01ad05b,Anakin Skywalker,unknown,unknown,Height,1.88m,https://www.starwars.com/databank/anakin-skywalker,series,star-wars-rebels,Star Wars Rebels
616b22adf8ab1492a01ad05b,Anakin Skywalker,unknown,unknown,Height,1.88m,https://www.starwars.com/databank/anakin-skywalker,series,tales-of-the-jedi,Tales of the Jedi
616b22adf8ab1492a01ad05b,Anakin Skywalker,unknown,unknown,Height,1.88m,https://www.starwars.com/databank/anakin-skywalker,series,star-wars-ahsoka,Ahsoka
616b22adf8ab1492a01ad05b,Anakin Skywalker,unknown,unknown,Height,1.88m,https://www.starwars.com/databank/anakin-skywalker,games-apps,galactic-spy,Galactic Spy
616b22adf8ab1492a01ad05b,Anakin Skywalker,unknown,unknown,Height,1.88m,https://www.starwars.com/databank/anakin-skywalker,games-apps,disney-infinity-3-0-character-quest,Disney Infinity 3 0 - Character Quest
616b2d7a63a63492a01ad05b,AP-5,unknown,unknown,,unknown,https://www.starwars.com/databank/ap-5,series,star-wars-rebels,Star Wars Rebels
616b2a54abc79492a01ad05b,Appo,male,unknown,Height,1.83m,https://www.starwars.com/databank/appo,films,star-wars-episode-iii-revenge-of-the-sith,Star Wars: Revenge of the Sith (Episode III)
616b2a54abc79492a01ad05b,Appo,male,unknown,Height,1.83m,https://www.starwars.com/databank/appo,series,star-wars-the-clone-wars,Star Wars: The Clone Wars
616b3227fe8bf492a01ad05b,Ap Lek,male,unknown,,unknown,https://www.starwars.com/databank/ap-lek,films,star-wars-episode-ix-the-rise-of-skywalker,Star Wars: The Rise of Skywalker (Episode IX)
616b3227fe8bf492a01ad05b,Ap Lek,male,unknown,,unknown,https://www.starwars.com/databank/ap-lek,films,star-wars-episode-vii-the-force-awakens,Star Wars: The Force Awakens (Episode VII)
616b2fa9d9350492a01ad05b,Arashell Sar,female,human,,unknown,https://www.starwars.com/databank/arashell-sar,films,star-wars-episode-viii-the-last-jedi,Star Wars: The Last Jedi (Episode VIII)
616b230b2c0ac492a01ad05b,ARC Trooper Fives,male,unknown,Height,1.83m,https://www.starwars.com/databank/arc-trooper-fives,series,star-wars-the-clone-wars,Star Wars: The Clone Wars
616b329f1033f492a01ad05b,Ardo Barodai,unknown,mon-calamari,,unknown,https://www.starwars.com/databank/ardo-barodai,games-apps,star-wars-squadrons,Star Wars: Squadrons
616b307de6f54492a01ad05b,Argus  Six Eyes  Panox,male,unknown,,unknown,https://www.starwars.com/databank/argus-six-eyes-panox,films,solo,Solo: A Star Wars Story
616b3449daea0492a01ad05b,Arvel Skeen,unknown,unknown,,unknown,https://www.starwars.com/databank/arvel-skeen,series,andor,Andor
616b2329e24f9492a01ad05b,Asajj Ventress,female,dathomirian,Height,1.79m,https://www.starwars.com/databank/asajj-ventress,series,star-wars-the-bad-batch,Star Wars: The Bad Batch
616b2329e24f9492a01ad05b,Asajj Ventress,female,dathomirian,Height,1.79m,https://www.starwars.com/databank/asajj-ventress,series,star-wars-the-clone-wars,Star Wars: The Clone Wars
616b2c6fd77d7492a01ad05b,Ask Aak,male,gran,,unknown,https://www.starwars.com/databank/ask-aak,films,star-wars-episode-ii-attack-of-the-clones,Star Wars: Attack of the Clones (Episode II)
616b23163d780492a01ad05b,Atai Molec,unknown,zygerrian,,unknown,https://www.starwars.com/databank/atai-molec,series,star-wars-the-clone-wars,Star Wars: The Clone Wars
616b2dd459b9d492a01ad05b,Athgar Heece,unknown,unknown,,unknown,https://www.starwars.com/databank/athgar-heece,films,star-wars-episode-vii-the-force-awakens,Star Wars: The Force Awakens (Episode VII)
616b30a8f759d492a01ad05b,Aunt Z,female,unknown,,unknown,https://www.starwars.com/databank/aunt-z,series,star-wars-resistance,Star Wars Resistance
616b304e5f8b8492a01ad05b,Aurodia Ventafoli,female,human,Height,1.81m,https://www.starwars.com/databank/aurodia-ventafoli,films,solo,Solo: A Star Wars Story
616b26e370573492a01ad05b,Aurra Sing,female,palliduvan,Height,1.83m,https://www.starwars.com/databank/aurra-sing,films,star-wars-episode-i-the-phantom-menace,Star Wars: The Phantom Menace (Episode I)
616b26e370573492a01ad05b,Aurra Sing,female,palliduvan,Height,1.83m,https://www.starwars.com/databank/aurra-sing,series,star-wars-the-clone-wars,Star Wars: The Clone Wars
616b31becb4ef492a01ad05b,Ax Tagrin,male,iktotchi,,unknown,https://www.starwars.com/databank/ax-tagrin,series,star-wars-resistance,Star Wars Resistance
616b29dd727d9492a01ad05b,AZI-3,unknown,unknown,,unknown,https://www.starwars.com/databank/azi-3,series,star-wars-the-clone-wars,Star Wars: The Clone Wars
616b29dd727d9492a01ad05b,AZI-3,unknown,unknown,,unknown,https://www.starwars.com/databank/azi-3,series,star-wars-the-bad-batch,Star Wars: The Bad Batch
616b29f8cbd89492a01ad05b,Azmorigan,male,jablogian,,unknown,https://www.starwars.com/databank/azmorigan,series,star-wars-rebels,Star Wars Rebels
616b2b8c25d36492a01ad05b,B-U4D (Buford),unknown,unknown,Height,1.75m,https://www.starwars.com/databank/b-u4d-buford,films,star-wars-episode-vii-the-force-awakens,Star Wars: The Force Awakens (Episode VII)
616b31c7e6b4d492a01ad05b,B1,unknown,unknown,,unknown,https://www.starwars.com/databank/b1,series,star-wars-resistance,Star Wars Resistance
616b341d832bf492a01ad05b,B2EMO,unknown,unknown,,unknown,https://www.starwars.com/databank/b2emo,series,andor,Andor
616b31b0cf53d492a01ad05b,Babu Frik,unknown,unknown,,unknown,https://www.starwars.com/databank/babu-frik,films,star-wars-episode-ix-the-rise-of-skywalker,Star Wars: The Rise of Skywalker (Episode IX)
616b34a412574492a01ad05b,Babwa Venomor,unknown,trandoshan,,unknown,https://www.starwars.com/databank/babwa-venomor,series,star-wars-the-bad-batch,Star Wars: The Bad Batch
616b233152cf0492a01ad05b,Bail Organa,male,unknown,Height,1.99m,https://www.starwars.com/databank/bail-organa,films,rogue-one,Rogue One: A Star Wars Story
616b233152cf0492a01ad05b,Bail Organa,male,unknown,Height,1.99m,https://www.starwars.com/databank/bail-organa,films,star-wars-episode-ii-attack-of-the-clones,Star Wars: Attack of the Clones (Episode II)
616b233152cf0492a01ad05b,Bail Organa,male,unknown,Height,1.99m,https://www.starwars.com/databank/bail-organa,films,star-wars-episode-iii-revenge-of-the-sith,Star Wars: Revenge of the Sith (Episode III)
616b233152cf0492a01ad05b,Bail Organa,male,unknown,Height,1.99m,https://www.starwars.com/databank/bail-organa,series,obi-wan-kenobi,Obi-Wan Kenobi
616b233152cf0492a01ad05b,Bail Organa,male,unknown,Height,1.99m,https://www.starwars.com/databank/bail-organa,series,star-wars-the-clone-wars,Star Wars: The Clone Wars
616b233152cf0492a01ad05b,Bail Organa,male,unknown,Height,1.99m,https://www.starwars.com/databank/bail-organa,series,star-wars-the-bad-batch,Star Wars: The Bad Batch
616b233152cf0492a01ad05b,Bail Organa,male,unknown,Height,1.99m,https://www.starwars.com/databank/bail-organa,series,star-wars-rebels,Star Wars Rebels
616b233152cf0492a01ad05b,Bail Organa,male,unknown,Height,1.99m,https://www.starwars.com/databank/bail-organa,series,tales-of-the-jedi,Tales of the Jedi
616b2cbd7de22492a01ad05b,Bala-Tik,male,human,Height,1.8m,https://www.starwars.com/databank/bala-tik,films,star-wars-episode-vii-the-force-awakens,Star Wars: The Force Awakens (Episode VII)
616b2b9edd707492a01ad05b,Barada,unknown,unknown,Height,1.7m,https://www.starwars.com/databank/barada,films,star-wars-episode-vi-return-of-the-jedi,Star Wars: Return of the Jedi (Episode VI)
616b2fb3e255a492a01ad05b,Bargwill Tomder,male,cloddogran,,unknown,https://www.starwars.com/databank/bargwill-tomder,films,star-wars-episode-viii-the-last-jedi,Star Wars: The Last Jedi (Episode VIII)
616b2fb8c33ce492a01ad05b,Baron Yasto Attsmun,male,unknown,,unknown,https://www.starwars.com/databank/baron-attsmun,films,star-wars-episode-viii-the-last-jedi,Star Wars: The Last Jedi (Episode VIII)
616b23394f7c7492a01ad05b,Barriss Offee,female,mirialan,Height,1.66m,https://www.starwars.com/databank/barriss-offee,films,star-wars-episode-ii-attack-of-the-clones,Star Wars: Attack of the Clones (Episode II)
616b23394f7c7492a01ad05b,Barriss Offee,female,mirialan,Height,1.66m,https://www.starwars.com/databank/barriss-offee,series,star-wars-the-clone-wars,Star Wars: The Clone Wars
616b23394f7c7492a01ad05b,Barriss Offee,female,mirialan,Height,1.66m,https://www.starwars.com/databank/barriss-offee,series,tales-of-the-empire,Tales of the Empire
616b36792acc8492a01ad05b,Batcher,unknown,unknown,,unknown,https://www.starwars.com/databank/batcher,series,star-wars-the-bad-batch,Star Wars: The Bad Batch
616b235ba7336492a01ad05b,Battle Droid 513,unknown,unknown,Height,3.39m,https://www.starwars.com/databank/battle-droid-513,series,star-wars-the-clone-wars,Star Wars: The Clone Wars
616b352150641492a01ad05b,Baylan Skoll,unknown,unknown,,unknown,https://www.starwars.com/databank/baylan-skoll,series,star-wars-ahsoka,Ahsoka
616b37e890fe4492a01ad05b,Bayrn,unknown,tarlafar,,unknown,https://www.starwars.com/databank/bayrn,series,star-wars-the-bad-batch,Star Wars: The Bad Batch
616b2e05139d8492a01ad05b,Baze Malbus,male,unknown,,unknown,https://www.starwars.com/databank/baze-malbus,films,rogue-one,Rogue One: A Star Wars Story
616b2e05139d8492a01ad05b,Baze Malbus,male,unknown,,unknown,https://www.starwars.com/databank/baze-malbus,games-apps,rogue-one-boots-on-the-ground-star-wars-arcade,Rogue One: Boots on the Ground - Star Wars Arcade
61b18a632f29e0f4def51cd7,Bazil,unknown,tynnan,Height,1.17m,https://www.starwars.com/databank/bazil,series,the-acolyte,The Acolyte
616b2d9a4f0bd492a01ad05b,Bazine Netal,female,unknown,,unknown,https://www.starwars.com/databank/bazine-netal,films,star-wars-episode-vii-the-force-awakens,Star Wars: The Force Awakens (Episode VII)
616b2b6ca415f492a01ad05b,BB-8,unknown,unknown,Height,0.67m,https://www.starwars.com/databank/bb-8,films,star-wars-episode-vii-the-force-awakens,Star Wars: The Force Awakens (Episode VII)
616b2b6ca415f492a01ad05b,BB-8,unknown,unknown,Height,0.67m,https://www.starwars.com/databank/bb-8,films,star-wars-episode-ix-the-rise-of-skywalker,Star Wars: The Rise of Skywalker (Episode IX)
616b2b6ca415f492a01ad05b,BB-8,unknown,unknown,Height,0.67m,https://www.starwars.com/databank/bb-8,films,star-wars-episode-viii-the-last-jedi,Star Wars: The Last Jedi (Episode VIII)
616b2b6ca415f492a01ad05b,BB-8,unknown,unknown,Height,0.67m,https://www.starwars.com/databank/bb-8,Appearances,star-wars-forces-of-destiny,Star Wars: Forces of Destiny
616b2b6ca415f492a01ad05b,BB-8,unknown,unknown,Height,0.67m,https://www.starwars.com/databank/bb-8,games-apps,x-wing-fighter-star-wars-arcade,X-wing Fighter - Star Wars Arcade
616b2b6ca415f492a01ad05b,BB-8,unknown,unknown,Height,0.67m,https://www.starwars.com/databank/bb-8,games-apps,pin-pin-hooray-,Pin Pin Hooray 
616b2b6ca415f492a01ad05b,BB-8,unknown,unknown,Height,0.67m,https://www.starwars.com/databank/bb-8,games-apps,star-wars-puzzle-droid,Star Wars: Puzzle Droid
616b2ef9eb500492a01ad05b,BB-9E,unknown,unknown,,unknown,https://www.starwars.com/databank/bb-9e,films,star-wars-episode-viii-the-last-jedi,Star Wars: The Last Jedi (Episode VIII)
616b314cd9909492a01ad05b,BD-1,unknown,unknown,,unknown,https://www.starwars.com/databank/bd-1,games-apps,star-wars-jedi-fallen-order,Star Wars Jedi: Fallen Order
616b31cc88de3492a01ad05b,Beaumont Kin,male,human,,unknown,https://www.starwars.com/databank/beaumont-kin,films,star-wars-episode-ix-the-rise-of-skywalker,Star Wars: The Rise of Skywalker (Episode IX)
616b2e97f51dd492a01ad05b,Beezer Fortuna,male,twi-lek,,unknown,https://www.starwars.com/databank/beezer-fortuna,films,rogue-one,Rogue One: A Star Wars Story
616b235d2d9af492a01ad05b,Ben Quadinaros,male,toong,Height,1.63m,https://www.starwars.com/databank/ben-quadinaros,films,star-wars-episode-i-the-phantom-menace,Star Wars: The Phantom Menace (Episode I)
616b2e13d483b492a01ad05b,Bendu,male,unknown,,unknown,https://www.starwars.com/databank/bendu,series,star-wars-rebels,Star Wars Rebels
616b34e562164492a01ad05b,Benni Baro,unknown,unknown,,unknown,https://www.starwars.com/databank/benni-baro,series,star-wars-the-bad-batch,Star Wars: The Bad Batch
616b34812e34a492a01ad05b,Benthic Two Tubes,unknown,unknown,,unknown,https://www.starwars.com/databank/benthic-two-tubes,series,andor,Andor
616b235ed4bce492a01ad05b,Beru Lars,female,unknown,Height,1.65m,https://www.starwars.com/databank/beru-lars,films,star-wars-episode-ii-attack-of-the-clones,Star Wars: Attack of the Clones (Episode II)
616b235ed4bce492a01ad05b,Beru Lars,female,unknown,Height,1.65m,https://www.starwars.com/databank/beru-lars,films,star-wars-episode-iv-a-new-hope,Star Wars: A New Hope (Episode IV)
616b235ed4bce492a01ad05b,Beru Lars,female,unknown,Height,1.65m,https://www.starwars.com/databank/beru-lars,films,star-wars-episode-iii-revenge-of-the-sith,Star Wars: Revenge of the Sith (Episode III)
616b235ed4bce492a01ad05b,Beru Lars,female,unknown,Height,1.65m,https://www.starwars.com/databank/beru-lars,series,obi-wan-kenobi,Obi-Wan Kenobi
616b2c24ef1b4492a01ad05b,BG-81,unknown,unknown,,unknown,https://www.starwars.com/databank/bg-81,series,star-wars-rebels,Star Wars Rebels
616b2372b8e6a492a01ad05b,Bib Fortuna,male,twi-lek,Height,1.8m,https://www.starwars.com/databank/bib-fortuna,films,star-wars-episode-vi-return-of-the-jedi,Star Wars: Return of the Jedi (Episode VI)
616b2372b8e6a492a01ad05b,Bib Fortuna,male,twi-lek,Height,1.8m,https://www.starwars.com/databank/bib-fortuna,films,star-wars-episode-i-the-phantom-menace,Star Wars: The Phantom Menace (Episode I)
616b2372b8e6a492a01ad05b,Bib Fortuna,male,twi-lek,Height,1.8m,https://www.starwars.com/databank/bib-fortuna,series,the-book-of-boba-fett,The Book of Boba Fett
616b310e89c7a492a01ad05b,Bibo,male,unknown,,unknown,https://www.starwars.com/databank/bibo,series,star-wars-resistance,Star Wars Resistance
616b316c94cd5492a01ad05b,Big Al,male,human,,unknown,https://www.starwars.com/databank/big-al,series,star-wars-resistance,Star Wars Resistance
616b26ead0f0d492a01ad05b,Biggs Darklighter,male,unknown,Height,1.83m,https://www.starwars.com/databank/biggs-darklighter,films,star-wars-episode-iv-a-new-hope,Star Wars: A New Hope (Episode IV)
616b347f28d35492a01ad05b,Birnok,unknown,unknown,,unknown,https://www.starwars.com/databank/birnok,series,andor,Andor
616b2e6a37d2d492a01ad05b,Bistan,male,unknown,,unknown,https://www.starwars.com/databank/bistan,films,rogue-one,Rogue One: A Star Wars Story
616b3111a4bdf492a01ad05b,Bitey,unknown,unknown,,unknown,https://www.starwars.com/databank/bitey,series,star-wars-resistance,Star Wars Resistance
616b341b59c01492a01ad05b,Bix Caleen,unknown,unknown,,unknown,https://www.starwars.com/databank/bix-caleen,series,andor,Andor
616b26ee4196e492a01ad05b,BNI-393,unknown,unknown,Height,1.26m,https://www.starwars.com/databank/bni-393,series,star-wars-the-clone-wars,Star Wars: The Clone Wars
616b309e51092492a01ad05b,Bo Keevil,male,kel-dor,,unknown,https://www.starwars.com/databank/bo-keevil,series,star-wars-resistance,Star Wars Resistance
616b26efdcc90492a01ad05b,Bo-Katan Kryze,female,human,Height,1.8m,https://www.starwars.com/databank/bo-katan-kryze,series,the-mandalorian,The Mandalorian
616b26efdcc90492a01ad05b,Bo-Katan Kryze,female,human,Height,1.8m,https://www.starwars.com/databank/bo-katan-kryze,series,star-wars-the-clone-wars,Star Wars: The Clone Wars
616b26efdcc90492a01ad05b,Bo-Katan Kryze,female,human,Height,1.8m,https://www.starwars.com/databank/bo-katan-kryze,series,star-wars-rebels,Star Wars Rebels
616b235274eee492a01ad05b,Boba Fett,male,human,Height,1.83m,https://www.starwars.com/databank/boba-fett,films,star-wars-episode-v-the-empire-strikes-back,Star Wars: The Empire Strikes Back (Episode V)
616b235274eee492a01ad05b,Boba Fett,male,human,Height,1.83m,https://www.starwars.com/databank/boba-fett,films,star-wars-episode-ii-attack-of-the-clones,Star Wars: Attack of the Clones (Episode II)
616b235274eee492a01ad05b,Boba Fett,male,human,Height,1.83m,https://www.starwars.com/databank/boba-fett,films,star-wars-episode-vi-return-of-the-jedi,Star Wars: Return of the Jedi (Episode VI)
616b235274eee492a01ad05b,Boba Fett,male,human,Height,1.83m,https://www.starwars.com/databank/boba-fett,films,star-wars-episode-iv-a-new-hope,Star Wars: A New Hope (Episode IV)
616b235274eee492a01ad05b,Boba Fett,male,human,Height,1.83m,https://www.starwars.com/databank/boba-fett,series,the-book-of-boba-fett,The Book of Boba Fett
616b235274eee492a01ad05b,Boba Fett,male,human,Height,1.83m,https://www.starwars.com/databank/boba-fett,series,star-wars-the-clone-wars,Star Wars: The Clone Wars
616b235274eee492a01ad05b,Boba Fett,male,human,Height,1.83m,https://www.starwars.com/databank/boba-fett,series,the-mandalorian,The Mandalorian
616b235274eee492a01ad05b,Boba Fett,male,human,Height,1.83m,https://www.starwars.com/databank/boba-fett,games-apps,a-sticker-book-far-far-away,A Sticker Book Far  Far Away
616b235274eee492a01ad05b,Boba Fett,male,human,Height,1.83m,https://www.starwars.com/databank/boba-fett,games-apps,star-wars-battlefront,Star Wars: Battlefront
616b235274eee492a01ad05b,Boba Fett,male,human,Height,1.83m,https://www.starwars.com/databank/boba-fett,games-apps,star-wars-rivals,Star Wars: Rivals
616b2dd5dd9fb492a01ad05b,Bobbajo,male,unknown,,unknown,https://www.starwars.com/databank/bobbajo,films,star-wars-episode-vii-the-force-awakens,Star Wars: The Force Awakens (Episode VII)
616b34dd78a9f492a01ad05b,Bode Akuna,unknown,unknown,,unknown,https://www.starwars.com/databank/bode-akuna,games-apps,star-wars-jedi-survivor,Star Wars Jedi: Survivor
616b2dfac01d4492a01ad05b,Bodhi Rook,male,unknown,,unknown,https://www.starwars.com/databank/bodhi-rook,films,rogue-one,Rogue One: A Star Wars Story
616b26f5851f7492a01ad05b,Bolla Ropal,male,rodian,Height,1.75m,https://www.starwars.com/databank/bolla-ropal,series,star-wars-the-clone-wars,Star Wars: The Clone Wars
616b2dc13afcb492a01ad05b,Bollie Prindel,unknown,unknown,,unknown,https://www.starwars.com/databank/bollie-prindel,films,star-wars-episode-viii-the-last-jedi,Star Wars: The Last Jedi (Episode VIII)
616b2dc13afcb492a01ad05b,Bollie Prindel,unknown,unknown,,unknown,https://www.starwars.com/databank/bollie-prindel,films,star-wars-episode-vii-the-force-awakens,Star Wars: The Force Awakens (Episode VII)
616b3348e9517492a01ad05b,Bolo,male,ithorians,,unknown,https://www.starwars.com/databank/bolo,series,star-wars-the-bad-batch,Star Wars: The Bad Batch
616b30b4171f5492a01ad05b,Bolza Grool,male,klatooinian,,unknown,https://www.starwars.com/databank/bolza-grool,series,star-wars-resistance,Star Wars Resistance
616b32015788f492a01ad05b,Boolio,male,unknown,Height,1.78m,https://www.starwars.com/databank/boolio,films,star-wars-episode-ix-the-rise-of-skywalker,Star Wars: The Rise of Skywalker (Episode IX)
616b34bc646ba492a01ad05b,"Bosco ""The Mad Bomber"" Brix",unknown,nikto,,unknown,https://www.starwars.com/databank/bosco-the-mad-bomber-brix,series,star-wars-the-bad-batch,Star Wars: The Bad Batch
616b2b389be13492a01ad05b,BoShek,male,unknown,,unknown,https://www.starwars.com/databank/boshek,films,star-wars-episode-iv-a-new-hope,Star Wars: A New Hope (Episode IV)
616b26f7603e4492a01ad05b,Boss Lyonie,male,gungan,Height,2.22m,https://www.starwars.com/databank/boss-lyonie,series,star-wars-the-clone-wars,Star Wars: The Clone Wars
616b26f92146c492a01ad05b,Boss Nass,male,gungan,Height,2.06m,https://www.starwars.com/databank/boss-nass,films,star-wars-episode-iii-revenge-of-the-sith,Star Wars: Revenge of the Sith (Episode III)
616b26f92146c492a01ad05b,Boss Nass,male,gungan,Height,2.06m,https://www.starwars.com/databank/boss-nass,films,star-wars-episode-i-the-phantom-menace,Star Wars: The Phantom Menace (Episode I)
616b26fec502b492a01ad05b,Bossk,male,trandoshan,Height,2.06m,https://www.starwars.com/databank/bossk,films,star-wars-episode-v-the-empire-strikes-back,Star Wars: The Empire Strikes Back (Episode V)
616b26fec502b492a01ad05b,Bossk,male,trandoshan,Height,2.06m,https://www.starwars.com/databank/bossk,films,star-wars-episode-vi-return-of-the-jedi,Star Wars: Return of the Jedi (Episode VI)
616b26fec502b492a01ad05b,Bossk,male,trandoshan,Height,2.06m,https://www.starwars.com/databank/bossk,series,star-wars-the-clone-wars,Star Wars: The Clone Wars
616b3436d7dda492a01ad05b,Brasso,unknown,unknown,,unknown,https://www.starwars.com/databank/brasso,series,andor,Andor
616b2c40e5987492a01ad05b,Brom Titus,male,unknown,,unknown,https://www.starwars.com/databank/brom-titus,series,star-wars-rebels,Star Wars Rebels
616b2bbaf355f492a01ad05b,Brother Viscus,male,dathomirian,Height,1.88m,https://www.starwars.com/databank/brother-viscus,series,star-wars-the-clone-wars,Star Wars: The Clone Wars
616b3068c57ac492a01ad05b,Bucket (R1-J5),unknown,unknown,,unknown,https://www.starwars.com/databank/bucket-r1-j5,series,star-wars-resistance,Star Wars Resistance
616b310526253492a01ad05b,Buggles,male,unknown,,unknown,https://www.starwars.com/databank/buggles,series,star-wars-resistance,Star Wars Resistance
616b27054fbe4492a01ad05b,Bulduga,male,ithorians,Height,2.27m,https://www.starwars.com/databank/bulduga,series,star-wars-the-clone-wars,Star Wars: The Clone Wars
616b2a6353ade492a01ad05b,Bultar Swan,female,human,Height,1.68m,https://www.starwars.com/databank/bultar-swan,films,star-wars-episode-ii-attack-of-the-clones,Star Wars: Attack of the Clones (Episode II)
616b3291a1110492a01ad05b,Burg,male,devaronian,,unknown,https://www.starwars.com/databank/burg,series,the-mandalorian,The Mandalorian
616b2706ee534492a01ad05b,Byph,male,ithorians,Height,1.22m,https://www.starwars.com/databank/byph,series,star-wars-the-clone-wars,Star Wars: The Clone Wars
616b2f6efdfb1492a01ad05b,C ai Threnalli,male,abednedo,,unknown,https://www.starwars.com/databank/c-ai-threnalli,films,star-wars-episode-viii-the-last-jedi,Star Wars: The Last Jedi (Episode VIII)
616b270872996492a01ad05b,C-21 Highsinger,unknown,unknown,Height,2.25m,https://www.starwars.com/databank/c-21-highsinger,series,star-wars-the-clone-wars,Star Wars: The Clone Wars
616b2378b6e91492a01ad05b,C-3PO (See-Threepio),unknown,unknown,Height,1.77m,https://www.starwars.com/databank/c-3po,films,star-wars-episode-vii-the-force-awakens,Star Wars: The Force Awakens (Episode VII)
616b2378b6e91492a01ad05b,C-3PO (See-Threepio),unknown,unknown,Height,1.77m,https://www.starwars.com/databank/c-3po,films,star-wars-episode-iv-a-new-hope,Star Wars: A New Hope (Episode IV)
616b2378b6e91492a01ad05b,C-3PO (See-Threepio),unknown,unknown,Height,1.77m,https://www.starwars.com/databank/c-3po,films,rogue-one,Rogue One: A Star Wars Story
616b2378b6e91492a01ad05b,C-3PO (See-Threepio),unknown,unknown,Height,1.77m,https://www.starwars.com/databank/c-3po,films,star-wars-episode-v-the-empire-strikes-back,Star Wars: The Empire Strikes Back (Episode V)
616b2378b6e91492a01ad05b,C-3PO (See-Threepio),unknown,unknown,Height,1.77m,https://www.starwars.com/databank/c-3po,films,star-wars-episode-ii-attack-of-the-clones,Star Wars: Attack of the Clones (Episode II)
616b2378b6e91492a01ad05b,C-3PO (See-Threepio),unknown,unknown,Height,1.77m,https://www.starwars.com/databank/c-3po,films,star-wars-episode-vi-return-of-the-jedi,Star Wars: Return of the Jedi (Episode VI)
616b2378b6e91492a01ad05b,C-3PO (See-Threepio),unknown,unknown,Height,1.77m,https://www.starwars.com/databank/c-3po,films,star-wars-episode-ix-the-rise-of-skywalker,Star Wars: The Rise of Skywalker (Episode IX)
616b2378b6e91492a01ad05b,C-3PO (See-Threepio),unknown,unknown,Height,1.77m,https://www.starwars.com/databank/c-3po,films,star-wars-episode-i-the-phantom-menace,Star Wars: The Phantom Menace (Episode I)
616b2378b6e91492a01ad05b,C-3PO (See-Threepio),unknown,unknown,Height,1.77m,https://www.starwars.com/databank/c-3po,films,star-wars-episode-viii-the-last-jedi,Star Wars: The Last Jedi (Episode VIII)
616b2378b6e91492a01ad05b,C-3PO (See-Threepio),unknown,unknown,Height,1.77m,https://www.starwars.com/databank/c-3po,films,star-wars-episode-iii-revenge-of-the-sith,Star Wars: Revenge of the Sith (Episode III)
616b2378b6e91492a01ad05b,C-3PO (See-Threepio),unknown,unknown,Height,1.77m,https://www.starwars.com/databank/c-3po,series,obi-wan-kenobi,Obi-Wan Kenobi
616b2378b6e91492a01ad05b,C-3PO (See-Threepio),unknown,unknown,Height,1.77m,https://www.starwars.com/databank/c-3po,series,star-wars-the-clone-wars,Star Wars: The Clone Wars
616b2378b6e91492a01ad05b,C-3PO (See-Threepio),unknown,unknown,Height,1.77m,https://www.starwars.com/databank/c-3po,series,star-wars-rebels,Star Wars Rebels
616b2378b6e91492a01ad05b,C-3PO (See-Threepio),unknown,unknown,Height,1.77m,https://www.starwars.com/databank/c-3po,series,star-wars-ahsoka,Ahsoka
616b2378b6e91492a01ad05b,C-3PO (See-Threepio),unknown,unknown,Height,1.77m,https://www.starwars.com/databank/c-3po,games-apps,star-wars-arcade,Star Wars Arcade
616b2378b6e91492a01ad05b,C-3PO (See-Threepio),unknown,unknown,Height,1.77m,https://www.starwars.com/databank/c-3po,games-apps,a-sticker-book-far-far-away,A Sticker Book Far  Far Away
616b361e3ce28492a01ad05b,C1-D1,unknown,unknown,,unknown,https://www.starwars.com/databank/c1-d1,series,star-wars-ahsoka,Ahsoka
616b2e642dd9c492a01ad05b,C2-B5,unknown,unknown,,unknown,https://www.starwars.com/databank/c2-b5,films,rogue-one,Rogue One: A Star Wars Story
61d663913ef66f2f1cb2fd4c,Cabuck,unknown,unknown,Height,1.93m,https://www.starwars.com/databank/cabuck,series,the-acolyte,The Acolyte
616b270a107ee492a01ad05b,Cad Bane,male,duros,Height,1.85m,https://www.starwars.com/databank/cad-bane,series,the-book-of-boba-fett,The Book of Boba Fett
616b270a107ee492a01ad05b,Cad Bane,male,duros,Height,1.85m,https://www.starwars.com/databank/cad-bane,series,star-wars-the-clone-wars,Star Wars: The Clone Wars
616b270a107ee492a01ad05b,Cad Bane,male,duros,Height,1.85m,https://www.starwars.com/databank/cad-bane,series,star-wars-the-bad-batch,Star Wars: The Bad Batch
616b34c8cf2ff492a01ad05b,Cade,unknown,unknown,,unknown,https://www.starwars.com/databank/cade,series,star-wars-the-bad-batch,Star Wars: The Bad Batch
616b3150e641e492a01ad05b,Cal Kestis,male,unknown,,unknown,https://www.starwars.com/databank/cal-kestis,games-apps,star-wars-jedi-fallen-order,Star Wars Jedi: Fallen Order
616b2d958800e492a01ad05b,Caluan Ematt,male,human,,unknown,https://www.starwars.com/databank/caluan-ematt,films,star-wars-episode-viii-the-last-jedi,Star Wars: The Last Jedi (Episode VIII)
616b2d958800e492a01ad05b,Caluan Ematt,male,human,,unknown,https://www.starwars.com/databank/caluan-ematt,films,star-wars-episode-vii-the-force-awakens,Star Wars: The Force Awakens (Episode VII)
616b3392b17ca492a01ad05b,Camie,unknown,unknown,,unknown,https://www.starwars.com/databank/camie,series,the-book-of-boba-fett,The Book of Boba Fett
616b2711b3b78492a01ad05b,Captain Antilles,male,human,,unknown,https://www.starwars.com/databank/captain-antilles,films,star-wars-episode-iv-a-new-hope,Star Wars: A New Hope (Episode IV)
616b2711b3b78492a01ad05b,Captain Antilles,male,human,,unknown,https://www.starwars.com/databank/captain-antilles,films,star-wars-episode-iii-revenge-of-the-sith,Star Wars: Revenge of the Sith (Episode III)
616b2713c1fae492a01ad05b,Captain Argyus,male,unknown,Height,1.83m,https://www.starwars.com/databank/captain-argyus,series,star-wars-the-clone-wars,Star Wars: The Clone Wars
619ff409a5517e20354a6a69,Captain Blex,unknown,unknown,Height,2.13m,https://www.starwars.com/databank/captain-blex,series,the-acolyte,The Acolyte
616b3353aca25492a01ad05b,Captain Bragg,unknown,unknown,,unknown,https://www.starwars.com/databank/captain-bragg,series,star-wars-the-bad-batch,Star Wars: The Bad Batch
616b2e7e41487492a01ad05b,Captain Brunson,female,unknown,Height,1.75m,https://www.starwars.com/databank/captain-brunson,series,star-wars-rebels,Star Wars Rebels
616b2f45b29cf492a01ad05b,Captain Canady,male,human,,unknown,https://www.starwars.com/databank/captain-canady,films,star-wars-episode-viii-the-last-jedi,Star Wars: The Last Jedi (Episode VIII)
616b30d4a9019492a01ad05b,Captain Doza,male,human,,unknown,https://www.starwars.com/databank/captain-doza,series,star-wars-resistance,Star Wars Resistance
616b34874b87c492a01ad05b,Captain Elk,unknown,unknown,,unknown,https://www.starwars.com/databank/captain-elk,series,andor,Andor
616b35701e3cd492a01ad05b,Captain Enoch,unknown,unknown,,unknown,https://www.starwars.com/databank/captain-enoch,series,star-wars-ahsoka,Ahsoka
616b2fba49453492a01ad05b,Captain Gawat,male,human,,unknown,https://www.starwars.com/databank/captain-gawat,films,star-wars-episode-viii-the-last-jedi,Star Wars: The Last Jedi (Episode VIII)
616b36372bed8492a01ad05b,Captain Girard,unknown,human,Height,1.7m,https://www.starwars.com/databank/captain-girard,series,star-wars-ahsoka,Ahsoka
616b2f04b666e492a01ad05b,Captain Hark,male,human,,unknown,https://www.starwars.com/databank/captain-hark,series,star-wars-rebels,Star Wars Rebels
616b35cc29aa1492a01ad05b,Captain Hayle,unknown,human,Height,1.8m,https://www.starwars.com/databank/captain-hayle,series,star-wars-ahsoka,Ahsoka
616b2bae94c85492a01ad05b,Captain Kosh,male,human,,unknown,https://www.starwars.com/databank/captain-kosh,games-apps,star-wars-commander,Star Wars: Commander
616b32f06feaf492a01ad05b,Captain Lang,unknown,human,,unknown,https://www.starwars.com/databank/captain-lang,series,the-mandalorian,The Mandalorian
616b36f56098b492a01ad05b,Captain Mann,unknown,unknown,Height,1.83m,https://www.starwars.com/databank/captain-mann,series,star-wars-the-bad-batch,Star Wars: The Bad Batch
616b2bbc8f8ae492a01ad05b,Captain Merumeru,male,wookiee,Height,2.25m,https://www.starwars.com/databank/captain-merumeru,films,star-wars-episode-iii-revenge-of-the-sith,Star Wars: Revenge of the Sith (Episode III)
616b27156bf58492a01ad05b,Captain Needa,male,unknown,Height,1.75m,https://www.starwars.com/databank/captain-needa,films,star-wars-episode-v-the-empire-strikes-back,Star Wars: The Empire Strikes Back (Episode V)
616b27171f789492a01ad05b,Captain Panaka,male,unknown,Height,1.83m,https://www.starwars.com/databank/captain-panaka,films,star-wars-episode-i-the-phantom-menace,Star Wars: The Phantom Menace (Episode I)
616b2f6be49d7492a01ad05b,Captain Peavey,male,human,,unknown,https://www.starwars.com/databank/captain-peavey,films,star-wars-episode-viii-the-last-jedi,Star Wars: The Last Jedi (Episode VIII)
616b2b56c3992492a01ad05b,Captain Phasma,female,human,Height,2.0m,https://www.starwars.com/databank/captain-phasma,films,star-wars-episode-vii-the-force-awakens,Star Wars: The Force Awakens (Episode VII)
616b2b56c3992492a01ad05b,Captain Phasma,female,human,Height,2.0m,https://www.starwars.com/databank/captain-phasma,films,star-wars-episode-viii-the-last-jedi,Star Wars: The Last Jedi (Episode VIII)
616b2b56c3992492a01ad05b,Captain Phasma,female,human,Height,2.0m,https://www.starwars.com/databank/captain-phasma,games-apps,star-wars-rivals,Star Wars: Rivals
616b35dd562dc492a01ad05b,Captain Porter,unknown,human,Height,1.83m,https://www.starwars.com/databank/captain-porter,series,star-wars-ahsoka,Ahsoka
616b2b415cb05492a01ad05b,Captain Typho,male,unknown,Height,1.85m,https://www.starwars.com/databank/captain-typho,films,star-wars-episode-ii-attack-of-the-clones,Star Wars: Attack of the Clones (Episode II)
616b2b415cb05492a01ad05b,Captain Typho,male,unknown,Height,1.85m,https://www.starwars.com/databank/captain-typho,films,star-wars-episode-iii-revenge-of-the-sith,Star Wars: Revenge of the Sith (Episode III)
616b2b415cb05492a01ad05b,Captain Typho,male,unknown,Height,1.85m,https://www.starwars.com/databank/captain-typho,series,star-wars-the-clone-wars,Star Wars: The Clone Wars
616b34ad7210d492a01ad05b,Captain Wilco,unknown,unknown,,unknown,https://www.starwars.com/databank/captain-wilco,series,star-wars-the-bad-batch,Star Wars: The Bad Batch
616b31846baf4492a01ad05b,Cara Dune,female,unknown,,unknown,https://www.starwars.com/databank/cara-dune,series,the-mandalorian,The Mandalorian
616b322111866492a01ad05b,Cardo,male,unknown,,unknown,https://www.starwars.com/databank/cardo,films,star-wars-episode-vii-the-force-awakens,Star Wars: The Force Awakens (Episode VII)
616b322111866492a01ad05b,Cardo,male,unknown,,unknown,https://www.starwars.com/databank/cardo,films,star-wars-episode-ix-the-rise-of-skywalker,Star Wars: The Rise of Skywalker (Episode IX)
616b33b90a42e492a01ad05b,Carson Teva,unknown,unknown,Height,1.75m,https://www.starwars.com/databank/carson-teva,series,the-mandalorian,The Mandalorian
616b33b90a42e492a01ad05b,Carson Teva,unknown,unknown,Height,1.75m,https://www.starwars.com/databank/carson-teva,series,star-wars-ahsoka,Ahsoka
616b2e0040371492a01ad05b,Cassian Andor,male,unknown,,unknown,https://www.starwars.com/databank/cassian-andor,films,rogue-one,Rogue One: A Star Wars Story
616b2e0040371492a01ad05b,Cassian Andor,male,unknown,,unknown,https://www.starwars.com/databank/cassian-andor,series,andor,Andor
616b2e0040371492a01ad05b,Cassian Andor,male,unknown,,unknown,https://www.starwars.com/databank/cassian-andor,games-apps,rogue-one-boots-on-the-ground-star-wars-arcade,Rogue One: Boots on the Ground - Star Wars Arcade
616b2718c11cd492a01ad05b,Cassie Cryar,female,terrelian-jango-jumper,Height,1.82m,https://www.starwars.com/databank/cassie-cryar,series,star-wars-the-clone-wars,Star Wars: The Clone Wars
616b2a3a25c29492a01ad05b,Castas,male,unknown,,unknown,https://www.starwars.com/databank/castas,series,star-wars-the-clone-wars,Star Wars: The Clone Wars
616b2bbe25960492a01ad05b,Cato Parasitti,female,clawdite,Height,1.79m,https://www.starwars.com/databank/cato-parasitti,series,star-wars-the-clone-wars,Star Wars: The Clone Wars
616b30eea6fdd492a01ad05b,CB-23,unknown,unknown,,unknown,https://www.starwars.com/databank/cb-23,series,star-wars-resistance,Star Wars Resistance
616b33369c127492a01ad05b,CG-67,unknown,unknown,,unknown,https://www.starwars.com/databank/cg-67,series,star-wars-the-bad-batch,Star Wars: The Bad Batch
616b271a80311492a01ad05b,Chairman Papanoida,male,pantoran,Height,1.77m,https://www.starwars.com/databank/chairman-papanoida,films,star-wars-episode-iii-revenge-of-the-sith,Star Wars: Revenge of the Sith (Episode III)
616b271a80311492a01ad05b,Chairman Papanoida,male,pantoran,Height,1.77m,https://www.starwars.com/databank/chairman-papanoida,series,star-wars-the-clone-wars,Star Wars: The Clone Wars
616b271c36921492a01ad05b,Cham Syndulla,male,twi-lek,Height,1.9m,https://www.starwars.com/databank/cham-syndulla,series,star-wars-the-clone-wars,Star Wars: The Clone Wars
616b271c36921492a01ad05b,Cham Syndulla,male,twi-lek,Height,1.9m,https://www.starwars.com/databank/cham-syndulla,series,star-wars-the-bad-batch,Star Wars: The Bad Batch
616b271c36921492a01ad05b,Cham Syndulla,male,twi-lek,Height,1.9m,https://www.starwars.com/databank/cham-syndulla,series,star-wars-rebels,Star Wars Rebels
61d621c1fda8ef54beefd145,Chancellor Drellik,unknown,tarsunt,Height,1.63m,https://www.starwars.com/databank/chancellor-drellik,series,the-acolyte,The Acolyte
616b2dcfb914f492a01ad05b,Chancellor Villecham,male,unknown,,unknown,https://www.starwars.com/databank/chancellor-villecham,films,star-wars-episode-vii-the-force-awakens,Star Wars: The Force Awakens (Episode VII)
616b2bc01b7b2492a01ad05b,Chata Hyoki,male,unknown,Height,1.55m,https://www.starwars.com/databank/chata-hyoki,series,star-wars-the-clone-wars,Star Wars: The Clone Wars
616b2d4991f0a492a01ad05b,Chava,female,lasat,,unknown,https://www.starwars.com/databank/chava,series,star-wars-rebels,Star Wars Rebels
616b2a3bf7eba492a01ad05b,Che Amanwe Papanoida,female,pantoran,,unknown,https://www.starwars.com/databank/che-amanwe-papanoida,series,star-wars-the-clone-wars,Star Wars: The Clone Wars
616b2362d2b85492a01ad05b,Chewbacca,male,wookiee,Height,2.28m,https://www.starwars.com/databank/chewbacca,films,star-wars-episode-vii-the-force-awakens,Star Wars: The Force Awakens (Episode VII)
616b2362d2b85492a01ad05b,Chewbacca,male,wookiee,Height,2.28m,https://www.starwars.com/databank/chewbacca,films,star-wars-episode-iv-a-new-hope,Star Wars: A New Hope (Episode IV)
616b2362d2b85492a01ad05b,Chewbacca,male,wookiee,Height,2.28m,https://www.starwars.com/databank/chewbacca,films,star-wars-episode-v-the-empire-strikes-back,Star Wars: The Empire Strikes Back (Episode V)
616b2362d2b85492a01ad05b,Chewbacca,male,wookiee,Height,2.28m,https://www.starwars.com/databank/chewbacca,films,star-wars-episode-vi-return-of-the-jedi,Star Wars: Return of the Jedi (Episode VI)
616b2362d2b85492a01ad05b,Chewbacca,male,wookiee,Height,2.28m,https://www.starwars.com/databank/chewbacca,films,star-wars-episode-ix-the-rise-of-skywalker,Star Wars: The Rise of Skywalker (Episode IX)
616b2362d2b85492a01ad05b,Chewbacca,male,wookiee,Height,2.28m,https://www.starwars.com/databank/chewbacca,films,star-wars-episode-viii-the-last-jedi,Star Wars: The Last Jedi (Episode VIII)
616b2362d2b85492a01ad05b,Chewbacca,male,wookiee,Height,2.28m,https://www.starwars.com/databank/chewbacca,films,solo,Solo: A Star Wars Story
616b2362d2b85492a01ad05b,Chewbacca,male,wookiee,Height,2.28m,https://www.starwars.com/databank/chewbacca,films,star-wars-episode-iii-revenge-of-the-sith,Star Wars: Revenge of the Sith (Episode III)
616b2362d2b85492a01ad05b,Chewbacca,male,wookiee,Height,2.28m,https://www.starwars.com/databank/chewbacca,series,star-wars-the-clone-wars,Star Wars: The Clone Wars
616b2362d2b85492a01ad05b,Chewbacca,male,wookiee,Height,2.28m,https://www.starwars.com/databank/chewbacca,games-apps,star-wars-pinball-solo-a-star-wars-story,Star Wars Pinball: Solo: A Star Wars Story
616b2362d2b85492a01ad05b,Chewbacca,male,wookiee,Height,2.28m,https://www.starwars.com/databank/chewbacca,games-apps,x-wing-fighter-star-wars-arcade,X-wing Fighter - Star Wars Arcade
616b2362d2b85492a01ad05b,Chewbacca,male,wookiee,Height,2.28m,https://www.starwars.com/databank/chewbacca,games-apps,a-sticker-book-far-far-away,A Sticker Book Far  Far Away
616b2362d2b85492a01ad05b,Chewbacca,male,wookiee,Height,2.28m,https://www.starwars.com/databank/chewbacca,games-apps,don-t-let-the-wookiee-win,Don't Let The Wookiee Win
616b2362d2b85492a01ad05b,Chewbacca,male,wookiee,Height,2.28m,https://www.starwars.com/databank/chewbacca,games-apps,solo-shuffle,Solo Shuffle
616b2bc259cb3492a01ad05b,Chi Cho,male,pantoran,Height,1.98m,https://www.starwars.com/databank/chi-cho,series,star-wars-the-clone-wars,Star Wars: The Clone Wars
616b2ae88e6f2492a01ad05b,Chi Eekway Papanoida,female,pantoran,Height,1.65m,https://www.starwars.com/databank/chi-eekway-papanoida,films,star-wars-episode-iii-revenge-of-the-sith,Star Wars: Revenge of the Sith (Episode III)
616b2ae88e6f2492a01ad05b,Chi Eekway Papanoida,female,pantoran,Height,1.65m,https://www.starwars.com/databank/chi-eekway-papanoida,series,star-wars-the-clone-wars,Star Wars: The Clone Wars
616b2acab7404492a01ad05b,Chief Chirpa,male,ewok,Height,1.0m,https://www.starwars.com/databank/chief-chirpa,films,star-wars-episode-vi-return-of-the-jedi,Star Wars: Return of the Jedi (Episode VI)
616b2acab7404492a01ad05b,Chief Chirpa,male,ewok,Height,1.0m,https://www.starwars.com/databank/chief-chirpa,games-apps,ewok-village,Ewok Village
616b2db5dd29c492a01ad05b,Chief Petty Officer Unamo,female,human,,unknown,https://www.starwars.com/databank/chief-petty-officer-unamo,films,star-wars-episode-vii-the-force-awakens,Star Wars: The Force Awakens (Episode VII)
616b27243129e492a01ad05b,Chieftain Pieter,male,ming-po,Height,1.72m,https://www.starwars.com/databank/chieftain-pieter,series,star-wars-the-clone-wars,Star Wars: The Clone Wars
616b2e084b424492a01ad05b,Chirrut  mwe,male,unknown,,unknown,https://www.starwars.com/databank/chirrut-imwe,films,rogue-one,Rogue One: A Star Wars Story
616b2e084b424492a01ad05b,Chirrut  mwe,male,unknown,,unknown,https://www.starwars.com/databank/chirrut-imwe,games-apps,rogue-one-boots-on-the-ground-star-wars-arcade,Rogue One: Boots on the Ground - Star Wars Arcade
616b2725efff6492a01ad05b,Chopper (C1-10P),unknown,unknown,Height,1.04m,https://www.starwars.com/databank/chopper,series,star-wars-the-bad-batch,Star Wars: The Bad Batch
616b2725efff6492a01ad05b,Chopper (C1-10P),unknown,unknown,Height,1.04m,https://www.starwars.com/databank/chopper,series,star-wars-rebels,Star Wars Rebels
616b2725efff6492a01ad05b,Chopper (C1-10P),unknown,unknown,Height,1.04m,https://www.starwars.com/databank/chopper,series,star-wars-ahsoka,Ahsoka
616b2725efff6492a01ad05b,Chopper (C1-10P),unknown,unknown,Height,1.04m,https://www.starwars.com/databank/chopper,games-apps,disney-mix,Disney Mix
616b2725efff6492a01ad05b,Chopper (C1-10P),unknown,unknown,Height,1.04m,https://www.starwars.com/databank/chopper,games-apps,star-wars-rebels-rebel-strike,Star Wars Rebels - Rebel Strike
616b2725efff6492a01ad05b,Chopper (C1-10P),unknown,unknown,Height,1.04m,https://www.starwars.com/databank/chopper,games-apps,star-wars-arcade,Star Wars Arcade
616b2725efff6492a01ad05b,Chopper (C1-10P),unknown,unknown,Height,1.04m,https://www.starwars.com/databank/chopper,games-apps,star-wars-rebels-ghost-raid,Star Wars Rebels: Ghost Raid
616b2725efff6492a01ad05b,Chopper (C1-10P),unknown,unknown,Height,1.04m,https://www.starwars.com/databank/chopper,games-apps,team-tactics-star-wars-arcade,Team Tactics - Star Wars Arcade
616b33415f457492a01ad05b,"Ciddarin ""Cid"" Scaleback",female,trandoshan,,unknown,https://www.starwars.com/databank/cid,series,star-wars-the-bad-batch,Star Wars: The Bad Batch
616b296e5ca20492a01ad05b,Cikatro Vizago,male,devaronian,,unknown,https://www.starwars.com/databank/cikatro-vizago,series,star-wars-rebels,Star Wars Rebels
616b272cc4192492a01ad05b,Cin Drallig,male,unknown,Height,1.74m,https://www.starwars.com/databank/cin-drallig,films,star-wars-episode-iii-revenge-of-the-sith,Star Wars: Revenge of the Sith (Episode III)
616b272cc4192492a01ad05b,Cin Drallig,male,unknown,Height,1.74m,https://www.starwars.com/databank/cin-drallig,series,star-wars-the-clone-wars,Star Wars: The Clone Wars
616b3445fb22a492a01ad05b,Cinta Kaz,unknown,unknown,,unknown,https://www.starwars.com/databank/cinta-kaz,series,andor,Andor
616b2f24c0feb492a01ad05b,Cleat,female,human,,unknown,https://www.starwars.com/databank/cleat,series,star-wars-rebels,Star Wars Rebels
616b2cfaa0036492a01ad05b,Clegg Holdfast,male,unknown,Height,1.52m,https://www.starwars.com/databank/clegg-holdfast,films,star-wars-episode-i-the-phantom-menace,Star Wars: The Phantom Menace (Episode I)
616b3466a153a492a01ad05b,Clem Andor,unknown,unknown,,unknown,https://www.starwars.com/databank/clem-andor,series,andor,Andor
616b272e59164492a01ad05b,Cliegg Lars,male,unknown,Height,1.83m,https://www.starwars.com/databank/cliegg-lars,films,star-wars-episode-ii-attack-of-the-clones,Star Wars: Attack of the Clones (Episode II)
616b3338213b9492a01ad05b,Clink,unknown,unknown,,unknown,https://www.starwars.com/databank/clink,series,star-wars-the-bad-batch,Star Wars: The Bad Batch
616b27304b134492a01ad05b,Clone 99,male,unknown,Height,1.68m,https://www.starwars.com/databank/clone-99,series,star-wars-the-clone-wars,Star Wars: The Clone Wars
616b3311b96cc492a01ad05b,Clone Captain Grey,male,unknown,,unknown,https://www.starwars.com/databank/clone-captain-grey,series,star-wars-the-bad-batch,Star Wars: The Bad Batch
616b335823753492a01ad05b,Clone Captain Howzer,unknown,unknown,Height,1.83m,https://www.starwars.com/databank/clone-captain-howzer,series,star-wars-the-bad-batch,Star Wars: The Bad Batch
616b2731fce9c492a01ad05b,Clone Captain Rex,male,unknown,Height,1.83m,https://www.starwars.com/databank/clone-captain-rex,series,star-wars-the-bad-batch,Star Wars: The Bad Batch
616b2731fce9c492a01ad05b,Clone Captain Rex,male,unknown,Height,1.83m,https://www.starwars.com/databank/clone-captain-rex,series,star-wars-the-clone-wars,Star Wars: The Clone Wars
616b2731fce9c492a01ad05b,Clone Captain Rex,male,unknown,Height,1.83m,https://www.starwars.com/databank/clone-captain-rex,series,star-wars-rebels,Star Wars Rebels
616b2731fce9c492a01ad05b,Clone Captain Rex,male,unknown,Height,1.83m,https://www.starwars.com/databank/clone-captain-rex,series,tales-of-the-jedi,Tales of the Jedi
616b2731fce9c492a01ad05b,Clone Captain Rex,male,unknown,Height,1.83m,https://www.starwars.com/databank/clone-captain-rex,series,star-wars-ahsoka,Ahsoka
616b2731fce9c492a01ad05b,Clone Captain Rex,male,unknown,Height,1.83m,https://www.starwars.com/databank/clone-captain-rex,games-apps,star-wars-rebels-strike-missions,Star Wars Rebels - Strike Missions
616b273953274492a01ad05b,Clone Commander Bacara,male,unknown,Height,1.83m,https://www.starwars.com/databank/clone-commander-bacara,films,star-wars-episode-iii-revenge-of-the-sith,Star Wars: Revenge of the Sith (Episode III)
616b273af2043492a01ad05b,Clone Commander Bly,male,unknown,Height,1.83m,https://www.starwars.com/databank/clone-commander-bly,films,star-wars-episode-iii-revenge-of-the-sith,Star Wars: Revenge of the Sith (Episode III)
616b273af2043492a01ad05b,Clone Commander Bly,male,unknown,Height,1.83m,https://www.starwars.com/databank/clone-commander-bly,series,star-wars-the-clone-wars,Star Wars: The Clone Wars
616b273c9e873492a01ad05b,Clone Commander Cody,male,unknown,Height,1.83m,https://www.starwars.com/databank/clone-commander-cody,films,star-wars-episode-iii-revenge-of-the-sith,Star Wars: Revenge of the Sith (Episode III)
616b273c9e873492a01ad05b,Clone Commander Cody,male,unknown,Height,1.83m,https://www.starwars.com/databank/clone-commander-cody,series,star-wars-the-clone-wars,Star Wars: The Clone Wars
616b2a47dfbb1492a01ad05b,Clone Commander Doom,male,unknown,Height,1.83m,https://www.starwars.com/databank/clone-commander-doom,series,star-wars-the-clone-wars,Star Wars: The Clone Wars
616b2743e1ab9492a01ad05b,Clone Commander Fox,male,unknown,Height,1.83m,https://www.starwars.com/databank/clone-commander-fox,series,star-wars-the-clone-wars,Star Wars: The Clone Wars
616b27456d1a9492a01ad05b,Clone Commander Gree,male,unknown,Height,1.83m,https://www.starwars.com/databank/clone-commander-gree,films,star-wars-episode-iii-revenge-of-the-sith,Star Wars: Revenge of the Sith (Episode III)
616b27456d1a9492a01ad05b,Clone Commander Gree,male,unknown,Height,1.83m,https://www.starwars.com/databank/clone-commander-gree,series,star-wars-the-clone-wars,Star Wars: The Clone Wars
616b274724b6f492a01ad05b,Clone Commander Jet,male,unknown,Height,1.83m,https://www.starwars.com/databank/clone-commander-jet,series,star-wars-the-clone-wars,Star Wars: The Clone Wars
616b34f47ac5f492a01ad05b,Clone Commander Mayday,unknown,unknown,,unknown,https://www.starwars.com/databank/clone-commander-mayday,series,star-wars-the-bad-batch,Star Wars: The Bad Batch
616b2748c8b38492a01ad05b,Clone Commander Neyo,male,unknown,Height,1.83m,https://www.starwars.com/databank/clone-commander-neyo,films,star-wars-episode-iii-revenge-of-the-sith,Star Wars: Revenge of the Sith (Episode III)
616b2748c8b38492a01ad05b,Clone Commander Neyo,male,unknown,Height,1.83m,https://www.starwars.com/databank/clone-commander-neyo,series,star-wars-the-clone-wars,Star Wars: The Clone Wars
616b274a688a3492a01ad05b,Clone Commander Ponds,male,unknown,Height,1.83m,https://www.starwars.com/databank/clone-commander-ponds,films,star-wars-episode-ii-attack-of-the-clones,Star Wars: Attack of the Clones (Episode II)
616b274a688a3492a01ad05b,Clone Commander Ponds,male,unknown,Height,1.83m,https://www.starwars.com/databank/clone-commander-ponds,series,star-wars-the-clone-wars,Star Wars: The Clone Wars
616b350d152e8492a01ad05b,Clone Commander Scorch,unknown,unknown,Height,1.83m,https://www.starwars.com/databank/clone-commander-scorch,series,star-wars-the-bad-batch,Star Wars: The Bad Batch
616b274bfda0f492a01ad05b,Clone Commander Stone,male,unknown,Height,1.83m,https://www.starwars.com/databank/clone-commander-stone,series,star-wars-the-clone-wars,Star Wars: The Clone Wars
616b29dbfe39e492a01ad05b,Clone Commander Thorn,male,unknown,Height,1.83m,https://www.starwars.com/databank/clone-commander-thorn,series,star-wars-the-clone-wars,Star Wars: The Clone Wars
616b274d9823a492a01ad05b,Clone Commander Wolffe,male,unknown,Height,1.81m,https://www.starwars.com/databank/clone-commander-wolffe,series,star-wars-the-clone-wars,Star Wars: The Clone Wars
616b274d9823a492a01ad05b,Clone Commander Wolffe,male,unknown,Height,1.81m,https://www.starwars.com/databank/clone-commander-wolffe,series,star-wars-rebels,Star Wars Rebels
616b2b250b999492a01ad05b,Clone Pilot Odd Ball,male,unknown,Height,1.83m,https://www.starwars.com/databank/clone-pilot-odd-ball,films,star-wars-episode-iii-revenge-of-the-sith,Star Wars: Revenge of the Sith (Episode III)
616b2b250b999492a01ad05b,Clone Pilot Odd Ball,male,unknown,Height,1.83m,https://www.starwars.com/databank/clone-pilot-odd-ball,series,star-wars-the-clone-wars,Star Wars: The Clone Wars
616b2912541df492a01ad05b,Clone Pilot Warthog,male,unknown,Height,1.83m,https://www.starwars.com/databank/warthog,series,star-wars-the-clone-wars,Star Wars: The Clone Wars
616b26f3f00af492a01ad05b,Clone Trooper Boil,male,unknown,Height,1.83m,https://www.starwars.com/databank/boil,series,star-wars-the-clone-wars,Star Wars: The Clone Wars
616b2767c8fc6492a01ad05b,Clone Trooper Dogma,male,unknown,Height,1.83m,https://www.starwars.com/databank/dogma,series,star-wars-the-clone-wars,Star Wars: The Clone Wars
616b27ab6d4a3492a01ad05b,Clone Trooper Hardcase,male,unknown,Height,1.83m,https://www.starwars.com/databank/hardcase,series,star-wars-the-clone-wars,Star Wars: The Clone Wars
616b27d4c98f8492a01ad05b,Clone Trooper Jesse,male,unknown,Height,1.83m,https://www.starwars.com/databank/jesse,series,star-wars-the-clone-wars,Star Wars: The Clone Wars
616b27fd8d812492a01ad05b,Clone Trooper Kix,male,unknown,Height,1.83m,https://www.starwars.com/databank/kix,series,star-wars-the-clone-wars,Star Wars: The Clone Wars
616b2909e68e3492a01ad05b,Clone Trooper Tup,male,unknown,Height,1.83m,https://www.starwars.com/databank/tup,series,star-wars-the-clone-wars,Star Wars: The Clone Wars
616b2915c7314492a01ad05b,Clone Trooper Waxer,male,unknown,Height,1.83m,https://www.starwars.com/databank/waxer,series,star-wars-the-clone-wars,Star Wars: The Clone Wars
616b349972720492a01ad05b,Clone X trooper,unknown,unknown,Height,1.83m,https://www.starwars.com/databank/clone-x-trooper,series,star-wars-the-bad-batch,Star Wars: The Bad Batch
616b2bc44bba0492a01ad05b,Clu Lesser,male,muun,,unknown,https://www.starwars.com/databank/clu-lesser,series,star-wars-the-clone-wars,Star Wars: The Clone Wars
616b32e901e2b492a01ad05b,Cobb Vanth,male,unknown,,unknown,https://www.starwars.com/databank/cobb-vanth,series,the-book-of-boba-fett,The Book of Boba Fett
616b32e901e2b492a01ad05b,Cobb Vanth,male,unknown,,unknown,https://www.starwars.com/databank/cobb-vanth,series,the-mandalorian,The Mandalorian
616b2a653f2ba492a01ad05b,Coleman Trebor,male,unknown,Height,2.13m,https://www.starwars.com/databank/coleman-trebor,films,star-wars-episode-ii-attack-of-the-clones,Star Wars: Attack of the Clones (Episode II)
616b2ebb85aa4492a01ad05b,Colonel Bandwin Cor,male,human,,unknown,https://www.starwars.com/databank/colonel-bandwin-cor,films,rogue-one,Rogue One: A Star Wars Story
616b2dc7bbf3a492a01ad05b,Colonel Datoo,male,human,,unknown,https://www.starwars.com/databank/colonel-datoo,films,star-wars-episode-vii-the-force-awakens,Star Wars: The Force Awakens (Episode VII)
616b275468c9f492a01ad05b,Colonel Meebur Gascon,male,zilkin,Height,0.33m,https://www.starwars.com/databank/colonel-meebur-gascon,series,star-wars-the-clone-wars,Star Wars: The Clone Wars
616b2f6d71d07492a01ad05b,Commander D Acy,female,human,,unknown,https://www.starwars.com/databank/commander-d-acy,films,star-wars-episode-ix-the-rise-of-skywalker,Star Wars: The Rise of Skywalker (Episode IX)
616b2f6d71d07492a01ad05b,Commander D Acy,female,human,,unknown,https://www.starwars.com/databank/commander-d-acy,films,star-wars-episode-viii-the-last-jedi,Star Wars: The Last Jedi (Episode VIII)
616b2f34fa78e492a01ad05b,Commander Iden Versio,female,human,,unknown,https://www.starwars.com/databank/commander-iden-versio,games-apps,star-wars-battlefront-ii,Star Wars Battlefront II
616b2ad5ebcc4492a01ad05b,Commander Jun Sato,male,unknown,,unknown,https://www.starwars.com/databank/commander-jun-sato,series,star-wars-rebels,Star Wars Rebels
616b30e5f6f50492a01ad05b,Commander Pyre,unknown,unknown,,unknown,https://www.starwars.com/databank/commander-pyre,series,star-wars-resistance,Star Wars Resistance
616b2b87aeff4492a01ad05b,Constable Zuvio,male,kyuzo,Height,1.6m,https://www.starwars.com/databank/constable-zuvio,films,star-wars-episode-vii-the-force-awakens,Star Wars: The Force Awakens (Episode VII)
616b2ee2f0c47492a01ad05b,Controller LT-319,male,unknown,,unknown,https://www.starwars.com/databank/controller-lt-319,series,star-wars-rebels,Star Wars Rebels
616b23887d866492a01ad05b,Count Dooku,male,unknown,Height,1.93m,https://www.starwars.com/databank/count-dooku,films,star-wars-episode-ii-attack-of-the-clones,Star Wars: Attack of the Clones (Episode II)
616b23887d866492a01ad05b,Count Dooku,male,unknown,Height,1.93m,https://www.starwars.com/databank/count-dooku,films,star-wars-episode-iii-revenge-of-the-sith,Star Wars: Revenge of the Sith (Episode III)
616b23887d866492a01ad05b,Count Dooku,male,unknown,Height,1.93m,https://www.starwars.com/databank/count-dooku,series,star-wars-the-clone-wars,Star Wars: The Clone Wars
616b23887d866492a01ad05b,Count Dooku,male,unknown,Height,1.93m,https://www.starwars.com/databank/count-dooku,series,tales-of-the-jedi,Tales of the Jedi
616b2def83c27492a01ad05b,Crokind Shand,male,human,,unknown,https://www.starwars.com/databank/crokind-shand,films,star-wars-episode-vii-the-force-awakens,Star Wars: The Force Awakens (Episode VII)
616b2a66dd723492a01ad05b,Crosshair,male,unknown,Height,1.92m,https://www.starwars.com/databank/crosshair,series,star-wars-the-bad-batch,Star Wars: The Bad Batch
616b2a66dd723492a01ad05b,Crosshair,male,unknown,Height,1.92m,https://www.starwars.com/databank/crosshair,series,star-wars-the-clone-wars,Star Wars: The Clone Wars
616b2db24e4fd492a01ad05b,Crusher Roodown,male,abednedo,,unknown,https://www.starwars.com/databank/crusher-roodown,films,star-wars-episode-vii-the-force-awakens,Star Wars: The Force Awakens (Episode VII)
616b3128cdcaf492a01ad05b,CS-515,male,unknown,,unknown,https://www.starwars.com/databank/cs-515,series,star-wars-resistance,Star Wars Resistance
616b2757d1c89492a01ad05b,Cut Lawquane,male,unknown,Height,1.83m,https://www.starwars.com/databank/cut-lawquane,series,star-wars-the-bad-batch,Star Wars: The Bad Batch
616b2757d1c89492a01ad05b,Cut Lawquane,male,unknown,Height,1.83m,https://www.starwars.com/databank/cut-lawquane,series,star-wars-the-clone-wars,Star Wars: The Clone Wars
616b31af48689492a01ad05b,D-O,unknown,unknown,,unknown,https://www.starwars.com/databank/d-o,films,star-wars-episode-ix-the-rise-of-skywalker,Star Wars: The Rise of Skywalker (Episode IX)
616b2aa6f9652492a01ad05b,Dak Ralter,male,unknown,Height,1.62m,https://www.starwars.com/databank/dak-ralter,films,star-wars-episode-v-the-empire-strikes-back,Star Wars: The Empire Strikes Back (Episode V)
616b2c5326fb4492a01ad05b,Darja,female,human,,unknown,https://www.starwars.com/databank/darja,series,star-wars-rebels,Star Wars Rebels
616b294704a54492a01ad05b,Darth Bane,male,unknown,,unknown,https://www.starwars.com/databank/darth-bane,series,star-wars-the-clone-wars,Star Wars: The Clone Wars
61d74a9a77fc2f10c3891741,Darth Plagueis,unknown,muun,,unknown,https://www.starwars.com/databank/darth-plagueis,series,the-acolyte,The Acolyte
616b23a6b453e492a01ad05b,Darth Vader,male,human,Height,2.03m,https://www.starwars.com/databank/darth-vader,films,star-wars-episode-iii-revenge-of-the-sith,Star Wars: Revenge of the Sith (Episode III)
616b23a6b453e492a01ad05b,Darth Vader,male,human,Height,2.03m,https://www.starwars.com/databank/darth-vader,films,star-wars-episode-vi-return-of-the-jedi,Star Wars: Return of the Jedi (Episode VI)
616b23a6b453e492a01ad05b,Darth Vader,male,human,Height,2.03m,https://www.starwars.com/databank/darth-vader,films,star-wars-episode-iv-a-new-hope,Star Wars: A New Hope (Episode IV)
616b23a6b453e492a01ad05b,Darth Vader,male,human,Height,2.03m,https://www.starwars.com/databank/darth-vader,films,star-wars-episode-v-the-empire-strikes-back,Star Wars: The Empire Strikes Back (Episode V)
616b23a6b453e492a01ad05b,Darth Vader,male,human,Height,2.03m,https://www.starwars.com/databank/darth-vader,films,rogue-one,Rogue One: A Star Wars Story
616b23a6b453e492a01ad05b,Darth Vader,male,human,Height,2.03m,https://www.starwars.com/databank/darth-vader,series,obi-wan-kenobi,Obi-Wan Kenobi
616b23a6b453e492a01ad05b,Darth Vader,male,human,Height,2.03m,https://www.starwars.com/databank/darth-vader,series,star-wars-rebels,Star Wars Rebels
616b23a6b453e492a01ad05b,Darth Vader,male,human,Height,2.03m,https://www.starwars.com/databank/darth-vader,games-apps,star-wars-tiny-death-star,Star Wars: Tiny Death Star
616b23a6b453e492a01ad05b,Darth Vader,male,human,Height,2.03m,https://www.starwars.com/databank/darth-vader,games-apps,x-wing-fighter-star-wars-arcade,X-wing Fighter - Star Wars Arcade
616b23a6b453e492a01ad05b,Darth Vader,male,human,Height,2.03m,https://www.starwars.com/databank/darth-vader,games-apps,star-wars-tiny-death-star-sea-,Star Wars: Tiny Death Star (SEA)
616b23a6b453e492a01ad05b,Darth Vader,male,human,Height,2.03m,https://www.starwars.com/databank/darth-vader,games-apps,star-wars-arcade,Star Wars Arcade
616b23a6b453e492a01ad05b,Darth Vader,male,human,Height,2.03m,https://www.starwars.com/databank/darth-vader,games-apps,yoda-s-jedi-training-star-wars-arcade,Yoda's Jedi Training - Star Wars Arcade
616b23a6b453e492a01ad05b,Darth Vader,male,human,Height,2.03m,https://www.starwars.com/databank/darth-vader,games-apps,star-wars-rebels-special-ops,Star Wars Rebels: Special Ops
616b23a6b453e492a01ad05b,Darth Vader,male,human,Height,2.03m,https://www.starwars.com/databank/darth-vader,games-apps,rogue-one-boots-on-the-ground-star-wars-arcade,Rogue One: Boots on the Ground - Star Wars Arcade
616b23a6b453e492a01ad05b,Darth Vader,male,human,Height,2.03m,https://www.starwars.com/databank/darth-vader,games-apps,disney-infinity-3-0-character-quest,Disney Infinity 3 0 - Character Quest
616b23a6b453e492a01ad05b,Darth Vader,male,human,Height,2.03m,https://www.starwars.com/databank/darth-vader,games-apps,star-wars-commander,Star Wars: Commander
616b23a6b453e492a01ad05b,Darth Vader,male,human,Height,2.03m,https://www.starwars.com/databank/darth-vader,games-apps,star-wars-battlefront,Star Wars: Battlefront
616b23a6b453e492a01ad05b,Darth Vader,male,human,Height,2.03m,https://www.starwars.com/databank/darth-vader,games-apps,team-tactics-star-wars-arcade,Team Tactics - Star Wars Arcade
616b23a6b453e492a01ad05b,Darth Vader,male,human,Height,2.03m,https://www.starwars.com/databank/darth-vader,games-apps,star-wars-rivals,Star Wars: Rivals
616b23a6b453e492a01ad05b,Darth Vader,male,human,Height,2.03m,https://www.starwars.com/databank/darth-vader,games-apps,jedi-mind-match,Jedi Mind Match
616b2759793db492a01ad05b,Darts D Nar,male,zygerrian,Height,1.89m,https://www.starwars.com/databank/darts-dnar,series,star-wars-the-clone-wars,Star Wars: The Clone Wars
616b275b3126e492a01ad05b,Daughter,female,unknown,Height,2.13m,https://www.starwars.com/databank/daughter,series,star-wars-the-clone-wars,Star Wars: The Clone Wars
616b275cd1578492a01ad05b,Daultay Dofine,male,neimoidian,Height,1.9m,https://www.starwars.com/databank/daultay-dofine,films,star-wars-episode-i-the-phantom-menace,Star Wars: The Phantom Menace (Episode I)
616b307f6be46492a01ad05b,Dava Cassamam,female,unknown,,unknown,https://www.starwars.com/databank/dava-cassamam,films,solo,Solo: A Star Wars Story
616b34832f4be492a01ad05b,Davo Sculdun,unknown,unknown,,unknown,https://www.starwars.com/databank/davo-sculdun,series,andor,Andor
616b308ce4a11492a01ad05b,DD-BD,unknown,unknown,,unknown,https://www.starwars.com/databank/dd-bd,films,solo,Solo: A Star Wars Story
616b3438bcc87492a01ad05b,Dedra Meero,unknown,unknown,,unknown,https://www.starwars.com/databank/dedra-meero,series,andor,Andor
616b36b37edba492a01ad05b,Deke,unknown,unknown,Height,1.56m,https://www.starwars.com/databank/deke,series,star-wars-the-bad-batch,Star Wars: The Bad Batch
616b275e87fa0492a01ad05b,Dengar,male,unknown,Height,1.87m,https://www.starwars.com/databank/dengar,films,star-wars-episode-v-the-empire-strikes-back,Star Wars: The Empire Strikes Back (Episode V)
616b275e87fa0492a01ad05b,Dengar,male,unknown,Height,1.87m,https://www.starwars.com/databank/dengar,films,star-wars-episode-vi-return-of-the-jedi,Star Wars: Return of the Jedi (Episode VI)
616b275e87fa0492a01ad05b,Dengar,male,unknown,Height,1.87m,https://www.starwars.com/databank/dengar,series,star-wars-the-clone-wars,Star Wars: The Clone Wars
616b29ea60e32492a01ad05b,Depa Billaba,female,unknown,Height,1.68m,https://www.starwars.com/databank/depa-billaba,films,star-wars-episode-ii-attack-of-the-clones,Star Wars: Attack of the Clones (Episode II)
616b29ea60e32492a01ad05b,Depa Billaba,female,unknown,Height,1.68m,https://www.starwars.com/databank/depa-billaba,films,star-wars-episode-i-the-phantom-menace,Star Wars: The Phantom Menace (Episode I)
616b29ea60e32492a01ad05b,Depa Billaba,female,unknown,Height,1.68m,https://www.starwars.com/databank/depa-billaba,series,star-wars-the-bad-batch,Star Wars: The Bad Batch
616b2d4c8fb13492a01ad05b,"Derek ""Hobbie"" Klivian",male,human,Height,1.75m,https://www.starwars.com/databank/derek-hobbie-klivian,films,star-wars-episode-v-the-empire-strikes-back,Star Wars: The Empire Strikes Back (Episode V)
616b2d4c8fb13492a01ad05b,"Derek ""Hobbie"" Klivian",male,human,Height,1.75m,https://www.starwars.com/databank/derek-hobbie-klivian,series,star-wars-rebels,Star Wars Rebels
616b2ff89110e492a01ad05b,Derla Pidys,female,unknown,,unknown,https://www.starwars.com/databank/derla-pidys,films,star-wars-episode-viii-the-last-jedi,Star Wars: The Last Jedi (Episode VIII)
616b2760efef1492a01ad05b,Derrown,male,parwan,Height,2.21m,https://www.starwars.com/databank/derrown,series,star-wars-the-clone-wars,Star Wars: The Clone Wars
616b34b072aff492a01ad05b,Desix,unknown,unknown,,unknown,https://www.starwars.com/databank/desix,series,star-wars-the-bad-batch,Star Wars: The Bad Batch
616b348958e38492a01ad05b,Dewi Pamular,unknown,unknown,,unknown,https://www.starwars.com/databank/dewi-pamular,series,andor,Andor
616b2bc5cd414492a01ad05b,Dex Tiree,male,human,,unknown,https://www.starwars.com/databank/dex-tiree,films,star-wars-episode-iv-a-new-hope,Star Wars: A New Hope (Episode IV)
616b2762c28f5492a01ad05b,Dexter Jettster,male,besalisk,Height,1.88m,https://www.starwars.com/databank/dexter-jettster,films,star-wars-episode-ii-attack-of-the-clones,Star Wars: Attack of the Clones (Episode II)
616b31859888d492a01ad05b,Din Djarin (The Mandalorian),male,human,Height,1.8m,https://www.starwars.com/databank/the-mandalorian,series,the-book-of-boba-fett,The Book of Boba Fett
616b31859888d492a01ad05b,Din Djarin (The Mandalorian),male,human,Height,1.8m,https://www.starwars.com/databank/the-mandalorian,series,the-mandalorian,The Mandalorian
616b2e069c3f0492a01ad05b,Director Orson Krennic,male,unknown,,unknown,https://www.starwars.com/databank/director-orson-krennic,films,rogue-one,Rogue One: A Star Wars Story
616b2e069c3f0492a01ad05b,Director Orson Krennic,male,unknown,,unknown,https://www.starwars.com/databank/director-orson-krennic,games-apps,star-wars-rivals,Star Wars: Rivals
616b2f3c3414e492a01ad05b,DJ,male,human,,unknown,https://www.starwars.com/databank/dj,films,star-wars-episode-viii-the-last-jedi,Star Wars: The Last Jedi (Episode VIII)
616b2a9b5d4df492a01ad05b,Doctor Cornelius Evazan,male,unknown,Height,1.7m,https://www.starwars.com/databank/doctor-cornelius-evazan,films,star-wars-episode-iv-a-new-hope,Star Wars: A New Hope (Episode IV)
616b2a9b5d4df492a01ad05b,Doctor Cornelius Evazan,male,unknown,Height,1.7m,https://www.starwars.com/databank/doctor-cornelius-evazan,films,rogue-one,Rogue One: A Star Wars Story
616b276484a5c492a01ad05b,Doctor Gubacher,male,parwan,,unknown,https://www.starwars.com/databank/doctor-gubacher,series,star-wars-the-clone-wars,Star Wars: The Clone Wars
616b2d9d65233492a01ad05b,Doctor Kalonia,female,unknown,,unknown,https://www.starwars.com/databank/doctor-kalonia,films,star-wars-episode-vii-the-force-awakens,Star Wars: The Force Awakens (Episode VII)
616b27661bfe6492a01ad05b,Doctor Nuvo Vindi,male,unknown,Height,2.07m,https://www.starwars.com/databank/doctor-nuvo-vindi,series,star-wars-the-clone-wars,Star Wars: The Clone Wars
616b34628791d492a01ad05b,Doctor Quadpaw,unknown,unknown,,unknown,https://www.starwars.com/databank/doctor-quadpaw,series,andor,Andor
616b387d58d50492a01ad05b,Doctor Scalder,unknown,human,Height,1.76m,https://www.starwars.com/databank/doctor-scalder,series,star-wars-the-bad-batch,Star Wars: The Bad Batch
616b33a1c9a91492a01ad05b,Dokk Strassi,unknown,trandoshan,,unknown,https://www.starwars.com/databank/dokk-strassi,series,the-book-of-boba-fett,The Book of Boba Fett
616b2d617280e492a01ad05b,Dorm ,female,human,Height,1.65m,https://www.starwars.com/databank/dorme,films,star-wars-episode-ii-attack-of-the-clones,Star Wars: Attack of the Clones (Episode II)
616b34ee93a33492a01ad05b,Dr  Emerie Karr,unknown,unknown,,unknown,https://www.starwars.com/databank/dr-emerie-karr,series,star-wars-the-bad-batch,Star Wars: The Bad Batch
616b34689690c492a01ad05b,Dr  Gorst,unknown,unknown,,unknown,https://www.starwars.com/databank/dr-gorst,series,andor,Andor
616b327cf2b6c492a01ad05b,Dr  Pershing,unknown,unknown,,unknown,https://www.starwars.com/databank/dr-pershing,series,the-mandalorian,The Mandalorian
616b347cd309f492a01ad05b,Dr  Rhasiv,unknown,unknown,,unknown,https://www.starwars.com/databank/dr-rhasiv,series,andor,Andor
616b34ed164d4492a01ad05b,Dr  Royce Hemlock,unknown,unknown,,unknown,https://www.starwars.com/databank/dr-royce-hemlock,series,star-wars-the-bad-batch,Star Wars: The Bad Batch
616b31198ce88492a01ad05b,Drell,male,weequay,,unknown,https://www.starwars.com/databank/drell,series,star-wars-resistance,Star Wars Resistance
616b2a3de44c3492a01ad05b,Droopy McCool,male,unknown,Height,1.58m,https://www.starwars.com/databank/droopy-mccool,films,star-wars-episode-vi-return-of-the-jedi,Star Wars: Return of the Jedi (Episode VI)
616b2fcbb591e492a01ad05b,Dryden Vos,male,unknown,Height,1.92m,https://www.starwars.com/databank/dryden-vos,films,solo,Solo: A Star Wars Story
616b2f0ac2e44492a01ad05b,DT-F16,female,unknown,,unknown,https://www.starwars.com/databank/dt-f16,series,star-wars-rebels,Star Wars Rebels
616b27695bd4e492a01ad05b,Duchess Satine Kryze,female,unknown,Height,1.77m,https://www.starwars.com/databank/duchess-satine-kryze,series,star-wars-the-clone-wars,Star Wars: The Clone Wars
616b2f8413167492a01ad05b,Dume,male,unknown,,unknown,https://www.starwars.com/databank/dume,series,star-wars-rebels,Star Wars Rebels
616b2ba0f8e03492a01ad05b,Dyro Felldor,male,er-kit,,unknown,https://www.starwars.com/databank/dyro-felldor,games-apps,star-wars-commander,Star Wars: Commander
616b2a8b38a31492a01ad05b,Echo,male,unknown,Height,1.81m,https://www.starwars.com/databank/echo,series,star-wars-the-clone-wars,Star Wars: The Clone Wars
616b2a8b38a31492a01ad05b,Echo,male,unknown,Height,1.81m,https://www.starwars.com/databank/echo,series,star-wars-the-bad-batch,Star Wars: The Bad Batch
616b2e672a944492a01ad05b,Edrio Two Tubes,male,unknown,,unknown,https://www.starwars.com/databank/edrio-two-tubes,films,rogue-one,Rogue One: A Star Wars Story
616b2e672a944492a01ad05b,Edrio Two Tubes,male,unknown,,unknown,https://www.starwars.com/databank/edrio-two-tubes,series,star-wars-rebels,Star Wars Rebels
616b34404f591492a01ad05b,Eedy Karn,unknown,unknown,,unknown,https://www.starwars.com/databank/eedy-karn,series,andor,Andor
616b2c2ca62fb492a01ad05b,Eesh Fahm,male,unknown,,unknown,https://www.starwars.com/databank/eesh-fahm,series,star-wars-rebels,Star Wars Rebels
616b276f03859492a01ad05b,Eeth Koth,male,unknown,Height,1.87m,https://www.starwars.com/databank/eeth-koth,films,star-wars-episode-ii-attack-of-the-clones,Star Wars: Attack of the Clones (Episode II)
616b276f03859492a01ad05b,Eeth Koth,male,unknown,Height,1.87m,https://www.starwars.com/databank/eeth-koth,films,star-wars-episode-i-the-phantom-menace,Star Wars: The Phantom Menace (Episode I)
616b276f03859492a01ad05b,Eeth Koth,male,unknown,Height,1.87m,https://www.starwars.com/databank/eeth-koth,series,star-wars-the-clone-wars,Star Wars: The Clone Wars
616b2c3596b7d492a01ad05b,EG-86,unknown,unknown,,unknown,https://www.starwars.com/databank/eg-86,series,star-wars-rebels,Star Wars Rebels
616b2df29e845492a01ad05b,"EGL-21 ""Amps"" Power Droid",unknown,unknown,,unknown,https://www.starwars.com/databank/egl-21-amps-power-droid,films,star-wars-episode-vii-the-force-awakens,Star Wars: The Force Awakens (Episode VII)
616b2d8fa7fad492a01ad05b,Eighth Brother Inquisitor,male,unknown,,unknown,https://www.starwars.com/databank/eighth-brother-inquisitor,series,star-wars-rebels,Star Wars Rebels
616b30e250ee7492a01ad05b,Eila,female,unknown,,unknown,https://www.starwars.com/databank/eila,series,star-wars-resistance,Star Wars Resistance
616b2b001dd65492a01ad05b,Elan Sleazebaggano,male,balosar,Height,1.78m,https://www.starwars.com/databank/elan-sleazebaggano,films,star-wars-episode-ii-attack-of-the-clones,Star Wars: Attack of the Clones (Episode II)
61c83f1e2d13cece75be5b9a,Elder Naasa,unknown,jumurra,Height,1.75m,https://www.starwars.com/databank/elder-naasa,series,the-acolyte,The Acolyte
616b335525df0492a01ad05b,Eleni Syndulla,female,twi-lek,,unknown,https://www.starwars.com/databank/eleni-syndulla,series,star-wars-the-bad-batch,Star Wars: The Bad Batch
616b2b828bff5492a01ad05b,Ello Asty,male,abednedo,Height,1.88m,https://www.starwars.com/databank/ello-asty,films,star-wars-episode-vii-the-force-awakens,Star Wars: The Force Awakens (Episode VII)
616b2770d90ca492a01ad05b,Embo,male,kyuzo,Height,1.99m,https://www.starwars.com/databank/embo,series,star-wars-the-clone-wars,Star Wars: The Clone Wars
616b247e5b642492a01ad05b,Emperor Palpatine (Darth Sidious),male,human,Height,1.73m,https://www.starwars.com/databank/emperor-palpatine-darth-sidious,films,star-wars-episode-iii-revenge-of-the-sith,Star Wars: Revenge of the Sith (Episode III)
616b247e5b642492a01ad05b,Emperor Palpatine (Darth Sidious),male,human,Height,1.73m,https://www.starwars.com/databank/emperor-palpatine-darth-sidious,films,star-wars-episode-ii-attack-of-the-clones,Star Wars: Attack of the Clones (Episode II)
616b247e5b642492a01ad05b,Emperor Palpatine (Darth Sidious),male,human,Height,1.73m,https://www.starwars.com/databank/emperor-palpatine-darth-sidious,films,star-wars-episode-i-the-phantom-menace,Star Wars: The Phantom Menace (Episode I)
616b247e5b642492a01ad05b,Emperor Palpatine (Darth Sidious),male,human,Height,1.73m,https://www.starwars.com/databank/emperor-palpatine-darth-sidious,films,star-wars-episode-vi-return-of-the-jedi,Star Wars: Return of the Jedi (Episode VI)
616b247e5b642492a01ad05b,Emperor Palpatine (Darth Sidious),male,human,Height,1.73m,https://www.starwars.com/databank/emperor-palpatine-darth-sidious,films,star-wars-episode-ix-the-rise-of-skywalker,Star Wars: The Rise of Skywalker (Episode IX)
616b247e5b642492a01ad05b,Emperor Palpatine (Darth Sidious),male,human,Height,1.73m,https://www.starwars.com/databank/emperor-palpatine-darth-sidious,films,star-wars-episode-v-the-empire-strikes-back,Star Wars: The Empire Strikes Back (Episode V)
616b247e5b642492a01ad05b,Emperor Palpatine (Darth Sidious),male,human,Height,1.73m,https://www.starwars.com/databank/emperor-palpatine-darth-sidious,series,star-wars-the-clone-wars,Star Wars: The Clone Wars
616b247e5b642492a01ad05b,Emperor Palpatine (Darth Sidious),male,human,Height,1.73m,https://www.starwars.com/databank/emperor-palpatine-darth-sidious,series,obi-wan-kenobi,Obi-Wan Kenobi
616b247e5b642492a01ad05b,Emperor Palpatine (Darth Sidious),male,human,Height,1.73m,https://www.starwars.com/databank/emperor-palpatine-darth-sidious,series,star-wars-the-bad-batch,Star Wars: The Bad Batch
616b247e5b642492a01ad05b,Emperor Palpatine (Darth Sidious),male,human,Height,1.73m,https://www.starwars.com/databank/emperor-palpatine-darth-sidious,series,star-wars-rebels,Star Wars Rebels
616b247e5b642492a01ad05b,Emperor Palpatine (Darth Sidious),male,human,Height,1.73m,https://www.starwars.com/databank/emperor-palpatine-darth-sidious,series,tales-of-the-jedi,Tales of the Jedi
616b247e5b642492a01ad05b,Emperor Palpatine (Darth Sidious),male,human,Height,1.73m,https://www.starwars.com/databank/emperor-palpatine-darth-sidious,games-apps,jedi-mind-match,Jedi Mind Match
616b295459a14492a01ad05b,Endente,male,sugi-species,,unknown,https://www.starwars.com/databank/endente,series,star-wars-the-clone-wars,Star Wars: The Clone Wars
616b2ffa1efbb492a01ad05b,Enfys Nest,unknown,unknown,Height,1.87m,https://www.starwars.com/databank/enfys-nest,films,solo,Solo: A Star Wars Story
616b2c88aa857492a01ad05b,Ephraim Bridger,male,human,,unknown,https://www.starwars.com/databank/ephraim-bridger,series,star-wars-rebels,Star Wars Rebels
616b2ed99b218492a01ad05b,Erskin Semaj,male,human,,unknown,https://www.starwars.com/databank/erskin-semaj,series,star-wars-rebels,Star Wars Rebels
616b2b14c5b34492a01ad05b,EV-9D9,unknown,unknown,Height,1.9m,https://www.starwars.com/databank/ev-9d9,films,star-wars-episode-vi-return-of-the-jedi,Star Wars: Return of the Jedi (Episode VI)
616b2bc76eafe492a01ad05b,EV-A4-D,unknown,unknown,Height,1.74m,https://www.starwars.com/databank/ev-a4-d,series,star-wars-the-clone-wars,Star Wars: The Clone Wars
616b38015fe16492a01ad05b,Eva,unknown,iktotchi,,unknown,https://www.starwars.com/databank/eva-sp-54,series,star-wars-the-bad-batch,Star Wars: The Bad Batch
616b277b118bf492a01ad05b,Even Piell,male,lannik,Height,1.22m,https://www.starwars.com/databank/even-piell,films,star-wars-episode-ii-attack-of-the-clones,Star Wars: Attack of the Clones (Episode II)
616b277b118bf492a01ad05b,Even Piell,male,lannik,Height,1.22m,https://www.starwars.com/databank/even-piell,films,star-wars-episode-i-the-phantom-menace,Star Wars: The Phantom Menace (Episode I)
616b277b118bf492a01ad05b,Even Piell,male,lannik,Height,1.22m,https://www.starwars.com/databank/even-piell,series,star-wars-the-clone-wars,Star Wars: The Clone Wars
616b277ce4904492a01ad05b,Ezra Bridger,male,human,Height,1.82m,https://www.starwars.com/databank/ezra-bridger,series,star-wars-rebels,Star Wars Rebels
616b277ce4904492a01ad05b,Ezra Bridger,male,human,Height,1.82m,https://www.starwars.com/databank/ezra-bridger,series,star-wars-ahsoka,Ahsoka
616b277ce4904492a01ad05b,Ezra Bridger,male,human,Height,1.82m,https://www.starwars.com/databank/ezra-bridger,games-apps,disney-mix,Disney Mix
616b277ce4904492a01ad05b,Ezra Bridger,male,human,Height,1.82m,https://www.starwars.com/databank/ezra-bridger,games-apps,star-wars-rebels-rebel-strike,Star Wars Rebels - Rebel Strike
616b277ce4904492a01ad05b,Ezra Bridger,male,human,Height,1.82m,https://www.starwars.com/databank/ezra-bridger,games-apps,star-wars-arcade,Star Wars Arcade
616b277ce4904492a01ad05b,Ezra Bridger,male,human,Height,1.82m,https://www.starwars.com/databank/ezra-bridger,games-apps,star-wars-rebels-special-ops,Star Wars Rebels: Special Ops
616b277ce4904492a01ad05b,Ezra Bridger,male,human,Height,1.82m,https://www.starwars.com/databank/ezra-bridger,games-apps,disney-infinity-3-0-character-quest,Disney Infinity 3 0 - Character Quest
616b277ce4904492a01ad05b,Ezra Bridger,male,human,Height,1.82m,https://www.starwars.com/databank/ezra-bridger,games-apps,star-wars-rebels-strike-missions,Star Wars Rebels - Strike Missions
616b277ce4904492a01ad05b,Ezra Bridger,male,human,Height,1.82m,https://www.starwars.com/databank/ezra-bridger,games-apps,star-wars-rebels-chopper-chase,Star Wars Rebels: Chopper Chase
616b277ce4904492a01ad05b,Ezra Bridger,male,human,Height,1.82m,https://www.starwars.com/databank/ezra-bridger,games-apps,star-wars-rebels-ghost-raid,Star Wars Rebels: Ghost Raid
616b277ce4904492a01ad05b,Ezra Bridger,male,human,Height,1.82m,https://www.starwars.com/databank/ezra-bridger,games-apps,team-tactics-star-wars-arcade,Team Tactics - Star Wars Arcade
616b27842e4ee492a01ad05b,Father,male,unknown,Height,2.48m,https://www.starwars.com/databank/father,series,star-wars-the-clone-wars,Star Wars: The Clone Wars
616b3322fbd6e492a01ad05b,Fauja,female,unknown,,unknown,https://www.starwars.com/databank/fauja,series,star-wars-the-bad-batch,Star Wars: The Bad Batch
616b2d3e094ae492a01ad05b,Fenn Rau,male,unknown,,unknown,https://www.starwars.com/databank/fenn-rau,series,star-wars-rebels,Star Wars Rebels
616b328645dba492a01ad05b,Fennec Shand,unknown,unknown,,unknown,https://www.starwars.com/databank/fennec-shand,series,the-book-of-boba-fett,The Book of Boba Fett
616b328645dba492a01ad05b,Fennec Shand,unknown,unknown,,unknown,https://www.starwars.com/databank/fennec-shand,series,the-mandalorian,The Mandalorian
616b328645dba492a01ad05b,Fennec Shand,unknown,unknown,,unknown,https://www.starwars.com/databank/fennec-shand,series,star-wars-the-bad-batch,Star Wars: The Bad Batch
616b32d4dda39492a01ad05b,ferry droid,unknown,unknown,,unknown,https://www.starwars.com/databank/ferry-droid,series,the-mandalorian,The Mandalorian
616b326acbe31492a01ad05b,Fife,unknown,pyke,,unknown,https://www.starwars.com/databank/fife,series,star-wars-the-clone-wars,Star Wars: The Clone Wars
616b2c16cd84a492a01ad05b,Fifth Brother Inquisitor,male,unknown,,unknown,https://www.starwars.com/databank/fifth-brother-inquisitor,series,obi-wan-kenobi,Obi-Wan Kenobi
616b2c16cd84a492a01ad05b,Fifth Brother Inquisitor,male,unknown,,unknown,https://www.starwars.com/databank/fifth-brother-inquisitor,series,star-wars-rebels,Star Wars Rebels
616b2bc9a1002492a01ad05b,Figrin D an,male,bith,Height,1.79m,https://www.starwars.com/databank/figrin-d-an,films,star-wars-episode-iv-a-new-hope,Star Wars: A New Hope (Episode IV)
619ff4028eb68789d949813b,Fillik,unknown,unknown,Height,1.78m,https://www.starwars.com/databank/fillik,series,the-acolyte,The Acolyte
616b2b66dcc97492a01ad05b,Finn,male,human,Height,1.78m,https://www.starwars.com/databank/finn,films,star-wars-episode-ix-the-rise-of-skywalker,Star Wars: The Rise of Skywalker (Episode IX)
616b2b66dcc97492a01ad05b,Finn,male,human,Height,1.78m,https://www.starwars.com/databank/finn,films,star-wars-episode-viii-the-last-jedi,Star Wars: The Last Jedi (Episode VIII)
616b2b66dcc97492a01ad05b,Finn,male,human,Height,1.78m,https://www.starwars.com/databank/finn,films,star-wars-episode-vii-the-force-awakens,Star Wars: The Force Awakens (Episode VII)
616b2b66dcc97492a01ad05b,Finn,male,human,Height,1.78m,https://www.starwars.com/databank/finn,games-apps,x-wing-fighter-star-wars-arcade,X-wing Fighter - Star Wars Arcade
616b2b66dcc97492a01ad05b,Finn,male,human,Height,1.78m,https://www.starwars.com/databank/finn,games-apps,star-wars-puzzle-droid,Star Wars: Puzzle Droid
616b2b66dcc97492a01ad05b,Finn,male,human,Height,1.78m,https://www.starwars.com/databank/finn,games-apps,star-wars-rivals,Star Wars: Rivals
616b3668cee3e492a01ad05b,First Officer Jensen Corbyt,unknown,human,Height,1.68m,https://www.starwars.com/databank/first-officer-jensen-corbyt,series,star-wars-ahsoka,Ahsoka
616b31978b252492a01ad05b,First Order Raiders,unknown,unknown,,unknown,https://www.starwars.com/databank/first-order-raiders,series,star-wars-resistance,Star Wars Resistance
616b311fadadb492a01ad05b,First Order Sentry Droid,unknown,unknown,,unknown,https://www.starwars.com/databank/first-order-sentry-droid,series,star-wars-resistance,Star Wars Resistance
616b339136026492a01ad05b,Fixer,unknown,unknown,,unknown,https://www.starwars.com/databank/fixer,series,the-book-of-boba-fett,The Book of Boba Fett
616b318b77520492a01ad05b,Flanx,male,unknown,,unknown,https://www.starwars.com/databank/flanx,series,star-wars-resistance,Star Wars Resistance
616b30b59b38e492a01ad05b,Flix,unknown,unknown,,unknown,https://www.starwars.com/databank/flix,series,star-wars-resistance,Star Wars Resistance
616b2d9bd62d6492a01ad05b,FN-2199,male,unknown,,unknown,https://www.starwars.com/databank/fn-2199,films,star-wars-episode-vii-the-force-awakens,Star Wars: The Force Awakens (Episode VII)
616b2785c8a30492a01ad05b,Fode and Beed,unknown,troig,Height,1.96m,https://www.starwars.com/databank/fode-and-beed,films,star-wars-episode-i-the-phantom-menace,Star Wars: The Phantom Menace (Episode I)
616b3413d5fb0492a01ad05b,Freck,unknown,unknown,,unknown,https://www.starwars.com/databank/freck,series,obi-wan-kenobi,Obi-Wan Kenobi
616b348b4f246492a01ad05b,Freedi Pamular,unknown,unknown,,unknown,https://www.starwars.com/databank/freedi-pamular,series,andor,Andor
616b309b4bb60492a01ad05b,Freya Fenris,female,human,,unknown,https://www.starwars.com/databank/freya-fenris,series,star-wars-resistance,Star Wars Resistance
616b32a34c035492a01ad05b,Frisk,unknown,trandoshan,,unknown,https://www.starwars.com/databank/frisk,games-apps,star-wars-squadrons,Star Wars: Squadrons
616b30c4c783c492a01ad05b,G-LN,unknown,unknown,,unknown,https://www.starwars.com/databank/g-ln,series,star-wars-resistance,Star Wars Resistance
616b30d16744f492a01ad05b,G1-7CH (Glitch),unknown,unknown,,unknown,https://www.starwars.com/databank/g1-7ch-glitch,series,star-wars-resistance,Star Wars Resistance
616b2ec208438492a01ad05b,G2-1B7,unknown,unknown,,unknown,https://www.starwars.com/databank/g2-1b7,films,rogue-one,Rogue One: A Star Wars Story
616b2de7aec10492a01ad05b,GA-97,unknown,unknown,,unknown,https://www.starwars.com/databank/ga-97,films,star-wars-episode-vii-the-force-awakens,Star Wars: The Force Awakens (Episode VII)
616b2ed4ed5bb492a01ad05b,Galen Erso,male,human,Height,1.83m,https://www.starwars.com/databank/galen-erso,films,rogue-one,Rogue One: A Star Wars Story
616b29cf2b2d8492a01ad05b,Gall Trayvis,male,unknown,,unknown,https://www.starwars.com/databank/gall-trayvis,series,star-wars-rebels,Star Wars Rebels
616b32dec1654492a01ad05b,Gamorrean fighters,unknown,unknown,,unknown,https://www.starwars.com/databank/gamorrean-fighters,series,the-mandalorian,The Mandalorian
616b338fbc147492a01ad05b,Gamorrean Guards,unknown,unknown,,unknown,https://www.starwars.com/databank/gamorrean-guards,series,the-book-of-boba-fett,The Book of Boba Fett
616b27877322c492a01ad05b,Ganodi,female,rodian,Height,1.19m,https://www.starwars.com/databank/ganodi,series,star-wars-the-clone-wars,Star Wars: The Clone Wars
616b2e4675f76492a01ad05b,Gar Saxon,male,human,,unknown,https://www.starwars.com/databank/gar-saxon,series,star-wars-rebels,Star Wars Rebels
616b2927e9e4a492a01ad05b,"Garazeb ""Zeb"" Orrelios",male,lasat,,unknown,https://www.starwars.com/databank/zeb-orrelios,series,star-wars-rebels,Star Wars Rebels
616b2927e9e4a492a01ad05b,"Garazeb ""Zeb"" Orrelios",male,lasat,,unknown,https://www.starwars.com/databank/zeb-orrelios,games-apps,star-wars-rebels-rebel-strike,Star Wars Rebels - Rebel Strike
616b2927e9e4a492a01ad05b,"Garazeb ""Zeb"" Orrelios",male,lasat,,unknown,https://www.starwars.com/databank/zeb-orrelios,games-apps,disney-infinity-3-0-character-quest,Disney Infinity 3 0 - Character Quest
616b2927e9e4a492a01ad05b,"Garazeb ""Zeb"" Orrelios",male,lasat,,unknown,https://www.starwars.com/databank/zeb-orrelios,games-apps,star-wars-rebels-strike-missions,Star Wars Rebels - Strike Missions
616b2927e9e4a492a01ad05b,"Garazeb ""Zeb"" Orrelios",male,lasat,,unknown,https://www.starwars.com/databank/zeb-orrelios,games-apps,star-wars-rebels-ghost-raid,Star Wars Rebels: Ghost Raid
616b2b3312f3b492a01ad05b,Gardulla the Hutt,female,hutt,,unknown,https://www.starwars.com/databank/gardulla-the-hutt,films,star-wars-episode-i-the-phantom-menace,Star Wars: The Phantom Menace (Episode I)
616b2b3312f3b492a01ad05b,Gardulla the Hutt,female,hutt,,unknown,https://www.starwars.com/databank/gardulla-the-hutt,series,star-wars-the-clone-wars,Star Wars: The Clone Wars
616b2ac20bbe0492a01ad05b,Garindan,unknown,kubaz,,unknown,https://www.starwars.com/databank/garindan,films,star-wars-episode-iv-a-new-hope,Star Wars: A New Hope (Episode IV)
616b30f81ab5b492a01ad05b,Garma,female,unknown,,unknown,https://www.starwars.com/databank/garma,series,star-wars-resistance,Star Wars Resistance
616b27890ef17492a01ad05b,Garnac,male,trandoshan,Height,2.1m,https://www.starwars.com/databank/garnac,series,star-wars-the-clone-wars,Star Wars: The Clone Wars
616b2ac8b772f492a01ad05b,Garven Dreis,male,unknown,,unknown,https://www.starwars.com/databank/garven-dreis,films,star-wars-episode-iv-a-new-hope,Star Wars: A New Hope (Episode IV)
616b278aa8eb2492a01ad05b,Gasgano,male,xexto,Height,1.22m,https://www.starwars.com/databank/gasgano,films,star-wars-episode-i-the-phantom-menace,Star Wars: The Phantom Menace (Episode I)
616b2eb815157492a01ad05b,General Draven,male,human,Height,1.91m,https://www.starwars.com/databank/general-draven,films,rogue-one,Rogue One: A Star Wars Story
616b2e91b8df4492a01ad05b,General Dustil Forell,male,human,,unknown,https://www.starwars.com/databank/general-dustil-forell,films,rogue-one,Rogue One: A Star Wars Story
616b32491e0fe492a01ad05b,General Engell,female,human,,unknown,https://www.starwars.com/databank/general-engell,films,star-wars-episode-ix-the-rise-of-skywalker,Star Wars: The Rise of Skywalker (Episode IX)
616b23bbc1312492a01ad05b,General Grievous,male,unknown,Height,2.16m,https://www.starwars.com/databank/general-grievous,films,star-wars-episode-iii-revenge-of-the-sith,Star Wars: Revenge of the Sith (Episode III)
616b23bbc1312492a01ad05b,General Grievous,male,unknown,Height,2.16m,https://www.starwars.com/databank/general-grievous,series,star-wars-the-clone-wars,Star Wars: The Clone Wars
616b2b51e1843492a01ad05b,General Hux,male,human,Height,1.85m,https://www.starwars.com/databank/general-hux,films,star-wars-episode-vii-the-force-awakens,Star Wars: The Force Awakens (Episode VII)
616b2b51e1843492a01ad05b,General Hux,male,human,Height,1.85m,https://www.starwars.com/databank/general-hux,films,star-wars-episode-ix-the-rise-of-skywalker,Star Wars: The Rise of Skywalker (Episode IX)
616b2b51e1843492a01ad05b,General Hux,male,human,Height,1.85m,https://www.starwars.com/databank/general-hux,films,star-wars-episode-viii-the-last-jedi,Star Wars: The Last Jedi (Episode VIII)
616b2b51e1843492a01ad05b,General Hux,male,human,Height,1.85m,https://www.starwars.com/databank/general-hux,series,star-wars-resistance,Star Wars Resistance
616b279061b37492a01ad05b,General Kalani,unknown,unknown,Height,1.94m,https://www.starwars.com/databank/general-kalani,series,star-wars-the-clone-wars,Star Wars: The Clone Wars
616b279208709492a01ad05b,General Madine,male,unknown,Height,1.7m,https://www.starwars.com/databank/general-madine,films,star-wars-episode-vi-return-of-the-jedi,Star Wars: Return of the Jedi (Episode VI)
616b2e9037bbc492a01ad05b,General Merrick,male,human,Height,1.82m,https://www.starwars.com/databank/general-merrick,films,rogue-one,Rogue One: A Star Wars Story
616b3218d59ab492a01ad05b,General Parnadee,female,human,,unknown,https://www.starwars.com/databank/general-parnadee,films,star-wars-episode-ix-the-rise-of-skywalker,Star Wars: The Rise of Skywalker (Episode IX)
616b2eb9c9f74492a01ad05b,General Pitt Onoran,male,human,,unknown,https://www.starwars.com/databank/general-pitt-onoran,films,rogue-one,Rogue One: A Star Wars Story
616b2794180a5492a01ad05b,General Pong Krell,male,besalisk,Height,2.36m,https://www.starwars.com/databank/general-pong-krell,series,star-wars-the-clone-wars,Star Wars: The Clone Wars
616b31cb002c2492a01ad05b,General Pryde,unknown,unknown,,unknown,https://www.starwars.com/databank/general-pryde,films,star-wars-episode-ix-the-rise-of-skywalker,Star Wars: The Rise of Skywalker (Episode IX)
616b32173eaca492a01ad05b,General Quinn,male,human,,unknown,https://www.starwars.com/databank/general-quinn,films,star-wars-episode-ix-the-rise-of-skywalker,Star Wars: The Rise of Skywalker (Episode IX)
616b2ac7311c6492a01ad05b,General Rieekan,male,human,Height,1.8m,https://www.starwars.com/databank/general-rieekan,films,star-wars-episode-v-the-empire-strikes-back,Star Wars: The Empire Strikes Back (Episode V)
616b2b36fb5fb492a01ad05b,General Tagge,male,unknown,,unknown,https://www.starwars.com/databank/general-tagge,films,star-wars-episode-iv-a-new-hope,Star Wars: A New Hope (Episode IV)
616b27962fbfd492a01ad05b,General Tandin,male,unknown,Height,1.77m,https://www.starwars.com/databank/general-tandin,series,star-wars-the-clone-wars,Star Wars: The Clone Wars
616b2797c04b9492a01ad05b,General Tarpals,male,gungan,Height,2.24m,https://www.starwars.com/databank/general-tarpals,films,star-wars-episode-i-the-phantom-menace,Star Wars: The Phantom Menace (Episode I)
616b2797c04b9492a01ad05b,General Tarpals,male,gungan,Height,2.24m,https://www.starwars.com/databank/general-tarpals,series,star-wars-the-clone-wars,Star Wars: The Clone Wars
616b2799739f4492a01ad05b,General Veers,male,human,Height,1.93m,https://www.starwars.com/databank/general-veers,films,star-wars-episode-v-the-empire-strikes-back,Star Wars: The Empire Strikes Back (Episode V)
616b346a9abb7492a01ad05b,Gerrera s Partisan Fighters,unknown,unknown,,unknown,https://www.starwars.com/databank/gerrera-s-partisan-fighters,series,andor,Andor
616b2bcbc8b46492a01ad05b,Gha Nachkt,male,trandoshan,Height,1.75m,https://www.starwars.com/databank/gha-nachkt,series,star-wars-the-clone-wars,Star Wars: The Clone Wars
616b307ae066f492a01ad05b,Glaucus,male,unknown,,unknown,https://www.starwars.com/databank/glaucus,films,solo,Solo: A Star Wars Story
616b2bcfc5671492a01ad05b,Gobi Glie,male,twi-lek,Height,1.84m,https://www.starwars.com/databank/gobi-glie,series,star-wars-the-bad-batch,Star Wars: The Bad Batch
616b2bcfc5671492a01ad05b,Gobi Glie,male,twi-lek,Height,1.84m,https://www.starwars.com/databank/gobi-glie,series,star-wars-the-clone-wars,Star Wars: The Clone Wars
616b2bcfc5671492a01ad05b,Gobi Glie,male,twi-lek,Height,1.84m,https://www.starwars.com/databank/gobi-glie,series,star-wars-rebels,Star Wars Rebels
616b3329126e0492a01ad05b,Gonky,unknown,unknown,,unknown,https://www.starwars.com/databank/gonky,series,star-wars-the-bad-batch,Star Wars: The Bad Batch
616b2e57b5daa492a01ad05b,Gooti Terez,female,theelin,,unknown,https://www.starwars.com/databank/gooti-terez,series,star-wars-rebels,Star Wars Rebels
616b32dd65d7e492a01ad05b,Gor Koresh,unknown,unknown,,unknown,https://www.starwars.com/databank/gor-koresh,series,the-mandalorian,The Mandalorian
616b279b9ef26492a01ad05b,Gorga the Hutt,male,hutt,Height,2.11m,https://www.starwars.com/databank/gorga-the-hutt,series,star-wars-the-clone-wars,Star Wars: The Clone Wars
616b31aaa2929492a01ad05b,Gork,male,gamorreans,,unknown,https://www.starwars.com/databank/gork,series,star-wars-resistance,Star Wars Resistance
616b2b914b26b492a01ad05b,Goss Toowers,male,shozer,Height,1.7m,https://www.starwars.com/databank/goss-toowers,films,star-wars-episode-vii-the-force-awakens,Star Wars: The Force Awakens (Episode VII)
616b34b37323c492a01ad05b,Governor Grotton,unknown,unknown,,unknown,https://www.starwars.com/databank/governor-grotton,series,star-wars-the-bad-batch,Star Wars: The Bad Batch
616b2e1f99c95492a01ad05b,Governor Pryce,female,human,,unknown,https://www.starwars.com/databank/governor-pryce,series,star-wars-rebels,Star Wars Rebels
616b279d34fbf492a01ad05b,Governor Roshti,male,togruta,Height,1.98m,https://www.starwars.com/databank/governor-roshti,series,star-wars-the-clone-wars,Star Wars: The Clone Wars
616b294a954ff492a01ad05b,Governor Torul Blom,male,pauan,,unknown,https://www.starwars.com/databank/governor-torul-blom,series,star-wars-the-clone-wars,Star Wars: The Clone Wars
616b32a14e714492a01ad05b,Grace Sienar,unknown,unknown,,unknown,https://www.starwars.com/databank/grace-sienar,games-apps,star-wars-squadrons,Star Wars: Squadrons
616b2e1823d34492a01ad05b,Grand Admiral Thrawn,male,unknown,Height,1.93m,https://www.starwars.com/databank/grand-admiral-thrawn,series,star-wars-rebels,Star Wars Rebels
616b2e1823d34492a01ad05b,Grand Admiral Thrawn,male,unknown,Height,1.93m,https://www.starwars.com/databank/grand-admiral-thrawn,series,star-wars-ahsoka,Ahsoka
616b28efe6511492a01ad05b,Grand Moff Tarkin,male,unknown,Height,1.85m,https://www.starwars.com/databank/grand-moff-tarkin,films,rogue-one,Rogue One: A Star Wars Story
616b28efe6511492a01ad05b,Grand Moff Tarkin,male,unknown,Height,1.85m,https://www.starwars.com/databank/grand-moff-tarkin,films,star-wars-episode-iv-a-new-hope,Star Wars: A New Hope (Episode IV)
616b28efe6511492a01ad05b,Grand Moff Tarkin,male,unknown,Height,1.85m,https://www.starwars.com/databank/grand-moff-tarkin,films,star-wars-episode-iii-revenge-of-the-sith,Star Wars: Revenge of the Sith (Episode III)
616b28efe6511492a01ad05b,Grand Moff Tarkin,male,unknown,Height,1.85m,https://www.starwars.com/databank/grand-moff-tarkin,series,star-wars-the-bad-batch,Star Wars: The Bad Batch
616b28efe6511492a01ad05b,Grand Moff Tarkin,male,unknown,Height,1.85m,https://www.starwars.com/databank/grand-moff-tarkin,series,star-wars-the-clone-wars,Star Wars: The Clone Wars
616b28efe6511492a01ad05b,Grand Moff Tarkin,male,unknown,Height,1.85m,https://www.starwars.com/databank/grand-moff-tarkin,series,star-wars-rebels,Star Wars Rebels
616b2a445a3bf492a01ad05b,Greeata,female,rodian,Height,1.7m,https://www.starwars.com/databank/greeata,films,star-wars-episode-vi-return-of-the-jedi,Star Wars: Return of the Jedi (Episode VI)
616b2a445a3bf492a01ad05b,Greeata,female,rodian,Height,1.7m,https://www.starwars.com/databank/greeata,films,star-wars-episode-iii-revenge-of-the-sith,Star Wars: Revenge of the Sith (Episode III)
616b279f09bd4492a01ad05b,Greedo,male,rodian,Height,1.74m,https://www.starwars.com/databank/greedo,films,star-wars-episode-iv-a-new-hope,Star Wars: A New Hope (Episode IV)
616b279f09bd4492a01ad05b,Greedo,male,rodian,Height,1.74m,https://www.starwars.com/databank/greedo,series,star-wars-the-clone-wars,Star Wars: The Clone Wars
616b279f09bd4492a01ad05b,Greedo,male,rodian,Height,1.74m,https://www.starwars.com/databank/greedo,games-apps,galactic-spy,Galactic Spy
616b31ba8ee97492a01ad05b,Greef Karga,unknown,unknown,,unknown,https://www.starwars.com/databank/greef-karga,series,the-mandalorian,The Mandalorian
616b37160036a492a01ad05b,Greer,unknown,unknown,Height,1.83m,https://www.starwars.com/databank/greer,series,star-wars-the-bad-batch,Star Wars: The Bad Batch
616b27a1171fc492a01ad05b,Gregor,male,unknown,Height,1.83m,https://www.starwars.com/databank/gregor,series,star-wars-the-bad-batch,Star Wars: The Bad Batch
616b27a1171fc492a01ad05b,Gregor,male,unknown,Height,1.83m,https://www.starwars.com/databank/gregor,series,star-wars-the-clone-wars,Star Wars: The Clone Wars
616b27a1171fc492a01ad05b,Gregor,male,unknown,Height,1.83m,https://www.starwars.com/databank/gregor,series,star-wars-rebels,Star Wars Rebels
616b30b29ec0a492a01ad05b,Grevel,male,aleena,,unknown,https://www.starwars.com/databank/grevel,series,star-wars-resistance,Star Wars Resistance
616b309ccdeeb492a01ad05b,Griff Halloran,male,human,,unknown,https://www.starwars.com/databank/griff-halloran,series,star-wars-resistance,Star Wars Resistance
616b34a09243b492a01ad05b,Grini Millegi,unknown,dowutin,,unknown,https://www.starwars.com/databank/grini-millegi,series,star-wars-the-bad-batch,Star Wars: The Bad Batch
616b327fbcd6e492a01ad05b,Grogu,unknown,unknown,Height,0.34m,https://www.starwars.com/databank/grogu,series,the-book-of-boba-fett,The Book of Boba Fett
616b327fbcd6e492a01ad05b,Grogu,unknown,unknown,Height,0.34m,https://www.starwars.com/databank/grogu,series,the-mandalorian,The Mandalorian
616b2d4b15a08492a01ad05b,Gron,male,lasat,,unknown,https://www.starwars.com/databank/gron,series,star-wars-rebels,Star Wars Rebels
616b33719a5d0492a01ad05b,Grozz,unknown,wookiee,,unknown,https://www.starwars.com/databank/grozz,games-apps,star-wars-hunters,Star Wars: Hunters
616b2d98c2e58492a01ad05b,Grummgar,unknown,dowutin,Height,2.7m,https://www.starwars.com/databank/grummgar,films,star-wars-episode-vii-the-force-awakens,Star Wars: The Force Awakens (Episode VII)
616b3350b50d6492a01ad05b,GS-8,unknown,unknown,,unknown,https://www.starwars.com/databank/gs-8,series,star-wars-the-bad-batch,Star Wars: The Bad Batch
616b2f21bacdf492a01ad05b,Guild Slave Master Proach,male,trandoshan,,unknown,https://www.starwars.com/databank/guild-slave-master-proach,series,star-wars-rebels,Star Wars Rebels
616b27a69c544492a01ad05b,Gungi,male,wookiee,Height,1.53m,https://www.starwars.com/databank/gungi,series,star-wars-the-bad-batch,Star Wars: The Bad Batch
616b27a69c544492a01ad05b,Gungi,male,wookiee,Height,1.53m,https://www.starwars.com/databank/gungi,series,star-wars-the-clone-wars,Star Wars: The Clone Wars
616b32a5e275f492a01ad05b,Gunny,unknown,unknown,,unknown,https://www.starwars.com/databank/gunny,games-apps,star-wars-squadrons,Star Wars: Squadrons
616b27a837aab492a01ad05b,Gwarm,male,weequay,Height,1.92m,https://www.starwars.com/databank/gwarm,series,star-wars-the-clone-wars,Star Wars: The Clone Wars
616b2dd76b970492a01ad05b,Gwellis Bagnoro,male,unknown,,unknown,https://www.starwars.com/databank/gwellis-bagnoro,films,star-wars-episode-vii-the-force-awakens,Star Wars: The Force Awakens (Episode VII)
616b27a9c59dc492a01ad05b,Halle Burtoni,female,kaminoan,Height,2.13m,https://www.starwars.com/databank/halle-burtoni,series,star-wars-the-bad-batch,Star Wars: The Bad Batch
616b27a9c59dc492a01ad05b,Halle Burtoni,female,kaminoan,Height,2.13m,https://www.starwars.com/databank/halle-burtoni,series,star-wars-the-clone-wars,Star Wars: The Clone Wars
616b30c64bbbc492a01ad05b,Hallion Nark,male,neimoidian,,unknown,https://www.starwars.com/databank/hallion-nark,series,star-wars-resistance,Star Wars Resistance
616b347ad05a3492a01ad05b,Ham,unknown,unknown,,unknown,https://www.starwars.com/databank/ham,series,andor,Andor
616b3170b0596492a01ad05b,Hamato Xiono,male,human,,unknown,https://www.starwars.com/databank/hamato-xiono,series,star-wars-resistance,Star Wars Resistance
616b3170b0596492a01ad05b,Hamato Xiono,male,human,,unknown,https://www.starwars.com/databank/hamato-xiono,series,star-wars-ahsoka,Ahsoka
616b23c1b9a0a492a01ad05b,Han Solo,male,human,Height,1.8m,https://www.starwars.com/databank/han-solo,films,star-wars-episode-vi-return-of-the-jedi,Star Wars: Return of the Jedi (Episode VI)
616b23c1b9a0a492a01ad05b,Han Solo,male,human,Height,1.8m,https://www.starwars.com/databank/han-solo,films,star-wars-episode-ix-the-rise-of-skywalker,Star Wars: The Rise of Skywalker (Episode IX)
616b23c1b9a0a492a01ad05b,Han Solo,male,human,Height,1.8m,https://www.starwars.com/databank/han-solo,films,solo,Solo: A Star Wars Story
616b23c1b9a0a492a01ad05b,Han Solo,male,human,Height,1.8m,https://www.starwars.com/databank/han-solo,films,star-wars-episode-iv-a-new-hope,Star Wars: A New Hope (Episode IV)
616b23c1b9a0a492a01ad05b,Han Solo,male,human,Height,1.8m,https://www.starwars.com/databank/han-solo,films,star-wars-episode-v-the-empire-strikes-back,Star Wars: The Empire Strikes Back (Episode V)
616b23c1b9a0a492a01ad05b,Han Solo,male,human,Height,1.8m,https://www.starwars.com/databank/han-solo,films,star-wars-episode-vii-the-force-awakens,Star Wars: The Force Awakens (Episode VII)
616b23c1b9a0a492a01ad05b,Han Solo,male,human,Height,1.8m,https://www.starwars.com/databank/han-solo,games-apps,star-wars-pinball-solo-a-star-wars-story,Star Wars Pinball: Solo: A Star Wars Story
616b23c1b9a0a492a01ad05b,Han Solo,male,human,Height,1.8m,https://www.starwars.com/databank/han-solo,games-apps,x-wing-fighter-star-wars-arcade,X-wing Fighter - Star Wars Arcade
616b23c1b9a0a492a01ad05b,Han Solo,male,human,Height,1.8m,https://www.starwars.com/databank/han-solo,games-apps,galactic-spy,Galactic Spy
616b23c1b9a0a492a01ad05b,Han Solo,male,human,Height,1.8m,https://www.starwars.com/databank/han-solo,games-apps,a-sticker-book-far-far-away,A Sticker Book Far  Far Away
616b23c1b9a0a492a01ad05b,Han Solo,male,human,Height,1.8m,https://www.starwars.com/databank/han-solo,games-apps,star-wars-battlefront,Star Wars: Battlefront
616b23c1b9a0a492a01ad05b,Han Solo,male,human,Height,1.8m,https://www.starwars.com/databank/han-solo,games-apps,solo-shuffle,Solo Shuffle
616b23c1b9a0a492a01ad05b,Han Solo,male,human,Height,1.8m,https://www.starwars.com/databank/han-solo,games-apps,don-t-let-the-wookiee-win,Don't Let The Wookiee Win
616b32add26cc492a01ad05b,Havina Vonreg,unknown,unknown,,unknown,https://www.starwars.com/databank/havina-vonreg,games-apps,star-wars-squadrons,Star Wars: Squadrons
616b34b963c8c492a01ad05b,"Haxxon ""The War Gnome"" Trajanix",unknown,unknown,,unknown,https://www.starwars.com/databank/haxxon-the-war-gnome-trajanix,series,star-wars-the-bad-batch,Star Wars: The Bad Batch
616b27ad1709d492a01ad05b,Hay-Zu,male,patitite,Height,0.43m,https://www.starwars.com/databank/hay-zu,series,star-wars-the-clone-wars,Star Wars: The Clone Wars
616b27aea2471492a01ad05b,Hera Syndulla,female,twi-lek,Height,1.73m,https://www.starwars.com/databank/hera-syndulla,series,star-wars-the-bad-batch,Star Wars: The Bad Batch
616b27aea2471492a01ad05b,Hera Syndulla,female,twi-lek,Height,1.73m,https://www.starwars.com/databank/hera-syndulla,series,star-wars-rebels,Star Wars Rebels
616b27aea2471492a01ad05b,Hera Syndulla,female,twi-lek,Height,1.73m,https://www.starwars.com/databank/hera-syndulla,series,star-wars-ahsoka,Ahsoka
616b27aea2471492a01ad05b,Hera Syndulla,female,twi-lek,Height,1.73m,https://www.starwars.com/databank/hera-syndulla,games-apps,star-wars-rebels-rebel-strike,Star Wars Rebels - Rebel Strike
616b27aea2471492a01ad05b,Hera Syndulla,female,twi-lek,Height,1.73m,https://www.starwars.com/databank/hera-syndulla,games-apps,star-wars-arcade,Star Wars Arcade
616b27aea2471492a01ad05b,Hera Syndulla,female,twi-lek,Height,1.73m,https://www.starwars.com/databank/hera-syndulla,games-apps,star-wars-rebels-strike-missions,Star Wars Rebels - Strike Missions
616b27aea2471492a01ad05b,Hera Syndulla,female,twi-lek,Height,1.73m,https://www.starwars.com/databank/hera-syndulla,games-apps,star-wars-rebels-ghost-raid,Star Wars Rebels: Ghost Raid
616b27aea2471492a01ad05b,Hera Syndulla,female,twi-lek,Height,1.73m,https://www.starwars.com/databank/hera-syndulla,games-apps,team-tactics-star-wars-arcade,Team Tactics - Star Wars Arcade
616b2ae3d7749492a01ad05b,Hermi Odle,male,unknown,Height,2.1m,https://www.starwars.com/databank/hermi-odle,films,star-wars-episode-vi-return-of-the-jedi,Star Wars: Return of the Jedi (Episode VI)
616b2b01c4f4a492a01ad05b,Hermione Bagwa,female,human,Height,1.57m,https://www.starwars.com/databank/hermione-bagwa,films,star-wars-episode-ii-attack-of-the-clones,Star Wars: Attack of the Clones (Episode II)
616b27b7b2d90492a01ad05b,Hondo Ohnaka,male,weequay,Height,1.85m,https://www.starwars.com/databank/hondo-ohnaka,series,star-wars-the-clone-wars,Star Wars: The Clone Wars
616b27b7b2d90492a01ad05b,Hondo Ohnaka,male,weequay,Height,1.85m,https://www.starwars.com/databank/hondo-ohnaka,series,star-wars-rebels,Star Wars Rebels
616b27b7b2d90492a01ad05b,Hondo Ohnaka,male,weequay,Height,1.85m,https://www.starwars.com/databank/hondo-ohnaka,games-apps,star-wars-rebels-strike-missions,Star Wars Rebels - Strike Missions
616b31f047891492a01ad05b,Hugh Sion,unknown,unknown,,unknown,https://www.starwars.com/databank/hugh-sion,series,star-wars-resistance,Star Wars Resistance
616b2a6e3740a492a01ad05b,Hunter,male,unknown,Height,1.8m,https://www.starwars.com/databank/hunter,series,star-wars-the-bad-batch,Star Wars: The Bad Batch
616b2a6e3740a492a01ad05b,Hunter,male,unknown,Height,1.8m,https://www.starwars.com/databank/hunter,series,star-wars-the-clone-wars,Star Wars: The Clone Wars
616b2dbc1022b492a01ad05b,Hurid-327,unknown,unknown,,unknown,https://www.starwars.com/databank/hurid-327,films,star-wars-episode-vii-the-force-awakens,Star Wars: The Force Awakens (Episode VII)
616b30972bd26492a01ad05b,Hype Fazon,male,rodian,,unknown,https://www.starwars.com/databank/hype-fazon,series,star-wars-resistance,Star Wars Resistance
616b318202159492a01ad05b,IG-11,unknown,unknown,,unknown,https://www.starwars.com/databank/ig-11,series,the-mandalorian,The Mandalorian
616b27bf16ec3492a01ad05b,IG-88,unknown,unknown,Height,1.96m,https://www.starwars.com/databank/ig-88,films,star-wars-episode-v-the-empire-strikes-back,Star Wars: The Empire Strikes Back (Episode V)
616b298cc0841492a01ad05b,IG-RM Thug Droids,unknown,unknown,,unknown,https://www.starwars.com/databank/ig-rm-thug-droids,series,star-wars-rebels,Star Wars Rebels
616b2dd2d557c492a01ad05b,Ilco Munica,male,abednedo,,unknown,https://www.starwars.com/databank/ilco-munica,films,star-wars-episode-vii-the-force-awakens,Star Wars: The Force Awakens (Episode VII)
616b2bcdd3838492a01ad05b,Ima-Gun Di,male,nikto-red,Height,1.92m,https://www.starwars.com/databank/ima-gun-di,series,star-wars-the-clone-wars,Star Wars: The Clone Wars
616b336faa00e492a01ad05b,Imara Vex,unknown,unknown,,unknown,https://www.starwars.com/databank/imara-vex,games-apps,star-wars-hunters,Star Wars: Hunters
616b29bd26cd8492a01ad05b,Imperial Combat Drivers,unknown,unknown,,unknown,https://www.starwars.com/databank/imperial-combat-drivers,series,star-wars-rebels,Star Wars Rebels
616b32dfe46c1492a01ad05b,Imperial Juggernaut driver,unknown,unknown,,unknown,https://www.starwars.com/databank/imperial-juggernaut-driver,series,the-mandalorian,The Mandalorian
616b3767264c6492a01ad05b,Indara,unknown,unknown,Height,1.77m,https://www.starwars.com/databank/indara,series,the-acolyte,The Acolyte
616b2dda7b9be492a01ad05b,Infrablue Zedbeddy Coggins,male,unknown,,unknown,https://www.starwars.com/databank/infrablue-zedbeddy-coggins,films,star-wars-episode-vii-the-force-awakens,Star Wars: The Force Awakens (Episode VII)
616b294f74c99492a01ad05b,Inspector Jen June,female,pauan,,unknown,https://www.starwars.com/databank/inspector-jen-june,series,star-wars-the-clone-wars,Star Wars: The Clone Wars
616b2e37c413e492a01ad05b,Instructor Goran,male,human,,unknown,https://www.starwars.com/databank/instructor-goran,series,star-wars-rebels,Star Wars Rebels
616b2ae5721b2492a01ad05b,Ion Papanoida,male,pantoran,,unknown,https://www.starwars.com/databank/ion-papanoida,series,star-wars-the-clone-wars,Star Wars: The Clone Wars
616b27c0d487c492a01ad05b,Ione Marcy,female,unknown,Height,1.78m,https://www.starwars.com/databank/ione-marcy,series,star-wars-the-clone-wars,Star Wars: The Clone Wars
616b369abd3e9492a01ad05b,Isa Durand,unknown,unknown,Height,2.01m,https://www.starwars.com/databank/isa-durand,series,star-wars-the-bad-batch,Star Wars: The Bad Batch
616b337315099492a01ad05b,J-3DI,unknown,unknown,,unknown,https://www.starwars.com/databank/j-3di,games-apps,star-wars-hunters,Star Wars: Hunters
616b23d1f515a492a01ad05b,Jabba the Hutt,male,hutt,Length,3.9m,https://www.starwars.com/databank/jabba-the-hutt,films,star-wars-episode-i-the-phantom-menace,Star Wars: The Phantom Menace (Episode I)
616b23d1f515a492a01ad05b,Jabba the Hutt,male,hutt,Length,3.9m,https://www.starwars.com/databank/jabba-the-hutt,films,star-wars-episode-vi-return-of-the-jedi,Star Wars: Return of the Jedi (Episode VI)
616b23d1f515a492a01ad05b,Jabba the Hutt,male,hutt,Length,3.9m,https://www.starwars.com/databank/jabba-the-hutt,films,star-wars-episode-iv-a-new-hope,Star Wars: A New Hope (Episode IV)
616b23d1f515a492a01ad05b,Jabba the Hutt,male,hutt,Length,3.9m,https://www.starwars.com/databank/jabba-the-hutt,series,star-wars-the-clone-wars,Star Wars: The Clone Wars
616b30cad2e6f492a01ad05b,Jace Rucklin,male,human,,unknown,https://www.starwars.com/databank/jace-rucklin,series,star-wars-resistance,Star Wars Resistance
616b3530f42ef492a01ad05b,Jacen Syndulla,unknown,unknown,Height,1.42m,https://www.starwars.com/jacen-syndulla,series,star-wars-rebels,Star Wars Rebels
616b3530f42ef492a01ad05b,Jacen Syndulla,unknown,unknown,Height,1.42m,https://www.starwars.com/jacen-syndulla,series,star-wars-ahsoka,Ahsoka
616b29b230c99492a01ad05b,Jai Kell,male,human,Height,1.73m,https://www.starwars.com/databank/jai-kell,series,star-wars-rebels,Star Wars Rebels
616b29b230c99492a01ad05b,Jai Kell,male,human,Height,1.73m,https://www.starwars.com/databank/jai-kell,series,star-wars-ahsoka,Ahsoka
616b27c282bfe492a01ad05b,Jakoli,male,rodian,Height,1.74m,https://www.starwars.com/databank/jakoli,series,star-wars-the-clone-wars,Star Wars: The Clone Wars
616b278c585d3492a01ad05b,Jan Dodonna,male,unknown,Height,1.82m,https://www.starwars.com/databank/jan-dodonna,films,star-wars-episode-iv-a-new-hope,Star Wars: A New Hope (Episode IV)
616b278c585d3492a01ad05b,Jan Dodonna,male,unknown,Height,1.82m,https://www.starwars.com/databank/jan-dodonna,films,rogue-one,Rogue One: A Star Wars Story
616b278c585d3492a01ad05b,Jan Dodonna,male,unknown,Height,1.82m,https://www.starwars.com/databank/jan-dodonna,series,star-wars-rebels,Star Wars Rebels
616b27c432a3b492a01ad05b,Jango Fett,male,unknown,Height,1.83m,https://www.starwars.com/databank/jango-fett,films,star-wars-episode-ii-attack-of-the-clones,Star Wars: Attack of the Clones (Episode II)
616b31adbd92e492a01ad05b,Jannah,unknown,unknown,,unknown,https://www.starwars.com/databank/jannah,films,star-wars-episode-ix-the-rise-of-skywalker,Star Wars: The Rise of Skywalker (Episode IX)
616b2bd33e25a492a01ad05b,Janus Greejatus,male,human,,unknown,https://www.starwars.com/databank/janus-greejatus,films,star-wars-episode-vi-return-of-the-jedi,Star Wars: Return of the Jedi (Episode VI)
616b27cbd5661492a01ad05b,Jar Jar Binks,male,gungan,Height,1.96m,https://www.starwars.com/databank/jar-jar-binks,films,star-wars-episode-iii-revenge-of-the-sith,Star Wars: Revenge of the Sith (Episode III)
616b27cbd5661492a01ad05b,Jar Jar Binks,male,gungan,Height,1.96m,https://www.starwars.com/databank/jar-jar-binks,films,star-wars-episode-ii-attack-of-the-clones,Star Wars: Attack of the Clones (Episode II)
616b27cbd5661492a01ad05b,Jar Jar Binks,male,gungan,Height,1.96m,https://www.starwars.com/databank/jar-jar-binks,films,star-wars-episode-i-the-phantom-menace,Star Wars: The Phantom Menace (Episode I)
616b27cbd5661492a01ad05b,Jar Jar Binks,male,gungan,Height,1.96m,https://www.starwars.com/databank/jar-jar-binks,series,star-wars-the-clone-wars,Star Wars: The Clone Wars
616b306a417f7492a01ad05b,Jarek Yeager,male,human,,unknown,https://www.starwars.com/databank/jarek-yeager,series,star-wars-resistance,Star Wars Resistance
616b2dec68ea5492a01ad05b,Jashco Phurus,male,unknown,,unknown,https://www.starwars.com/databank/jashco-phurus,films,star-wars-episode-vii-the-force-awakens,Star Wars: The Force Awakens (Episode VII)
616b3809f95ed492a01ad05b,Jax,unknown,mirialan,,unknown,https://www.starwars.com/databank/jax-sp-32,series,star-wars-the-bad-batch,Star Wars: The Bad Batch
616b2bd4bd693492a01ad05b,Jay Igno,male,nimbanel,,unknown,https://www.starwars.com/databank/jay-igno,series,star-wars-the-clone-wars,Star Wars: The Clone Wars
616b27d344ffd492a01ad05b,Jaybo Hood,male,unknown,Height,1.4m,https://www.starwars.com/databank/jaybo-hood,series,star-wars-the-clone-wars,Star Wars: The Clone Wars
616b300202e24492a01ad05b,Jaycris Tubbs,male,human,,unknown,https://www.starwars.com/databank/jaycris-tubbs,films,star-wars-episode-viii-the-last-jedi,Star Wars: The Last Jedi (Episode VIII)
616b386747c8b492a01ad05b,Jaylen Vrax,unknown,human,Height,1.75m,https://www.starwars.com/databank/jaylen-vrax,games-apps,star-wars-outlaws,Star Wars Outlaws
616b374f106de492a01ad05b,Jecki Lon,unknown,human,Height,1.61m,https://www.starwars.com/databank/jecki-lon,series,the-acolyte,The Acolyte
616b33248e401492a01ad05b,Jek Lawquane,male,twi-lek,,unknown,https://www.starwars.com/databank/jek-lawquane,series,star-wars-the-bad-batch,Star Wars: The Bad Batch
616b33248e401492a01ad05b,Jek Lawquane,male,twi-lek,,unknown,https://www.starwars.com/databank/jek-lawquane,series,star-wars-the-clone-wars,Star Wars: The Clone Wars
616b2aa909e18492a01ad05b,Jek Porkins,male,unknown,Height,1.8m,https://www.starwars.com/databank/jek-porkins,films,star-wars-episode-iv-a-new-hope,Star Wars: A New Hope (Episode IV)
616b3478cdf36492a01ad05b,Jemboc,unknown,unknown,,unknown,https://www.starwars.com/databank/jemboc,series,andor,Andor
616b2baca1fe5492a01ad05b,Jennica Pierce,female,human,,unknown,https://www.starwars.com/databank/jennica-pierce,games-apps,star-wars-commander,Star Wars: Commander
616b2cb269b98492a01ad05b,Jess Pava,female,human,Height,1.69m,https://www.starwars.com/databank/jess-pava,films,star-wars-episode-vii-the-force-awakens,Star Wars: The Force Awakens (Episode VII)
616b34bded3b2492a01ad05b,Jet Venim,unknown,unknown,,unknown,https://www.starwars.com/databank/jet-venim,series,star-wars-the-bad-batch,Star Wars: The Bad Batch
616b348546845492a01ad05b,Jezzi,unknown,unknown,,unknown,https://www.starwars.com/databank/jezzi,series,andor,Andor
616b27d669701492a01ad05b,Jinx,male,twi-lek,Height,1.76m,https://www.starwars.com/databank/jinx,series,star-wars-the-clone-wars,Star Wars: The Clone Wars
616b27d8071e1492a01ad05b,Jira,female,unknown,,unknown,https://www.starwars.com/databank/jira,films,star-wars-episode-i-the-phantom-menace,Star Wars: The Phantom Menace (Episode I)
616b27d9b45be492a01ad05b,Jiro,male,weequay,Height,1.96m,https://www.starwars.com/databank/jiro,series,star-wars-the-clone-wars,Star Wars: The Clone Wars
616b27db5fd71492a01ad05b,Jocasta Nu,female,unknown,Height,1.69m,https://www.starwars.com/databank/jocasta-nu,films,star-wars-episode-ii-attack-of-the-clones,Star Wars: Attack of the Clones (Episode II)
616b27db5fd71492a01ad05b,Jocasta Nu,female,unknown,Height,1.69m,https://www.starwars.com/databank/jocasta-nu,series,star-wars-the-clone-wars,Star Wars: The Clone Wars
616b27db5fd71492a01ad05b,Jocasta Nu,female,unknown,Height,1.69m,https://www.starwars.com/databank/jocasta-nu,series,tales-of-the-jedi,Tales of the Jedi
616b2a3f8373a492a01ad05b,Joh Yowza,male,unknown,Height,1.4m,https://www.starwars.com/databank/joh-yowza,films,star-wars-episode-vi-return-of-the-jedi,Star Wars: Return of the Jedi (Episode VI)
616b2ba8bc220492a01ad05b,Johhar Kessen,male,human,,unknown,https://www.starwars.com/databank/johhar-kessen,games-apps,star-wars-commander,Star Wars: Commander
616b2ab018fda492a01ad05b,"Jon ""Dutch"" Vander",male,unknown,,unknown,https://www.starwars.com/databank/jon-dutch-vander,films,star-wars-episode-iv-a-new-hope,Star Wars: A New Hope (Episode IV)
616b2ab018fda492a01ad05b,"Jon ""Dutch"" Vander",male,unknown,,unknown,https://www.starwars.com/databank/jon-dutch-vander,series,star-wars-rebels,Star Wars Rebels
616b2e5939d0e492a01ad05b,Jonner Jin,male,human,,unknown,https://www.starwars.com/databank/jonner-jin,series,star-wars-rebels,Star Wars Rebels
616b2e09fc9aa492a01ad05b,Jyn Erso,female,human,,unknown,https://www.starwars.com/databank/jyn-erso,films,rogue-one,Rogue One: A Star Wars Story
616b2e09fc9aa492a01ad05b,Jyn Erso,female,human,,unknown,https://www.starwars.com/databank/jyn-erso,Appearances,star-wars-forces-of-destiny,Star Wars: Forces of Destiny
616b2e09fc9aa492a01ad05b,Jyn Erso,female,human,,unknown,https://www.starwars.com/databank/jyn-erso,games-apps,rogue-one-boots-on-the-ground-star-wars-arcade,Rogue One: Boots on the Ground - Star Wars Arcade
616b2e09fc9aa492a01ad05b,Jyn Erso,female,human,,unknown,https://www.starwars.com/databank/jyn-erso,games-apps,star-wars-rivals,Star Wars: Rivals
616b2e0c79307492a01ad05b,K-2SO (Kay-Tuesso),unknown,unknown,,unknown,https://www.starwars.com/databank/k-2so-kay-tuesso,films,rogue-one,Rogue One: A Star Wars Story
616b2e0c79307492a01ad05b,K-2SO (Kay-Tuesso),unknown,unknown,,unknown,https://www.starwars.com/databank/k-2so-kay-tuesso,games-apps,rogue-one-boots-on-the-ground-star-wars-arcade,Rogue One: Boots on the Ground - Star Wars Arcade
616b3692765f7492a01ad05b,K-9X1,unknown,unknown,,unknown,https://www.starwars.com/databank/k-9x1,series,star-wars-the-bad-batch,Star Wars: The Bad Batch
616b27df734e6492a01ad05b,K0-5D,unknown,unknown,Height,1.63m,https://www.starwars.com/databank/k0-5d,series,star-wars-the-clone-wars,Star Wars: The Clone Wars
616b2ba6d2158492a01ad05b,Kada Jahr,female,unknown,,unknown,https://www.starwars.com/databank/kada-jahr,games-apps,star-wars-commander,Star Wars: Commander
616b27e132eb5492a01ad05b,Kalifa,female,unknown,Height,1.72m,https://www.starwars.com/databank/kalifa,series,star-wars-the-clone-wars,Star Wars: The Clone Wars
616b321dc64ef492a01ad05b,Kalo ne,female,unknown,,unknown,https://www.starwars.com/databank/kalo-ne,films,star-wars-episode-ix-the-rise-of-skywalker,Star Wars: The Rise of Skywalker (Episode IX)
616b27e2dd0f3492a01ad05b,Kanan Jarrus   Caleb Dume,male,human,,unknown,https://www.starwars.com/databank/kanan-jarrus,series,star-wars-the-bad-batch,Star Wars: The Bad Batch
616b27e2dd0f3492a01ad05b,Kanan Jarrus   Caleb Dume,male,human,,unknown,https://www.starwars.com/databank/kanan-jarrus,series,star-wars-rebels,Star Wars Rebels
616b27e2dd0f3492a01ad05b,Kanan Jarrus   Caleb Dume,male,human,,unknown,https://www.starwars.com/databank/kanan-jarrus,games-apps,star-wars-rebels-rebel-strike,Star Wars Rebels - Rebel Strike
616b27e2dd0f3492a01ad05b,Kanan Jarrus   Caleb Dume,male,human,,unknown,https://www.starwars.com/databank/kanan-jarrus,games-apps,star-wars-arcade,Star Wars Arcade
616b27e2dd0f3492a01ad05b,Kanan Jarrus   Caleb Dume,male,human,,unknown,https://www.starwars.com/databank/kanan-jarrus,games-apps,disney-infinity-3-0-character-quest,Disney Infinity 3 0 - Character Quest
616b27e2dd0f3492a01ad05b,Kanan Jarrus   Caleb Dume,male,human,,unknown,https://www.starwars.com/databank/kanan-jarrus,games-apps,star-wars-rebels-strike-missions,Star Wars Rebels - Strike Missions
616b27e2dd0f3492a01ad05b,Kanan Jarrus   Caleb Dume,male,human,,unknown,https://www.starwars.com/databank/kanan-jarrus,games-apps,star-wars-rebels-chopper-chase,Star Wars Rebels: Chopper Chase
616b27e2dd0f3492a01ad05b,Kanan Jarrus   Caleb Dume,male,human,,unknown,https://www.starwars.com/databank/kanan-jarrus,games-apps,star-wars-rebels-ghost-raid,Star Wars Rebels: Ghost Raid
616b27e2dd0f3492a01ad05b,Kanan Jarrus   Caleb Dume,male,human,,unknown,https://www.starwars.com/databank/kanan-jarrus,games-apps,team-tactics-star-wars-arcade,Team Tactics - Star Wars Arcade
616b344bdd882492a01ad05b,Karis Nemik,unknown,unknown,,unknown,https://www.starwars.com/databank/karis-nemik,series,andor,Andor
616b27ea3bd8c492a01ad05b,Katooni,female,tholothian,Height,1.3m,https://www.starwars.com/databank/katooni,series,star-wars-the-clone-wars,Star Wars: The Clone Wars
616b384b2425d492a01ad05b,Kay Vess,unknown,human,Height,1.7m,https://www.starwars.com/databank/kay-vess,games-apps,star-wars-outlaws,Star Wars Outlaws
616b2dcc7289f492a01ad05b,Kaydel Connix,female,human,,unknown,https://www.starwars.com/databank/kaydel-connix,films,star-wars-episode-viii-the-last-jedi,Star Wars: The Last Jedi (Episode VIII)
616b2dcc7289f492a01ad05b,Kaydel Connix,female,human,,unknown,https://www.starwars.com/databank/kaydel-connix,films,star-wars-episode-vii-the-force-awakens,Star Wars: The Force Awakens (Episode VII)
616b3075d1e2c492a01ad05b,"Kazuda ""Kaz"" Xiono",male,human,,unknown,https://www.starwars.com/databank/kazuda-kaz-xiono,series,star-wars-resistance,Star Wars Resistance
616b30038a689492a01ad05b,Kedpin Shoklop,male,wermal,,unknown,https://www.starwars.com/databank/kedpin-shoklop,films,star-wars-episode-viii-the-last-jedi,Star Wars: The Last Jedi (Episode VIII)
616b27ebd9914492a01ad05b,Keeper Agruss,male,zygerrian,Height,1.97m,https://www.starwars.com/databank/keeper-agruss,series,star-wars-the-clone-wars,Star Wars: The Clone Wars
616b2baab54af492a01ad05b,Kekit,unknown,jawa,,unknown,https://www.starwars.com/databank/kekit,games-apps,star-wars-commander,Star Wars: Commander
616b30dea0c07492a01ad05b,Kel,male,unknown,,unknown,https://www.starwars.com/databank/kel,series,star-wars-resistance,Star Wars Resistance
616b34df62883492a01ad05b,Kelleran Beq,male,unknown,Height,1.87m,https://www.starwars.com/databank/kelleran-beq,series,the-mandalorian,The Mandalorian
616b375f2195a492a01ad05b,Kelnacca,unknown,unknown,Height,2.29m,https://www.starwars.com/databank/kelnacca,series,the-acolyte,The Acolyte
616b32a4a16dc492a01ad05b,Keo Venzee,unknown,unknown,,unknown,https://www.starwars.com/databank/keo-venzee,games-apps,star-wars-squadrons,Star Wars: Squadrons
616b342af2812492a01ad05b,Kerri,unknown,unknown,,unknown,https://www.starwars.com/databank/kerri,series,andor,Andor
616b334a78fcb492a01ad05b,Ketch,unknown,weequay,,unknown,https://www.starwars.com/databank/ketch,series,star-wars-the-bad-batch,Star Wars: The Bad Batch
616b2c33507e4492a01ad05b,Ketsu Onyo,female,unknown,,unknown,https://www.starwars.com/databank/ketsu-onyo,series,star-wars-rebels,Star Wars Rebels
616b27ed76919492a01ad05b,Ki-Adi-Mundi,male,cerean,Height,1.98m,https://www.starwars.com/databank/ki-adi-mundi,films,star-wars-episode-iii-revenge-of-the-sith,Star Wars: Revenge of the Sith (Episode III)
616b27ed76919492a01ad05b,Ki-Adi-Mundi,male,cerean,Height,1.98m,https://www.starwars.com/databank/ki-adi-mundi,films,star-wars-episode-ii-attack-of-the-clones,Star Wars: Attack of the Clones (Episode II)
616b27ed76919492a01ad05b,Ki-Adi-Mundi,male,cerean,Height,1.98m,https://www.starwars.com/databank/ki-adi-mundi,films,star-wars-episode-i-the-phantom-menace,Star Wars: The Phantom Menace (Episode I)
616b27ed76919492a01ad05b,Ki-Adi-Mundi,male,cerean,Height,1.98m,https://www.starwars.com/databank/ki-adi-mundi,series,star-wars-the-clone-wars,Star Wars: The Clone Wars
616b27ed76919492a01ad05b,Ki-Adi-Mundi,male,cerean,Height,1.98m,https://www.starwars.com/databank/ki-adi-mundi,series,tales-of-the-jedi,Tales of the Jedi
616b27ed76919492a01ad05b,Ki-Adi-Mundi,male,cerean,Height,1.98m,https://www.starwars.com/databank/ki-adi-mundi,series,the-acolyte,The Acolyte
616b27f51f8ab492a01ad05b,Kiera Swan,female,weequay,Height,1.68m,https://www.starwars.com/databank/kiera-swan,series,star-wars-the-clone-wars,Star Wars: The Clone Wars
616b2bd6a807c492a01ad05b,Kin Robb,female,unknown,Height,2.0m,https://www.starwars.com/databank/kin-robb,series,star-wars-the-clone-wars,Star Wars: The Clone Wars
616b32594ab28492a01ad05b,Kinash Lock,unknown,unknown,,unknown,https://www.starwars.com/databank/kinash-lock,series,star-wars-the-clone-wars,Star Wars: The Clone Wars
616b27f6c8f3e492a01ad05b,King Katuunko,male,toydarian,Height,1.52m,https://www.starwars.com/databank/king-katuunko,series,star-wars-the-clone-wars,Star Wars: The Clone Wars
616b27f85f806492a01ad05b,King Manchucho,male,aleena,Height,0.78m,https://www.starwars.com/databank/king-manchucho,series,star-wars-the-clone-wars,Star Wars: The Clone Wars
616b27f9febac492a01ad05b,King Ramsis Dendup,male,unknown,Height,1.68m,https://www.starwars.com/databank/king-ramsis-dendup,series,star-wars-the-clone-wars,Star Wars: The Clone Wars
616b27fbe68bf492a01ad05b,King Sanjay Rash,male,unknown,Height,1.74m,https://www.starwars.com/databank/king-sanjay-rash,series,star-wars-the-clone-wars,Star Wars: The Clone Wars
616b3476ca401492a01ad05b,Kino Loy,unknown,unknown,,unknown,https://www.starwars.com/databank/kino-loy,series,andor,Andor
616b22d2d7168492a01ad05b,Kit Fisto,male,nautolan,Height,1.96m,https://www.starwars.com/databank/kit-fisto,films,star-wars-episode-ii-attack-of-the-clones,Star Wars: Attack of the Clones (Episode II)
616b22d2d7168492a01ad05b,Kit Fisto,male,nautolan,Height,1.96m,https://www.starwars.com/databank/kit-fisto,films,star-wars-episode-iii-revenge-of-the-sith,Star Wars: Revenge of the Sith (Episode III)
616b22d2d7168492a01ad05b,Kit Fisto,male,nautolan,Height,1.96m,https://www.starwars.com/databank/kit-fisto,series,star-wars-the-clone-wars,Star Wars: The Clone Wars
616b22c00340f492a01ad05b,Kitster,male,unknown,Height,1.24m,https://www.starwars.com/databank/kitster,films,star-wars-episode-i-the-phantom-menace,Star Wars: The Phantom Menace (Episode I)
616b297592ebd492a01ad05b,Kitwarr,male,unknown,,unknown,https://www.starwars.com/databank/kitwarr,series,star-wars-rebels,Star Wars Rebels
616b2b3118e72492a01ad05b,Klaatu,male,nikto-green,,unknown,https://www.starwars.com/databank/klaatu,films,star-wars-episode-vi-return-of-the-jedi,Star Wars: Return of the Jedi (Episode VI)
616b31b255070492a01ad05b,Klaud,unknown,unknown,,unknown,https://www.starwars.com/databank/klaud,films,star-wars-episode-ix-the-rise-of-skywalker,Star Wars: The Rise of Skywalker (Episode IX)
616b3442335ed492a01ad05b,Kleya Marki,unknown,unknown,,unknown,https://www.starwars.com/databank/kleya-marki,series,andor,Andor
616b2e7fc7339492a01ad05b,Klik-Klak,male,geonosian,Height,1.75m,https://www.starwars.com/databank/klik-klak,series,star-wars-rebels,Star Wars Rebels
616b27ff2cc15492a01ad05b,Korkie Kryze,male,unknown,Height,1.65m,https://www.starwars.com/databank/korkie-kryze,series,star-wars-the-clone-wars,Star Wars: The Clone Wars
616b2dc62b362492a01ad05b,Korr Sella,female,human,Height,1.65m,https://www.starwars.com/databank/korr-sella,films,star-wars-episode-vii-the-force-awakens,Star Wars: The Force Awakens (Episode VII)
616b30c1071f6492a01ad05b,Kragan Gorr,male,unknown,,unknown,https://www.starwars.com/databank/kragan-gorr,series,star-wars-resistance,Star Wars Resistance
616b2800d7f39492a01ad05b,Krismo Sodi,male,kage,Height,1.89m,https://www.starwars.com/databank/krismo-sodi,series,star-wars-the-clone-wars,Star Wars: The Clone Wars
616b338461e17492a01ad05b,Krrsantan,unknown,wookiee,,unknown,https://www.starwars.com/databank/krrsantan,series,the-book-of-boba-fett,The Book of Boba Fett
616b31805f944492a01ad05b,Kuiil,male,ugnaught,,unknown,https://www.starwars.com/databank/kuiil,series,the-mandalorian,The Mandalorian
616b3226382dd492a01ad05b,Kuruk,male,unknown,,unknown,https://www.starwars.com/databank/kuruk,films,star-wars-episode-ix-the-rise-of-skywalker,Star Wars: The Rise of Skywalker (Episode IX)
616b3226382dd492a01ad05b,Kuruk,male,unknown,,unknown,https://www.starwars.com/databank/kuruk,films,star-wars-episode-vii-the-force-awakens,Star Wars: The Force Awakens (Episode VII)
616b2fd13831e492a01ad05b,L3-37,unknown,unknown,Height,1.79m,https://www.starwars.com/databank/l3-37,films,solo,Solo: A Star Wars Story
616b300822e5f492a01ad05b,Lady Proxima,female,grindalid,Height,4.88m,https://www.starwars.com/databank/lady-proxima,films,solo,Solo: A Star Wars Story
616b28027a7f3492a01ad05b,Lagos,female,unknown,,unknown,https://www.starwars.com/databank/lagos,series,star-wars-the-clone-wars,Star Wars: The Clone Wars
616b2aebac5cc492a01ad05b,Lama Su,male,kaminoan,Height,2.29m,https://www.starwars.com/databank/lama-su,films,star-wars-episode-ii-attack-of-the-clones,Star Wars: Attack of the Clones (Episode II)
616b2aebac5cc492a01ad05b,Lama Su,male,kaminoan,Height,2.29m,https://www.starwars.com/databank/lama-su,series,star-wars-the-clone-wars,Star Wars: The Clone Wars
616b2aebac5cc492a01ad05b,Lama Su,male,kaminoan,Height,2.29m,https://www.starwars.com/databank/lama-su,series,star-wars-the-bad-batch,Star Wars: The Bad Batch
616b23df6aa78492a01ad05b,Lando Calrissian,male,human,Height,1.78m,https://www.starwars.com/databank/lando-calrissian,films,star-wars-episode-v-the-empire-strikes-back,Star Wars: The Empire Strikes Back (Episode V)
616b23df6aa78492a01ad05b,Lando Calrissian,male,human,Height,1.78m,https://www.starwars.com/databank/lando-calrissian,films,star-wars-episode-vi-return-of-the-jedi,Star Wars: Return of the Jedi (Episode VI)
616b23df6aa78492a01ad05b,Lando Calrissian,male,human,Height,1.78m,https://www.starwars.com/databank/lando-calrissian,films,solo,Solo: A Star Wars Story
616b23df6aa78492a01ad05b,Lando Calrissian,male,human,Height,1.78m,https://www.starwars.com/databank/lando-calrissian,films,star-wars-episode-ix-the-rise-of-skywalker,Star Wars: The Rise of Skywalker (Episode IX)
616b23df6aa78492a01ad05b,Lando Calrissian,male,human,Height,1.78m,https://www.starwars.com/databank/lando-calrissian,series,star-wars-rebels,Star Wars Rebels
616b23df6aa78492a01ad05b,Lando Calrissian,male,human,Height,1.78m,https://www.starwars.com/databank/lando-calrissian,games-apps,star-wars-pinball-solo-a-star-wars-story,Star Wars Pinball: Solo: A Star Wars Story
616b23df6aa78492a01ad05b,Lando Calrissian,male,human,Height,1.78m,https://www.starwars.com/databank/lando-calrissian,games-apps,star-wars-arcade,Star Wars Arcade
616b34f5fa5d9492a01ad05b,Lanse Crowder,unknown,unknown,,unknown,https://www.starwars.com/databank/lanse-crowder,series,star-wars-the-bad-batch,Star Wars: The Bad Batch
616b307c5b2a6492a01ad05b,"Lark and Jonk a k a  ""The Twins""",unknown,unknown,,unknown,https://www.starwars.com/databank/lark-and-jonk-a-k-a-the-twins,films,solo,Solo: A Star Wars Story
616b28041ea90492a01ad05b,Latts Razzi,female,theelin,Height,1.79m,https://www.starwars.com/databank/latts-razzi,series,star-wars-the-clone-wars,Star Wars: The Clone Wars
616b313e64d3b492a01ad05b,LE-12,unknown,unknown,,unknown,https://www.starwars.com/databank/le-12,series,star-wars-resistance,Star Wars Resistance
616b31c1d392e492a01ad05b,Lechee,male,gran,,unknown,https://www.starwars.com/databank/lechee,series,star-wars-resistance,Star Wars Resistance
616b23f0e818f492a01ad05b,Leia Organa,female,human,Height,1.5m,https://www.starwars.com/databank/leia-organa,films,star-wars-episode-iii-revenge-of-the-sith,Star Wars: Revenge of the Sith (Episode III)
616b23f0e818f492a01ad05b,Leia Organa,female,human,Height,1.5m,https://www.starwars.com/databank/leia-organa,films,star-wars-episode-vi-return-of-the-jedi,Star Wars: Return of the Jedi (Episode VI)
616b23f0e818f492a01ad05b,Leia Organa,female,human,Height,1.5m,https://www.starwars.com/databank/leia-organa,films,star-wars-episode-iv-a-new-hope,Star Wars: A New Hope (Episode IV)
616b23f0e818f492a01ad05b,Leia Organa,female,human,Height,1.5m,https://www.starwars.com/databank/leia-organa,films,star-wars-episode-v-the-empire-strikes-back,Star Wars: The Empire Strikes Back (Episode V)
616b23f0e818f492a01ad05b,Leia Organa,female,human,Height,1.5m,https://www.starwars.com/databank/leia-organa,films,star-wars-episode-viii-the-last-jedi,Star Wars: The Last Jedi (Episode VIII)
616b23f0e818f492a01ad05b,Leia Organa,female,human,Height,1.5m,https://www.starwars.com/databank/leia-organa,films,star-wars-episode-vii-the-force-awakens,Star Wars: The Force Awakens (Episode VII)
616b23f0e818f492a01ad05b,Leia Organa,female,human,Height,1.5m,https://www.starwars.com/databank/leia-organa,films,rogue-one,Rogue One: A Star Wars Story
616b23f0e818f492a01ad05b,Leia Organa,female,human,Height,1.5m,https://www.starwars.com/databank/leia-organa,series,obi-wan-kenobi,Obi-Wan Kenobi
616b23f0e818f492a01ad05b,Leia Organa,female,human,Height,1.5m,https://www.starwars.com/databank/leia-organa,series,star-wars-resistance,Star Wars Resistance
616b23f0e818f492a01ad05b,Leia Organa,female,human,Height,1.5m,https://www.starwars.com/databank/leia-organa,series,star-wars-rebels,Star Wars Rebels
616b23f0e818f492a01ad05b,Leia Organa,female,human,Height,1.5m,https://www.starwars.com/databank/leia-organa,games-apps,disney-infinity-3-0-character-quest,Disney Infinity 3 0 - Character Quest
616b23f0e818f492a01ad05b,Leia Organa,female,human,Height,1.5m,https://www.starwars.com/databank/leia-organa,games-apps,star-wars-battlefront,Star Wars: Battlefront
616b23f0e818f492a01ad05b,Leia Organa,female,human,Height,1.5m,https://www.starwars.com/databank/leia-organa,games-apps,star-wars-rivals,Star Wars: Rivals
616b345a1a6f2492a01ad05b,Leida Mothma,unknown,unknown,,unknown,https://www.starwars.com/databank/leida-mothma,series,andor,Andor
616b34d4e3ba7492a01ad05b,Lens Kamo,unknown,unknown,,unknown,https://www.starwars.com/databank/lens-kamo,games-apps,star-wars-tales-from-the-galaxy-s-edge,Star Wars: Tales from the Galaxy's Edge
616b31a5a0b4c492a01ad05b,Leoz,male,nikto,,unknown,https://www.starwars.com/databank/leoz,series,star-wars-resistance,Star Wars Resistance
616b2805c64ea492a01ad05b,Letta Turmond,female,unknown,,unknown,https://www.starwars.com/databank/letta-turmond,series,star-wars-the-clone-wars,Star Wars: The Clone Wars
616b2ba4e1891492a01ad05b,Liana Kor,female,twi-lek,,unknown,https://www.starwars.com/databank/liana-kor,games-apps,star-wars-commander,Star Wars: Commander
616b305e1ab49492a01ad05b,Lieutenant Bolandin,male,human,Height,1.88m,https://www.starwars.com/databank/lieutenant-bolandin,films,solo,Solo: A Star Wars Story
616b367102cfb492a01ad05b,Lieutenant Callahan,unknown,human,Height,1.68m,https://www.starwars.com/databank/lieutenant-callahan,series,star-wars-ahsoka,Ahsoka
616b2d7e87177492a01ad05b,Lieutenant Dicer,female,human,,unknown,https://www.starwars.com/databank/lieutenant-dicer,series,star-wars-rebels,Star Wars Rebels
616b3173f3457492a01ad05b,Lieutenant Galek,female,human,,unknown,https://www.starwars.com/databank/lieutenant-galek,series,star-wars-resistance,Star Wars Resistance
616b373650021492a01ad05b,Lieutenant Hilo,unknown,unknown,Height,1.83m,https://www.starwars.com/databank/lieutenant-hilo,series,star-wars-the-bad-batch,Star Wars: The Bad Batch
616b2dc2cb459492a01ad05b,Lieutenant Mitaka,male,human,,unknown,https://www.starwars.com/databank/lieutenant-mitaka,films,star-wars-episode-vii-the-force-awakens,Star Wars: The Force Awakens (Episode VII)
616b2e99ed662492a01ad05b,Lieutenant Mytus Adema,male,human,,unknown,https://www.starwars.com/databank/lieutenant-mytus-adema,films,rogue-one,Rogue One: A Star Wars Story
616b3273e83cf492a01ad05b,Lindon Javes,unknown,unknown,,unknown,https://www.starwars.com/databank/lindon-javes,games-apps,star-wars-squadrons,Star Wars: Squadrons
616b280764db7492a01ad05b,Lobot,male,human,Height,1.75m,https://www.starwars.com/databank/lobot,films,star-wars-episode-v-the-empire-strikes-back,Star Wars: The Empire Strikes Back (Episode V)
616b2af12e5e5492a01ad05b,Logray,male,ewok,Height,1.0m,https://www.starwars.com/databank/logray,films,star-wars-episode-vi-return-of-the-jedi,Star Wars: Return of the Jedi (Episode VI)
616b280929aef492a01ad05b,Lok Durd,male,neimoidian,Height,2.11m,https://www.starwars.com/databank/lok-durd,series,star-wars-the-clone-wars,Star Wars: The Clone Wars
616b34058c728492a01ad05b,Lola (L0-LA59),unknown,unknown,,unknown,https://www.starwars.com/databank/lola-l0-la59,series,obi-wan-kenobi,Obi-Wan Kenobi
616b2ae704e09492a01ad05b,Lolo Purs,female,rodian,,unknown,https://www.starwars.com/databank/lolo-purs,series,star-wars-the-clone-wars,Star Wars: The Clone Wars
616b280b438b5492a01ad05b,Lom Pyke,male,pyke,,unknown,https://www.starwars.com/databank/lom_pyke,series,star-wars-the-clone-wars,Star Wars: The Clone Wars
616b2cb4352fe492a01ad05b,Lor San Tekka,male,human,Height,1.85m,https://www.starwars.com/databank/lor-san-tekka,films,star-wars-episode-vii-the-force-awakens,Star Wars: The Force Awakens (Episode VII)
616b337d51e94492a01ad05b,Lortha Peel,unknown,unknown,,unknown,https://www.starwars.com/databank/lortha-peel,series,the-book-of-boba-fett,The Book of Boba Fett
616b280cf1749492a01ad05b,Lott Dod,male,neimoidian,Height,1.9m,https://www.starwars.com/databank/lott-dod,films,star-wars-episode-i-the-phantom-menace,Star Wars: The Phantom Menace (Episode I)
616b280cf1749492a01ad05b,Lott Dod,male,neimoidian,Height,1.9m,https://www.starwars.com/databank/lott-dod,series,star-wars-the-clone-wars,Star Wars: The Clone Wars
616b2f9a0216d492a01ad05b,Lovey,female,human,,unknown,https://www.starwars.com/databank/lovey,films,star-wars-episode-viii-the-last-jedi,Star Wars: The Last Jedi (Episode VIII)
616b32a824605492a01ad05b,LT-514,unknown,unknown,,unknown,https://www.starwars.com/databank/lt-514,games-apps,star-wars-squadrons,Star Wars: Squadrons
616b34d6636f9492a01ad05b,Lt  Gauge,unknown,unknown,,unknown,https://www.starwars.com/databank/lt-gauge,games-apps,star-wars-tales-from-the-galaxy-s-edge,Star Wars: Tales from the Galaxy s Edge
616b34441498b492a01ad05b,Lt  Gorn,unknown,unknown,,unknown,https://www.starwars.com/databank/lt-gorn,series,andor,Andor
616b38858bbdc492a01ad05b,Lt  Holmes,unknown,human,Height,2.0m,https://www.starwars.com/databank/lt-holmes,series,star-wars-the-bad-batch,Star Wars: The Bad Batch
616b34f18f437492a01ad05b,Lt  Nolan,unknown,unknown,,unknown,https://www.starwars.com/databank/lt-nolan,series,star-wars-the-bad-batch,Star Wars: The Bad Batch
616b23e6f5453492a01ad05b,Luke Skywalker,male,human,Height,1.72m,https://www.starwars.com/databank/luke-skywalker,films,star-wars-episode-v-the-empire-strikes-back,Star Wars: The Empire Strikes Back (Episode V)
616b23e6f5453492a01ad05b,Luke Skywalker,male,human,Height,1.72m,https://www.starwars.com/databank/luke-skywalker,films,star-wars-episode-vii-the-force-awakens,Star Wars: The Force Awakens (Episode VII)
616b23e6f5453492a01ad05b,Luke Skywalker,male,human,Height,1.72m,https://www.starwars.com/databank/luke-skywalker,films,star-wars-episode-vi-return-of-the-jedi,Star Wars: Return of the Jedi (Episode VI)
616b23e6f5453492a01ad05b,Luke Skywalker,male,human,Height,1.72m,https://www.starwars.com/databank/luke-skywalker,films,star-wars-episode-iv-a-new-hope,Star Wars: A New Hope (Episode IV)
616b23e6f5453492a01ad05b,Luke Skywalker,male,human,Height,1.72m,https://www.starwars.com/databank/luke-skywalker,films,star-wars-episode-ix-the-rise-of-skywalker,Star Wars: The Rise of Skywalker (Episode IX)
616b23e6f5453492a01ad05b,Luke Skywalker,male,human,Height,1.72m,https://www.starwars.com/databank/luke-skywalker,films,star-wars-episode-viii-the-last-jedi,Star Wars: The Last Jedi (Episode VIII)
616b23e6f5453492a01ad05b,Luke Skywalker,male,human,Height,1.72m,https://www.starwars.com/databank/luke-skywalker,films,star-wars-episode-iii-revenge-of-the-sith,Star Wars: Revenge of the Sith (Episode III)
616b23e6f5453492a01ad05b,Luke Skywalker,male,human,Height,1.72m,https://www.starwars.com/databank/luke-skywalker,series,the-book-of-boba-fett,The Book of Boba Fett
616b23e6f5453492a01ad05b,Luke Skywalker,male,human,Height,1.72m,https://www.starwars.com/databank/luke-skywalker,series,the-mandalorian,The Mandalorian
616b23e6f5453492a01ad05b,Luke Skywalker,male,human,Height,1.72m,https://www.starwars.com/databank/luke-skywalker,series,obi-wan-kenobi,Obi-Wan Kenobi
616b23e6f5453492a01ad05b,Luke Skywalker,male,human,Height,1.72m,https://www.starwars.com/databank/luke-skywalker,series,star-wars-rebels,Star Wars Rebels
616b23e6f5453492a01ad05b,Luke Skywalker,male,human,Height,1.72m,https://www.starwars.com/databank/luke-skywalker,games-apps,star-wars-tiny-death-star,Star Wars: Tiny Death Star
616b23e6f5453492a01ad05b,Luke Skywalker,male,human,Height,1.72m,https://www.starwars.com/databank/luke-skywalker,games-apps,star-wars-tiny-death-star-sea-,Star Wars: Tiny Death Star (SEA)
616b23e6f5453492a01ad05b,Luke Skywalker,male,human,Height,1.72m,https://www.starwars.com/databank/luke-skywalker,games-apps,star-wars-arcade,Star Wars Arcade
616b23e6f5453492a01ad05b,Luke Skywalker,male,human,Height,1.72m,https://www.starwars.com/databank/luke-skywalker,games-apps,yoda-s-jedi-training-star-wars-arcade,Yoda's Jedi Training - Star Wars Arcade
616b23e6f5453492a01ad05b,Luke Skywalker,male,human,Height,1.72m,https://www.starwars.com/databank/luke-skywalker,games-apps,disney-infinity-3-0-character-quest,Disney Infinity 3 0 - Character Quest
616b23e6f5453492a01ad05b,Luke Skywalker,male,human,Height,1.72m,https://www.starwars.com/databank/luke-skywalker,games-apps,a-sticker-book-far-far-away,A Sticker Book Far  Far Away
616b23e6f5453492a01ad05b,Luke Skywalker,male,human,Height,1.72m,https://www.starwars.com/databank/luke-skywalker,games-apps,star-wars-battlefront,Star Wars: Battlefront
616b23e6f5453492a01ad05b,Luke Skywalker,male,human,Height,1.72m,https://www.starwars.com/databank/luke-skywalker,games-apps,star-wars-rivals,Star Wars: Rivals
616b23e6f5453492a01ad05b,Luke Skywalker,male,human,Height,1.72m,https://www.starwars.com/databank/luke-skywalker,games-apps,jedi-mind-match,Jedi Mind Match
616b280eb3ab4492a01ad05b,Luminara Unduli,female,mirialan,Height,1.76m,https://www.starwars.com/databank/luminara-unduli,films,star-wars-episode-ii-attack-of-the-clones,Star Wars: Attack of the Clones (Episode II)
616b280eb3ab4492a01ad05b,Luminara Unduli,female,mirialan,Height,1.76m,https://www.starwars.com/databank/luminara-unduli,films,star-wars-episode-iii-revenge-of-the-sith,Star Wars: Revenge of the Sith (Episode III)
616b280eb3ab4492a01ad05b,Luminara Unduli,female,mirialan,Height,1.76m,https://www.starwars.com/databank/luminara-unduli,series,star-wars-the-clone-wars,Star Wars: The Clone Wars
616b280eb3ab4492a01ad05b,Luminara Unduli,female,mirialan,Height,1.76m,https://www.starwars.com/databank/luminara-unduli,series,star-wars-rebels,Star Wars Rebels
616b341976bdf492a01ad05b,Luthen Rael,unknown,unknown,,unknown,https://www.starwars.com/databank/luthen-rael,series,andor,Andor
616b2815b2076492a01ad05b,Lux Bonteri,male,unknown,Height,1.78m,https://www.starwars.com/databank/lux-bonteri,series,star-wars-the-clone-wars,Star Wars: The Clone Wars
616b34fa78bd0492a01ad05b,Lyana,unknown,unknown,,unknown,https://www.starwars.com/databank/lyana,series,star-wars-the-bad-batch,Star Wars: The Bad Batch
616b2b0507722492a01ad05b,Lyn Me,female,twi-lek,Height,1.6m,https://www.starwars.com/databank/lyn-me,films,star-wars-episode-vi-return-of-the-jedi,Star Wars: Return of the Jedi (Episode VI)
616b2eb4dbe3d492a01ad05b,Lyra Erso,female,human,Height,1.7m,https://www.starwars.com/databank/lyra-erso,films,rogue-one,Rogue One: A Star Wars Story
616b281ccfc08492a01ad05b,M5-BZ,unknown,unknown,Height,1.15m,https://www.starwars.com/databank/m5-bz,series,star-wars-the-clone-wars,Star Wars: The Clone Wars
616b34234ec93492a01ad05b,Maarva Andor,unknown,unknown,,unknown,https://www.starwars.com/databank/maarva-andor,series,andor,Andor
616b24154b963492a01ad05b,Mace Windu,male,unknown,Height,1.92m,https://www.starwars.com/databank/mace-windu,films,star-wars-episode-i-the-phantom-menace,Star Wars: The Phantom Menace (Episode I)
616b24154b963492a01ad05b,Mace Windu,male,unknown,Height,1.92m,https://www.starwars.com/databank/mace-windu,films,star-wars-episode-ii-attack-of-the-clones,Star Wars: Attack of the Clones (Episode II)
616b24154b963492a01ad05b,Mace Windu,male,unknown,Height,1.92m,https://www.starwars.com/databank/mace-windu,series,star-wars-the-clone-wars,Star Wars: The Clone Wars
616b24154b963492a01ad05b,Mace Windu,male,unknown,Height,1.92m,https://www.starwars.com/databank/mace-windu,series,tales-of-the-jedi,Tales of the Jedi
616b24154b963492a01ad05b,Mace Windu,male,unknown,Height,1.92m,https://www.starwars.com/databank/mace-windu,games-apps,jedi-mind-match,Jedi Mind Match
616b373ea7ef1492a01ad05b,Mae Aniseya,unknown,unknown,Height,1.67m,https://www.starwars.com/databank/mae,series,the-acolyte,The Acolyte
616b2d50b132a492a01ad05b,Magaloof,male,unknown,Height,1.4m,https://www.starwars.com/databank/magaloof,films,star-wars-episode-ii-attack-of-the-clones,Star Wars: Attack of the Clones (Episode II)
616b2dce2ba71492a01ad05b,Major Brance,male,human,Height,1.75m,https://www.starwars.com/databank/major-brance,films,star-wars-episode-vii-the-force-awakens,Star Wars: The Force Awakens (Episode VII)
616b2b1f47b83492a01ad05b,Major Bren Derlin,male,unknown,,unknown,https://www.starwars.com/databank/major-bren-derlin,films,star-wars-episode-v-the-empire-strikes-back,Star Wars: The Empire Strikes Back (Episode V)
616b2ebd0abe8492a01ad05b,Major Capin Harinar,male,human,,unknown,https://www.starwars.com/databank/major-capin-harinar,films,rogue-one,Rogue One: A Star Wars Story
616b344faef2f492a01ad05b,Major Partagaz,unknown,unknown,,unknown,https://www.starwars.com/databank/major-partagaz,series,andor,Andor
616b281e96131492a01ad05b,Major Rigosso,male,belugan,,unknown,https://www.starwars.com/databank/major-rigosso,series,star-wars-the-clone-wars,Star Wars: The Clone Wars
616b30d2f142b492a01ad05b,Major Vonreg,male,human,,unknown,https://www.starwars.com/databank/major-vonreg,series,star-wars-resistance,Star Wars Resistance
616b2bda38299492a01ad05b,Mak Plain,unknown,muun,,unknown,https://www.starwars.com/databank/mak-plain,series,star-wars-the-clone-wars,Star Wars: The Clone Wars
616b2c1b3c5ed492a01ad05b,Malakili,male,human,Height,1.72m,https://www.starwars.com/databank/malakili,films,star-wars-episode-vi-return-of-the-jedi,Star Wars: Return of the Jedi (Episode VI)
616b28205fcf9492a01ad05b,Mantu,male,unknown,Height,1.54m,https://www.starwars.com/databank/mantu,series,star-wars-the-clone-wars,Star Wars: The Clone Wars
616b2bdbb2249492a01ad05b,Mar Tuuk,male,neimoidian,Height,2.09m,https://www.starwars.com/databank/mar-tuuk,series,star-wars-the-clone-wars,Star Wars: The Clone Wars
616b30fea6ad6492a01ad05b,Marcus Speedstar,male,human,,unknown,https://www.starwars.com/databank/marcus-speedstar,series,star-wars-resistance,Star Wars Resistance
616b325ad5a46492a01ad05b,Marg Krim,unknown,pyke,,unknown,https://www.starwars.com/databank/marg-krim,series,star-wars-the-clone-wars,Star Wars: The Clone Wars
616b2a28fa3d9492a01ad05b,Marrok (creature),unknown,unknown,,unknown,https://www.starwars.com/databank/marrok-creature,series,star-wars-the-clone-wars,Star Wars: The Clone Wars
616b352461283492a01ad05b,Marrok (Inquisitor),unknown,unknown,,unknown,https://www.starwars.com/databank/marrok-inquisitor,series,star-wars-ahsoka,Ahsoka
616b2e54112fa492a01ad05b,Mart Mattin,male,human,,unknown,https://www.starwars.com/databank/mart-mattin,series,star-wars-rebels,Star Wars Rebels
616b282209476492a01ad05b,Mas Amedda,male,chagrian,Height,1.96m,https://www.starwars.com/databank/mas-amedda,films,star-wars-episode-ii-attack-of-the-clones,Star Wars: Attack of the Clones (Episode II)
616b282209476492a01ad05b,Mas Amedda,male,chagrian,Height,1.96m,https://www.starwars.com/databank/mas-amedda,films,star-wars-episode-iii-revenge-of-the-sith,Star Wars: Revenge of the Sith (Episode III)
616b282209476492a01ad05b,Mas Amedda,male,chagrian,Height,1.96m,https://www.starwars.com/databank/mas-amedda,films,star-wars-episode-i-the-phantom-menace,Star Wars: The Phantom Menace (Episode I)
616b282209476492a01ad05b,Mas Amedda,male,chagrian,Height,1.96m,https://www.starwars.com/databank/mas-amedda,series,star-wars-the-bad-batch,Star Wars: The Bad Batch
616b282209476492a01ad05b,Mas Amedda,male,chagrian,Height,1.96m,https://www.starwars.com/databank/mas-amedda,series,star-wars-the-clone-wars,Star Wars: The Clone Wars
616b2f985e5aa492a01ad05b,Master Codebreaker,male,human,,unknown,https://www.starwars.com/databank/master-codebreaker,films,star-wars-episode-viii-the-last-jedi,Star Wars: The Last Jedi (Episode VIII)
616b239f0206a492a01ad05b,Maul,male,dathomirian,Height,1.75m,https://www.starwars.com/databank/darth-maul,films,star-wars-episode-i-the-phantom-menace,Star Wars: The Phantom Menace (Episode I)
616b239f0206a492a01ad05b,Maul,male,dathomirian,Height,1.75m,https://www.starwars.com/databank/darth-maul,films,solo,Solo: A Star Wars Story
616b239f0206a492a01ad05b,Maul,male,dathomirian,Height,1.75m,https://www.starwars.com/databank/darth-maul,series,star-wars-the-clone-wars,Star Wars: The Clone Wars
616b239f0206a492a01ad05b,Maul,male,dathomirian,Height,1.75m,https://www.starwars.com/databank/darth-maul,series,star-wars-rebels,Star Wars Rebels
616b239f0206a492a01ad05b,Maul,male,dathomirian,Height,1.75m,https://www.starwars.com/databank/darth-maul,games-apps,disney-infinity-3-0-character-quest,Disney Infinity 3 0 - Character Quest
616b239f0206a492a01ad05b,Maul,male,dathomirian,Height,1.75m,https://www.starwars.com/databank/darth-maul,games-apps,jedi-mind-match,Jedi Mind Match
616b2b0d7e14b492a01ad05b,Mawhonic,male,gran,Height,1.22m,https://www.starwars.com/databank/mawhonic,films,star-wars-episode-i-the-phantom-menace,Star Wars: The Phantom Menace (Episode I)
616b2a410ea54492a01ad05b,Max Rebo,male,unknown,Height,1.5m,https://www.starwars.com/databank/max-rebo,films,star-wars-episode-vi-return-of-the-jedi,Star Wars: Return of the Jedi (Episode VI)
616b2a410ea54492a01ad05b,Max Rebo,male,unknown,Height,1.5m,https://www.starwars.com/databank/max-rebo,series,the-book-of-boba-fett,The Book of Boba Fett
616b338cbc633492a01ad05b,Mayor Mok Shaiz,unknown,ithorians,,unknown,https://www.starwars.com/databank/mayor-mok-shaiz,series,the-book-of-boba-fett,The Book of Boba Fett
616b2ca84ec54492a01ad05b,Maz Kanata,female,unknown,Height,1.24m,https://www.starwars.com/databank/maz-kanata,films,star-wars-episode-viii-the-last-jedi,Star Wars: The Last Jedi (Episode VIII)
616b2ca84ec54492a01ad05b,Maz Kanata,female,unknown,Height,1.24m,https://www.starwars.com/databank/maz-kanata,films,star-wars-episode-vii-the-force-awakens,Star Wars: The Force Awakens (Episode VII)
616b2ca84ec54492a01ad05b,Maz Kanata,female,unknown,Height,1.24m,https://www.starwars.com/databank/maz-kanata,films,star-wars-episode-ix-the-rise-of-skywalker,Star Wars: The Rise of Skywalker (Episode IX)
616b316ea1d3c492a01ad05b,MB-13,unknown,unknown,,unknown,https://www.starwars.com/databank/mb-13,series,star-wars-resistance,Star Wars Resistance
616b2b89f9978492a01ad05b,ME-8D9,unknown,unknown,Height,1.72m,https://www.starwars.com/databank/me-8d9,films,star-wars-episode-vii-the-force-awakens,Star Wars: The Force Awakens (Episode VII)
616b2bddaee42492a01ad05b,Mee Deechi,male,umbaran,,unknown,https://www.starwars.com/databank/mee-deechi,series,star-wars-the-clone-wars,Star Wars: The Clone Wars
616b2827ad374492a01ad05b,Meena Tills,female,mon-calamari,Height,1.71m,https://www.starwars.com/databank/meena-tills,films,star-wars-episode-iii-revenge-of-the-sith,Star Wars: Revenge of the Sith (Episode III)
616b2827ad374492a01ad05b,Meena Tills,female,mon-calamari,Height,1.71m,https://www.starwars.com/databank/meena-tills,series,star-wars-the-clone-wars,Star Wars: The Clone Wars
616b34c272b10492a01ad05b,MEL,unknown,unknown,,unknown,https://www.starwars.com/databank/mel,series,star-wars-the-bad-batch,Star Wars: The Bad Batch
616b2e2755022492a01ad05b,Melch,male,ugnaught,,unknown,https://www.starwars.com/databank/melch,series,star-wars-rebels,Star Wars Rebels
616b2f093a1a9492a01ad05b,Mich Matt,male,ishi-tib,,unknown,https://www.starwars.com/databank/mich-matt,series,star-wars-rebels,Star Wars Rebels
616b329082e57492a01ad05b,Migs Mayfeld,male,human,,unknown,https://www.starwars.com/databank/mayfeld,series,the-mandalorian,The Mandalorian
616b3193e0b67492a01ad05b,Mika Grey,female,unknown,,unknown,https://www.starwars.com/databank/mika-grey,series,star-wars-resistance,Star Wars Resistance
616b28296a1e1492a01ad05b,Mina Bonteri,female,unknown,Height,1.78m,https://www.starwars.com/databank/mina-bonteri,series,star-wars-the-clone-wars,Star Wars: The Clone Wars
616b2982252e2492a01ad05b,Minister Maketh Tua,female,human,,unknown,https://www.starwars.com/databank/minister-maketh-tua,series,star-wars-rebels,Star Wars Rebels
616b2c82c98f9492a01ad05b,Mira Bridger,female,human,,unknown,https://www.starwars.com/databank/mira-bridger,series,star-wars-rebels,Star Wars Rebels
616b282b52dc9492a01ad05b,Mister Borkus,male,sullustan,,unknown,https://www.starwars.com/databank/mister-borkus,series,star-wars-the-clone-wars,Star Wars: The Clone Wars
616b3294ff8ef492a01ad05b,Moff Gideon,unknown,unknown,,unknown,https://www.starwars.com/databank/moff-gideon,series,the-mandalorian,The Mandalorian
616b275604725492a01ad05b,Moff Jerjerrod,male,unknown,Height,1.7m,https://www.starwars.com/databank/moff-jerjerrod,films,star-wars-episode-vi-return-of-the-jedi,Star Wars: Return of the Jedi (Episode VI)
61c326249a26cbb7588cf3e8,Mog Adana,unknown,unknown,Height,1.85m,https://www.starwars.com/databank/mog-adana,series,the-acolyte,The Acolyte
616b34e88a24a492a01ad05b,Mokko,unknown,unknown,,unknown,https://www.starwars.com/databank/mokko,series,star-wars-the-bad-batch,Star Wars: The Bad Batch
616b301569852492a01ad05b,Moloch,male,grindalid,Height,2.0m,https://www.starwars.com/databank/moloch,films,solo,Solo: A Star Wars Story
616b2c0569571492a01ad05b,Momaw Nadon,male,ithorians,Height,1.95m,https://www.starwars.com/databank/momaw-nadon,films,star-wars-episode-iv-a-new-hope,Star Wars: A New Hope (Episode IV)
616b282cf997b492a01ad05b,Mon Mothma,female,human,Height,1.5m,https://www.starwars.com/databank/mon-mothma,films,star-wars-episode-iii-revenge-of-the-sith,Star Wars: Revenge of the Sith (Episode III)
616b282cf997b492a01ad05b,Mon Mothma,female,human,Height,1.5m,https://www.starwars.com/databank/mon-mothma,films,rogue-one,Rogue One: A Star Wars Story
616b282cf997b492a01ad05b,Mon Mothma,female,human,Height,1.5m,https://www.starwars.com/databank/mon-mothma,films,star-wars-episode-vi-return-of-the-jedi,Star Wars: Return of the Jedi (Episode VI)
616b282cf997b492a01ad05b,Mon Mothma,female,human,Height,1.5m,https://www.starwars.com/databank/mon-mothma,series,andor,Andor
616b282cf997b492a01ad05b,Mon Mothma,female,human,Height,1.5m,https://www.starwars.com/databank/mon-mothma,series,star-wars-the-clone-wars,Star Wars: The Clone Wars
616b282cf997b492a01ad05b,Mon Mothma,female,human,Height,1.5m,https://www.starwars.com/databank/mon-mothma,series,star-wars-rebels,Star Wars Rebels
616b282cf997b492a01ad05b,Mon Mothma,female,human,Height,1.5m,https://www.starwars.com/databank/mon-mothma,series,star-wars-ahsoka,Ahsoka
616b299d57d52492a01ad05b,Morad Sumar,male,unknown,,unknown,https://www.starwars.com/databank/morad-sumar,series,star-wars-rebels,Star Wars Rebels
616b2f8f390d0492a01ad05b,Morai,unknown,unknown,,unknown,https://www.starwars.com/databank/morai,series,star-wars-rebels,Star Wars Rebels
616b2f8f390d0492a01ad05b,Morai,unknown,unknown,,unknown,https://www.starwars.com/databank/morai,series,star-wars-ahsoka,Ahsoka
616b28328f885492a01ad05b,Moralo Eval,male,phindian,Height,1.75m,https://www.starwars.com/databank/moralo-eval,series,star-wars-the-clone-wars,Star Wars: The Clone Wars
616b32edc3a41492a01ad05b,Morgan Elsbeth,unknown,dathomirian,Height,1.63m,https://www.starwars.com/databank/morgan-elsbeth,series,the-mandalorian,The Mandalorian
616b32edc3a41492a01ad05b,Morgan Elsbeth,unknown,dathomirian,Height,1.63m,https://www.starwars.com/databank/morgan-elsbeth,series,star-wars-ahsoka,Ahsoka
616b32edc3a41492a01ad05b,Morgan Elsbeth,unknown,dathomirian,Height,1.63m,https://www.starwars.com/databank/morgan-elsbeth,series,tales-of-the-empire,Tales of the Empire
616b28343667c492a01ad05b,Morley,male,anacondan,Length,4.7m,https://www.starwars.com/databank/morley,series,star-wars-the-clone-wars,Star Wars: The Clone Wars
616b2e6bcd95f492a01ad05b,Moroff,male,unknown,,unknown,https://www.starwars.com/databank/moroff,films,rogue-one,Rogue One: A Star Wars Story
616b376f0ea2b492a01ad05b,Mother Aniseya,unknown,unknown,Height,1.75m,https://www.starwars.com/databank/mother-aniseya,series,the-acolyte,The Acolyte
61a5131fa4e5bd82dfdabe1e,Mother Koril,unknown,zabrak,Height,1.68m,https://www.starwars.com/databank/mother-koril,series,the-acolyte,The Acolyte
616b2835d23ce492a01ad05b,Mother Talzin,female,dathomirian,Height,2.23m,https://www.starwars.com/databank/mother-talzin,series,star-wars-the-clone-wars,Star Wars: The Clone Wars
616b36c3e5997492a01ad05b,Mox,unknown,unknown,Height,1.64m,https://www.starwars.com/databank/mox,series,star-wars-the-bad-batch,Star Wars: The Bad Batch
616b34cec56d5492a01ad05b,Mubo,unknown,unknown,,unknown,https://www.starwars.com/databank/mubo,games-apps,star-wars-tales-from-the-galaxy-s-edge,Star Wars: Tales from the Galaxy's Edge
616b34cec56d5492a01ad05b,Mubo,unknown,unknown,,unknown,https://www.starwars.com/databank/mubo,games-apps,star-wars-tales-from-the-galaxy-s-edge,Star Wars: Tales from the Galaxy s Edge
616b333e6be7f492a01ad05b,Muchi,unknown,unknown,,unknown,https://www.starwars.com/databank/muchi,series,star-wars-the-bad-batch,Star Wars: The Bad Batch
616b359348f7e492a01ad05b,Murley,unknown,unknown,,unknown,https://www.starwars.com/databank/murley,series,star-wars-ahsoka,Ahsoka
616b3615def40492a01ad05b,Myn Weaver,unknown,human,Height,1.65m,https://www.starwars.com/databank/myn-weaver,series,star-wars-ahsoka,Ahsoka
616b2eb05111d492a01ad05b,Nail,female,unknown,,unknown,https://www.starwars.com/databank/nail,films,rogue-one,Rogue One: A Star Wars Story
616b2a2ee9f46492a01ad05b,Nala Se,female,kaminoan,,unknown,https://www.starwars.com/databank/nala-se,series,star-wars-the-bad-batch,Star Wars: The Bad Batch
616b2a2ee9f46492a01ad05b,Nala Se,female,kaminoan,,unknown,https://www.starwars.com/databank/nala-se,series,star-wars-the-clone-wars,Star Wars: The Clone Wars
616b321bfe2fd492a01ad05b,Nambi Ghima,female,aki-aki,,unknown,https://www.starwars.com/databank/nambi-ghima,films,star-wars-episode-ix-the-rise-of-skywalker,Star Wars: The Rise of Skywalker (Episode IX)
616b312758f9e492a01ad05b,Namua,unknown,nautolan,,unknown,https://www.starwars.com/databank/namua,series,star-wars-resistance,Star Wars Resistance
616b3859ac409492a01ad05b,ND-5,unknown,unknown,Height,1.91m,https://www.starwars.com/databank/nd-5,games-apps,star-wars-outlaws,Star Wars Outlaws
616b307232bda492a01ad05b,Neeku Vozo,male,nikto,,unknown,https://www.starwars.com/databank/neeku-vozo,series,star-wars-resistance,Star Wars Resistance
616b2f9ec52eb492a01ad05b,Neepers Panpick,male,unknown,,unknown,https://www.starwars.com/databank/neepers-panpick,films,star-wars-episode-viii-the-last-jedi,Star Wars: The Last Jedi (Episode VIII)
616b34d05b2a0492a01ad05b,Neeva,unknown,unknown,,unknown,https://www.starwars.com/databank/neeva,games-apps,star-wars-tales-from-the-galaxy-s-edge,Star Wars: Tales from the Galaxy s Edge
616b317ec809b492a01ad05b,Nena,female,nikto,,unknown,https://www.starwars.com/databank/nena,series,star-wars-resistance,Star Wars Resistance
616b2ba2ece98492a01ad05b,Nhego Roolan,male,aqualish,,unknown,https://www.starwars.com/databank/nhego-roolan,games-apps,star-wars-commander,Star Wars: Commander
616b283d10435492a01ad05b,Nien Nunb,male,sullustan,Height,1.6m,https://www.starwars.com/databank/nien-nunb,films,star-wars-episode-vii-the-force-awakens,Star Wars: The Force Awakens (Episode VII)
616b283d10435492a01ad05b,Nien Nunb,male,sullustan,Height,1.6m,https://www.starwars.com/databank/nien-nunb,films,star-wars-episode-vi-return-of-the-jedi,Star Wars: Return of the Jedi (Episode VI)
616b283d10435492a01ad05b,Nien Nunb,male,sullustan,Height,1.6m,https://www.starwars.com/databank/nien-nunb,films,star-wars-episode-ix-the-rise-of-skywalker,Star Wars: The Rise of Skywalker (Episode IX)
616b283d10435492a01ad05b,Nien Nunb,male,sullustan,Height,1.6m,https://www.starwars.com/databank/nien-nunb,films,star-wars-episode-viii-the-last-jedi,Star Wars: The Last Jedi (Episode VIII)
616b2bdfa60dc492a01ad05b,Nils Tenant,male,human,,unknown,https://www.starwars.com/databank/nils-tenant,series,star-wars-the-clone-wars,Star Wars: The Clone Wars
616b385284017492a01ad05b,Nix,unknown,merqaal,Height,0.29m,https://www.starwars.com/databank/nix,games-apps,star-wars-outlaws,Star Wars Outlaws
616b2be135977492a01ad05b,Nix Card,male,muun,Height,2.46m,https://www.starwars.com/databank/nix-card,series,star-wars-the-clone-wars,Star Wars: The Clone Wars
616b2ffeeb555492a01ad05b,Nix Jerd,male,human,,unknown,https://www.starwars.com/databank/nix-jerd,films,star-wars-episode-viii-the-last-jedi,Star Wars: The Last Jedi (Episode VIII)
616b34d35f714492a01ad05b,Nooa,unknown,unknown,,unknown,https://www.starwars.com/databank/nooa,games-apps,star-wars-tales-from-the-galaxy-s-edge,Star Wars: Tales from the Galaxy s Edge
616b31bbbcdf7492a01ad05b,Norath,male,duros,,unknown,https://www.starwars.com/databank/norath,series,star-wars-resistance,Star Wars Resistance
616b2842a3f31492a01ad05b,Nossor Ri,male,quarren,Height,1.92m,https://www.starwars.com/databank/nossor-ri,series,star-wars-the-clone-wars,Star Wars: The Clone Wars
616b28443b2f2492a01ad05b,Numa,female,twi-lek,Height,1.0m,https://www.starwars.com/databank/numa,series,star-wars-the-clone-wars,Star Wars: The Clone Wars
616b28443b2f2492a01ad05b,Numa,female,twi-lek,Height,1.0m,https://www.starwars.com/databank/numa,series,star-wars-rebels,Star Wars Rebels
616b28482a0cb492a01ad05b,Nute Gunray,male,neimoidian,Height,1.91m,https://www.starwars.com/databank/nute-gunray,films,star-wars-episode-ii-attack-of-the-clones,Star Wars: Attack of the Clones (Episode II)
616b28482a0cb492a01ad05b,Nute Gunray,male,neimoidian,Height,1.91m,https://www.starwars.com/databank/nute-gunray,films,star-wars-episode-i-the-phantom-menace,Star Wars: The Phantom Menace (Episode I)
616b28482a0cb492a01ad05b,Nute Gunray,male,neimoidian,Height,1.91m,https://www.starwars.com/databank/nute-gunray,films,star-wars-episode-iii-revenge-of-the-sith,Star Wars: Revenge of the Sith (Episode III)
616b28482a0cb492a01ad05b,Nute Gunray,male,neimoidian,Height,1.91m,https://www.starwars.com/databank/nute-gunray,series,star-wars-the-clone-wars,Star Wars: The Clone Wars
616b284f22960492a01ad05b,O-Mer,male,cerean,Height,1.74m,https://www.starwars.com/databank/o-mer,series,star-wars-the-clone-wars,Star Wars: The Clone Wars
616b2425483bc492a01ad05b,Obi-Wan Kenobi,male,unknown,Height,1.82m,https://www.starwars.com/databank/obi-wan-kenobi,films,star-wars-episode-i-the-phantom-menace,Star Wars: The Phantom Menace (Episode I)
616b2425483bc492a01ad05b,Obi-Wan Kenobi,male,unknown,Height,1.82m,https://www.starwars.com/databank/obi-wan-kenobi,films,star-wars-episode-v-the-empire-strikes-back,Star Wars: The Empire Strikes Back (Episode V)
616b2425483bc492a01ad05b,Obi-Wan Kenobi,male,unknown,Height,1.82m,https://www.starwars.com/databank/obi-wan-kenobi,films,star-wars-episode-ii-attack-of-the-clones,Star Wars: Attack of the Clones (Episode II)
616b2425483bc492a01ad05b,Obi-Wan Kenobi,male,unknown,Height,1.82m,https://www.starwars.com/databank/obi-wan-kenobi,films,star-wars-episode-vi-return-of-the-jedi,Star Wars: Return of the Jedi (Episode VI)
616b2425483bc492a01ad05b,Obi-Wan Kenobi,male,unknown,Height,1.82m,https://www.starwars.com/databank/obi-wan-kenobi,films,star-wars-episode-iv-a-new-hope,Star Wars: A New Hope (Episode IV)
616b2425483bc492a01ad05b,Obi-Wan Kenobi,male,unknown,Height,1.82m,https://www.starwars.com/databank/obi-wan-kenobi,films,star-wars-episode-iii-revenge-of-the-sith,Star Wars: Revenge of the Sith (Episode III)
616b2425483bc492a01ad05b,Obi-Wan Kenobi,male,unknown,Height,1.82m,https://www.starwars.com/databank/obi-wan-kenobi,series,obi-wan-kenobi,Obi-Wan Kenobi
616b2425483bc492a01ad05b,Obi-Wan Kenobi,male,unknown,Height,1.82m,https://www.starwars.com/databank/obi-wan-kenobi,series,star-wars-the-clone-wars,Star Wars: The Clone Wars
616b2425483bc492a01ad05b,Obi-Wan Kenobi,male,unknown,Height,1.82m,https://www.starwars.com/databank/obi-wan-kenobi,series,star-wars-rebels,Star Wars Rebels
616b2425483bc492a01ad05b,Obi-Wan Kenobi,male,unknown,Height,1.82m,https://www.starwars.com/databank/obi-wan-kenobi,games-apps,disney-infinity-3-0-character-quest,Disney Infinity 3 0 - Character Quest
616b2425483bc492a01ad05b,Obi-Wan Kenobi,male,unknown,Height,1.82m,https://www.starwars.com/databank/obi-wan-kenobi,games-apps,jedi-mind-match,Jedi Mind Match
616b32092276c492a01ad05b,Ochi of Bestoon,male,unknown,,unknown,https://www.starwars.com/databank/ochi-of-bestoon,films,star-wars-episode-ix-the-rise-of-skywalker,Star Wars: The Rise of Skywalker (Episode IX)
616b2850c1f99492a01ad05b,Ody Mandrell,male,er-kit,Height,1.63m,https://www.starwars.com/databank/ody-mandrell,films,star-wars-episode-i-the-phantom-menace,Star Wars: The Phantom Menace (Episode I)
616b305fa3ec9492a01ad05b,Officer Sharest,female,human,Height,1.63m,https://www.starwars.com/databank/officer-sharest,films,solo,Solo: A Star Wars Story
616b2852634f7492a01ad05b,Okalin,male,bivall,Height,1.94m,https://www.starwars.com/databank/okalin,series,star-wars-the-clone-wars,Star Wars: The Clone Wars
616b28540ae5b492a01ad05b,Old Daka,female,dathomirian,Height,1.83m,https://www.starwars.com/databank/old-daka,series,star-wars-the-clone-wars,Star Wars: The Clone Wars
616b29c682c6c492a01ad05b,Old Jho,male,unknown,,unknown,https://www.starwars.com/databank/old-jho,series,star-wars-rebels,Star Wars Rebels
616b29b55090a492a01ad05b,Oleg,male,unknown,,unknown,https://www.starwars.com/databank/oleg,series,star-wars-rebels,Star Wars Rebels
616b3202e7036492a01ad05b,Oma Tres,male,human,,unknown,https://www.starwars.com/databank/oma-tres,films,star-wars-episode-ix-the-rise-of-skywalker,Star Wars: The Rise of Skywalker (Episode IX)
616b3319945ce492a01ad05b,Omega,female,unknown,Height,1.29m,https://www.starwars.com/databank/omega,series,star-wars-the-bad-batch,Star Wars: The Bad Batch
616b2855b24cb492a01ad05b,Onaconda Farr,male,rodian,Height,1.75m,https://www.starwars.com/databank/onaconda-farr,films,star-wars-episode-ii-attack-of-the-clones,Star Wars: Attack of the Clones (Episode II)
616b2855b24cb492a01ad05b,Onaconda Farr,male,rodian,Height,1.75m,https://www.starwars.com/databank/onaconda-farr,films,star-wars-episode-i-the-phantom-menace,Star Wars: The Phantom Menace (Episode I)
616b2855b24cb492a01ad05b,Onaconda Farr,male,rodian,Height,1.75m,https://www.starwars.com/databank/onaconda-farr,series,star-wars-the-clone-wars,Star Wars: The Clone Wars
616b28577983f492a01ad05b,Onca,male,ithorians,Height,2.05m,https://www.starwars.com/databank/onca,series,star-wars-the-clone-wars,Star Wars: The Clone Wars
616b2fb21e768492a01ad05b,Oniho Zaya,male,human,,unknown,https://www.starwars.com/databank/oniho-zaya,films,star-wars-episode-viii-the-last-jedi,Star Wars: The Last Jedi (Episode VIII)
616b2b035c22a492a01ad05b,Oola,female,twi-lek,Height,1.6m,https://www.starwars.com/databank/oola,films,star-wars-episode-vi-return-of-the-jedi,Star Wars: Return of the Jedi (Episode VI)
616b2c4e447bf492a01ad05b,Oora,female,ithorians,,unknown,https://www.starwars.com/databank/oora,series,star-wars-rebels,Star Wars Rebels
616b30ce7579d492a01ad05b,Opeepit,unknown,unknown,,unknown,https://www.starwars.com/databank/opeepit,series,star-wars-resistance,Star Wars Resistance
616b310031586492a01ad05b,Oplock,male,unknown,,unknown,https://www.starwars.com/databank/oplock,series,star-wars-resistance,Star Wars Resistance
616b29ef0758e492a01ad05b,Oppo Rancisis,male,unknown,Height,1.38m,https://www.starwars.com/databank/oppo-rancisis,films,star-wars-episode-i-the-phantom-menace,Star Wars: The Phantom Menace (Episode I)
616b29ef0758e492a01ad05b,Oppo Rancisis,male,unknown,Height,1.38m,https://www.starwars.com/databank/oppo-rancisis,films,star-wars-episode-ii-attack-of-the-clones,Star Wars: Attack of the Clones (Episode II)
616b29ef0758e492a01ad05b,Oppo Rancisis,male,unknown,Height,1.38m,https://www.starwars.com/databank/oppo-rancisis,series,star-wars-the-clone-wars,Star Wars: The Clone Wars
616b30b9743b9492a01ad05b,Orka,male,chadra-fan,,unknown,https://www.starwars.com/databank/orka,series,star-wars-resistance,Star Wars Resistance
616b28599d826492a01ad05b,Orn Free Taa,male,twi-lek,Height,1.84m,https://www.starwars.com/databank/orn-free-taa,films,star-wars-episode-i-the-phantom-menace,Star Wars: The Phantom Menace (Episode I)
616b28599d826492a01ad05b,Orn Free Taa,male,twi-lek,Height,1.84m,https://www.starwars.com/databank/orn-free-taa,films,star-wars-episode-ii-attack-of-the-clones,Star Wars: Attack of the Clones (Episode II)
616b28599d826492a01ad05b,Orn Free Taa,male,twi-lek,Height,1.84m,https://www.starwars.com/databank/orn-free-taa,films,star-wars-episode-iii-revenge-of-the-sith,Star Wars: Revenge of the Sith (Episode III)
616b28599d826492a01ad05b,Orn Free Taa,male,twi-lek,Height,1.84m,https://www.starwars.com/databank/orn-free-taa,series,star-wars-the-bad-batch,Star Wars: The Bad Batch
616b28599d826492a01ad05b,Orn Free Taa,male,twi-lek,Height,1.84m,https://www.starwars.com/databank/orn-free-taa,series,star-wars-the-clone-wars,Star Wars: The Clone Wars
616b29456cd0d492a01ad05b,Orphne,female,unknown,Height,1.75m,https://www.starwars.com/databank/orphne,series,star-wars-the-clone-wars,Star Wars: The Clone Wars
616b286014ee4492a01ad05b,Oruba the Hutt,male,hutt,Height,2.01m,https://www.starwars.com/databank/oruba-the-hutt,series,star-wars-the-clone-wars,Star Wars: The Clone Wars
619ff3e9231d488a17098be4,Osha Aniseya,unknown,unknown,Height,1.67m,https://www.starwars.com/databank/osha,series,the-acolyte,The Acolyte
616b2861d9df9492a01ad05b,Osi Sobeck,male,phindian,Height,2.03m,https://www.starwars.com/databank/osi-sobeck,series,star-wars-the-clone-wars,Star Wars: The Clone Wars
616b28639403c492a01ad05b,Otua Blank,male,belugan,Height,1.98m,https://www.starwars.com/databank/otua-blank,series,star-wars-the-clone-wars,Star Wars: The Clone Wars
616b286531835492a01ad05b,Owen Lars,male,unknown,Height,1.78m,https://www.starwars.com/databank/owen-lars,films,star-wars-episode-iv-a-new-hope,Star Wars: A New Hope (Episode IV)
616b286531835492a01ad05b,Owen Lars,male,unknown,Height,1.78m,https://www.starwars.com/databank/owen-lars,films,star-wars-episode-ii-attack-of-the-clones,Star Wars: Attack of the Clones (Episode II)
616b286531835492a01ad05b,Owen Lars,male,unknown,Height,1.78m,https://www.starwars.com/databank/owen-lars,films,star-wars-episode-iii-revenge-of-the-sith,Star Wars: Revenge of the Sith (Episode III)
616b286531835492a01ad05b,Owen Lars,male,unknown,Height,1.78m,https://www.starwars.com/databank/owen-lars,series,obi-wan-kenobi,Obi-Wan Kenobi
616b286b12813492a01ad05b,Pablo,male,rodian,,unknown,https://www.starwars.com/databank/pablo,series,star-wars-the-clone-wars,Star Wars: The Clone Wars
616b242df7407492a01ad05b,Padm  Amidala,female,human,Height,1.65m,https://www.starwars.com/databank/padme-amidala,films,star-wars-episode-i-the-phantom-menace,Star Wars: The Phantom Menace (Episode I)
616b242df7407492a01ad05b,Padm  Amidala,female,human,Height,1.65m,https://www.starwars.com/databank/padme-amidala,films,star-wars-episode-ii-attack-of-the-clones,Star Wars: Attack of the Clones (Episode II)
616b242df7407492a01ad05b,Padm  Amidala,female,human,Height,1.65m,https://www.starwars.com/databank/padme-amidala,films,star-wars-episode-iii-revenge-of-the-sith,Star Wars: Revenge of the Sith (Episode III)
616b242df7407492a01ad05b,Padm  Amidala,female,human,Height,1.65m,https://www.starwars.com/databank/padme-amidala,series,star-wars-the-clone-wars,Star Wars: The Clone Wars
616b242df7407492a01ad05b,Padm  Amidala,female,human,Height,1.65m,https://www.starwars.com/databank/padme-amidala,series,tales-of-the-jedi,Tales of the Jedi
616b2f4437d66492a01ad05b,Paige Tico,female,human,,unknown,https://www.starwars.com/databank/paige-tico,films,star-wars-episode-viii-the-last-jedi,Star Wars: The Last Jedi (Episode VIII)
616b2fb72f611492a01ad05b,Pammich Nerro Goode,female,human,,unknown,https://www.starwars.com/databank/pammich-nerro-goode,films,star-wars-episode-viii-the-last-jedi,Star Wars: The Last Jedi (Episode VIII)
616b2fb72f611492a01ad05b,Pammich Nerro Goode,female,human,,unknown,https://www.starwars.com/databank/pammich-nerro-goode,films,star-wars-episode-vii-the-force-awakens,Star Wars: The Force Awakens (Episode VII)
616b2e65a9696492a01ad05b,Pao,male,unknown,,unknown,https://www.starwars.com/databank/pao,films,rogue-one,Rogue One: A Star Wars Story
616b2d660126b492a01ad05b,Paploo,male,ewok,Height,0.96m,https://www.starwars.com/databank/paploo,films,star-wars-episode-vi-return-of-the-jedi,Star Wars: Return of the Jedi (Episode VI)
616b2afb6bec1492a01ad05b,Passel Argente,male,unknown,,unknown,https://www.starwars.com/databank/passel-argente,films,star-wars-episode-ii-attack-of-the-clones,Star Wars: Attack of the Clones (Episode II)
616b2afb6bec1492a01ad05b,Passel Argente,male,unknown,,unknown,https://www.starwars.com/databank/passel-argente,films,star-wars-episode-i-the-phantom-menace,Star Wars: The Phantom Menace (Episode I)
616b2afb6bec1492a01ad05b,Passel Argente,male,unknown,,unknown,https://www.starwars.com/databank/passel-argente,films,star-wars-episode-iii-revenge-of-the-sith,Star Wars: Revenge of the Sith (Episode III)
616b33ca9bb1c492a01ad05b,Paz Vizsla,unknown,unknown,,unknown,https://www.starwars.com/databank/paz-vizsla,series,the-mandalorian,The Mandalorian
616b34309be6d492a01ad05b,Pegla,unknown,unknown,,unknown,https://www.starwars.com/databank/pegla,series,andor,Andor
616b32c7df5fe492a01ad05b,Peli Motto,unknown,unknown,,unknown,https://www.starwars.com/databank/peli-motto,series,the-book-of-boba-fett,The Book of Boba Fett
616b32c7df5fe492a01ad05b,Peli Motto,unknown,unknown,,unknown,https://www.starwars.com/databank/peli-motto,series,the-mandalorian,The Mandalorian
616b2fa849a90492a01ad05b,Pemmin Brunce,male,ongidae,,unknown,https://www.starwars.com/databank/pemmin-brunce,films,star-wars-episode-viii-the-last-jedi,Star Wars: The Last Jedi (Episode VIII)
616b2ece6f049492a01ad05b,Pendra Siliu,female,human,,unknown,https://www.starwars.com/databank/pendra-siliu,films,rogue-one,Rogue One: A Star Wars Story
616b2cf21412b492a01ad05b,Peppi Bow,female,gungan,Height,2.01m,https://www.starwars.com/databank/peppi-bow,series,star-wars-the-clone-wars,Star Wars: The Clone Wars
616b343e6b808492a01ad05b,Perrin Fertha,unknown,unknown,,unknown,https://www.starwars.com/databank/perrin-fertha,series,andor,Andor
616b2a36b2c75492a01ad05b,Peteen,unknown,unknown,,unknown,https://www.starwars.com/databank/peteen,series,star-wars-the-clone-wars,Star Wars: The Clone Wars
616b286cb3664492a01ad05b,Petro,unknown,unknown,Height,1.26m,https://www.starwars.com/databank/petro,series,star-wars-the-clone-wars,Star Wars: The Clone Wars
616b2db8fb034492a01ad05b,Petty Officer Thanisson,male,human,,unknown,https://www.starwars.com/databank/petty-officer-thanisson,films,star-wars-episode-vii-the-force-awakens,Star Wars: The Force Awakens (Episode VII)
616b349746165492a01ad05b,Phee Genoa,unknown,unknown,Height,1.71m,https://www.starwars.com/databank/phee-genoa,series,star-wars-the-bad-batch,Star Wars: The Bad Batch
616b325309c0d492a01ad05b,Pintu,unknown,unknown,,unknown,https://www.starwars.com/databank/pintu,series,star-wars-the-clone-wars,Star Wars: The Clone Wars
6177f61f4f2a460d329f672d,Pip,unknown,unknown,Height,0.183m,https://www.starwars.com/databank/pip,series,the-acolyte,The Acolyte
616b286e442eb492a01ad05b,Plo Koon,male,kel-dor,Height,1.88m,https://www.starwars.com/databank/plo-koon,films,star-wars-episode-ii-attack-of-the-clones,Star Wars: Attack of the Clones (Episode II)
616b286e442eb492a01ad05b,Plo Koon,male,kel-dor,Height,1.88m,https://www.starwars.com/databank/plo-koon,films,star-wars-episode-i-the-phantom-menace,Star Wars: The Phantom Menace (Episode I)
616b286e442eb492a01ad05b,Plo Koon,male,kel-dor,Height,1.88m,https://www.starwars.com/databank/plo-koon,films,star-wars-episode-iii-revenge-of-the-sith,Star Wars: Revenge of the Sith (Episode III)
616b286e442eb492a01ad05b,Plo Koon,male,kel-dor,Height,1.88m,https://www.starwars.com/databank/plo-koon,series,star-wars-the-clone-wars,Star Wars: The Clone Wars
616b28754f617492a01ad05b,Pluma Sodi,female,kage,Height,1.6m,https://www.starwars.com/databank/pluma-sodi,series,star-wars-the-clone-wars,Star Wars: The Clone Wars
616b2c7f872c7492a01ad05b,Po Nudo,male,aqualish,,unknown,https://www.starwars.com/databank/po-nudo,films,star-wars-episode-ii-attack-of-the-clones,Star Wars: Attack of the Clones (Episode II)
616b2c7f872c7492a01ad05b,Po Nudo,male,aqualish,,unknown,https://www.starwars.com/databank/po-nudo,films,star-wars-episode-iii-revenge-of-the-sith,Star Wars: Revenge of the Sith (Episode III)
616b2c7f872c7492a01ad05b,Po Nudo,male,aqualish,,unknown,https://www.starwars.com/databank/po-nudo,films,star-wars-episode-i-the-phantom-menace,Star Wars: The Phantom Menace (Episode I)
616b2b4ac8fe7492a01ad05b,Poe Dameron,male,human,,unknown,https://www.starwars.com/databank/poe-dameron,films,star-wars-episode-vii-the-force-awakens,Star Wars: The Force Awakens (Episode VII)
616b2b4ac8fe7492a01ad05b,Poe Dameron,male,human,,unknown,https://www.starwars.com/databank/poe-dameron,films,star-wars-episode-ix-the-rise-of-skywalker,Star Wars: The Rise of Skywalker (Episode IX)
616b2b4ac8fe7492a01ad05b,Poe Dameron,male,human,,unknown,https://www.starwars.com/databank/poe-dameron,films,star-wars-episode-viii-the-last-jedi,Star Wars: The Last Jedi (Episode VIII)
616b2b4ac8fe7492a01ad05b,Poe Dameron,male,human,,unknown,https://www.starwars.com/databank/poe-dameron,series,star-wars-resistance,Star Wars Resistance
616b2b4ac8fe7492a01ad05b,Poe Dameron,male,human,,unknown,https://www.starwars.com/databank/poe-dameron,games-apps,x-wing-fighter-star-wars-arcade,X-wing Fighter - Star Wars Arcade
616b2b4ac8fe7492a01ad05b,Poe Dameron,male,human,,unknown,https://www.starwars.com/databank/poe-dameron,games-apps,star-wars-puzzle-droid,Star Wars: Puzzle Droid
616b2876e995a492a01ad05b,Poggle the Lesser,male,geonosian,Height,1.75m,https://www.starwars.com/databank/poggle-the-lesser,films,star-wars-episode-ii-attack-of-the-clones,Star Wars: Attack of the Clones (Episode II)
616b2876e995a492a01ad05b,Poggle the Lesser,male,geonosian,Height,1.75m,https://www.starwars.com/databank/poggle-the-lesser,films,star-wars-episode-iii-revenge-of-the-sith,Star Wars: Revenge of the Sith (Episode III)
616b2876e995a492a01ad05b,Poggle the Lesser,male,geonosian,Height,1.75m,https://www.starwars.com/databank/poggle-the-lesser,series,star-wars-the-clone-wars,Star Wars: The Clone Wars
616b2a9d825b0492a01ad05b,Ponda Baba,male,unknown,Height,1.85m,https://www.starwars.com/databank/ponda-baba,films,star-wars-episode-iv-a-new-hope,Star Wars: A New Hope (Episode IV)
616b2a9d825b0492a01ad05b,Ponda Baba,male,unknown,Height,1.85m,https://www.starwars.com/databank/ponda-baba,films,rogue-one,Rogue One: A Star Wars Story
616b2dd14496a492a01ad05b,Prashee and Cratinus,male,unknown,,unknown,https://www.starwars.com/databank/prashee-and-cratinus,films,star-wars-episode-vii-the-force-awakens,Star Wars: The Force Awakens (Episode VII)
616b2de250fa4492a01ad05b,Praster Ommlen,male,unknown,,unknown,https://www.starwars.com/databank/praster-ommlen,films,star-wars-episode-vii-the-force-awakens,Star Wars: The Force Awakens (Episode VII)
616b317894dfb492a01ad05b,Prauf,male,abednedo,,unknown,https://www.starwars.com/databank/prauf,games-apps,star-wars-jedi-fallen-order,Star Wars Jedi: Fallen Order
616b287c0479b492a01ad05b,Pre Vizsla,male,unknown,Height,1.84m,https://www.starwars.com/databank/pre-vizsla,series,star-wars-the-clone-wars,Star Wars: The Clone Wars
616b287fdf495492a01ad05b,Preigo,male,dug,,unknown,https://www.starwars.com/databank/preigo,series,star-wars-the-clone-wars,Star Wars: The Clone Wars
616b329aa0d2e492a01ad05b,Priestess,unknown,unknown,,unknown,https://www.starwars.com/databank/priestess,interactive,virtual-reality,Vader Immortal: Episode II
616b329aa0d2e492a01ad05b,Priestess,unknown,unknown,,unknown,https://www.starwars.com/databank/priestess,interactive,virtual-reality,Vader Immortal: Episode I
616b329aa0d2e492a01ad05b,Priestess,unknown,unknown,,unknown,https://www.starwars.com/databank/priestess,interactive,virtual-reality,Vader Immortal: Episode III
616b2883ae2d0492a01ad05b,Prime Minister Almec,male,unknown,Height,1.89m,https://www.starwars.com/databank/prime-minister-almec,series,star-wars-the-clone-wars,Star Wars: The Clone Wars
616b28854eb52492a01ad05b,Prince Lee-Char,male,mon-calamari,Height,1.7m,https://www.starwars.com/databank/prince-lee-char,series,star-wars-the-clone-wars,Star Wars: The Clone Wars
616b2886f57b8492a01ad05b,Professor Huyang,unknown,unknown,Height,1.8m,https://www.starwars.com/databank/professor-huyang,series,star-wars-the-clone-wars,Star Wars: The Clone Wars
616b2886f57b8492a01ad05b,Professor Huyang,unknown,unknown,Height,1.8m,https://www.starwars.com/databank/professor-huyang,series,star-wars-ahsoka,Ahsoka
616b2ddf28d1a492a01ad05b,Pru Sweevant,male,unknown,,unknown,https://www.starwars.com/databank/pru-sweevant,films,star-wars-episode-vii-the-force-awakens,Star Wars: The Force Awakens (Episode VII)
616b33c08732c492a01ad05b,Pyke Boss,unknown,pyke,,unknown,https://www.starwars.com/databank/pyke-boss,series,the-book-of-boba-fett,The Book of Boba Fett
616b33c208e9d492a01ad05b,Pyke Guard,unknown,pyke,,unknown,https://www.starwars.com/databank/pyke-guard,series,the-book-of-boba-fett,The Book of Boba Fett
616b32661ace5492a01ad05b,Pyke torture droid,unknown,unknown,,unknown,https://www.starwars.com/databank/pyke-torture-droid,series,star-wars-the-clone-wars,Star Wars: The Clone Wars
616b2c4c49bcc492a01ad05b,Pypey,male,ithorians,,unknown,https://www.starwars.com/databank/pypey,series,star-wars-rebels,Star Wars Rebels
616b2b8fc0e05492a01ad05b,PZ-4CO (Peazy-Fourseeo),unknown,unknown,Height,2.06m,https://www.starwars.com/databank/pz-4co-peazy-fourseeo,films,star-wars-episode-viii-the-last-jedi,Star Wars: The Last Jedi (Episode VIII)
616b2b8fc0e05492a01ad05b,PZ-4CO (Peazy-Fourseeo),unknown,unknown,Height,2.06m,https://www.starwars.com/databank/pz-4co-peazy-fourseeo,films,star-wars-episode-vii-the-force-awakens,Star Wars: The Force Awakens (Episode VII)
616b3292be394492a01ad05b,Q9-0 (Zero),unknown,unknown,,unknown,https://www.starwars.com/databank/zero,series,the-mandalorian,The Mandalorian
616b2fd84a999492a01ad05b,Qi ra,female,human,Height,1.58m,https://www.starwars.com/databank/qi-ra,films,solo,Solo: A Star Wars Story
616b2fd84a999492a01ad05b,Qi ra,female,human,Height,1.58m,https://www.starwars.com/databank/qi-ra,games-apps,star-wars-pinball-solo-a-star-wars-story,Star Wars Pinball: Solo: A Star Wars Story
616b32cf1253b492a01ad05b,Qin,unknown,unknown,,unknown,https://www.starwars.com/databank/qin,series,the-mandalorian,The Mandalorian
616b288892207492a01ad05b,QT-KT,unknown,unknown,Height,1.09m,https://www.starwars.com/databank/qt-kt,series,star-wars-the-clone-wars,Star Wars: The Clone Wars
616b2c297ef05492a01ad05b,Quarrie,male,mon-calamari,,unknown,https://www.starwars.com/databank/quarrie,series,star-wars-rebels,Star Wars Rebels
616b3025581ec492a01ad05b,Quay Tolsite,male,pyke,Height,1.83m,https://www.starwars.com/databank/quay-tolsite,films,solo,Solo: A Star Wars Story
616b2c935ccf8492a01ad05b,Queen Apailana,female,human,,unknown,https://www.starwars.com/databank/queen-apailana,films,star-wars-episode-iii-revenge-of-the-sith,Star Wars: Revenge of the Sith (Episode III)
616b2c60991f2492a01ad05b,Queen Breha Organa,female,unknown,,unknown,https://www.starwars.com/databank/queen-breha-organa,films,star-wars-episode-iii-revenge-of-the-sith,Star Wars: Revenge of the Sith (Episode III)
616b2be528480492a01ad05b,Queen Jamillia,female,unknown,Height,1.57m,https://www.starwars.com/databank/queen-jamillia,films,star-wars-episode-ii-attack-of-the-clones,Star Wars: Attack of the Clones (Episode II)
616b2a38a025a492a01ad05b,Queen Julia,female,unknown,,unknown,https://www.starwars.com/databank/queen-julia,series,star-wars-the-clone-wars,Star Wars: The Clone Wars
616b288a3b856492a01ad05b,Queen Karina the Great,female,geonosian,Length,8.6m,https://www.starwars.com/databank/queen-karina-the-great,series,star-wars-the-clone-wars,Star Wars: The Clone Wars
616b288be7d17492a01ad05b,Queen Miraj Scintel,female,zygerrian,Height,1.85m,https://www.starwars.com/databank/queen-miraj-scintel,series,star-wars-the-clone-wars,Star Wars: The Clone Wars
616b288da7da4492a01ad05b,Queen Neeyutnee,female,unknown,Height,1.69m,https://www.starwars.com/databank/queen-neeyutnee,series,star-wars-the-clone-wars,Star Wars: The Clone Wars
616b2435cc981492a01ad05b,Qui-Gon Jinn,male,unknown,Height,1.93m,https://www.starwars.com/databank/qui-gon-jinn,films,star-wars-episode-i-the-phantom-menace,Star Wars: The Phantom Menace (Episode I)
616b2435cc981492a01ad05b,Qui-Gon Jinn,male,unknown,Height,1.93m,https://www.starwars.com/databank/qui-gon-jinn,series,obi-wan-kenobi,Obi-Wan Kenobi
616b2435cc981492a01ad05b,Qui-Gon Jinn,male,unknown,Height,1.93m,https://www.starwars.com/databank/qui-gon-jinn,series,star-wars-the-clone-wars,Star Wars: The Clone Wars
616b2435cc981492a01ad05b,Qui-Gon Jinn,male,unknown,Height,1.93m,https://www.starwars.com/databank/qui-gon-jinn,series,tales-of-the-jedi,Tales of the Jedi
616b2daaa35f4492a01ad05b,Quiggold,male,unknown,,unknown,https://www.starwars.com/databank/quiggold,films,star-wars-episode-vii-the-force-awakens,Star Wars: The Force Awakens (Episode VII)
616b288f54a5d492a01ad05b,Quinlan Vos,male,kiffar,Height,1.91m,https://www.starwars.com/databank/quinlan-vos,films,star-wars-episode-i-the-phantom-menace,Star Wars: The Phantom Menace (Episode I)
616b288f54a5d492a01ad05b,Quinlan Vos,male,kiffar,Height,1.91m,https://www.starwars.com/databank/quinlan-vos,series,star-wars-the-clone-wars,Star Wars: The Clone Wars
616b2ebe9aacf492a01ad05b,R2-BHD (Tooby),unknown,unknown,Height,1.09m,https://www.starwars.com/databank/r2-bhd-tooby,films,rogue-one,Rogue One: A Star Wars Story
616b243d6c5f6492a01ad05b,R2-D2,unknown,unknown,Height,1.09m,https://www.starwars.com/databank/r2-d2,films,star-wars-episode-vii-the-force-awakens,Star Wars: The Force Awakens (Episode VII)
616b243d6c5f6492a01ad05b,R2-D2,unknown,unknown,Height,1.09m,https://www.starwars.com/databank/r2-d2,films,star-wars-episode-iv-a-new-hope,Star Wars: A New Hope (Episode IV)
616b243d6c5f6492a01ad05b,R2-D2,unknown,unknown,Height,1.09m,https://www.starwars.com/databank/r2-d2,films,rogue-one,Rogue One: A Star Wars Story
616b243d6c5f6492a01ad05b,R2-D2,unknown,unknown,Height,1.09m,https://www.starwars.com/databank/r2-d2,films,star-wars-episode-v-the-empire-strikes-back,Star Wars: The Empire Strikes Back (Episode V)
616b243d6c5f6492a01ad05b,R2-D2,unknown,unknown,Height,1.09m,https://www.starwars.com/databank/r2-d2,films,star-wars-episode-ii-attack-of-the-clones,Star Wars: Attack of the Clones (Episode II)
616b243d6c5f6492a01ad05b,R2-D2,unknown,unknown,Height,1.09m,https://www.starwars.com/databank/r2-d2,films,star-wars-episode-vi-return-of-the-jedi,Star Wars: Return of the Jedi (Episode VI)
616b243d6c5f6492a01ad05b,R2-D2,unknown,unknown,Height,1.09m,https://www.starwars.com/databank/r2-d2,films,star-wars-episode-ix-the-rise-of-skywalker,Star Wars: The Rise of Skywalker (Episode IX)
616b243d6c5f6492a01ad05b,R2-D2,unknown,unknown,Height,1.09m,https://www.starwars.com/databank/r2-d2,films,star-wars-episode-i-the-phantom-menace,Star Wars: The Phantom Menace (Episode I)
616b243d6c5f6492a01ad05b,R2-D2,unknown,unknown,Height,1.09m,https://www.starwars.com/databank/r2-d2,films,star-wars-episode-viii-the-last-jedi,Star Wars: The Last Jedi (Episode VIII)
616b243d6c5f6492a01ad05b,R2-D2,unknown,unknown,Height,1.09m,https://www.starwars.com/databank/r2-d2,films,star-wars-episode-iii-revenge-of-the-sith,Star Wars: Revenge of the Sith (Episode III)
616b243d6c5f6492a01ad05b,R2-D2,unknown,unknown,Height,1.09m,https://www.starwars.com/databank/r2-d2,series,the-book-of-boba-fett,The Book of Boba Fett
616b243d6c5f6492a01ad05b,R2-D2,unknown,unknown,Height,1.09m,https://www.starwars.com/databank/r2-d2,series,obi-wan-kenobi,Obi-Wan Kenobi
616b243d6c5f6492a01ad05b,R2-D2,unknown,unknown,Height,1.09m,https://www.starwars.com/databank/r2-d2,series,star-wars-the-clone-wars,Star Wars: The Clone Wars
616b243d6c5f6492a01ad05b,R2-D2,unknown,unknown,Height,1.09m,https://www.starwars.com/databank/r2-d2,series,star-wars-rebels,Star Wars Rebels
616b243d6c5f6492a01ad05b,R2-D2,unknown,unknown,Height,1.09m,https://www.starwars.com/databank/r2-d2,series,the-mandalorian,The Mandalorian
616b243d6c5f6492a01ad05b,R2-D2,unknown,unknown,Height,1.09m,https://www.starwars.com/databank/r2-d2,games-apps,star-wars-arcade,Star Wars Arcade
616b243d6c5f6492a01ad05b,R2-D2,unknown,unknown,Height,1.09m,https://www.starwars.com/databank/r2-d2,games-apps,yoda-s-jedi-training-star-wars-arcade,Yoda's Jedi Training - Star Wars Arcade
616b243d6c5f6492a01ad05b,R2-D2,unknown,unknown,Height,1.09m,https://www.starwars.com/databank/r2-d2,games-apps,a-sticker-book-far-far-away,A Sticker Book Far  Far Away
616b243d6c5f6492a01ad05b,R2-D2,unknown,unknown,Height,1.09m,https://www.starwars.com/databank/r2-d2,games-apps,team-tactics-star-wars-arcade,Team Tactics - Star Wars Arcade
616b31388c7d5492a01ad05b,R23-X9,unknown,unknown,,unknown,https://www.starwars.com/databank/r23-x9,series,star-wars-resistance,Star Wars Resistance
616b2e4e0b598492a01ad05b,R3-A3,unknown,unknown,,unknown,https://www.starwars.com/databank/r3-a3,series,star-wars-rebels,Star Wars Rebels
616b2ec081968492a01ad05b,R3-S1,unknown,unknown,Height,1.09m,https://www.starwars.com/databank/r3-s1,films,rogue-one,Rogue One: A Star Wars Story
616b2895c40c7492a01ad05b,R3-S6,unknown,unknown,Height,1.09m,https://www.starwars.com/databank/r3-s6,series,star-wars-the-clone-wars,Star Wars: The Clone Wars
616b3101c2b3e492a01ad05b,R4-D12,unknown,unknown,,unknown,https://www.starwars.com/databank/r4-d12,series,star-wars-resistance,Star Wars Resistance
616b313b73ae6492a01ad05b,R4-G77,unknown,unknown,,unknown,https://www.starwars.com/databank/r4-g77,series,star-wars-resistance,Star Wars Resistance
616b2bb8eda3d492a01ad05b,R4-P17,unknown,unknown,Height,1.09m,https://www.starwars.com/databank/r4-p17,films,star-wars-episode-ii-attack-of-the-clones,Star Wars: Attack of the Clones (Episode II)
616b2bb8eda3d492a01ad05b,R4-P17,unknown,unknown,Height,1.09m,https://www.starwars.com/databank/r4-p17,films,star-wars-episode-iii-revenge-of-the-sith,Star Wars: Revenge of the Sith (Episode III)
616b2bb8eda3d492a01ad05b,R4-P17,unknown,unknown,Height,1.09m,https://www.starwars.com/databank/r4-p17,series,star-wars-the-clone-wars,Star Wars: The Clone Wars
616b2afe8c740492a01ad05b,R5-D4,unknown,unknown,Height,0.97m,https://www.starwars.com/databank/r5-d4,films,star-wars-episode-iv-a-new-hope,Star Wars: A New Hope (Episode IV)
616b313719736492a01ad05b,R5-G9,unknown,unknown,,unknown,https://www.starwars.com/databank/r5-g9,series,star-wars-resistance,Star Wars Resistance
616b3270d6acb492a01ad05b,R7-A7,unknown,unknown,,unknown,https://www.starwars.com/databank/r7-a7,series,star-wars-the-bad-batch,Star Wars: The Bad Batch
616b3270d6acb492a01ad05b,R7-A7,unknown,unknown,,unknown,https://www.starwars.com/databank/r7-a7,series,star-wars-the-clone-wars,Star Wars: The Clone Wars
616b32a70e7c2492a01ad05b,Rae Sloane,unknown,unknown,,unknown,https://www.starwars.com/databank/rae-sloane,games-apps,star-wars-squadrons,Star Wars: Squadrons
616b324c3df41492a01ad05b,Rafa,unknown,unknown,,unknown,https://www.starwars.com/databank/rafa,series,star-wars-the-bad-batch,Star Wars: The Bad Batch
616b324c3df41492a01ad05b,Rafa,unknown,unknown,,unknown,https://www.starwars.com/databank/rafa,series,star-wars-the-clone-wars,Star Wars: The Clone Wars
616b2e32d3555492a01ad05b,Rake Gahree,male,human,,unknown,https://www.starwars.com/databank/rake-gahree,series,star-wars-rebels,Star Wars Rebels
616b2897504ed492a01ad05b,Rako Hardeen,male,unknown,Height,1.89m,https://www.starwars.com/databank/rako-hardeen,series,star-wars-the-clone-wars,Star Wars: The Clone Wars
616b248b1dc43492a01ad05b,Rancor,unknown,unknown,Height,5.0m,https://www.starwars.com/databank/rancor,films,star-wars-episode-vi-return-of-the-jedi,Star Wars: Return of the Jedi (Episode VI)
616b248b1dc43492a01ad05b,Rancor,unknown,unknown,Height,5.0m,https://www.starwars.com/databank/rancor,series,the-book-of-boba-fett,The Book of Boba Fett
616b248b1dc43492a01ad05b,Rancor,unknown,unknown,Height,5.0m,https://www.starwars.com/databank/rancor,series,star-wars-the-bad-batch,Star Wars: The Bad Batch
616b248b1dc43492a01ad05b,Rancor,unknown,unknown,Height,5.0m,https://www.starwars.com/databank/rancor,series,star-wars-the-clone-wars,Star Wars: The Clone Wars
616b33c91822a492a01ad05b,Rancor keeper,unknown,unknown,,unknown,https://www.starwars.com/databank/rancor-keeper,series,the-book-of-boba-fett,The Book of Boba Fett
616b333cb09cb492a01ad05b,Raney,male,zygerrian,,unknown,https://www.starwars.com/databank/raney,series,star-wars-the-bad-batch,Star Wars: The Bad Batch
616b32ccb8640492a01ad05b,"Ranzar ""Ran"" Malk",unknown,unknown,,unknown,https://www.starwars.com/databank/ranzar-ran-malk,series,the-mandalorian,The Mandalorian
616b2aea16a9b492a01ad05b,Rappertunie,male,unknown,Height,0.3m,https://www.starwars.com/databank/rappertunie,films,star-wars-episode-vi-return-of-the-jedi,Star Wars: Return of the Jedi (Episode VI)
616b333526d7f492a01ad05b,Raspar Six,unknown,unknown,,unknown,https://www.starwars.com/databank/raspar-six,series,star-wars-the-bad-batch,Star Wars: The Bad Batch
616b289904a76492a01ad05b,Ratts Tyerell,male,aleena,Height,0.79m,https://www.starwars.com/databank/ratts-tyerell,films,star-wars-episode-i-the-phantom-menace,Star Wars: The Phantom Menace (Episode I)
616b2dedf1cf1492a01ad05b,Razoo Qin-Fee,male,human,,unknown,https://www.starwars.com/databank/razoo-qin-fee,films,star-wars-episode-vii-the-force-awakens,Star Wars: The Force Awakens (Episode VII)
616b306426ecf492a01ad05b,Rebolt,male,human,Height,1.73m,https://www.starwars.com/databank/rebolt,films,solo,Solo: A Star Wars Story
616b32ac43c5c492a01ad05b,Rella Sol,unknown,unknown,,unknown,https://www.starwars.com/databank/rella-sol,games-apps,star-wars-squadrons,Star Wars: Squadrons
616b2b6181af8492a01ad05b,Rey,female,human,Height,1.7m,https://www.starwars.com/databank/rey,films,star-wars-episode-viii-the-last-jedi,Star Wars: The Last Jedi (Episode VIII)
616b2b6181af8492a01ad05b,Rey,female,human,Height,1.7m,https://www.starwars.com/databank/rey,films,star-wars-episode-vii-the-force-awakens,Star Wars: The Force Awakens (Episode VII)
616b2b6181af8492a01ad05b,Rey,female,human,Height,1.7m,https://www.starwars.com/databank/rey,films,star-wars-episode-ix-the-rise-of-skywalker,Star Wars: The Rise of Skywalker (Episode IX)
616b2b6181af8492a01ad05b,Rey,female,human,Height,1.7m,https://www.starwars.com/databank/rey,Appearances,star-wars-forces-of-destiny,Star Wars: Forces of Destiny
616b2b6181af8492a01ad05b,Rey,female,human,Height,1.7m,https://www.starwars.com/databank/rey,games-apps,star-wars-puzzle-droid,Star Wars: Puzzle Droid
616b2b6181af8492a01ad05b,Rey,female,human,Height,1.7m,https://www.starwars.com/databank/rey,games-apps,jedi-mind-match,Jedi Mind Match
616b289ae9996492a01ad05b,Ric Olie,male,unknown,Height,1.83m,https://www.starwars.com/databank/ric-olie,films,star-wars-episode-i-the-phantom-menace,Star Wars: The Phantom Menace (Episode I)
616b3377ecbe0492a01ad05b,Rieve,unknown,unknown,,unknown,https://www.starwars.com/databank/rieve,games-apps,star-wars-hunters,Star Wars: Hunters
616b289ce05f6492a01ad05b,Riff Tamson,male,karkarodon,Height,2.21m,https://www.starwars.com/databank/riff-tamson,series,star-wars-the-clone-wars,Star Wars: The Clone Wars
616b2a49c7208492a01ad05b,Rig Nema,female,unknown,,unknown,https://www.starwars.com/databank/rig-nema,series,star-wars-the-clone-wars,Star Wars: The Clone Wars
616b2fdf6c06d492a01ad05b,Rio Durant,male,ardennian,Height,1.49m,https://www.starwars.com/databank/rio-durant,films,solo,Solo: A Star Wars Story
616b289f0d92f492a01ad05b,Rish Loo,male,gungan,Height,2.07m,https://www.starwars.com/databank/rish-loo,series,star-wars-the-clone-wars,Star Wars: The Clone Wars
616b28a09c7c7492a01ad05b,Riyo Chuchi,female,pantoran,Height,1.65m,https://www.starwars.com/databank/riyo-chuchi,series,star-wars-the-clone-wars,Star Wars: The Clone Wars
616b28a09c7c7492a01ad05b,Riyo Chuchi,female,pantoran,Height,1.65m,https://www.starwars.com/databank/riyo-chuchi,series,star-wars-the-bad-batch,Star Wars: The Bad Batch
616b2afd06932492a01ad05b,Robonino,male,unknown,Height,1.27m,https://www.starwars.com/databank/robonino,series,star-wars-the-clone-wars,Star Wars: The Clone Wars
616b335e801d0492a01ad05b,Roland Durand,male,devaronian,Height,1.86m,https://www.starwars.com/databank/roland-durand,series,star-wars-the-bad-batch,Star Wars: The Bad Batch
616b31212c661492a01ad05b,Rolt,male,gotal,,unknown,https://www.starwars.com/databank/rolt,series,star-wars-resistance,Star Wars Resistance
616b34abed172492a01ad05b,Romar Adell,unknown,unknown,,unknown,https://www.starwars.com/databank/romar-adell,series,star-wars-the-bad-batch,Star Wars: The Bad Batch
616b2eeddf5f7492a01ad05b,Rose Tico,female,human,,unknown,https://www.starwars.com/databank/rose-tico,films,star-wars-episode-ix-the-rise-of-skywalker,Star Wars: The Rise of Skywalker (Episode IX)
616b2eeddf5f7492a01ad05b,Rose Tico,female,human,,unknown,https://www.starwars.com/databank/rose-tico,films,star-wars-episode-viii-the-last-jedi,Star Wars: The Last Jedi (Episode VIII)
616b28a590b14492a01ad05b,Rotta the Huttlet,male,hutt,Height,0.43m,https://www.starwars.com/databank/rotta-the-huttlet,series,star-wars-the-clone-wars,Star Wars: The Clone Wars
616b336043df2492a01ad05b,Ruby,unknown,unknown,,unknown,https://www.starwars.com/databank/ruby,series,star-wars-the-bad-batch,Star Wars: The Bad Batch
616b3472d5e2e492a01ad05b,Ruescott Melshi,unknown,unknown,,unknown,https://www.starwars.com/databank/ruescott-melshi,series,andor,Andor
616b2f172a1f3492a01ad05b,Rukh,male,noghri,,unknown,https://www.starwars.com/databank/rukh,series,star-wars-rebels,Star Wars Rebels
616b2d17164e8492a01ad05b,Rumi Paramita,female,frenk,,unknown,https://www.starwars.com/databank/rumi-paramita,series,star-wars-the-clone-wars,Star Wars: The Clone Wars
616b3493558d2492a01ad05b,Runai Sculdun,unknown,unknown,,unknown,https://www.starwars.com/databank/runai-sculdun,series,andor,Andor
616b28a723251492a01ad05b,Rune Haako,male,neimoidian,Height,1.96m,https://www.starwars.com/databank/rune-haako,films,star-wars-episode-iii-revenge-of-the-sith,Star Wars: Revenge of the Sith (Episode III)
616b28a723251492a01ad05b,Rune Haako,male,neimoidian,Height,1.96m,https://www.starwars.com/databank/rune-haako,films,star-wars-episode-ii-attack-of-the-clones,Star Wars: Attack of the Clones (Episode II)
616b28a723251492a01ad05b,Rune Haako,male,neimoidian,Height,1.96m,https://www.starwars.com/databank/rune-haako,films,star-wars-episode-i-the-phantom-menace,Star Wars: The Phantom Menace (Episode I)
616b28a8eb1a2492a01ad05b,Rush Clovis,male,unknown,Height,1.92m,https://www.starwars.com/databank/rush-clovis,series,star-wars-the-clone-wars,Star Wars: The Clone Wars
616b28acf7bdc492a01ad05b,Russo-ISC,unknown,unknown,,unknown,https://www.starwars.com/databank/russo-isc,series,star-wars-the-clone-wars,Star Wars: The Clone Wars
616b298946f64492a01ad05b,RX-24 Pilot Droid,unknown,unknown,,unknown,https://www.starwars.com/databank/rx-24-pilot-droid,series,star-wars-rebels,Star Wars Rebels
616b2c8492bdc492a01ad05b,Ryder Azadi,male,human,Height,1.91m,https://www.starwars.com/databank/ryder-azadi,series,star-wars-rebels,Star Wars Rebels
616b2c8492bdc492a01ad05b,Ryder Azadi,male,human,Height,1.91m,https://www.starwars.com/databank/ryder-azadi,series,star-wars-ahsoka,Ahsoka
616b2af2c6469492a01ad05b,Ryst ll Sant,female,human,Height,1.7m,https://www.starwars.com/databank/rystall-sant,films,star-wars-episode-vi-return-of-the-jedi,Star Wars: Return of the Jedi (Episode VI)
616b28b04537a492a01ad05b,Sabine Wren,female,human,Height,1.71m,https://www.starwars.com/databank/sabine-wren,series,star-wars-rebels,Star Wars Rebels
616b28b04537a492a01ad05b,Sabine Wren,female,human,Height,1.71m,https://www.starwars.com/databank/sabine-wren,series,star-wars-ahsoka,Ahsoka
616b28b04537a492a01ad05b,Sabine Wren,female,human,Height,1.71m,https://www.starwars.com/databank/sabine-wren,games-apps,star-wars-rebels-rebel-strike,Star Wars Rebels - Rebel Strike
616b28b04537a492a01ad05b,Sabine Wren,female,human,Height,1.71m,https://www.starwars.com/databank/sabine-wren,games-apps,star-wars-rebels-special-ops,Star Wars Rebels: Special Ops
616b28b04537a492a01ad05b,Sabine Wren,female,human,Height,1.71m,https://www.starwars.com/databank/sabine-wren,games-apps,disney-infinity-3-0-character-quest,Disney Infinity 3 0 - Character Quest
616b28b04537a492a01ad05b,Sabine Wren,female,human,Height,1.71m,https://www.starwars.com/databank/sabine-wren,games-apps,star-wars-rebels-strike-missions,Star Wars Rebels - Strike Missions
616b28b04537a492a01ad05b,Sabine Wren,female,human,Height,1.71m,https://www.starwars.com/databank/sabine-wren,games-apps,star-wars-rebels-ghost-raid,Star Wars Rebels: Ghost Raid
616b28b04537a492a01ad05b,Sabine Wren,female,human,Height,1.71m,https://www.starwars.com/databank/sabine-wren,games-apps,team-tactics-star-wars-arcade,Team Tactics - Star Wars Arcade
616b28ae799ae492a01ad05b,Sab ,female,unknown,Height,1.65m,https://www.starwars.com/databank/sabe,films,star-wars-episode-i-the-phantom-menace,Star Wars: The Phantom Menace (Episode I)
616b28b983131492a01ad05b,Saesee Tiin,male,iktotchi,Height,1.93m,https://www.starwars.com/databank/saesee-tiin,films,star-wars-episode-ii-attack-of-the-clones,Star Wars: Attack of the Clones (Episode II)
616b28b983131492a01ad05b,Saesee Tiin,male,iktotchi,Height,1.93m,https://www.starwars.com/databank/saesee-tiin,films,star-wars-episode-iii-revenge-of-the-sith,Star Wars: Revenge of the Sith (Episode III)
616b28b983131492a01ad05b,Saesee Tiin,male,iktotchi,Height,1.93m,https://www.starwars.com/databank/saesee-tiin,films,star-wars-episode-i-the-phantom-menace,Star Wars: The Phantom Menace (Episode I)
616b28b983131492a01ad05b,Saesee Tiin,male,iktotchi,Height,1.93m,https://www.starwars.com/databank/saesee-tiin,series,star-wars-the-clone-wars,Star Wars: The Clone Wars
616b3082ed5e9492a01ad05b,Sagwa,unknown,wookiee,,unknown,https://www.starwars.com/databank/sagwa,films,solo,Solo: A Star Wars Story
616b2a1bc3644492a01ad05b,Salacious B  Crumb,male,unknown,Height,0.7m,https://www.starwars.com/databank/salacious-crumb,films,star-wars-episode-vi-return-of-the-jedi,Star Wars: Return of the Jedi (Episode VI)
616b3434a0096492a01ad05b,Salman Paak,unknown,unknown,,unknown,https://www.starwars.com/databank/salman-paak,series,andor,Andor
616b38756ad89492a01ad05b,Sami,unknown,pantoran,Height,1.08m,https://www.starwars.com/databank/sami,series,star-wars-the-bad-batch,Star Wars: The Bad Batch
616b2be6cdd3a492a01ad05b,San Hill,male,muun,Height,1.91m,https://www.starwars.com/databank/san-hill,films,star-wars-episode-ii-attack-of-the-clones,Star Wars: Attack of the Clones (Episode II)
616b2be6cdd3a492a01ad05b,San Hill,male,muun,Height,1.91m,https://www.starwars.com/databank/san-hill,films,star-wars-episode-iii-revenge-of-the-sith,Star Wars: Revenge of the Sith (Episode III)
616b2bb1046d3492a01ad05b,Saponza,male,human,,unknown,https://www.starwars.com/databank/saponza,games-apps,star-wars-commander,Star Wars: Commander
616b2b85b52af492a01ad05b,Sarco Plank,male,unknown,Height,1.82m,https://www.starwars.com/databank/sarco-plank,films,star-wars-episode-vii-the-force-awakens,Star Wars: The Force Awakens (Episode VII)
616b28bb4a87b492a01ad05b,Savage Opress,male,dathomirian,Height,1.89m,https://www.starwars.com/databank/savage-opress,series,star-wars-the-clone-wars,Star Wars: The Clone Wars
616b28c29d280492a01ad05b,Saw Gerrera,male,unknown,Height,1.87m,https://www.starwars.com/databank/saw-gerrera,films,rogue-one,Rogue One: A Star Wars Story
616b28c29d280492a01ad05b,Saw Gerrera,male,unknown,Height,1.87m,https://www.starwars.com/databank/saw-gerrera,series,star-wars-the-clone-wars,Star Wars: The Clone Wars
616b28c29d280492a01ad05b,Saw Gerrera,male,unknown,Height,1.87m,https://www.starwars.com/databank/saw-gerrera,series,star-wars-the-bad-batch,Star Wars: The Bad Batch
616b28c29d280492a01ad05b,Saw Gerrera,male,unknown,Height,1.87m,https://www.starwars.com/databank/saw-gerrera,series,star-wars-rebels,Star Wars Rebels
616b28c29d280492a01ad05b,Saw Gerrera,male,unknown,Height,1.87m,https://www.starwars.com/databank/saw-gerrera,series,andor,Andor
616b313cf2594492a01ad05b,SC-X2,unknown,unknown,,unknown,https://www.starwars.com/databank/sc-x2,series,star-wars-resistance,Star Wars Resistance
616b2ed36780a492a01ad05b,SE-2 (Essie),unknown,unknown,,unknown,https://www.starwars.com/databank/se-2-essie,films,rogue-one,Rogue One: A Star Wars Story
616b28c70c4e1492a01ad05b,Sebulba,male,dug,Height,1.12m,https://www.starwars.com/databank/sebulba,films,star-wars-episode-i-the-phantom-menace,Star Wars: The Phantom Menace (Episode I)
616b31480d9e7492a01ad05b,Second Sister,female,unknown,,unknown,https://www.starwars.com/databank/second-sister,games-apps,star-wars-jedi-fallen-order,Star Wars Jedi: Fallen Order
616b2f2035c05492a01ad05b,Seevor,male,unknown,,unknown,https://www.starwars.com/databank/seevor,series,star-wars-rebels,Star Wars Rebels
616b34d9e61df492a01ad05b,Seezelslak,unknown,unknown,,unknown,https://www.starwars.com/databank/seezelslak,games-apps,star-wars-tales-from-the-galaxy-s-edge,Star Wars: Tales from the Galaxy's Edge
616b33523199b492a01ad05b,Senator Avi Singh,unknown,unknown,,unknown,https://www.starwars.com/databank/senator-avi-singh,series,star-wars-the-bad-batch,Star Wars: The Bad Batch
616b34ca4f3f9492a01ad05b,Senator Gani Riduli,unknown,unknown,,unknown,https://www.starwars.com/databank/senator-gani-riduli,series,star-wars-the-bad-batch,Star Wars: The Bad Batch
61c3262b2736ef7e7cd427e3,Senator Isedwa Chuwant,unknown,unknown,Height,1.87m,https://www.starwars.com/databank/senator-isedwa-chuwant,series,the-acolyte,The Acolyte
616b2e94c62f8492a01ad05b,Senator Nower Jebel,male,human,,unknown,https://www.starwars.com/databank/senator-nower-jebel,films,rogue-one,Rogue One: A Star Wars Story
61d4f4bd59a1537fa31dc7ab,Senator Rayencourt,unknown,unknown,Height,1.78m,https://www.starwars.com/databank/senator-rayencourt,series,the-acolyte,The Acolyte
616b2e933ba1d492a01ad05b,Senator Tynnra Pamlo,female,human,,unknown,https://www.starwars.com/databank/senator-tynnra-pamlo,films,rogue-one,Rogue One: A Star Wars Story
616b2e96626e2492a01ad05b,Senator Vasp Vaspar,male,human,,unknown,https://www.starwars.com/databank/senator-vasp-vaspar,films,rogue-one,Rogue One: A Star Wars Story
616b337491945492a01ad05b,Sentinel,unknown,unknown,,unknown,https://www.starwars.com/databank/sentinel,games-apps,star-wars-hunters,Star Wars: Hunters
616b30d868c61492a01ad05b,Service Droid,unknown,unknown,,unknown,https://www.starwars.com/databank/service-droid,series,star-wars-resistance,Star Wars Resistance
616b2c12f2424492a01ad05b,Seventh Sister Inquisitor,female,mirialan,,unknown,https://www.starwars.com/databank/seventh-sister-inquisitor,series,star-wars-rebels,Star Wars Rebels
616b28cd65088492a01ad05b,Shaak Ti,female,togruta,Height,1.87m,https://www.starwars.com/databank/shaak-ti,films,star-wars-episode-ii-attack-of-the-clones,Star Wars: Attack of the Clones (Episode II)
616b28cd65088492a01ad05b,Shaak Ti,female,togruta,Height,1.87m,https://www.starwars.com/databank/shaak-ti,films,star-wars-episode-iii-revenge-of-the-sith,Star Wars: Revenge of the Sith (Episode III)
616b28cd65088492a01ad05b,Shaak Ti,female,togruta,Height,1.87m,https://www.starwars.com/databank/shaak-ti,series,star-wars-the-clone-wars,Star Wars: The Clone Wars
616b33260afa1492a01ad05b,Shaeeah Lawquane,female,twi-lek,,unknown,https://www.starwars.com/databank/shaeeah-lawquane,series,star-wars-the-clone-wars,Star Wars: The Clone Wars
616b33260afa1492a01ad05b,Shaeeah Lawquane,female,twi-lek,,unknown,https://www.starwars.com/databank/shaeeah-lawquane,series,star-wars-the-bad-batch,Star Wars: The Bad Batch
616b2ae0d40d4492a01ad05b,Shahan Alama,male,weequay,Height,1.85m,https://www.starwars.com/databank/shahan-alama,series,star-wars-the-clone-wars,Star Wars: The Clone Wars
616b32aac2a46492a01ad05b,Shen,unknown,unknown,,unknown,https://www.starwars.com/databank/shen,games-apps,star-wars-squadrons,Star Wars: Squadrons
616b34f8f4b13492a01ad05b,Shep Hazard,unknown,unknown,,unknown,https://www.starwars.com/databank/shep-hazard,series,star-wars-the-bad-batch,Star Wars: The Bad Batch
616b3522d6eab492a01ad05b,Shin Hati,unknown,unknown,,unknown,https://www.starwars.com/databank/shin-hati,series,star-wars-ahsoka,Ahsoka
616b28d31e8c5492a01ad05b,Shmi Skywalker Lars,female,unknown,Height,1.63m,https://www.starwars.com/databank/shmi-skywalker-lars,films,star-wars-episode-i-the-phantom-menace,Star Wars: The Phantom Menace (Episode I)
616b28d31e8c5492a01ad05b,Shmi Skywalker Lars,female,unknown,Height,1.63m,https://www.starwars.com/databank/shmi-skywalker-lars,films,star-wars-episode-ii-attack-of-the-clones,Star Wars: Attack of the Clones (Episode II)
616b28d31e8c5492a01ad05b,Shmi Skywalker Lars,female,unknown,Height,1.63m,https://www.starwars.com/databank/shmi-skywalker-lars,series,star-wars-the-clone-wars,Star Wars: The Clone Wars
616b2f2d4b68c492a01ad05b,Shriv,male,duros,,unknown,https://www.starwars.com/databank/shriv,games-apps,star-wars-battlefront-ii,Star Wars Battlefront II
616b2be8cf4fd492a01ad05b,Shu Mai,female,unknown,Height,1.65m,https://www.starwars.com/databank/shu-mai,films,star-wars-episode-ii-attack-of-the-clones,Star Wars: Attack of the Clones (Episode II)
616b2be8cf4fd492a01ad05b,Shu Mai,female,unknown,Height,1.65m,https://www.starwars.com/databank/shu-mai,films,star-wars-episode-iii-revenge-of-the-sith,Star Wars: Revenge of the Sith (Episode III)
616b32f19092a492a01ad05b,Shydopp Pirate,unknown,unknown,,unknown,https://www.starwars.com/databank/shydopp-pirate,series,the-mandalorian,The Mandalorian
616b2d11ee161492a01ad05b,Sib Canay,male,neimoidian,,unknown,https://www.starwars.com/databank/sib-canay,series,star-wars-the-clone-wars,Star Wars: The Clone Wars
616b2d973b212492a01ad05b,Sidon Ithano,male,unknown,,unknown,https://www.starwars.com/databank/sidon-ithano,films,star-wars-episode-vii-the-force-awakens,Star Wars: The Force Awakens (Episode VII)
616b2d973b212492a01ad05b,Sidon Ithano,male,unknown,,unknown,https://www.starwars.com/databank/sidon-ithano,series,star-wars-resistance,Star Wars Resistance
616b2a5207ac9492a01ad05b,Sifo-Dyas,male,unknown,,unknown,https://www.starwars.com/databank/sifo-dyas,films,star-wars-episode-ii-attack-of-the-clones,Star Wars: Attack of the Clones (Episode II)
616b2a5207ac9492a01ad05b,Sifo-Dyas,male,unknown,,unknown,https://www.starwars.com/databank/sifo-dyas,series,star-wars-the-clone-wars,Star Wars: The Clone Wars
616b2bea56635492a01ad05b,Silman,male,human,,unknown,https://www.starwars.com/databank/silman,series,star-wars-the-clone-wars,Star Wars: The Clone Wars
616b2bec4e049492a01ad05b,Sim Aloo,male,human,,unknown,https://www.starwars.com/databank/sim-aloo,films,star-wars-episode-vi-return-of-the-jedi,Star Wars: Return of the Jedi (Episode VI)
616b28d921c81492a01ad05b,Sinrich,male,snivvian,Height,1.74m,https://www.starwars.com/databank/sinrich,series,star-wars-the-clone-wars,Star Wars: The Clone Wars
616b28daf54f9492a01ad05b,Sio Bibble,male,unknown,Height,1.79m,https://www.starwars.com/databank/sio-bibble,films,star-wars-episode-ii-attack-of-the-clones,Star Wars: Attack of the Clones (Episode II)
616b28daf54f9492a01ad05b,Sio Bibble,male,unknown,Height,1.79m,https://www.starwars.com/databank/sio-bibble,films,star-wars-episode-i-the-phantom-menace,Star Wars: The Phantom Menace (Episode I)
616b28daf54f9492a01ad05b,Sio Bibble,male,unknown,Height,1.79m,https://www.starwars.com/databank/sio-bibble,films,star-wars-episode-iii-revenge-of-the-sith,Star Wars: Revenge of the Sith (Episode III)
616b28daf54f9492a01ad05b,Sio Bibble,male,unknown,Height,1.79m,https://www.starwars.com/databank/sio-bibble,series,star-wars-the-clone-wars,Star Wars: The Clone Wars
616b2ae258e26492a01ad05b,Sionver Boll,female,bivall,,unknown,https://www.starwars.com/databank/sionver-boll,series,star-wars-the-clone-wars,Star Wars: The Clone Wars
616b28dcd040f492a01ad05b,Sixtat,male,sakiyan,Height,1.84m,https://www.starwars.com/databank/sixtat,series,star-wars-the-clone-wars,Star Wars: The Clone Wars
616b2e3969eee492a01ad05b,Slavin,male,human,,unknown,https://www.starwars.com/databank/slavin,series,star-wars-rebels,Star Wars Rebels
616b337671381492a01ad05b,Slingshot,unknown,unknown,,unknown,https://www.starwars.com/databank/slingshot,games-apps,star-wars-hunters,Star Wars: Hunters
616b34aef4ce4492a01ad05b,Slip,unknown,unknown,,unknown,https://www.starwars.com/databank/slip,series,star-wars-the-bad-batch,Star Wars: The Bad Batch
616b386e65cf1492a01ad05b,Sliro,unknown,human,Height,1.85m,https://www.starwars.com/databank/sliro,games-apps,star-wars-outlaws,Star Wars Outlaws
616b2f4738c96492a01ad05b,Slowen Lo,male,abednedo,,unknown,https://www.starwars.com/databank/slowen-lo,films,star-wars-episode-viii-the-last-jedi,Star Wars: The Last Jedi (Episode VIII)
616b2d647ef49492a01ad05b,Sly Moore,female,umbaran,Height,1.78m,https://www.starwars.com/databank/sly-moore,films,star-wars-episode-ii-attack-of-the-clones,Star Wars: Attack of the Clones (Episode II)
616b2d647ef49492a01ad05b,Sly Moore,female,umbaran,Height,1.78m,https://www.starwars.com/databank/sly-moore,films,star-wars-episode-iii-revenge-of-the-sith,Star Wars: Revenge of the Sith (Episode III)
616b2cb760ab2492a01ad05b,Snap Wexley,male,human,Height,1.88m,https://www.starwars.com/databank/snap-wexley,films,star-wars-episode-vii-the-force-awakens,Star Wars: The Force Awakens (Episode VII)
616b31726a76b492a01ad05b,Snarl,male,hassk,,unknown,https://www.starwars.com/databank/snarl,series,star-wars-resistance,Star Wars Resistance
616b37469f4e4492a01ad05b,Sol,unknown,unknown,Height,1.79m,https://www.starwars.com/databank/sol,series,the-acolyte,The Acolyte
616b28de812fc492a01ad05b,Son,male,unknown,Height,2.2m,https://www.starwars.com/databank/son,series,star-wars-the-clone-wars,Star Wars: The Clone Wars
616b28e02952b492a01ad05b,Soniee,female,unknown,,unknown,https://www.starwars.com/databank/soniee,series,star-wars-the-clone-wars,Star Wars: The Clone Wars
616b2de0bab29492a01ad05b,Sonsigo and Munduri,male,unknown,,unknown,https://www.starwars.com/databank/sonsigo-and-munduri,films,star-wars-episode-vii-the-force-awakens,Star Wars: The Force Awakens (Episode VII)
616b36bbbb93b492a01ad05b,Stak,unknown,unknown,Height,1.56m,https://www.starwars.com/databank/stak,series,star-wars-the-bad-batch,Star Wars: The Bad Batch
616b2a5b9beff492a01ad05b,Stass Allie,female,unknown,Height,1.8m,https://www.starwars.com/databank/stass-allie,films,star-wars-episode-ii-attack-of-the-clones,Star Wars: Attack of the Clones (Episode II)
616b2a5b9beff492a01ad05b,Stass Allie,female,unknown,Height,1.8m,https://www.starwars.com/databank/stass-allie,films,star-wars-episode-iii-revenge-of-the-sith,Star Wars: Revenge of the Sith (Episode III)
616b28e1b9c63492a01ad05b,Steela Gerrera,female,unknown,Height,1.79m,https://www.starwars.com/databank/steela-gerrera,series,star-wars-the-clone-wars,Star Wars: The Clone Wars
616b3495450b7492a01ad05b,Stekan Sculdun,unknown,unknown,,unknown,https://www.starwars.com/databank/stekan-sculdun,series,andor,Andor
616b300076e0a492a01ad05b,Stomeroni Starck,male,human,,unknown,https://www.starwars.com/databank/stomeroni-starck,films,star-wars-episode-viii-the-last-jedi,Star Wars: The Last Jedi (Episode VIII)
616b2dba8620b492a01ad05b,"Strono ""Cookie"" Tuggs",male,unknown,,unknown,https://www.starwars.com/databank/strono-cookie-tuggs,films,star-wars-episode-vii-the-force-awakens,Star Wars: The Force Awakens (Episode VII)
616b2dd8f0433492a01ad05b,Sudswater Dillifay Glon,male,unknown,,unknown,https://www.starwars.com/databank/sudswater-dillifay-glon,films,star-wars-episode-vii-the-force-awakens,Star Wars: The Force Awakens (Episode VII)
616b28e3d960b492a01ad05b,Sugi (Character),female,zabrak,Height,1.82m,https://www.starwars.com/databank/sugi,series,star-wars-the-clone-wars,Star Wars: The Clone Wars
616b344dc3188492a01ad05b,Supervisor Blevin,unknown,unknown,,unknown,https://www.starwars.com/databank/supervisor-blevin,series,andor,Andor
616b28e582076492a01ad05b,Supreme Chancellor Valorum,male,unknown,Height,1.83m,https://www.starwars.com/databank/supreme-chancellor-valorum,films,star-wars-episode-i-the-phantom-menace,Star Wars: The Phantom Menace (Episode I)
616b28e582076492a01ad05b,Supreme Chancellor Valorum,male,unknown,Height,1.83m,https://www.starwars.com/databank/supreme-chancellor-valorum,series,star-wars-the-clone-wars,Star Wars: The Clone Wars
616b2b5c0f4ab492a01ad05b,Supreme Leader Kylo Ren,male,human,,unknown,https://www.starwars.com/databank/kylo-ren,films,star-wars-episode-viii-the-last-jedi,Star Wars: The Last Jedi (Episode VIII)
616b2b5c0f4ab492a01ad05b,Supreme Leader Kylo Ren,male,human,,unknown,https://www.starwars.com/databank/kylo-ren,films,star-wars-episode-vii-the-force-awakens,Star Wars: The Force Awakens (Episode VII)
616b2b5c0f4ab492a01ad05b,Supreme Leader Kylo Ren,male,human,,unknown,https://www.starwars.com/databank/kylo-ren,films,star-wars-episode-ix-the-rise-of-skywalker,Star Wars: The Rise of Skywalker (Episode IX)
616b2b5c0f4ab492a01ad05b,Supreme Leader Kylo Ren,male,human,,unknown,https://www.starwars.com/databank/kylo-ren,series,star-wars-resistance,Star Wars Resistance
616b2b5c0f4ab492a01ad05b,Supreme Leader Kylo Ren,male,human,,unknown,https://www.starwars.com/databank/kylo-ren,games-apps,x-wing-fighter-star-wars-arcade,X-wing Fighter - Star Wars Arcade
616b2c9f75536492a01ad05b,Supreme Leader Snoke,male,unknown,,unknown,https://www.starwars.com/databank/supreme-leader-snoke,films,star-wars-episode-viii-the-last-jedi,Star Wars: The Last Jedi (Episode VIII)
616b2c9f75536492a01ad05b,Supreme Leader Snoke,male,unknown,,unknown,https://www.starwars.com/databank/supreme-leader-snoke,films,star-wars-episode-vii-the-force-awakens,Star Wars: The Force Awakens (Episode VII)
616b33215a381492a01ad05b,Suu Lawquane,female,twi-lek,,unknown,https://www.starwars.com/databank/suu-lawquane,series,star-wars-the-bad-batch,Star Wars: The Bad Batch
616b33215a381492a01ad05b,Suu Lawquane,female,twi-lek,,unknown,https://www.starwars.com/databank/suu-lawquane,series,star-wars-the-clone-wars,Star Wars: The Clone Wars
616b28e745a40492a01ad05b,Sy Snootles,female,pa-lowick,Height,1.65m,https://www.starwars.com/databank/sy-snootles,films,star-wars-episode-vi-return-of-the-jedi,Star Wars: Return of the Jedi (Episode VI)
616b28e745a40492a01ad05b,Sy Snootles,female,pa-lowick,Height,1.65m,https://www.starwars.com/databank/sy-snootles,series,star-wars-the-clone-wars,Star Wars: The Clone Wars
616b3062a9d47492a01ad05b,Syke,male,human,Height,1.75m,https://www.starwars.com/databank/syke,films,solo,Solo: A Star Wars Story
616b379fecfbc492a01ad05b,Sylar Saris,unknown,unknown,Height,2.04m,https://www.starwars.com/databank/sylar-saris,series,star-wars-the-bad-batch,Star Wars: The Bad Batch
616b30f2dd18a492a01ad05b,Synara San,female,mirialan,,unknown,https://www.starwars.com/databank/synara-san,series,star-wars-resistance,Star Wars Resistance
616b34271b5fe492a01ad05b,Syril Karn,male,unknown,,unknown,https://www.starwars.com/databank/syril-karn,series,andor,Andor
616b3139f8b63492a01ad05b,T3-K10,unknown,unknown,,unknown,https://www.starwars.com/databank/t3-k10,series,star-wars-resistance,Star Wars Resistance
616b3470dc23f492a01ad05b,Taga,unknown,unknown,,unknown,https://www.starwars.com/databank/taga,series,andor,Andor
616b28eae897c492a01ad05b,Tal Merrik,male,unknown,Height,1.85m,https://www.starwars.com/databank/tal-merrik,series,star-wars-the-clone-wars,Star Wars: The Clone Wars
616b2f6a5f114492a01ad05b,Tallie Lintra,female,human,,unknown,https://www.starwars.com/databank/tallie-lintra,films,star-wars-episode-viii-the-last-jedi,Star Wars: The Last Jedi (Episode VIII)
616b306e167f6492a01ad05b,Tam Ryvora,female,human,,unknown,https://www.starwars.com/databank/tam-ryvora,series,star-wars-resistance,Star Wars Resistance
616b28ec9043c492a01ad05b,Tan Divo,male,unknown,Height,1.8m,https://www.starwars.com/databank/tan-divo,series,star-wars-the-clone-wars,Star Wars: The Clone Wars
616b34d827829492a01ad05b,Tara Rashin,unknown,unknown,,unknown,https://www.starwars.com/databank/tara-rashin,games-apps,star-wars-tales-from-the-galaxy-s-edge,Star Wars: Tales from the Galaxy's Edge
616b3447e7183492a01ad05b,Taramyn Barcona,unknown,unknown,,unknown,https://www.starwars.com/databank/taramyn-barcona,series,andor,Andor
616b28ee30ad4492a01ad05b,Tarfful,male,wookiee,Height,2.32m,https://www.starwars.com/databank/tarfful,films,star-wars-episode-iii-revenge-of-the-sith,Star Wars: Revenge of the Sith (Episode III)
616b28ee30ad4492a01ad05b,Tarfful,male,wookiee,Height,2.32m,https://www.starwars.com/databank/tarfful,series,star-wars-the-clone-wars,Star Wars: The Clone Wars
61d663a1a1d143f945a838bc,Tasi Lowa,unknown,zygerrian,Height,1.6m,https://www.starwars.com/databank/tasi-lowa,series,the-acolyte,The Acolyte
616b2b9d55136492a01ad05b,Tasu Leech,male,unknown,Height,1.57m,https://www.starwars.com/databank/tasu-leech,films,star-wars-episode-vii-the-force-awakens,Star Wars: The Force Awakens (Episode VII)
616b28f91bc47492a01ad05b,Taun We,female,kaminoan,Height,2.13m,https://www.starwars.com/databank/taun-we,films,star-wars-episode-ii-attack-of-the-clones,Star Wars: Attack of the Clones (Episode II)
616b28f91bc47492a01ad05b,Taun We,female,kaminoan,Height,2.13m,https://www.starwars.com/databank/taun-we,series,star-wars-the-clone-wars,Star Wars: The Clone Wars
616b28f91bc47492a01ad05b,Taun We,female,kaminoan,Height,2.13m,https://www.starwars.com/databank/taun-we,series,star-wars-the-bad-batch,Star Wars: The Bad Batch
616b34b1f3b78492a01ad05b,Tawni Ames,unknown,unknown,,unknown,https://www.starwars.com/databank/tawni-ames,series,star-wars-the-bad-batch,Star Wars: The Bad Batch
616b345196dac492a01ad05b,Tay Kolma,unknown,unknown,,unknown,https://www.starwars.com/databank/tay-kolma,series,andor,Andor
616b349b4ea5a492a01ad05b,TAY-0,unknown,unknown,,unknown,https://www.starwars.com/databank/tay-0,series,star-wars-the-bad-batch,Star Wars: The Bad Batch
616b2ddd9d22b492a01ad05b,Taybin Ralorsa,female,human,,unknown,https://www.starwars.com/databank/taybin-ralorsa,films,star-wars-episode-vii-the-force-awakens,Star Wars: The Force Awakens (Episode VII)
616b2bedccaae492a01ad05b,TC-14,unknown,unknown,Height,1.67m,https://www.starwars.com/databank/tc-14,films,star-wars-episode-i-the-phantom-menace,Star Wars: The Phantom Menace (Episode I)
616b2a75aa6f8492a01ad05b,Tech,male,unknown,Height,1.82m,https://www.starwars.com/databank/tech,series,star-wars-the-bad-batch,Star Wars: The Bad Batch
616b2a75aa6f8492a01ad05b,Tech,male,unknown,Height,1.82m,https://www.starwars.com/databank/tech,series,star-wars-the-clone-wars,Star Wars: The Clone Wars
616b2befd34c2492a01ad05b,Teckla Minnau,female,human,Height,1.68m,https://www.starwars.com/databank/teckla-minnau,films,star-wars-episode-ii-attack-of-the-clones,Star Wars: Attack of the Clones (Episode II)
616b2befd34c2492a01ad05b,Teckla Minnau,female,human,Height,1.68m,https://www.starwars.com/databank/teckla-minnau,series,star-wars-the-clone-wars,Star Wars: The Clone Wars
616b2bf1d8f6b492a01ad05b,Tee Va,male,moogan,,unknown,https://www.starwars.com/databank/tee-va,series,star-wars-the-clone-wars,Star Wars: The Clone Wars
616b2bf3d112e492a01ad05b,Tee Watt Kaa,male,lurmen,Height,1.03m,https://www.starwars.com/databank/tee-watt-kaa,series,star-wars-the-clone-wars,Star Wars: The Clone Wars
616b2b1c3f139492a01ad05b,Teebo,male,ewok,Height,1.3m,https://www.starwars.com/databank/teebo,films,star-wars-episode-vi-return-of-the-jedi,Star Wars: Return of the Jedi (Episode VI)
616b33f2b794e492a01ad05b,Teeka,unknown,jawa,,unknown,https://www.starwars.com/databank/teeka,series,obi-wan-kenobi,Obi-Wan Kenobi
616b2bf5bb187492a01ad05b,Teemto Pagalies,male,unknown,Height,1.24m,https://www.starwars.com/databank/teemto-pagalies,films,star-wars-episode-i-the-phantom-menace,Star Wars: The Phantom Menace (Episode I)
616b2f48b6b3b492a01ad05b,Temiri Blagg,male,human,,unknown,https://www.starwars.com/databank/temiri-blagg,films,star-wars-episode-viii-the-last-jedi,Star Wars: The Last Jedi (Episode VIII)
616b28fb52ef3492a01ad05b,Tera Sinube,male,cosian,Height,1.83m,https://www.starwars.com/databank/tera-sinube,series,obi-wan-kenobi,Obi-Wan Kenobi
616b28fb52ef3492a01ad05b,Tera Sinube,male,cosian,Height,1.83m,https://www.starwars.com/databank/tera-sinube,series,star-wars-the-clone-wars,Star Wars: The Clone Wars
616b2e2123b66492a01ad05b,Terba,male,ugnaught,,unknown,https://www.starwars.com/databank/terba,series,star-wars-rebels,Star Wars Rebels
616b327502d95492a01ad05b,Terisa Kerrill,unknown,unknown,,unknown,https://www.starwars.com/databank/terisa-kerrill,games-apps,star-wars-squadrons,Star Wars: Squadrons
616b31150d58a492a01ad05b,Teroj Kee,unknown,unknown,,unknown,https://www.starwars.com/databank/teroj-kee,series,star-wars-resistance,Star Wars Resistance
616b2fbdb1d03492a01ad05b,Thamm,male,unknown,,unknown,https://www.starwars.com/databank/thamm,films,star-wars-episode-viii-the-last-jedi,Star Wars: The Last Jedi (Episode VIII)
616b327e15bff492a01ad05b,The Armorer,unknown,unknown,,unknown,https://www.starwars.com/databank/the-armorer,series,the-book-of-boba-fett,The Book of Boba Fett
616b327e15bff492a01ad05b,The Armorer,unknown,unknown,,unknown,https://www.starwars.com/databank/the-armorer,series,the-mandalorian,The Mandalorian
616b327bd2e0d492a01ad05b,the Client,unknown,unknown,,unknown,https://www.starwars.com/databank/the-client,series,the-mandalorian,The Mandalorian
616b2f9bb400f492a01ad05b,The Countess,female,unknown,,unknown,https://www.starwars.com/databank/the-countess,films,star-wars-episode-viii-the-last-jedi,Star Wars: The Last Jedi (Episode VIII)
616b2fbbf9b5f492a01ad05b,The Grammus Sisters,female,unknown,,unknown,https://www.starwars.com/databank/the-grammus-sisters,films,star-wars-episode-viii-the-last-jedi,Star Wars: The Last Jedi (Episode VIII)
616b28fcf95d4492a01ad05b,The Grand Inquisitor,male,pauan,,unknown,https://www.starwars.com/databank/the-grand-inquisitor,series,obi-wan-kenobi,Obi-Wan Kenobi
616b28fcf95d4492a01ad05b,The Grand Inquisitor,male,pauan,,unknown,https://www.starwars.com/databank/the-grand-inquisitor,series,star-wars-rebels,Star Wars Rebels
616b33bb23fd4492a01ad05b,The Modifier,unknown,unknown,,unknown,https://www.starwars.com/databank/the-modifier,series,the-book-of-boba-fett,The Book of Boba Fett
616b32daedc9a492a01ad05b,The Mythrol,unknown,unknown,,unknown,https://www.starwars.com/databank/the-mythrol,series,the-mandalorian,The Mandalorian
616b377709964492a01ad05b,The Stranger (alias  Qimir ),unknown,unknown,Height,1.82m,https://www.starwars.com/databank/qimir,series,the-acolyte,The Acolyte
616b3386d37bb492a01ad05b,The Twins,unknown,hutt,,unknown,https://www.starwars.com/databank/the-twins,series,the-book-of-boba-fett,The Book of Boba Fett
616b3079664de492a01ad05b,Therm Scissorpunch,male,unknown,,unknown,https://www.starwars.com/databank/therm-scissorpunch,films,solo,Solo: A Star Wars Story
616b2bf748744492a01ad05b,Thi-Sen,male,talz,Height,2.48m,https://www.starwars.com/databank/thi-sen,series,star-wars-the-clone-wars,Star Wars: The Clone Wars
616b2efd1614f492a01ad05b,Tiber Saxon,male,human,,unknown,https://www.starwars.com/databank/tiber-saxon,series,star-wars-rebels,Star Wars Rebels
616b341f8b762492a01ad05b,Timm Karlo,unknown,unknown,,unknown,https://www.starwars.com/databank/timm-karlo,series,andor,Andor
616b29051385d492a01ad05b,Tion Medon,male,pauan,Height,2.06m,https://www.starwars.com/databank/tion-medon,films,star-wars-episode-iii-revenge-of-the-sith,Star Wars: Revenge of the Sith (Episode III)
616b2a2af6703492a01ad05b,Tiplar,female,mikkian,,unknown,https://www.starwars.com/databank/tiplar,series,star-wars-the-clone-wars,Star Wars: The Clone Wars
616b2a2cec3da492a01ad05b,Tiplee,female,mikkian,,unknown,https://www.starwars.com/databank/tiplee,series,star-wars-the-clone-wars,Star Wars: The Clone Wars
616b2fe394bbe492a01ad05b,Tobias Beckett,male,human,Height,1.78m,https://www.starwars.com/databank/tobias-beckett,films,solo,Solo: A Star Wars Story
616b2fe394bbe492a01ad05b,Tobias Beckett,male,human,Height,1.78m,https://www.starwars.com/databank/tobias-beckett,games-apps,star-wars-pinball-solo-a-star-wars-story,Star Wars Pinball: Solo: A Star Wars Story
616b29069febf492a01ad05b,Todo 360,unknown,unknown,Height,0.66m,https://www.starwars.com/databank/todo-360,series,star-wars-the-clone-wars,Star Wars: The Clone Wars
616b29069febf492a01ad05b,Todo 360,unknown,unknown,Height,0.66m,https://www.starwars.com/databank/todo-360,series,star-wars-the-bad-batch,Star Wars: The Bad Batch
616b304b5750b492a01ad05b,Toht Ra,male,hylobon,Height,1.94m,https://www.starwars.com/databank/toht-ra,films,solo,Solo: A Star Wars Story
6177f61c9163ea2ab3ca541c,Torbin,unknown,unknown,Height,1.8m,https://www.starwars.com/databank/torbin,series,the-acolyte,The Acolyte
616b319f9ebe7492a01ad05b,Torch,unknown,unknown,,unknown,https://www.starwars.com/databank/torch,series,star-wars-resistance,Star Wars Resistance
616b328f65654492a01ad05b,Toro Calican,unknown,unknown,,unknown,https://www.starwars.com/databank/toro-calican,series,the-mandalorian,The Mandalorian
616b3093635b7492a01ad05b,Torra Doza,female,human,,unknown,https://www.starwars.com/databank/torra-doza,series,star-wars-resistance,Star Wars Resistance
616b3250029b0492a01ad05b,Trace,unknown,unknown,,unknown,https://www.starwars.com/databank/trace,series,star-wars-the-clone-wars,Star Wars: The Clone Wars
616b3250029b0492a01ad05b,Trace,unknown,unknown,,unknown,https://www.starwars.com/databank/trace,series,star-wars-the-bad-batch,Star Wars: The Bad Batch
616b2e87cff56492a01ad05b,Tristan Wren,male,human,,unknown,https://www.starwars.com/databank/tristan-wren,series,star-wars-rebels,Star Wars Rebels
616b3224337f0492a01ad05b,Trudgen,male,unknown,,unknown,https://www.starwars.com/databank/trudgen,films,star-wars-episode-vii-the-force-awakens,Star Wars: The Force Awakens (Episode VII)
616b3224337f0492a01ad05b,Trudgen,male,unknown,,unknown,https://www.starwars.com/databank/trudgen,films,star-wars-episode-ix-the-rise-of-skywalker,Star Wars: The Rise of Skywalker (Episode IX)
616b290846a75492a01ad05b,Tryla,female,ming-po,Height,1.67m,https://www.starwars.com/databank/tryla,series,star-wars-the-clone-wars,Star Wars: The Clone Wars
616b29e2ad430492a01ad05b,Tseebo,male,unknown,,unknown,https://www.starwars.com/databank/tseebo,series,star-wars-rebels,Star Wars Rebels
616b290be1d91492a01ad05b,Twazzi,female,frenk,Height,2.11m,https://www.starwars.com/databank/twazzi,series,star-wars-the-clone-wars,Star Wars: The Clone Wars
616b338b3bca7492a01ad05b,Twi lek Majordomo,unknown,unknown,,unknown,https://www.starwars.com/databank/twi-lek-majordomo,series,the-book-of-boba-fett,The Book of Boba Fett
616b290d83656492a01ad05b,U9-C4,unknown,unknown,Height,1.29m  antenna included,https://www.starwars.com/databank/u9-c4,series,star-wars-the-clone-wars,Star Wars: The Clone Wars
616b2fbf30630492a01ad05b,Ubbla Mollbro,female,xi-dec,,unknown,https://www.starwars.com/databank/ubbla-mollbro,films,star-wars-episode-viii-the-last-jedi,Star Wars: The Last Jedi (Episode VIII)
616b2ddc0cf3b492a01ad05b,"Ubert ""Sticks"" Quaril",male,human,,unknown,https://www.starwars.com/databank/ubert-sticks-quaril,films,star-wars-episode-vii-the-force-awakens,Star Wars: The Force Awakens (Episode VII)
616b300514e89492a01ad05b,Ubialla Gheal,female,unknown,,unknown,https://www.starwars.com/databank/ubialla-gheal,films,star-wars-episode-viii-the-last-jedi,Star Wars: The Last Jedi (Episode VIII)
616b346ebc998492a01ad05b,Ulaf,unknown,unknown,,unknown,https://www.starwars.com/databank/ulaf,series,andor,Andor
616b2cb5d56b3492a01ad05b,Unkar Plutt,male,unknown,Height,1.8m,https://www.starwars.com/databank/unkar-plutt,films,star-wars-episode-vii-the-force-awakens,Star Wars: The Force Awakens (Episode VII)
616b2e8634efc492a01ad05b,Ursa Wren,female,human,,unknown,https://www.starwars.com/databank/ursa-wren,series,star-wars-the-clone-wars,Star Wars: The Clone Wars
616b2e8634efc492a01ad05b,Ursa Wren,female,human,,unknown,https://www.starwars.com/databank/ursa-wren,series,star-wars-rebels,Star Wars Rebels
616b3222a6268492a01ad05b,Ushar,male,unknown,,unknown,https://www.starwars.com/databank/ushar,films,star-wars-episode-vii-the-force-awakens,Star Wars: The Force Awakens (Episode VII)
616b3222a6268492a01ad05b,Ushar,male,unknown,,unknown,https://www.starwars.com/databank/ushar,films,star-wars-episode-ix-the-rise-of-skywalker,Star Wars: The Rise of Skywalker (Episode IX)
616b337b60a8e492a01ad05b,Utooni,unknown,unknown,,unknown,https://www.starwars.com/databank/utooni,games-apps,star-wars-hunters,Star Wars: Hunters
616b38603c52c492a01ad05b,Vail,unknown,human,Height,1.65m,https://www.starwars.com/databank/vail,games-apps,star-wars-outlaws,Star Wars Outlaws
616b2fe922d1c492a01ad05b,Val,female,human,Height,1.57m,https://www.starwars.com/databank/val,films,solo,Solo: A Star Wars Story
616b29cd99ba9492a01ad05b,Valen Rudor,male,unknown,,unknown,https://www.starwars.com/databank/valen-rudor,series,star-wars-rebels,Star Wars Rebels
616b31180877b492a01ad05b,Valik,female,palliduvan,,unknown,https://www.starwars.com/databank/valik,series,star-wars-resistance,Star Wars Resistance
616b32f42c09b492a01ad05b,Valin Hess,unknown,unknown,,unknown,https://www.starwars.com/databank/valin-hess,series,the-mandalorian,The Mandalorian
616b2eccf1cb5492a01ad05b,Vane ,male,unknown,,unknown,https://www.starwars.com/databank/vanee,films,rogue-one,Rogue One: A Star Wars Story
616b329df6497492a01ad05b,Varko Grey,unknown,unknown,,unknown,https://www.starwars.com/databank/varko-grey,games-apps,star-wars-squadrons,Star Wars: Squadrons
616b343aa73f6492a01ad05b,Vel Sartha,unknown,unknown,,unknown,https://www.starwars.com/databank/vel-sartha,series,andor,Andor
616b319bf7354492a01ad05b,Venisa Doza,female,unknown,,unknown,https://www.starwars.com/databank/venisa,series,star-wars-resistance,Star Wars Resistance
616b2f90c83bf492a01ad05b,Veris Hydan,male,human,,unknown,https://www.starwars.com/databank/veris-hydan,series,star-wars-rebels,Star Wars Rebels
616b325d87def492a01ad05b,"Vernestra ""Vern"" Rwoh",unknown,mirialan,Height,1.78m,https://www.starwars.com/databank/vernestra-vern-rwoh,series,the-acolyte,The Acolyte
616b332da4c53492a01ad05b,Vice Admiral Edmon Rampart,unknown,unknown,,unknown,https://www.starwars.com/databank/vice-admiral-rampart,series,star-wars-the-bad-batch,Star Wars: The Bad Batch
616b321f7941c492a01ad05b,Vicrul,male,unknown,,unknown,https://www.starwars.com/databank/vicrul,films,star-wars-episode-vii-the-force-awakens,Star Wars: The Force Awakens (Episode VII)
616b321f7941c492a01ad05b,Vicrul,male,unknown,,unknown,https://www.starwars.com/databank/vicrul,films,star-wars-episode-ix-the-rise-of-skywalker,Star Wars: The Rise of Skywalker (Episode IX)
616f3867e301f60d9b0f672d,Vik,unknown,unknown,Height,1.83m,https://www.starwars.com/databank/vik,series,star-wars-the-bad-batch,Star Wars: The Bad Batch
616b2dc493d36492a01ad05b,Vober Dand,male,unknown,,unknown,https://www.starwars.com/databank/vober-dand,films,star-wars-episode-vii-the-force-awakens,Star Wars: The Force Awakens (Episode VII)
616b2dc493d36492a01ad05b,Vober Dand,male,unknown,,unknown,https://www.starwars.com/databank/vober-dand,films,star-wars-episode-viii-the-last-jedi,Star Wars: The Last Jedi (Episode VIII)
616b2df10c165492a01ad05b,Volzang Li-Thrull,male,human,,unknown,https://www.starwars.com/databank/volzang-li-thrull,films,star-wars-episode-vii-the-force-awakens,Star Wars: The Force Awakens (Episode VII)
616b31a11b226492a01ad05b,Vranki the Blue,unknown,hutt,,unknown,https://www.starwars.com/databank/vranki-the-blue,series,star-wars-resistance,Star Wars Resistance
616b2e346b300492a01ad05b,Vult Skerris,male,human,,unknown,https://www.starwars.com/databank/vult-skerris,series,star-wars-rebels,Star Wars Rebels
616b2b09df7f9492a01ad05b,WA-7,unknown,unknown,Height,1.7m,https://www.starwars.com/databank/wa-7,films,star-wars-episode-ii-attack-of-the-clones,Star Wars: Attack of the Clones (Episode II)
616b290f17151492a01ad05b,WAC-47,unknown,unknown,Height,1.19m,https://www.starwars.com/databank/wac-47,series,star-wars-the-clone-wars,Star Wars: The Clone Wars
616b2910a9704492a01ad05b,Wald,male,rodian,Height,0.69m,https://www.starwars.com/databank/wald,films,star-wars-episode-i-the-phantom-menace,Star Wars: The Phantom Menace (Episode I)
616b2775eabec492a01ad05b,Wat Tambor,male,unknown,Height,1.98m,https://www.starwars.com/databank/wat-tambor,films,star-wars-episode-ii-attack-of-the-clones,Star Wars: Attack of the Clones (Episode II)
616b2775eabec492a01ad05b,Wat Tambor,male,unknown,Height,1.98m,https://www.starwars.com/databank/wat-tambor,films,star-wars-episode-iii-revenge-of-the-sith,Star Wars: Revenge of the Sith (Episode III)
616b2775eabec492a01ad05b,Wat Tambor,male,unknown,Height,1.98m,https://www.starwars.com/databank/wat-tambor,series,star-wars-the-clone-wars,Star Wars: The Clone Wars
616b2913facc9492a01ad05b,Watto,male,toydarian,Height,1.37m,https://www.starwars.com/databank/watto,films,star-wars-episode-ii-attack-of-the-clones,Star Wars: Attack of the Clones (Episode II)
616b2913facc9492a01ad05b,Watto,male,toydarian,Height,1.37m,https://www.starwars.com/databank/watto,films,star-wars-episode-i-the-phantom-menace,Star Wars: The Phantom Menace (Episode I)
616b2913facc9492a01ad05b,Watto,male,toydarian,Height,1.37m,https://www.starwars.com/databank/watto,games-apps,galactic-spy,Galactic Spy
616b2917af26c492a01ad05b,Wedge Antilles,male,unknown,Height,1.7m,https://www.starwars.com/databank/wedge-antilles,films,star-wars-episode-iv-a-new-hope,Star Wars: A New Hope (Episode IV)
616b2917af26c492a01ad05b,Wedge Antilles,male,unknown,Height,1.7m,https://www.starwars.com/databank/wedge-antilles,films,star-wars-episode-v-the-empire-strikes-back,Star Wars: The Empire Strikes Back (Episode V)
616b2917af26c492a01ad05b,Wedge Antilles,male,unknown,Height,1.7m,https://www.starwars.com/databank/wedge-antilles,films,star-wars-episode-ix-the-rise-of-skywalker,Star Wars: The Rise of Skywalker (Episode IX)
616b2917af26c492a01ad05b,Wedge Antilles,male,unknown,Height,1.7m,https://www.starwars.com/databank/wedge-antilles,films,star-wars-episode-vi-return-of-the-jedi,Star Wars: Return of the Jedi (Episode VI)
616b2917af26c492a01ad05b,Wedge Antilles,male,unknown,Height,1.7m,https://www.starwars.com/databank/wedge-antilles,series,star-wars-rebels,Star Wars Rebels
616b2ec391a79492a01ad05b,Weeteef Cyu-Bee,male,talpini,,unknown,https://www.starwars.com/databank/weeteef-cyu-bee,films,rogue-one,Rogue One: A Star Wars Story
616b2b18549aa492a01ad05b,Wes Janson,male,unknown,,unknown,https://www.starwars.com/databank/wes-janson,films,star-wars-episode-v-the-empire-strikes-back,Star Wars: The Empire Strikes Back (Episode V)
616b309069186492a01ad05b,WG-22,unknown,unknown,,unknown,https://www.starwars.com/databank/wg-22,films,solo,Solo: A Star Wars Story
616b291edbee3492a01ad05b,Wicket W  Warrick,male,ewok,Height,0.8m,https://www.starwars.com/databank/wicket-w-warrick,films,star-wars-episode-vi-return-of-the-jedi,Star Wars: Return of the Jedi (Episode VI)
616b291edbee3492a01ad05b,Wicket W  Warrick,male,ewok,Height,0.8m,https://www.starwars.com/databank/wicket-w-warrick,games-apps,ewok-village,Ewok Village
616b32a941eef492a01ad05b,Willard Waylin,unknown,unknown,,unknown,https://www.starwars.com/databank/willard-waylin,games-apps,star-wars-squadrons,Star Wars: Squadrons
616b2ad24ea28492a01ad05b,Willie (W1-LE),unknown,unknown,,unknown,https://www.starwars.com/databank/willie-w1-le,series,star-wars-rebels,Star Wars Rebels
616b34329c536492a01ad05b,Wilmon Paak,unknown,unknown,,unknown,https://www.starwars.com/databank/wilmon-paak,series,andor,Andor
616b2dc94c612492a01ad05b,Wollivan,male,unknown,,unknown,https://www.starwars.com/databank/wollivan,films,star-wars-episode-vii-the-force-awakens,Star Wars: The Force Awakens (Episode VII)
616b2a7d1eaa5492a01ad05b,Wrecker,male,unknown,Height,2.1m,https://www.starwars.com/databank/wrecker,series,star-wars-the-bad-batch,Star Wars: The Bad Batch
616b2a7d1eaa5492a01ad05b,Wrecker,male,unknown,Height,2.1m,https://www.starwars.com/databank/wrecker,series,star-wars-the-clone-wars,Star Wars: The Clone Wars
616b2ac39e53c492a01ad05b,Wuher,male,unknown,,unknown,https://www.starwars.com/databank/wuher,films,star-wars-episode-iv-a-new-hope,Star Wars: A New Hope (Episode IV)
616b22ea5a78c492a01ad05b,Wullf Yularen,male,human,Height,1.81m,https://www.starwars.com/databank/wullf-yularen,films,star-wars-episode-iv-a-new-hope,Star Wars: A New Hope (Episode IV)
616b22ea5a78c492a01ad05b,Wullf Yularen,male,human,Height,1.81m,https://www.starwars.com/databank/wullf-yularen,series,star-wars-the-clone-wars,Star Wars: The Clone Wars
616b22ea5a78c492a01ad05b,Wullf Yularen,male,human,Height,1.81m,https://www.starwars.com/databank/wullf-yularen,series,star-wars-rebels,Star Wars Rebels
616b22ea5a78c492a01ad05b,Wullf Yularen,male,human,Height,1.81m,https://www.starwars.com/databank/wullf-yularen,series,andor,Andor
616b29772585a492a01ad05b,Wullffwarro,male,unknown,,unknown,https://www.starwars.com/databank/wullffwarro,series,star-wars-rebels,Star Wars Rebels
616b346c9f459492a01ad05b,Xaul,unknown,unknown,,unknown,https://www.starwars.com/databank/xaul,series,andor,Andor
616b3293df266492a01ad05b,Xi an,female,twi-lek,,unknown,https://www.starwars.com/databank/xi-an,series,the-mandalorian,The Mandalorian
616b2ccc38dfd492a01ad05b,Xomit Grunseit,male,falleen,,unknown,https://www.starwars.com/databank/xomit-grunseit,series,star-wars-the-clone-wars,Star Wars: The Clone Wars
616b2924a25af492a01ad05b,Yaddle,female,unknown,Height,0.61m,https://www.starwars.com/databank/yaddle,films,star-wars-episode-i-the-phantom-menace,Star Wars: The Phantom Menace (Episode I)
616b2924a25af492a01ad05b,Yaddle,female,unknown,Height,0.61m,https://www.starwars.com/databank/yaddle,series,tales-of-the-jedi,Tales of the Jedi
616b34a72f970492a01ad05b,Yanna,unknown,wookiee,,unknown,https://www.starwars.com/databank/yanna,series,star-wars-the-bad-batch,Star Wars: The Bad Batch
616b2b22db671492a01ad05b,Yarael Poof,unknown,unknown,Height,2.64m,https://www.starwars.com/databank/yarael-poof,films,star-wars-episode-i-the-phantom-menace,Star Wars: The Phantom Menace (Episode I)
616b2af64b8d2492a01ad05b,Yarna d al  Gargan,female,unknown,Height,1.5m,https://www.starwars.com/databank/yarna-d-al-gargan,films,star-wars-episode-vi-return-of-the-jedi,Star Wars: Return of the Jedi (Episode VI)
616b2396cfb28492a01ad05b,Yoda,male,unknown,Height,0.66m,https://www.starwars.com/databank/yoda,films,star-wars-episode-i-the-phantom-menace,Star Wars: The Phantom Menace (Episode I)
616b2396cfb28492a01ad05b,Yoda,male,unknown,Height,0.66m,https://www.starwars.com/databank/yoda,films,star-wars-episode-v-the-empire-strikes-back,Star Wars: The Empire Strikes Back (Episode V)
616b2396cfb28492a01ad05b,Yoda,male,unknown,Height,0.66m,https://www.starwars.com/databank/yoda,films,star-wars-episode-ii-attack-of-the-clones,Star Wars: Attack of the Clones (Episode II)
616b2396cfb28492a01ad05b,Yoda,male,unknown,Height,0.66m,https://www.starwars.com/databank/yoda,films,star-wars-episode-vi-return-of-the-jedi,Star Wars: Return of the Jedi (Episode VI)
616b2396cfb28492a01ad05b,Yoda,male,unknown,Height,0.66m,https://www.starwars.com/databank/yoda,films,star-wars-episode-iii-revenge-of-the-sith,Star Wars: Revenge of the Sith (Episode III)
616b2396cfb28492a01ad05b,Yoda,male,unknown,Height,0.66m,https://www.starwars.com/databank/yoda,series,star-wars-the-clone-wars,Star Wars: The Clone Wars
616b2396cfb28492a01ad05b,Yoda,male,unknown,Height,0.66m,https://www.starwars.com/databank/yoda,series,star-wars-rebels,Star Wars Rebels
616b2396cfb28492a01ad05b,Yoda,male,unknown,Height,0.66m,https://www.starwars.com/databank/yoda,series,the-acolyte,The Acolyte
616b29a0c1e8f492a01ad05b,Yogar Lyste,male,human,,unknown,https://www.starwars.com/databank/yogar-lyste,series,star-wars-rebels,Star Wars Rebels
616b37571d216492a01ad05b,Yord Fandar,unknown,unknown,Height,1.83m,https://www.starwars.com/databank/yord-fandar,series,the-acolyte,The Acolyte
616b2d57794bd492a01ad05b,Yushyn,male,unknown,,unknown,https://www.starwars.com/databank/yushyn,series,star-wars-rebels,Star Wars Rebels
616b3379dd56e492a01ad05b,Zaina,unknown,unknown,,unknown,https://www.starwars.com/databank/zaina,games-apps,star-wars-hunters,Star Wars: Hunters
616b2c44335e6492a01ad05b,Zam Wesell,female,clawdite,Height,1.68m,https://www.starwars.com/databank/zam-wesell,films,star-wars-episode-ii-attack-of-the-clones,Star Wars: Attack of the Clones (Episode II)
616b29b740795492a01ad05b,Zare Leonis,male,unknown,,unknown,https://www.starwars.com/databank/zare-leonis,series,star-wars-rebels,Star Wars Rebels
616b292653250492a01ad05b,Zatt,male,nautolan,Height,1.21m,https://www.starwars.com/databank/zatt,series,star-wars-the-clone-wars,Star Wars: The Clone Wars
616b32a02f9d1492a01ad05b,Zerelda Sage,unknown,unknown,,unknown,https://www.starwars.com/databank/zerelda-sage,games-apps,star-wars-squadrons,Star Wars: Squadrons
616b2af7d0569492a01ad05b,Zett Jukassa,male,human,Height,1.57m,https://www.starwars.com/databank/zett-jukassa,films,star-wars-episode-ii-attack-of-the-clones,Star Wars: Attack of the Clones (Episode II)
616b2af7d0569492a01ad05b,Zett Jukassa,male,human,Height,1.57m,https://www.starwars.com/databank/zett-jukassa,films,star-wars-episode-iii-revenge-of-the-sith,Star Wars: Revenge of the Sith (Episode III)
616b2aae8dae9492a01ad05b,Zev Senesca,male,unknown,Height,1.6m,https://www.starwars.com/databank/zev-senesca,films,star-wars-episode-v-the-empire-strikes-back,Star Wars: The Empire Strikes Back (Episode V)
616b292f94515492a01ad05b,Zillo Beast,male,unknown,Length,97.0m,https://www.starwars.com/databank/zillo-beast,series,star-wars-the-clone-wars,Star Wars: The Clone Wars
616b2932f12fd492a01ad05b,Ziro the Hutt,unknown,hutt,Height,3.9m,https://www.starwars.com/databank/ziro-the-hutt,series,star-wars-the-clone-wars,Star Wars: The Clone Wars
616b29378d5d6492a01ad05b,Ziton Moj,male,falleen,,unknown,https://www.starwars.com/databank/ziton-moj,series,star-wars-the-clone-wars,Star Wars: The Clone Wars
616b32986697e492a01ad05b,ZO-E3,unknown,unknown,,unknown,https://www.starwars.com/databank/zo-e3,interactive,virtual-reality,Vader Immortal: Episode III
616b32986697e492a01ad05b,ZO-E3,unknown,unknown,,unknown,https://www.starwars.com/databank/zo-e3,interactive,virtual-reality,Vader Immortal: Episode I
616b32986697e492a01ad05b,ZO-E3,unknown,unknown,,unknown,https://www.starwars.com/databank/zo-e3,interactive,virtual-reality,Vader Immortal: Episode II
616b31b3e0df7492a01ad05b,Zorii Bliss,unknown,unknown,,unknown,https://www.starwars.com/databank/zorii-bliss,films,star-wars-episode-ix-the-rise-of-skywalker,Star Wars: The Rise of Skywalker (Episode IX)
616b2af4745fe492a01ad05b,Zuckuss,male,unknown,Height,1.5m,https://www.starwars.com/databank/zuckuss,films,star-wars-episode-v-the-empire-strikes-back,Star Wars: The Empire Strikes Back (Episode V)
